Speed,LapDistPct,Lat,Lon,Brake,Throttle,RPM,SteeringWheelAngle,Gear,Clutch,ABSActive,DRSActive,LatAccel,LongAccel,VertAccel,Yaw,YawRate,PositionType
77.08498,0.00024797668,43.797914416246556,-87.98960950744582,0,1,8506.406,-0.0027978206,6,1,false,false,-0.84645367,1.8397202,8.691387,-2.0912585,0.015083907,3
77.10659,0.0004483125,43.797902805825444,-87.98960901031938,0,1,8521.333,-0.019864937,6,1,false,false,-0.83805585,1.2238322,6.8773875,-2.0910816,0.008403164,3
77.11846,0.0006486894,43.79789128542676,-87.98960851319295,0,1,8558.328,-0.015387995,6,1,false,false,-0.7630263,0.92635274,6.560379,-2.0910673,-0.0002574872,3
77.1325,0.00084910163,43.79787967500564,-87.98960801606651,0,1,8568.548,-0.0069945427,6,1,false,false,-0.4322557,0.9745812,4.7065144,-2.0911517,-0.0035200892,3
77.14768,0.0010495529,43.79786815457262,-87.98960764331649,0,1,8563.806,-0.0075549716,6,1,false,false,-0.49162984,1.0407604,7.162366,-2.091241,-0.0042447364,3
77.16693,0.0012500521,43.79785654422017,-87.98960714656926,0,1,8572.821,-0.014269302,6,1,false,false,-0.79273117,1.4213516,9.93397,-2.0913334,-0.006981653,3
77.18786,0.0014506038,43.797845023752814,-87.98960664944282,0,1,8583.2295,-0.01622756,6,1,false,false,-1.0107763,1.7113745,10.452383,-2.0914564,-0.010452326,3
77.213066,0.0016512141,43.797833413331695,-87.9896061523164,0,1,8571.511,-0.013989087,6,1,false,false,-1.0388218,1.8242121,12.43191,-2.0916336,-0.013745942,3
77.24149,0.0018518963,43.79782189293301,-87.98960565518996,0,1,8548.965,-0.016786903,6,1,false,false,-1.1555437,1.9362569,13.832218,-2.0918274,-0.013331532,3
77.265854,0.0020526468,43.79781028251189,-87.98960528243994,0,1,8541.845,-0.023502318,6,1,false,false,-1.3932987,1.5441635,11.927627,-2.0920303,-0.014431261,3
77.285866,0.0022534553,43.79779867215944,-87.9896047856927,0,1,8550.07,-0.024061669,6,1,false,false,-1.4293113,1.2989666,11.782809,-2.0923018,-0.018817049,3
77.304565,0.0024543116,43.797787061738326,-87.98960428856627,0,1,8555.741,-0.023222098,6,1,false,false,-1.0599499,1.3636372,11.077867,-2.0926206,-0.01892651,3
77.32314,0.002655211,43.79777554133963,-87.98960379143983,0,1,8556.726,-0.021823196,6,1,false,false,-1.4303055,1.3177739,5.841882,-2.0929453,-0.019142536,3
77.342026,0.002856164,43.79776393091852,-87.98960341868981,0,1,8559.107,-0.011471486,6,1,false,false,-1.0701214,1.1658432,7.159332,-2.0932887,-0.017345322,3
77.35776,0.003057165,43.7977523204974,-87.98960292156337,0,1,8568.685,-0.0039175935,6,1,false,false,-0.7003951,0.83488417,5.7213955,-2.0935667,-0.011819785,3
77.36909,0.0032581934,43.79774071007629,-87.98960254881335,0,1,8588.208,0.0011186949,6,1,false,false,-1.0419714,1.3392794,4.0484676,-2.093744,-0.0074095996,3
77.38861,0.0034592748,43.79772909965517,-87.98960205206612,0,1,8598.145,0.0061538997,6,1,false,false,-0.8003496,1.2285284,6.2414236,-2.0938728,-0.002846618,3
77.406876,0.003660402,43.79771748923405,-87.98960155493968,0,1,8592.385,-0.00503737,6,1,false,false,-0.9030581,1.0120378,8.25022,-2.0938828,0.0023989964,3
77.42176,0.0038615733,43.79770587881294,-87.98960118218966,0,1,8596.886,-0.026579265,6,1,false,false,-1.2387276,1.285205,8.64651,-2.0938826,-0.005017571,3
77.44746,0.0040627955,43.79769426839182,-87.98960068506322,0,1,8608.713,-0.045324422,6,1,false,false,-1.7113085,1.9085948,9.087721,-2.0940433,-0.017259404,3
77.473114,0.0042640897,43.79768265803937,-87.9896003123132,0,1,8588.027,-0.048961814,6,1,false,false,-1.9379562,1.8847755,8.60795,-2.0944433,-0.029584762,3
77.4977,0.0044654463,43.79767104761826,-87.98959981518676,0,1,8567.225,-0.047282677,6,1,false,false,-2.0860176,1.2959074,6.848722,-2.0949984,-0.034353882,3
77.515755,0.004666863,43.79765943719714,-87.98959944243674,0,1,8580.975,-0.045324426,6,1,false,false,-2.2804785,1.1654493,8.900638,-2.0956366,-0.039037477,3
77.52847,0.004868318,43.79764782677602,-87.98959906968672,0,1,8607.499,-0.039728798,6,1,false,false,-1.9776471,0.85727906,4.899209,-2.096326,-0.04035714,3
77.545074,0.005069806,43.79763621635491,-87.98959857293949,0,1,8617.6,-0.029377077,6,1,false,false,-2.268385,1.3703084,8.152652,-2.0970051,-0.039431203,3
77.56484,0.005271347,43.797624515911366,-87.98959820018946,0,1,8606.156,-0.010072578,6,1,false,false,-1.8752909,1.2640581,6.9889345,-2.097648,-0.034999747,3
77.58667,0.005472937,43.797612905558914,-87.98959782743943,0,1,8604.519,0.0064341156,6,1,false,false,-1.6427226,1.6600795,10.317156,-2.0981338,-0.022631848,3
77.60737,0.0056745913,43.7976012951378,-87.9895974546894,0,1,8610.884,0.020142986,6,1,false,false,-1.3227859,1.2995791,10.152476,-2.0983846,-0.007987041,3
77.62862,0.0058762953,43.79758959469426,-87.98959708193938,0,1,8610.249,0.021821033,6,1,false,false,-0.8944526,1.5438404,11.634093,-2.098371,0.007265578,3
77.650604,0.0060780556,43.79757798427314,-87.98959670881015,0,1,8602.34,0.013148442,6,1,false,false,-0.7624996,1.4965663,10.784997,-2.098145,0.016513249,3
77.67382,0.006279878,43.79756637385202,-87.98959633606013,0,1,8596.84,0.0016780421,6,1,false,false,-0.46267572,1.4523062,7.6444683,-2.097851,0.017037932,3
77.69412,0.0064817546,43.797554673477144,-87.98959596331011,0,1,8597.867,-0.002518685,6,1,false,false,-0.36345315,1.3032053,7.2109466,-2.0976224,0.0125899585,3
77.711105,0.0066836793,43.79754306305603,-87.98959559056009,0,1,8605.416,-0.002239552,6,1,false,false,-0.35671598,0.9341534,6.0038214,-2.097491,0.0074271574,3
77.72451,0.0068856473,43.79753136261249,-87.98959521781006,0,1,8619.884,-0.0016791229,6,1,false,false,-0.31180906,0.9713768,5.5821276,-2.0974393,0.0035574043,3
77.73947,0.0070876484,43.79751975219137,-87.98959472106283,0,1,8634.561,-0.00056042906,6,1,false,false,0.030602813,1.0134186,5.6738296,-2.0974138,0.0034613472,3
77.75459,0.0072896923,43.79750805181649,-87.98959434831279,0,1,8641.472,-0.007835188,6,1,false,false,-0.30931056,1.0496851,6.5600386,-2.0973835,0.0014941094,3
77.77516,0.0074917814,43.79749644139538,-87.98959397556277,0,1,8642.705,-0.0120319165,6,1,false,false,-0.42379463,1.5717738,8.070228,-2.0973973,-0.0025204264,3
77.79788,0.0076939287,43.79748474095184,-87.98959360243354,0,1,8638.499,-0.009234096,6,1,false,false,-0.24616802,1.4213479,8.626491,-2.0974715,-0.006195587,3
77.82116,0.007896137,43.79747304057696,-87.98959322968352,0,1,8632.374,-0.0030780318,6,1,false,false,-0.062580645,1.2434478,11.643474,-2.0975776,-0.00663819,3
77.84342,0.008098405,43.79746143015584,-87.9895928569335,0,1,8630.487,0.003636297,6,1,false,false,-0.39933035,1.495382,15.800403,-2.0976546,-0.0058624204,3
77.86548,0.008300728,43.7974497297123,-87.98959248418348,0,1,8628.919,0.011190189,6,1,false,false,-0.015995234,1.6005117,13.685559,-2.0976565,0.00035294675,3
77.88953,0.008503112,43.79743802933742,-87.98959211143345,0,1,8619.892,0.008951717,6,1,false,false,-0.3896038,1.7336178,14.522691,-2.0975535,0.00535266,3
77.91386,0.008705559,43.79742632889388,-87.98959173868343,0,1,8604.5205,0.004195645,6,1,false,false,0.0050924122,1.4114761,12.619031,-2.0974317,0.0074158753,3
77.932785,0.008908062,43.797414718472766,-87.9895913659334,0,1,8606.623,-0.005875849,6,1,false,false,-0.5769401,1.1611564,10.390861,-2.0972977,0.006231069,3
77.946045,0.009110604,43.79740301809789,-87.98959099318337,0,1,8624.386,-0.011191271,6,1,false,false,-0.57505286,0.87515974,14.122919,-2.0972495,-0.0013986005,3
77.96291,0.009313177,43.797391317654345,-87.98959062043335,0,1,8637.177,-0.021542978,6,1,false,false,-0.8842823,1.4128993,10.599087,-2.0973017,-0.0077727214,3
77.98021,0.009515795,43.7973796172108,-87.98959024768332,0,1,8629.734,-0.031335343,6,1,false,false,-1.0053864,1.6835316,9.456834,-2.0974844,-0.0144103,3
77.99964,0.009718467,43.797367916835924,-87.9895898749333,0,1,8620.525,-0.032174893,6,1,false,false,-1.8200741,1.2751766,11.815744,-2.0978012,-0.023034945,3
78.01447,0.00992118,43.79735621639238,-87.98958950218328,0,1,8629.589,-0.030216642,6,1,false,false,-1.4312822,0.9959941,7.7480197,-2.0982327,-0.027100094,3
78.02727,0.010123925,43.7973445160175,-87.98958912943326,0,1,8650.421,-0.041127693,6,1,false,false,-1.947528,1.5143646,12.21051,-2.0986943,-0.029164428,3
78.04132,0.010326709,43.79733281557396,-87.98958875668322,0,1,8651.189,-0.04952116,6,1,false,false,-2.1913986,1.0936373,3.9549117,-2.0992298,-0.033116173,3
78.06087,0.01052954,43.797321115130416,-87.9895883839332,0,1,8646.446,-0.046443116,6,1,false,false,-1.754466,1.139356,6.1825876,-2.099808,-0.033685677,3
78.07374,0.0107324105,43.79730941475554,-87.98958801118317,0,1,8652.34,-0.050639838,6,1,false,false,-2.4206219,0.42360726,7.174373,-2.1004078,-0.038320743,3
78.08375,0.010935305,43.797297714311995,-87.98958776280955,0,1,8679.12,-0.041688133,6,1,false,false,-2.6538632,1.641799,9.8585615,-2.1011307,-0.04598092,3
78.10109,0.011138235,43.79728601386845,-87.98958738968034,0,1,8693.279,-0.026579268,6,1,false,false,-2.5023382,1.1549027,7.3503942,-2.1018918,-0.044138636,3
78.12432,0.011341225,43.79727422347115,-87.98958701693032,0,1,8668.5,-0.011751702,6,1,false,false,-2.4930015,1.5227516,8.3951435,-2.1025727,-0.035682674,3
78.14905,0.011544281,43.797262523027605,-87.98958676855669,0,1,8647.849,-0.010633006,6,1,false,false,-2.3546371,1.5254195,8.192637,-2.10306,-0.021811502,3
78.166,0.011747388,43.797250822721395,-87.98958639580667,0,1,8661.799,-0.016507775,6,1,false,false,-1.6478903,0.7925714,7.6610723,-2.1033468,-0.012449622,3
78.17817,0.011950531,43.79723912227785,-87.98958614743304,0,1,8686.036,-0.02294189,6,1,false,false,-1.7987388,0.758316,8.19365,-2.1035447,-0.011590324,3
78.1947,0.012153705,43.79722733188055,-87.98958589868023,0,1,8689.115,-0.0232221,6,1,false,false,-1.897722,1.4445716,10.241072,-2.103774,-0.015684467,3
78.21927,0.012356937,43.797215631437005,-87.98958552593021,0,1,8675.025,-0.012870396,6,1,false,false,-1.6706634,1.5713892,7.929555,-2.1040494,-0.017782018,3
78.241875,0.012560227,43.79720393099346,-87.98958527755659,0,1,8660.093,-0.0025186855,6,1,false,false,-1.24257,1.1585981,9.13901,-2.1043298,-0.0148538705,3
78.26062,0.012763568,43.79719214059616,-87.98958502918298,0,1,8663.028,-0.0011197759,6,1,false,false,-1.1816627,1.2252047,9.132577,-2.104522,-0.0076148645,3
78.27588,0.012966956,43.797180440152616,-87.98958465643295,0,1,8678.725,-0.0013989089,6,1,false,false,-0.8538777,1.0686537,6.651583,-2.104607,-0.0024302262,3
78.29402,0.013170384,43.79716864975531,-87.98958440768013,0,1,8684.743,-0.0030780318,6,1,false,false,-0.6015476,1.0664811,7.204365,-2.1046293,0.0006915318,3
78.31043,0.013373857,43.79715694931176,-87.98958415930652,0,1,8680.045,-0.0044769407,6,1,false,false,-0.6175089,1.1496246,11.089858,-2.1046295,0.0002562495,3
78.325905,0.013577371,43.79714515891446,-87.9895839105537,0,1,8687.734,0.0013978267,6,1,false,false,-0.25085533,0.9862408,8.436626,-2.1046367,-0.0012532278,3
78.34537,0.013780932,43.79713345847092,-87.98958366218008,0,1,8699.303,0.010071494,6,1,false,false,-0.2038221,1.4876754,11.039693,-2.1046264,0.0014715281,3
78.36991,0.013984547,43.797121668073615,-87.98958328943006,0,1,8684.847,0.0151066985,6,1,false,false,-0.13158609,1.563792,12.212576,-2.1045568,0.006371062,3
78.39123,0.014188225,43.79710996763007,-87.98958304105643,0,1,8666.018,0.011470401,6,1,false,false,0.28575203,1.2863498,10.733226,-2.1043956,0.011658825,3
78.41023,0.014391952,43.79709817723277,-87.98958279230362,0,1,8674.465,0.0027967363,6,1,false,false,0.044425547,1.0629615,11.684439,-2.1041873,0.011330865,3
78.42707,0.014595729,43.79708638683547,-87.98958254393001,0,1,8688.492,-0.0044769407,6,1,false,false,-0.06111884,1.2103224,10.077751,-2.1040208,0.007604514,3
78.44433,0.0147995455,43.79707468639192,-87.98958229555639,0,1,8686.551,-0.013149528,6,1,false,false,-0.30501008,1.240263,10.716178,-2.103944,0.0010123616,3
78.46298,0.01500341,43.797062895994614,-87.98958192280637,0,1,8679.523,-0.020983633,6,1,false,false,-0.3449261,1.1230457,10.679125,-2.1039941,-0.006243849,3
78.47863,0.015207321,43.79705110559731,-87.98958167405355,0,1,8686.608,-0.026859479,6,1,false,false,-0.94897306,1.1137547,9.447603,-2.1041627,-0.014430261,3
78.493866,0.015411271,43.79703931520001,-87.98958142567993,0,1,8698.377,-0.023502316,6,1,false,false,-0.9830087,1.0122774,8.7455635,-2.1044686,-0.021341471,3
78.51234,0.015615263,43.797027614756466,-87.98958117692712,0,1,8699.041,-0.02042428,6,1,false,false,-0.9623269,1.2687776,9.228462,-2.1048346,-0.021571584,3
78.53004,0.015819304,43.797015824359164,-87.9895809285535,0,1,8693.928,-0.016507767,6,1,false,false,-1.1006932,1.2908682,8.9140215,-2.1051912,-0.020456564,3
78.546646,0.016023386,43.79700403382452,-87.98958068017988,0,1,8697.882,-0.009234097,6,1,false,false,-0.80485034,1.0250342,8.274764,-2.10552,-0.017788563,3
78.562386,0.016227517,43.79699224342722,-87.98958043142707,0,1,8709.048,-0.0033582475,6,1,false,false,-0.9101164,1.0637326,10.22761,-2.1057837,-0.013415165,3
78.57911,0.01643169,43.79698045302992,-87.98958018305345,0,1,8712.778,0.0041956445,6,1,false,false,-0.8822818,1.3024812,10.491267,-2.1059666,-0.008193998,3
78.59752,0.016635908,43.796968662632615,-87.98957981030343,0,1,8709.538,0.011190188,6,1,false,false,-0.31952563,1.2586839,8.550318,-2.1060328,-0.00013313902,3
78.616684,0.016840173,43.796956872235306,-87.9895795619298,0,1,8707.697,0.012308882,6,1,false,false,-0.21261281,1.1645827,12.637409,-2.1059735,0.0062593585,3
78.63412,0.017044486,43.796945081838004,-87.98957931317699,0,1,8709.6455,0.010909976,6,1,false,false,-0.28386974,1.2762334,13.087482,-2.1058178,0.010458457,3
78.65242,0.01724885,43.7969332914407,-87.98957906480338,0,1,8713.103,0.010350627,6,1,false,false,-0.16497302,1.4177148,9.634283,-2.1056054,0.012385085,3
78.67276,0.017453263,43.79692150090606,-87.98957881642976,0,1,8706.852,0.007552809,6,1,false,false,0.17592865,1.2795376,11.666124,-2.1053994,0.011905734,3
78.691605,0.01765773,43.79690971050876,-87.98957856767694,0,1,8698.937,-0.0016791243,6,1,false,false,-0.06655115,1.1654061,9.258086,-2.105218,0.010021847,3
78.705795,0.017862242,43.796897920111455,-87.98957831930332,0,1,8708.85,-0.013149526,6,1,false,false,-0.37593216,0.9436486,6.2556615,-2.1051104,0.0032242509,3
78.72104,0.018066794,43.79688603976039,-87.98957807055051,0,1,8724.154,-0.019305589,6,1,false,false,-0.3262546,0.97148234,6.994526,-2.1051426,-0.004255109,3
78.734886,0.018271383,43.79687424922575,-87.98957782217688,0,1,8727.338,-0.024061661,6,1,false,false,-0.5888019,0.9090585,5.7739444,-2.105288,-0.010412396,3
78.748764,0.018476011,43.79686245882845,-87.98957757380327,0,1,8731.486,-0.023222098,6,1,false,false,-0.6486944,0.77865475,5.413192,-2.1055222,-0.015338894,3
78.76414,0.01868068,43.79685066843115,-87.98957732505046,0,1,8742.963,-0.019584725,6,1,false,false,-0.9530139,1.0402352,6.853274,-2.1058304,-0.019931737,3
78.78074,0.018885393,43.79683878808008,-87.98957707667684,0,1,8747.96,-0.014548438,6,1,false,false,-0.8109995,1.2122072,7.373807,-2.1061769,-0.019434405,3
78.79931,0.019090153,43.796826997545445,-87.98957682830323,0,1,8744.544,-0.013149528,6,1,false,false,-0.8669983,1.2047307,7.7668977,-2.1064792,-0.01677723,3
78.81918,0.019294966,43.796815207148136,-87.9895765795504,0,1,8740.519,-0.0069945436,6,1,false,false,-0.8941767,1.2685875,7.4835157,-2.1067543,-0.015476687,3
78.838776,0.019499836,43.796803326797075,-87.98957633117679,0,1,8741.203,-0.0030780323,6,1,false,false,-0.9941763,1.24506,7.5054035,-2.1069865,-0.011159744,3
78.85653,0.019704755,43.79679153639977,-87.98957608280317,0,1,8743.045,-0.00028021427,6,1,false,false,-0.7387845,1.0954581,6.9639215,-2.1071494,-0.0068721334,3
78.87242,0.01990973,43.79677974586513,-87.98957583405036,0,1,8746.288,-0.0011197762,6,1,false,false,-0.50989974,0.96492594,7.6352043,-2.1072402,-0.0028912679,3
78.88897,0.020114746,43.79676786551407,-87.98957558567675,0,1,8753.057,-0.006156065,6,1,false,false,-0.8628096,1.1633935,6.7015467,-2.1072843,-0.0019151779,3
78.906235,0.020319803,43.79675607511677,-87.98957546130033,0,1,8756.245,-0.006156064,6,1,false,false,-0.6890767,1.1850231,9.301896,-2.1073394,-0.0033460008,3
78.92417,0.02052491,43.79674419462837,-87.98957521292671,0,1,8755.182,-0.0036384617,6,1,false,false,-0.2349001,1.0915742,10.124545,-2.1073964,-0.0030886806,3
78.942085,0.020730056,43.796732404231065,-87.9895749641739,0,1,8756.681,-0.00084064325,6,1,false,false,-0.68804246,1.3100443,13.645537,-2.1074293,-0.0029569264,3
78.96221,0.020935256,43.79672052388,-87.98957471580029,0,1,8754.135,0.0058747674,6,1,false,false,-0.37299097,1.3782508,12.141879,-2.1074483,-0.0012588121,3
78.984276,0.021140512,43.796708643391604,-87.98957446742666,0,1,8743.563,0.005594552,6,1,false,false,-0.3756749,1.4701563,12.506959,-2.1074088,0.002788998,3
79.00641,0.021345828,43.796696852994295,-87.98957421867385,0,1,8730.91,0.00027913274,6,1,false,false,-0.45212868,1.277557,10.445487,-2.1073399,0.0042612157,3
79.023796,0.021551188,43.7966849725059,-87.98957409467664,0,1,8732.195,-0.010072576,6,1,false,false,-0.5964714,0.8793274,8.977044,-2.107285,0.0026013409,3
79.03714,0.021756591,43.79667309215483,-87.98957384592383,0,1,8747.012,-0.027978176,6,1,false,false,-0.7242046,0.8093949,8.053747,-2.1072984,-0.003845776,3
79.04921,0.02196202,43.79666130175753,-87.9895735975502,0,1,8761.776,-0.04280574,6,1,false,false,-1.1642072,0.8730281,5.7455378,-2.1074734,-0.015855428,3
79.06305,0.022167485,43.79664942126913,-87.9895733491766,0,1,8767.942,-0.046723332,6,1,false,false,-1.5261067,0.9361841,6.9482336,-2.107854,-0.02789907,3
79.078606,0.022372985,43.79663754091807,-87.98957322480018,0,1,8769.428,-0.042526618,6,1,false,false,-1.6742405,0.99502313,8.5998,-2.1084125,-0.037210833,3
79.09515,0.022578524,43.79662566042967,-87.98957297642656,0,1,8774.23,-0.032734245,6,1,false,false,-2.027935,1.1784097,8.462562,-2.109081,-0.04168822,3
79.11342,0.022784108,43.79661378007861,-87.98957272767375,0,1,8777,-0.016227555,6,1,false,false,-1.9134238,1.1292796,9.939273,-2.109765,-0.03923392,3
79.13316,0.02298974,43.796601989543966,-87.98957260367654,0,1,8771.668,-0.0061560646,6,1,false,false,-1.7822086,1.2305912,12.0882,-2.1103349,-0.029463548,3
79.15217,0.023195418,43.796590109192906,-87.98957235492372,0,1,8766.006,-0.0050373706,6,1,false,false,-1.8941553,1.2545384,12.189745,-2.1107142,-0.018244559,3
79.17124,0.023401143,43.796578228704504,-87.98957223092651,0,1,8765.462,-0.007274757,6,1,false,false,-2.028227,1.2741675,11.997522,-2.1109464,-0.012165205,3
79.18961,0.023606913,43.796566348353444,-87.9895719821737,0,1,8763.531,-0.0075549735,6,1,false,false,-1.6673092,1.1257735,10.728624,-2.1111162,-0.008887769,3
79.20745,0.023812735,43.79655446786504,-87.98957185779729,0,1,8760.696,-0.016786907,6,1,false,false,-1.6583123,1.1920803,9.210582,-2.111237,-0.0061310865,3
79.22379,0.024018591,43.796542587513976,-87.98957173380008,0,1,8762.871,-0.02657927,6,1,false,false,-1.5030602,1.0133837,7.5258203,-2.1113644,-0.008825932,3
79.23649,0.024224488,43.79653070702558,-87.98957148504726,0,1,8772.772,-0.02937708,6,1,false,false,-1.5917978,0.7739279,10.42054,-2.111582,-0.016175635,3
79.24654,0.02443041,43.796518826674514,-87.98957136105005,0,1,8787.772,-0.025739707,6,1,false,false,-1.4842467,0.57519925,8.701945,-2.1119273,-0.023853475,3
79.26085,0.024636354,43.79650694618612,-87.98957123667365,0,1,8797.144,-0.015668212,6,1,false,false,-1.3916382,1.1089426,8.131489,-2.1123366,-0.024887066,3
79.28269,0.02484235,43.79649497574396,-87.98957111229724,0,1,8785.799,0.0011186949,6,1,false,false,-0.8348071,1.351298,8.5051775,-2.1127162,-0.018658454,3
79.30297,0.0250484,43.796483095392894,-87.98957086392362,0,1,8771.289,0.016785823,6,1,false,false,-0.5957247,0.95244586,6.8898506,-2.112934,-0.0058525065,3
79.315674,0.025254486,43.7964712149045,-87.98957073954722,0,1,8782.651,0.021821033,6,1,false,false,-0.54567784,0.8162907,12.827665,-2.1129453,0.004718182,3
79.32699,0.0254606,43.79645933455343,-87.98957061555001,0,1,8806.709,0.020422123,6,1,false,false,0.19840488,0.9148756,11.971731,-2.1127756,0.014373331,3
79.34555,0.025666751,43.79644745406503,-87.9895704911736,0,1,8808.233,0.007833026,6,1,false,false,0.03246902,1.4553221,10.996387,-2.1124487,0.020443197,3
79.369995,0.025872957,43.79643548362288,-87.9895703667972,0,1,8777.277,-0.0030780323,6,1,false,false,-0.2255346,1.5879204,13.704218,-2.112134,0.015279524,3
79.390175,0.026079215,43.79642360327181,-87.98957024279999,0,1,8760.579,-0.0058758496,6,1,false,false,0.23084863,1.0468142,10.660835,-2.1119473,0.0073575554,3
79.40343,0.026285518,43.79641172278341,-87.98956999404717,0,1,8784.182,-0.0041967253,6,1,false,false,0.13415551,0.8520486,12.061446,-2.111872,0.0022070557,3
79.4156,0.026491849,43.796399752478585,-87.98956987004995,0,1,8803.341,0.003916512,6,1,false,false,0.4538712,0.9265554,11.558467,-2.1118524,0.0005686458,3
79.43051,0.026698217,43.79638787199019,-87.98956974567355,0,1,8795.285,0.014826486,6,1,false,false,0.7162478,1.0563141,9.882309,-2.11182,0.0037837597,3
79.44727,0.026904624,43.79637599150179,-87.98956962129714,0,1,8787.352,0.020702334,6,1,false,false,0.6972057,1.1162946,9.795398,-2.111703,0.009762045,3
79.46366,0.027111078,43.796364021196965,-87.98956949729993,0,1,8794.127,0.023219934,6,1,false,false,0.9090545,1.0221694,9.130698,-2.111505,0.014076469,3
79.47732,0.027317595,43.79635214070857,-87.98956924854711,0,1,8802.712,0.022381457,6,1,false,false,1.1681046,0.8257029,8.3600235,-2.1112418,0.018589351,3
79.4905,0.027524147,43.79634017026641,-87.9895691245499,0,1,8806.888,0.020142987,6,1,false,false,0.7008301,0.74846065,5.2758393,-2.1109219,0.01946516,3
79.50682,0.027730737,43.796328289915344,-87.9895690001735,0,1,8808.963,0.027696881,6,1,false,false,1.2567426,1.0593219,8.185259,-2.110626,0.018620096,3
79.52119,0.027937368,43.796316319473185,-87.98956875142068,0,1,8811.7705,0.036089245,6,1,false,false,1.2967461,0.79563725,5.017848,-2.1102955,0.023558214,3
79.53316,0.028144037,43.79630443898479,-87.98956862742347,0,1,8821.835,0.03972771,6,1,false,false,1.3928778,0.6202134,5.00411,-2.109876,0.028990544,3
79.547905,0.028350739,43.79629246854263,-87.98956837867065,0,1,8830.383,0.043083802,6,1,false,false,1.8466979,0.745097,6.921756,-2.1093628,0.034693357,3
79.56067,0.02855748,43.796280588191564,-87.98956825467344,0,1,8831.921,0.045043126,6,1,false,false,2.1964817,0.7967653,8.707611,-2.108735,0.042344067,3
79.57622,0.028764255,43.79626861774941,-87.98956800592063,0,1,8836.234,0.043364,6,1,false,false,2.538714,1.10256,8.508617,-2.107959,0.04886506,3
79.596504,0.02897108,43.79625664730725,-87.98956788192342,0,1,8835.379,0.04028597,6,1,false,false,2.599879,1.2828127,9.170076,-2.1071312,0.04794769,3
79.61874,0.029177966,43.796244766956185,-87.98956763317061,0,1,8819.983,0.03497055,6,1,false,false,2.6882815,1.3787549,8.690326,-2.1063776,0.042363487,3
79.63555,0.029384905,43.796232796514026,-87.98956738479698,0,1,8811.813,0.026297968,6,1,false,false,2.495007,0.96550304,7.7288485,-2.105718,0.037056893,3
79.649506,0.029591884,43.79622082607187,-87.98956713642337,0,1,8825.638,0.018464947,6,1,false,false,2.1308346,0.82663107,6.585185,-2.105177,0.030137619,3
79.65976,0.029798893,43.79620885562971,-87.98956688767056,0,1,8841.738,0.008672582,6,1,false,false,1.7890973,0.44807,4.799248,-2.1047487,0.022616558,3
79.6729,0.03000593,43.796196975141314,-87.98956663929694,0,1,8845.153,0.0013978255,6,1,false,false,1.6994613,0.9813612,5.1974325,-2.1044593,0.014307729,3
79.689476,0.03021301,43.79618500483649,-87.98956639092331,0,1,8843.24,-8.731149e-11,6,1,false,false,1.2553991,0.7588397,5.3695774,-2.10431,0.006457394,3
79.70183,0.030420126,43.79617303439433,-87.9895661421705,0,1,8848.736,0.0013978268,6,1,false,false,0.7122158,0.60581034,7.801383,-2.1042485,0.0029025257,3
79.71807,0.03062728,43.79616106395217,-87.9895658937969,0,1,8860.833,0.0019571737,6,1,false,false,0.9721732,1.2386103,11.07866,-2.1041899,0.0038970183,3
79.737495,0.030834485,43.79614909351001,-87.98956564504408,0,1,8856.191,-0.00028021447,6,1,false,false,0.8070575,1.301418,10.888624,-2.1041074,0.0033950838,3
79.76018,0.031041745,43.796137213021616,-87.98956539667046,0,1,8834.169,-0.0027978173,6,1,false,false,0.47823477,1.3234596,10.36072,-2.1040533,0.001397723,3
79.78259,0.031249067,43.79612524271679,-87.98956514829683,0,1,8820.111,-0.0047571547,6,1,false,false,0.56722546,1.3037581,10.564924,-2.1040432,-0.0012818559,3
79.799164,0.031456444,43.7961132721373,-87.98956489954402,0,1,8824.305,-0.003917593,6,1,false,false,0.4425513,0.7988386,7.743603,-2.104095,-0.0039499984,3
79.80923,0.03166385,43.79610130183247,-87.989564526794,0,1,8839.819,-0.0016791237,6,1,false,false,-0.33454615,0.63661885,7.9050503,-2.1042001,-0.0067845494,3
79.82079,0.031871285,43.79608933125298,-87.98956427842037,0,1,8852.8125,0.00839237,6,1,false,false,0.30153915,0.7447644,9.41095,-2.1043255,-0.0055913315,3
79.83311,0.03207875,43.79607736094815,-87.98956403004676,0,1,8858.464,0.012589099,6,1,false,false,0.33830675,0.84376365,7.87716,-2.104369,0.0002893015,3
79.848694,0.032286257,43.79606539064333,-87.98956378129395,0,1,8858.606,0.0145473555,6,1,false,false,0.06473206,1.118968,5.060991,-2.1043208,0.0050676093,3
79.86811,0.032493807,43.79605332997274,-87.98956353292033,0,1,8854.065,0.014547353,6,1,false,false,0.34150597,1.1368629,5.6337194,-2.1042297,0.0074132453,3
79.883896,0.032701403,43.79604135966792,-87.9895631601703,0,1,8851.534,0.012308882,6,1,false,false,0.3773857,0.67164034,6.284808,-2.1041076,0.009341318,3
79.89472,0.03290903,43.79602938936309,-87.98956291179668,0,1,8863.964,0.012589095,6,1,false,false,0.3030929,0.81431913,8.814626,-2.1039639,0.009223891,3
79.90929,0.033116687,43.7960174187836,-87.98956266304387,0,1,8879.684,0.015946262,6,1,false,false,0.3995185,1.039254,7.835659,-2.1037986,0.010919743,3
79.92638,0.033324387,43.79600544847878,-87.98956241467026,0,1,8874.672,0.012589097,6,1,false,false,0.35473847,1.066319,11.131943,-2.1035872,0.013459934,3
79.94703,0.033532143,43.79599347789929,-87.98956204192024,0,1,8857.952,0.0067143273,6,1,false,false,0.4694435,1.3771917,12.046216,-2.1033452,0.013701811,3
79.96664,0.033739954,43.79598141750336,-87.98956179316741,0,1,8852.465,-0.001959338,6,1,false,false,0.47788608,1.2344594,13.794081,-2.1031272,0.01029662,3
79.9828,0.033947814,43.795969447198544,-87.9895615447938,0,1,8856.1455,-0.008673667,6,1,false,false,0.043436036,0.8542326,14.820085,-2.1029887,0.004091031,3
79.99844,0.034155715,43.79595747661905,-87.98956117204378,0,1,8856.161,-0.008673667,6,1,false,false,0.14883111,1.1016657,14.47711,-2.1029685,-0.0036880143,3
80.01574,0.03436366,43.795945506314226,-87.98956092367015,0,1,8849.355,-0.0033582468,6,1,false,false,0.16251042,1.1546687,11.805653,-2.1030498,-0.006647304,3
80.0322,0.034571655,43.79593344591831,-87.98956055092013,0,1,8841.14,0.0033560826,6,1,false,false,-0.22434445,0.82372,10.290913,-2.1031554,-0.0052976008,3
80.044464,0.034779657,43.795921475338815,-87.98956030216732,0,1,8846.215,0.0064341156,6,1,false,false,-0.05163315,0.547422,7.805537,-2.10324,-0.0034428567,3
80.05198,0.03498767,43.79590941494289,-87.9895600537937,0,1,8869.312,0.004475859,6,1,false,false,-0.09867941,0.41905174,4.9314885,-2.1032956,-0.0015795544,3
80.06057,0.0351957,43.79589744463807,-87.98955968104367,0,1,8888.08,-0.0027978183,6,1,false,false,-0.37439585,0.4502286,3.5390542,-2.103334,-0.0014159037,3
80.07183,0.035403762,43.79588547405858,-87.98955943229086,0,1,8891.327,-0.011471484,6,1,false,false,-0.23418868,0.71835876,7.0393157,-2.1033826,-0.0035549828,3
80.083885,0.03561184,43.795873413662655,-87.98955918391724,0,1,8894.623,-0.01706712,6,1,false,false,-0.4829753,0.68854785,5.734301,-2.1034997,-0.009530919,3
80.09761,0.03581996,43.795861443357836,-87.98955881116721,0,1,8905.161,-0.015108861,6,1,false,false,-0.708983,0.8782348,5.6514983,-2.103697,-0.013260262,3
80.117714,0.03602812,43.79584938296191,-87.98955856279359,0,1,8903.547,-0.0064362762,6,1,false,false,-0.55784833,1.1620536,10.771452,-2.1039326,-0.014265017,3
80.13698,0.03623633,43.79583741238242,-87.98955831404078,0,1,8887.379,0.008392369,6,1,false,false,-0.20821393,1.1372403,12.20312,-2.1041527,-0.01102167,3
80.15537,0.036444593,43.7958253519865,-87.98955794129076,0,1,8883.818,0.022940807,6,1,false,false,0.18789302,1.1761411,10.77476,-2.1042452,-0.0008186442,3
80.173546,0.036652908,43.795813381681675,-87.98955769291715,0,1,8886.04,0.039447498,6,1,false,false,0.8641117,1.1255453,12.457859,-2.1041281,0.014084782,3
80.19087,0.03686127,43.79580132101109,-87.98955744454352,0,1,8878.715,0.047840953,6,1,false,false,0.8866467,0.87174094,7.3109884,-2.1037748,0.026915673,3
80.20859,0.03706967,43.79578926061517,-87.9895570717935,0,1,8872.173,0.049518984,6,1,false,false,1.4021093,1.1453413,9.501393,-2.1032631,0.034933116,3
80.22076,0.03727812,43.79577729031035,-87.98955682304069,0,1,8878.794,0.043364014,6,1,false,false,1.6784421,0.44796097,10.110742,-2.1026447,0.040546533,3
80.22758,0.037486587,43.79576522991443,-87.98955645029065,0,1,8899.995,0.034970548,6,1,false,false,1.7317187,0.30523214,10.332924,-2.1019354,0.044016235,3
80.24006,0.03769508,43.79575316951851,-87.98955620191704,0,1,8914.077,0.026297968,6,1,false,false,2.0709083,1.0299302,11.081938,-2.1011956,0.041929852,3
80.25934,0.037903614,43.79574119893902,-87.98955582916702,0,1,8898.9795,0.023500156,6,1,false,false,2.2480307,1.2630528,11.854331,-2.100536,0.035636183,3
80.2776,0.038112205,43.795729138543095,-87.9895555804142,0,1,8878.031,0.02545841,6,1,false,false,2.124518,0.9067231,12.570141,-2.0999784,0.03002743,3
80.29407,0.03832084,43.79571707814718,-87.98955520766417,0,1,8881.512,0.030494692,6,1,false,false,2.4803789,0.9143357,13.226119,-2.0994892,0.027423933,3
80.30688,0.038529515,43.79570501775126,-87.98955483491414,0,1,8893.78,0.031054046,6,1,false,false,2.245559,0.76814175,12.231055,-2.0990267,0.026752472,3
80.31956,0.03873823,43.79569295735534,-87.98955446216412,0,1,8892.881,0.025179278,6,1,false,false,1.8793726,0.655876,11.546451,-2.0985746,0.026292201,3
80.33372,0.03894697,43.79568098677585,-87.9895540894141,0,1,8886.677,0.016225392,6,1,false,false,1.7735353,0.98436546,12.509596,-2.0981581,0.02275245,3
80.34659,0.039155755,43.79566892637993,-87.98955371666408,0,1,8890.996,0.0025176017,6,1,false,false,1.1258838,0.70215625,7.0008206,-2.0978343,0.014929037,3
80.35873,0.039364565,43.795656865984014,-87.98955334391405,0,1,8900.444,-0.012031915,6,1,false,false,0.31966764,0.627712,5.7565184,-2.097688,0.0033166313,3
80.37183,0.039573412,43.79564480558809,-87.98955297116402,0,1,8902.137,-0.019305592,6,1,false,false,0.3159284,0.63180894,7.4935074,-2.097747,-0.007178381,3
80.38006,0.03978228,43.79563274519217,-87.989552598414,0,1,8909.131,-0.01930559,6,1,false,false,-0.374982,0.41300982,5.934695,-2.0979767,-0.017604368,3
80.391014,0.039991174,43.795620684796255,-87.98955222566397,0,1,8927.294,-0.012031912,6,1,false,false,-0.7701304,0.68842363,8.107776,-2.0983253,-0.021997826,3
80.40593,0.040200096,43.79560862440034,-87.98955185291395,0,1,8930.076,-0.0039175944,6,1,false,false,-0.36009115,1.0518363,10.08058,-2.0986767,-0.019613948,3
80.42436,0.040409073,43.79559656400442,-87.98955148016393,0,1,8915.342,0.00083847996,6,1,false,false,-0.62775064,1.0047832,10.559308,-2.0989497,-0.013646857,3
80.44211,0.04061809,43.79558450333383,-87.9895511074139,0,1,8905.18,0.00027913263,6,1,false,false,-0.77288556,1.0705943,13.043866,-2.0990984,-0.006961373,3
80.45739,0.04082716,43.79557244293791,-87.98955073466387,0,1,8908.354,-0.0022395523,6,1,false,false,-0.5831962,0.81115,11.777256,-2.099161,-0.0039251875,3
80.47298,0.041036267,43.79556038254199,-87.98955036191384,0,1,8910.649,-0.00056042883,6,1,false,false,-0.62961274,1.0033163,12.815783,-2.0992045,-0.0024896795,3
80.488144,0.04124542,43.795548322146075,-87.98954998916382,0,1,8902.768,0.0047549913,6,1,false,false,-0.42219698,0.8983746,13.084256,-2.099232,-0.00049491145,3
80.50038,0.041454606,43.79553626175015,-87.9895496164138,0,1,8902.56,0.008672585,6,1,false,false,-0.35832143,0.5839555,11.397043,-2.099218,0.0013346402,3
80.510864,0.041663826,43.79552420135423,-87.98954924366377,0,1,8913.904,0.015106701,6,1,false,false,-0.031571582,0.708311,9.846479,-2.0991728,0.0040697637,3
80.523506,0.041873075,43.795512050867224,-87.98954887091375,0,1,8919.479,0.013707793,6,1,false,false,-0.1755177,0.9421974,9.58122,-2.0990632,0.008586762,3
80.5366,0.042082354,43.7954999904713,-87.98954849816373,0,1,8912.994,0.0069934623,6,1,false,false,-0.24716288,0.6042111,8.498046,-2.0989256,0.009090047,3
80.547165,0.04229166,43.79548793007538,-87.98954812541369,0,1,8916.044,-0.0030780318,6,1,false,false,-0.316459,0.5371863,8.351203,-2.098811,0.0055274055,3
80.55654,0.042500988,43.795475869679464,-87.98954787666088,0,1,8934.268,-0.016786905,6,1,false,false,-0.6285422,0.5821786,8.513482,-2.0987737,-0.0009301561,3
80.56801,0.042710338,43.79546380928355,-87.98954750391086,0,1,8944.612,-0.033013377,6,1,false,false,-1.1582636,0.7608896,9.650444,-2.0988743,-0.011709613,3
80.5825,0.042919714,43.79545165879653,-87.98954713116083,0,1,8937.614,-0.046723336,6,1,false,false,-1.4443052,1.0270717,10.768275,-2.0991771,-0.025108315,3
80.59807,0.04312913,43.79543959840061,-87.98954675841081,0,1,8930.785,-0.053158537,6,1,false,false,-2.0467696,0.9211001,10.804662,-2.099701,-0.03863558,3
80.6135,0.04333859,43.79542753773003,-87.98954638566079,0,1,8932.132,-0.04308704,6,1,false,false,-2.473966,0.99705505,13.0190525,-2.1004493,-0.05044078,3
80.62856,0.04354809,43.79541538751768,-87.98954601291075,0,1,8931.208,-0.023781447,6,1,false,false,-1.9088612,0.9775205,13.962943,-2.1012878,-0.048864566,3
80.64365,0.04375763,43.79540332712176,-87.98954564016073,0,1,8925.963,-0.004196726,6,1,false,false,-1.7012366,0.96061623,12.022643,-2.101991,-0.036016174,3
80.65772,0.04396721,43.795391266451176,-87.98954539178712,0,1,8921.929,0.025738625,6,1,false,false,-1.3710496,0.7869251,12.104814,-2.1024423,-0.017387899,3
80.670135,0.044176828,43.79537911623883,-87.98954501903708,0,1,8924.041,0.050078332,6,1,false,false,-0.16589092,0.72136337,11.381551,-2.1025252,0.0071947314,3
80.681015,0.04438647,43.79536705584291,-87.98954464628706,0,1,8931.697,0.058750924,6,1,false,false,0.5837531,0.88911355,11.504144,-2.1021924,0.03139923,3
80.69114,0.04459614,43.7953549053559,-87.98954439753425,0,1,8936.984,0.050917886,6,1,false,false,0.8221802,0.5116247,8.522763,-2.1015344,0.04486871,3
80.70355,0.04480584,43.79534284495998,-87.98954402478422,0,1,8938.226,0.033291426,6,1,false,false,1.4800621,0.8044864,12.008151,-2.1007297,0.04950134,3
80.71557,0.04501557,43.795330694472966,-87.9895436520342,0,1,8938.694,0.012308881,6,1,false,false,1.1856174,0.7482899,9.785909,-2.0999582,0.04066459,3
80.72741,0.04522533,43.79531863407705,-87.98954340366058,0,1,8941.542,-0.0016791231,6,1,false,false,0.9167597,0.6749451,10.301145,-2.0994003,0.02534535,3
80.74129,0.045435123,43.79530648359003,-87.98954303091055,0,1,8942.459,-0.0083934525,6,1,false,false,0.7249052,0.9925004,8.816696,-2.0991142,0.008700236,3
80.75509,0.045644954,43.795294423194115,-87.98954265816053,0,1,8937.595,-0.006436278,6,1,false,false,0.90874773,0.7830211,9.828388,-2.0990758,-0.0011675444,3
80.765915,0.045854818,43.795282272707105,-87.98954228541051,0,1,8940.02,-0.007554972,6,1,false,false,0.108180776,0.56349385,9.290976,-2.0991497,-0.0070900754,3
80.77485,0.0460647,43.79527021231118,-87.98954191266048,0,1,8952.659,0.003076951,6,1,false,false,0.52792495,0.6733256,9.616419,-2.099318,-0.010801323,3
80.78661,0.04627461,43.79525806182417,-87.98954153991045,0,1,8960.809,0.014547352,6,1,false,false,0.6095373,0.73117834,7.867566,-2.0994558,-0.004783249,3
80.80011,0.046484552,43.795245911337155,-87.98954116716043,0,1,8954.672,0.022381458,6,1,false,false,0.408719,0.9735316,7.651774,-2.0994744,0.0030456975,3
80.81352,0.04669453,43.79523385094124,-87.98954079403121,0,1,8949.227,0.03217274,6,1,false,false,0.8219446,0.6609149,9.939821,-2.099374,0.010969908,3
80.82416,0.046904538,43.79522170045423,-87.98954042128118,0,1,8958.747,0.04028597,6,1,false,false,1.2062945,0.63693625,11.152632,-2.099106,0.021560688,3
80.83422,0.047114566,43.79520955024188,-87.98954004853115,0,1,8970.864,0.043083787,6,1,false,false,1.4481632,0.7804159,10.412827,-2.0986307,0.032652147,3
80.85053,0.04732464,43.795197489571294,-87.98953967578113,0,1,8964.397,0.036649667,6,1,false,false,1.5431633,1.2127378,11.4527645,-2.0980015,0.038840804,3
80.86764,0.047534753,43.795185339358945,-87.98953930303111,0,1,8945.033,0.022381458,6,1,false,false,1.3615056,1.0178411,13.339551,-2.097353,0.036647715,3
80.88071,0.047744907,43.795173188871935,-87.98953893028109,0,1,8942.525,0.0058747646,6,1,false,false,1.0769198,0.639003,10.356646,-2.0968113,0.026509576,3
80.8907,0.047955085,43.79516103838492,-87.98953855753106,0,1,8957.216,-0.010912138,6,1,false,false,0.8053669,0.6181005,13.270401,-2.0964763,0.012710566,3
80.90143,0.04816529,43.795148977989,-87.98953818478103,0,1,8963.269,-0.02518036,6,1,false,false,0.13423376,0.67965174,13.823164,-2.0963833,-0.0031443245,3
80.91266,0.048375525,43.795136827501985,-87.989537812031,0,1,8957.296,-0.02769904,6,1,false,false,-0.5392395,0.86444736,12.430156,-2.0965598,-0.019283608,3
80.9264,0.0485858,43.795124677014975,-87.98953731490457,0,1,8952.588,-0.022103406,6,1,false,false,-0.72651225,0.77486426,12.555791,-2.0969517,-0.027627837,3
80.938324,0.048796102,43.795112526802626,-87.98953694215454,0,1,8952.127,-0.013989087,6,1,false,false,-1.1628706,0.8518134,14.024786,-2.097417,-0.028612958,3
80.948654,0.04900643,43.79510037631562,-87.98953656940452,0,1,8953.795,-0.0067154113,6,1,false,false,-0.87089115,0.6898745,12.804488,-2.0978503,-0.023308814,3
80.95816,0.049216785,43.7950882258286,-87.9895361966545,0,1,8958.94,-0.007835186,6,1,false,false,-1.068191,0.6645651,11.023068,-2.0981665,-0.016716922,3
80.968,0.049427174,43.79507607534159,-87.98953582390448,0,1,8960.849,-0.010072574,6,1,false,false,-0.8342151,0.7796768,10.846167,-2.0984154,-0.014065151,3
80.97977,0.049637586,43.79506401494567,-87.98953545115445,0,1,8960.268,-0.008393452,6,1,false,false,-1.0242536,0.8239283,10.930416,-2.0986464,-0.013280486,3
80.9874,0.049848013,43.79505186445866,-87.98953507840442,0,1,8962.978,0.00027913228,6,1,false,false,-0.79145753,0.4143958,8.762549,-2.0988612,-0.011137043,3
80.996796,0.050058465,43.79503971397165,-87.98953470565439,0,1,8972.378,0.013148444,6,1,false,false,-0.4117213,0.67815536,11.454542,-2.0990112,-0.005861951,3
81.006836,0.05026895,43.7950275637593,-87.98953433290437,0,1,8976.209,0.026857315,6,1,false,false,-0.11057854,0.7263173,11.944442,-2.0990345,0.0033869287,3
81.01656,0.05047946,43.79501541327229,-87.98953383577793,0,1,8975.337,0.0330123,6,1,false,false,0.3591986,0.72489107,13.102805,-2.0988584,0.015825156,3
81.02931,0.050689995,43.79500326278527,-87.98953346302791,0,1,8973.404,0.02825623,6,1,false,false,0.7220968,0.96459395,10.484017,-2.0984786,0.025598556,3
81.0437,0.05090058,43.79499111229826,-87.98953309027789,0,1,8967.588,0.019863851,6,1,false,false,0.38977543,0.9686908,12.30213,-2.0980408,0.025161583,3
81.05389,0.051111188,43.794978961811246,-87.98953271752787,0,1,8962.178,0.007833023,6,1,false,false,0.5762491,0.53633714,10.790795,-2.097664,0.020680565,3
81.06168,0.05132182,43.794966811598904,-87.98953234477784,0,1,8972.98,-0.0067154123,6,1,false,false,0.3218453,0.5600152,9.731058,-2.0973728,0.012845153,3
81.070854,0.051532477,43.794954571020796,-87.98953197202782,0,1,8984.963,-0.009513229,6,1,false,false,-0.0932851,0.6460588,10.094266,-2.097271,5.6059234e-05,3
81.08154,0.05174316,43.79494242053378,-87.98953159927778,0,1,8981.647,-0.005875851,6,1,false,false,-0.2404491,0.81881285,5.0810623,-2.0973365,-0.006047589,3
81.09563,0.051953875,43.79493027032144,-87.98953122652776,0,1,8975.235,-0.002797817,6,1,false,false,-0.4136355,0.9252727,11.3126955,-2.0974731,-0.007755407,3
81.10347,0.052164633,43.79491811983442,-87.98953072940134,0,1,8981.045,-0.0061560636,6,1,false,false,-0.35015824,0.18162225,11.642001,-2.0975878,-0.0057883174,3
81.10733,0.05237539,43.79490596934741,-87.9895303566513,0,1,9003.179,-0.020144068,6,1,false,false,-1.2401636,0.9786408,16.694191,-2.097708,-0.012182398,3
81.124,0.052586187,43.794893818860395,-87.98952998390128,0,1,9001.597,-0.033852942,6,1,false,false,-0.9523648,1.1262043,7.0451355,-2.0979657,-0.019495094,3
81.14603,0.052797023,43.79488166837338,-87.98952961115126,0,1,8963.165,-0.045883767,6,1,false,false,-0.5036806,1.5739081,8.312923,-2.098295,-0.019442426,3
81.162056,0.053007927,43.794869428069944,-87.98952923840123,0,1,8943.851,-0.04448594,6,1,false,false,-1.256871,0.10521687,6.564233,-2.0986876,-0.025604418,3
81.15473,0.05321884,43.79485727758293,-87.98952886565121,0,1,8991.993,-0.022662759,6,1,false,false,-1.4540507,-0.6353905,8.949914,-2.0992174,-0.033948626,3
81.14918,0.053429727,43.79484512709592,-87.98952849290119,0,1,9049.863,0.0061539025,6,1,false,false,-0.812134,0.05850642,12.559671,-2.0997877,-0.03166974,3
81.15964,0.053640615,43.7948329766089,-87.98952812015115,0,1,9041.497,0.026297972,6,1,false,false,-0.14003688,1.2985961,12.576793,-2.1001554,-0.012676412,3
81.182884,0.053851556,43.79482073630546,-87.98952774740113,0,1,8986.937,0.040006846,6,1,false,false,0.19798423,1.6295111,13.921405,-2.100128,0.01199252,3
81.204285,0.05406257,43.79480858581845,-87.9895273746511,0,1,8955.462,0.045043137,6,1,false,false,0.6122974,1.3441924,18.657469,-2.0997396,0.030659467,3
81.21482,0.054273617,43.794796435331435,-87.98952700190108,0,1,8969.014,0.03916728,6,1,false,false,0.92889446,0.5414636,15.111033,-2.0991037,0.04191756,3
81.21969,0.054484688,43.794784195027994,-87.98952662915106,0,1,8987.308,0.024899064,6,1,false,false,1.349872,0.6130034,14.284713,-2.098375,0.043006513,3
81.22847,0.05469577,43.794772044540984,-87.98952625640104,0,1,8981.139,0.008113239,6,1,false,false,0.91210485,0.74751556,9.440242,-2.0977445,0.031980433,3
81.23668,0.05490688,43.79475989405397,-87.989525883651,0,1,8971.339,-0.0041967267,6,1,false,false,1.0504323,0.4066077,5.7436194,-2.0973532,0.018069103,3
81.24111,0.055118,43.79474765375053,-87.98952551090098,0,1,8991.028,-0.007274757,6,1,false,false,0.5027437,0.19311717,2.3028889,-2.097156,0.008400374,3
81.24022,0.055329137,43.79473550326352,-87.98952513815095,0,1,9022.427,0.0039165122,6,1,false,false,0.25885677,-0.025476541,3.997457,-2.0971193,0.000502195,3
81.23966,0.055540264,43.7947233527765,-87.98952476540093,0,1,9039.211,0.01958364,6,1,false,false,0.9084624,-0.09319071,2.5836773,-2.0970984,0.0054229307,3
81.247314,0.0557514,43.79471111247307,-87.9895242682745,0,1,9044.752,0.02378037,6,1,false,false,0.94645375,1.0108885,6.569508,-2.0969486,0.012310653,3
81.26614,0.055962577,43.79469896198605,-87.98952389552447,0,1,9033.524,0.025458412,6,1,false,false,1.2359426,1.2587098,9.42341,-2.096704,0.017422907,3
81.28214,0.056173813,43.79468672140794,-87.98952352277445,0,1,9013.5625,0.022101244,6,1,false,false,1.8098248,1.0342022,11.555843,-2.0963414,0.025076743,3
81.29783,0.056385078,43.7946745711956,-87.98952315002443,0,1,9009.044,0.01846495,6,1,false,false,1.7359805,1.17302,13.186528,-2.0958717,0.028359128,3
81.313416,0.056596383,43.79466242070858,-87.98952265289799,0,1,9007.883,0.023500148,6,1,false,false,1.3920019,1.0968643,10.040405,-2.0954268,0.022934435,3
81.32682,0.05680774,43.794650180130475,-87.98952228014797,0,1,8995.53,0.037209027,6,1,false,false,2.0296688,0.76708364,9.666107,-2.0950809,0.02119618,3
81.3378,0.05701912,43.79463802991813,-87.98952178302153,0,1,8992.059,0.043923356,6,1,false,false,1.88291,0.5973638,10.457655,-2.0946581,0.030036762,3
81.342834,0.057230517,43.794625789340024,-87.98952141027151,0,1,9005.67,0.043644227,6,1,false,false,2.8325458,0.020437941,10.638291,-2.0940704,0.0409712,3
81.34889,0.057441942,43.79461354903658,-87.98952091352427,0,1,9020.398,0.030773822,6,1,false,false,2.2260327,0.057068795,9.0992565,-2.0933022,0.04638741,3
81.362,0.057653382,43.794601398549574,-87.98952054077425,0,1,9012.655,0.01734517,6,1,false,false,2.2003462,1.1939502,11.500859,-2.0925887,0.037072342,3
81.37641,0.057864863,43.794589157971465,-87.98952004364781,0,1,8993.809,0.0041956455,6,1,false,false,2.149584,0.9358871,10.615145,-2.0920408,0.02757188,3
81.3864,0.058076374,43.794577007759116,-87.98951954652138,0,1,8993.477,-0.0055956356,6,1,false,false,1.2416408,0.5955207,9.944644,-2.0917075,0.012898416,3
81.39331,0.058287907,43.79456476718101,-87.98951904939494,0,1,9011.103,-0.0030780328,6,1,false,false,1.2092121,0.43643877,8.093513,-2.0916045,0.0021393877,3
81.398705,0.05849945,43.794552616694,-87.98951855264771,0,1,9020.394,0.007833024,6,1,false,false,2.1140485,0.49543422,12.960511,-2.0915933,0.002388291,3
81.40666,0.05871102,43.79454037639056,-87.98951805552127,0,1,9020.748,0.02713753,6,1,false,false,1.4333973,0.58675647,8.2414,-2.0914917,0.008751134,3
81.41687,0.058922596,43.79452813581245,-87.98951768277125,0,1,9018.0625,0.06322786,6,1,false,false,1.8958029,0.93756723,7.6471634,-2.0912812,0.018573416,3
81.43243,0.059134215,43.79451598560011,-87.98951706164762,0,1,9011.961,0.0881269,6,1,false,false,2.2564466,0.8344698,3.8607378,-2.0908303,0.03678765,3
81.44182,0.059345864,43.794503745022,-87.98951656452118,0,1,9010.112,0.09092473,6,1,false,false,2.3644614,0.5789056,3.7094307,-2.0901313,0.050391275,3
81.4426,0.059557527,43.79449150471856,-87.98951606739475,0,1,9029.55,0.0814126,6,1,false,false,2.4972725,-0.1506947,4.5809193,-2.0892322,0.06240841,3
81.440704,0.05976918,43.79447935423154,-87.98951557026831,0,1,9059.506,0.059311364,6,1,false,false,3.5477524,0.037951127,12.700978,-2.0880759,0.07924674,3
81.44569,0.05998083,43.79446711365344,-87.98951507352108,0,1,9074.643,0.027137535,6,1,false,false,3.489751,0.6868545,10.652773,-2.0866191,0.08727676,3
81.46473,0.060192507,43.79445487335,-87.98951445201824,0,1,9051.046,-0.007835189,6,1,false,false,3.567045,1.7756343,10.65855,-2.0852394,0.06634601,3
81.49369,0.060404256,43.79444272286298,-87.98951395527101,0,1,8999.699,-0.034693588,6,1,false,false,3.5447688,1.6338499,10.267555,-2.0844874,0.022750702,3
81.509964,0.060616065,43.79443048255954,-87.98951333376816,0,1,8982.214,-0.026300129,6,1,false,false,2.1254182,0.7819543,16.074192,-2.0844564,-0.013364958,3
81.50964,0.06082789,43.79441824198144,-87.98951271264453,0,1,9017.307,0.007273678,6,1,false,false,1.9119085,0.009400725,15.466183,-2.084757,-0.017845051,3
81.51432,0.0610397,43.794406001678,-87.98951209114168,0,1,9048.181,0.03720903,6,1,false,false,1.4016364,0.50422007,12.828869,-2.0849402,-0.0062184753,3
81.52708,0.06125155,43.79439376109989,-87.98951159439444,0,1,9021.157,0.053155296,6,1,false,false,1.586409,1.2725947,9.204138,-2.084875,0.011551256,3
81.54311,0.061463427,43.794381610612874,-87.98951097289161,0,1,8992.031,0.02685732,6,1,false,false,1.120229,0.8248392,4.0266576,-2.0845912,0.021194234,3
81.54782,0.06167533,43.79436937030944,-87.98951035176796,0,1,9010.033,-0.001959341,6,1,false,false,0.5173296,-0.066905305,4.1751423,-2.0843146,0.017002754,3
81.5422,0.061887227,43.79435712973133,-87.98950973026513,0,1,9055.433,-0.017346254,6,1,false,false,-0.28012586,-0.44680777,6.330735,-2.0841568,0.0056723487,3
81.54105,0.062099107,43.79434488942789,-87.98950910914148,0,1,9079.824,-0.020424288,6,1,false,false,-0.38111773,0.346809,6.7080817,-2.0841975,-0.008244863,3
81.554,0.06231101,43.79433264884978,-87.98950848801783,0,1,9067.297,-0.018466026,6,1,false,false,-0.68389654,1.0438129,8.6069355,-2.0843997,-0.016202008,3
81.57296,0.06252295,43.79432040854634,-87.989507866515,0,1,9037.63,-0.016786909,6,1,false,false,-0.44817016,1.2226924,8.280529,-2.0846913,-0.018550657,3
81.59,0.06273494,43.79430825805933,-87.98950724539135,0,1,9026.426,-0.01958472,6,1,false,false,-0.7136002,0.8324726,9.202294,-2.0849826,-0.01675731,3
81.59892,0.06294697,43.79429601775589,-87.98950662388852,0,1,9033.412,-0.0207045,6,1,false,false,-1.3552388,0.31086838,10.408387,-2.0852902,-0.019818883,3
81.60492,0.06315902,43.79428377717778,-87.98950600276487,0,1,9043.91,-0.022103405,6,1,false,false,-1.0617621,0.59411764,9.057794,-2.0856433,-0.021598957,3
81.613365,0.06337107,43.79427153687434,-87.98950538164122,0,1,9047.481,-0.026579265,6,1,false,false,-1.6723537,0.46962157,7.450752,-2.0860097,-0.022702046,3
81.62257,0.06358315,43.79425929629623,-87.9895048845148,0,1,9041.658,-0.026579266,6,1,false,false,-1.9736944,0.32952523,5.369601,-2.086435,-0.026211798,3
81.62972,0.06379525,43.79424705599279,-87.98950426339115,0,1,9044.972,-0.028537525,6,1,false,false,-1.9425176,0.4662679,10.010247,-2.086896,-0.028380513,3
81.63538,0.06400739,43.79423481541469,-87.98950364188832,0,1,9060.106,-0.03413315,6,1,false,false,-2.0585873,0.34764212,9.048399,-2.0873985,-0.033300973,3
81.64517,0.06421952,43.79422257511125,-87.98950314476188,0,1,9064.845,-0.038049676,6,1,false,false,-2.5716128,0.83946836,13.569514,-2.088001,-0.040358365,3
81.65978,0.064431705,43.79421033453314,-87.98950252363824,0,1,9045.302,-0.034972727,6,1,false,false,-2.704867,1.2392137,16.576267,-2.0886657,-0.04288874,3
81.67686,0.06464393,43.7941980942297,-87.9895020265118,0,1,9025.233,-0.019584721,6,1,false,false,-2.7638001,1.2088368,13.274363,-2.0893435,-0.03918225,3
81.68809,0.06485619,43.79418585365159,-87.98950140538817,0,1,9019.298,0.010909976,6,1,false,false,-2.4954305,0.57147366,9.436499,-2.0898573,-0.02191672,3
81.69662,0.06506847,43.79417361334815,-87.98950090826173,0,1,9024.69,0.032172736,6,1,false,false,-1.1514441,0.47270072,11.337284,-2.0900593,-0.00059184886,3
81.70044,0.06528078,43.79416137277005,-87.98950028713809,0,1,9037.652,0.030214477,6,1,false,false,-0.2272802,0.23688202,8.25873,-2.0899315,0.01605474,3
81.70281,0.06549308,43.79414913246661,-87.98949979001165,0,1,9053.925,0.0055945516,6,1,false,false,-0.41867647,0.26604643,9.909145,-2.0895836,0.022522263,3
81.711105,0.065705396,43.794136802072074,-87.98949929288523,0,1,9057.097,-0.01986494,6,1,false,false,0.25032014,0.88207376,7.4035006,-2.089247,0.017229158,3
81.720314,0.06591774,43.794124561493966,-87.98949867176158,0,1,9050.966,-0.030216644,6,1,false,false,-0.55738497,0.5724797,7.1756296,-2.0890746,0.0024310201,3
81.7266,0.066130094,43.794112321190525,-87.98949817463514,0,1,9049.587,0.0016780421,6,1,false,false,-0.0385596,0.09208706,7.3062134,-2.0892067,-0.01173256,3
81.733765,0.06634245,43.79410008061242,-87.98949767788791,0,1,9064.763,0.0330123,6,1,false,false,0.42220542,0.80779123,8.735693,-2.0893645,-0.004643507,3
81.745155,0.06655483,43.794087840308976,-87.98949705638508,0,1,9069.179,0.062668525,6,1,false,false,0.84669036,0.63414127,7.328581,-2.0892994,0.0140788285,3
81.75581,0.066767246,43.79407559973087,-87.98949655925864,0,1,9052.061,0.07637738,6,1,false,false,2.096433,0.7501096,10.296985,-2.0888617,0.03868114,3
81.76638,0.06697969,43.794063269336334,-87.989495938135,0,1,9049.519,0.06518614,6,1,false,false,2.1536212,0.65175414,9.733163,-2.08804,0.05794322,3
81.773415,0.067192145,43.79405102903289,-87.98949544100856,0,1,9062.334,0.04532226,6,1,false,false,2.0842724,0.4424028,8.497512,-2.087002,0.063440666,3
81.782906,0.06740463,43.79403878845479,-87.98949481988492,0,1,9065.687,0.019583644,6,1,false,false,2.4975448,0.7728357,12.610036,-2.0859582,0.058046676,3
81.79427,0.06761714,43.79402654815135,-87.98949432275849,0,1,9055.963,0.0022373882,6,1,false,false,1.9622629,0.7717929,10.486603,-2.085115,0.041092847,3
81.804794,0.06782968,43.79401421775682,-87.98949370163484,0,1,9049.084,0.0011186943,6,1,false,false,1.7406439,0.5706049,11.571158,-2.08459,0.021735271,3
81.814445,0.068042256,43.79400197717871,-87.98949308013201,0,1,9050.926,0.010909975,6,1,false,false,2.2058284,0.6576352,12.297446,-2.0843098,0.012848781,3
81.82245,0.06825486,43.79398973687527,-87.98949245900836,0,1,9056.264,0.020422118,6,1,false,false,1.658427,0.51774967,10.971113,-2.0840893,0.012695517,3
81.8312,0.068467475,43.79397749629716,-87.98949183788471,0,1,9053.658,0.030214485,6,1,false,false,1.8647088,0.43863392,11.574652,-2.0838437,0.017288618,3
81.83923,0.068680115,43.79396516590263,-87.98949121638188,0,1,9050.564,0.029655129,6,1,false,false,1.813328,0.7114351,12.57136,-2.083476,0.024924167,3
81.84606,0.06889278,43.79395292532452,-87.98949059525823,0,1,9056.4,0.020702334,6,1,false,false,1.4175906,0.2980544,10.430837,-2.083021,0.027310532,3
81.85352,0.06910546,43.79394068502108,-87.9894899737554,0,1,9061.683,0.0058747693,6,1,false,false,1.1509526,0.5291653,11.7157,-2.0825891,0.021813037,3
81.86106,0.06931816,43.793928354626544,-87.98948935263175,0,1,9060.58,-0.009513227,6,1,false,false,0.6066666,0.696468,13.238007,-2.0822873,0.011757516,3
81.87037,0.06953088,43.793916114048436,-87.9894887315081,0,1,9059.707,-0.020704499,6,1,false,false,-0.14237905,0.614783,11.826272,-2.0821748,-0.0011816948,3
81.87972,0.06974364,43.793903873744995,-87.98948811000527,0,1,9056.975,-0.026579263,6,1,false,false,-0.31789505,0.68268275,13.287556,-2.0822778,-0.013309109,3
81.88977,0.069956414,43.79389154335046,-87.98948736450522,0,1,9053.727,-0.028257303,6,1,false,false,-0.9088998,0.7546981,12.097901,-2.0825732,-0.022884345,3
81.89789,0.07016922,43.79387930277235,-87.98948674338158,0,1,9052.927,-0.024621014,6,1,false,false,-1.071178,0.40778363,10.968952,-2.08299,-0.026279073,3
81.9048,0.07038204,43.79386697237782,-87.98948612187874,0,1,9056.533,-0.02210341,6,1,false,false,-1.102887,0.5115186,11.284164,-2.0834286,-0.026041832,3
81.911514,0.070594884,43.79385473207438,-87.9894855007551,0,1,9062.325,-0.020424288,6,1,false,false,-1.3156039,0.5459208,9.667541,-2.083853,-0.023836318,3
81.91658,0.07080774,43.79384249149628,-87.98948487925226,0,1,9066.205,-0.019025378,6,1,false,false,-1.4139372,0.30231673,8.473114,-2.0842516,-0.022761261,3
81.92162,0.07102062,43.79383016110174,-87.98948425812861,0,1,9070.68,-0.012870395,6,1,false,false,-1.0278288,0.35442546,8.520152,-2.0846152,-0.019847684,3
81.92905,0.0712335,43.793817920798304,-87.98948363700497,0,1,9077.022,-0.0036384596,6,1,false,false,-1.2012271,0.57751334,7.931444,-2.084905,-0.014569487,3
81.93639,0.07144641,43.793805590403764,-87.98948301550213,0,1,9076.908,0.009511066,6,1,false,false,-0.68745166,0.41293088,8.538285,-2.0850976,-0.007631062,3
81.94518,0.07165935,43.793793349550995,-87.98948239437848,0,1,9074.226,0.01706604,6,1,false,false,-0.33647615,0.673424,11.017439,-2.0851352,0.0031845958,3
81.9526,0.071872294,43.793781019156455,-87.98948177287565,0,1,9075.668,0.017345166,6,1,false,false,-0.2645926,0.53303134,13.065119,-2.0849879,0.012616214,3
81.959946,0.072085276,43.79376877885302,-87.989481151752,0,1,9078.309,0.011749534,6,1,false,false,-0.05842963,0.5440763,12.433005,-2.0847108,0.016487049,3
81.97,0.07229826,43.79375644845848,-87.98948053062836,0,1,9074.162,0.0039165122,6,1,false,false,0.047636032,0.9031701,13.502597,-2.084413,0.015459121,3
81.98065,0.07251129,43.79374420815505,-87.98947990912552,0,1,9063.694,-0.0039175935,6,1,false,false,-0.20326385,0.61384,10.781797,-2.084179,0.010490555,3
81.98854,0.072724335,43.793731877760514,-87.98947928800187,0,1,9060.66,-0.006436277,6,1,false,false,-0.32049078,0.337157,10.190512,-2.0840685,0.0030266978,3
81.993515,0.0729374,43.79371963690774,-87.98947866649904,0,1,9069.393,-0.009513229,6,1,false,false,0.015806675,0.27218708,7.2683816,-2.0840511,0.00024378777,3
81.99874,0.07315048,43.7937073065132,-87.98947804537539,0,1,9080.766,-0.0142693,6,1,false,false,-0.66735154,0.19262493,10.708532,-2.0841036,-0.0053190906,3
82.00214,0.073363565,43.793694976118665,-87.98947742425175,0,1,9082.865,-0.016507773,6,1,false,false,-0.24900928,0.41391376,6.304666,-2.084256,-0.010120376,3
82.00566,0.07357666,43.793682735815224,-87.98947680274891,0,1,9089.635,-0.021542974,6,1,false,false,-0.72028756,0.21432087,6.349147,-2.0844433,-0.011967529,3
82.01527,0.073789775,43.79367040542069,-87.98947618162526,0,1,9093.248,-0.019025378,6,1,false,false,-0.77548325,0.32452908,3.718283,-2.08471,-0.017257228,3
82.02174,0.07400291,43.79365816511726,-87.98947556012243,0,1,9091.087,-0.009234095,6,1,false,false,-0.52365005,0.6141709,6.7951007,-2.0850248,-0.01652397,3
82.026024,0.07421605,43.79364583472272,-87.98947493899878,0,1,9097.489,0.005315421,6,1,false,false,-0.5173314,0.20372394,7.6079493,-2.0852897,-0.012309456,3
82.03177,0.074429214,43.793633504328184,-87.98947431787515,0,1,9109.334,0.019303426,6,1,false,false,-0.03722643,0.5318704,8.201293,-2.0854268,-0.0033365048,3
82.04129,0.0746424,43.79362126347541,-87.9894736963723,0,1,9108.496,0.024899062,6,1,false,false,0.028147265,0.9022696,8.433125,-2.0853832,0.007633176,3
82.054405,0.0748556,43.793608933080876,-87.98947307524865,0,1,9092.787,0.02210125,6,1,false,false,0.20250988,0.73547316,6.870024,-2.0851765,0.016959367,3
82.0659,0.07506884,43.79359660268634,-87.98947245374582,0,1,9083.936,0.013148444,6,1,false,false,0.17694588,0.7303229,8.024275,-2.0848677,0.020111991,3
82.072876,0.07528211,43.7935843623829,-87.98947183262217,0,1,9091.943,0.005315421,6,1,false,false,0.14507344,0.44167888,8.538399,-2.0845692,0.01718635,3
82.07822,0.075495385,43.79357203198837,-87.98947121149854,0,1,9103.424,-0.0019593376,6,1,false,false,0.200963,0.43504322,7.818466,-2.0843189,0.013712577,3
82.084885,0.07570868,43.793559701593836,-87.98947058999569,0,1,9104.177,-0.010633005,6,1,false,false,0.046251,0.5854766,7.8916726,-2.0841434,0.007283932,3
82.09374,0.075922,43.793547461290395,-87.98946996887206,0,1,9098.496,-0.016786905,6,1,false,false,0.022776037,0.53301346,9.861956,-2.0840902,-0.00026766112,3
82.10194,0.07613533,43.79353513034653,-87.98946934736921,0,1,9098.13,-0.02014407,6,1,false,false,-0.2899099,0.5809519,9.577753,-2.0841606,-0.008926683,3
82.11078,0.07634869,43.793522799951994,-87.98946872624558,0,1,9100.444,-0.019025376,6,1,false,false,-0.42050254,0.7523761,9.795556,-2.0843604,-0.015143435,3
82.12076,0.07656208,43.79351046955746,-87.98946810512193,0,1,9096.518,-0.016227562,6,1,false,false,-0.97463644,0.62775904,12.517087,-2.0846438,-0.019020202,3
82.12859,0.07677548,43.79349813916292,-87.98946748361908,0,1,9090.301,-0.011471488,6,1,false,false,-0.68428504,0.34518427,12.257893,-2.0849595,-0.018962756,3
82.136665,0.07698891,43.79348589885949,-87.98946686249545,0,1,9094.926,-0.012311044,6,1,false,false,-1.0310514,0.7972425,14.8370075,-2.0852172,-0.015978709,3
82.145454,0.07720236,43.79347356846495,-87.9894662409926,0,1,9094.245,-0.01259018,6,1,false,false,-1.3750851,0.541954,10.594673,-2.0854616,-0.016520653,3
82.15501,0.07741584,43.793461238070414,-87.98946574424536,0,1,9082.739,-0.012031916,6,1,false,false,-1.2890553,0.61756146,10.4624,-2.0857193,-0.014387109,3
82.164764,0.07762934,43.79344890767588,-87.98946512274253,0,1,9077.497,-0.0148286475,6,1,false,false,-1.365859,0.502095,6.4755106,-2.085954,-0.011334058,3
82.16864,0.07784287,43.79343657728135,-87.98946450161888,0,1,9088.021,-0.022103405,6,1,false,false,-1.5230567,-0.035233896,8.304872,-2.0861728,-0.012352243,3
82.16796,0.078056395,43.793424246886815,-87.98946388049524,0,1,9107.679,-0.034693584,6,1,false,false,-1.567648,0.047772672,8.694852,-2.0864403,-0.019114368,3
82.17107,0.07826993,43.79341200603404,-87.9894632589924,0,1,9121.337,-0.04700247,6,1,false,false,-2.1555784,0.53330004,8.521889,-2.0868413,-0.029840814,3
82.18077,0.07848348,43.793399675639506,-87.98946276186597,0,1,9112.113,-0.052318964,6,1,false,false,-2.3762743,0.7386039,7.51158,-2.087414,-0.03881326,3
82.19316,0.078697056,43.79338734524497,-87.98946214074233,0,1,9096.052,-0.045044217,6,1,false,false,-2.3131886,0.7074495,9.327232,-2.088117,-0.04398234,3
82.2011,0.07891066,43.79337501485043,-87.98946151961869,0,1,9096.178,-0.02853752,6,1,false,false,-2.4378822,0.32473397,10.2503195,-2.0888624,-0.043263514,3
82.20531,0.07912429,43.7933626844559,-87.98946102249225,0,1,9110.682,-0.0036384622,6,1,false,false,-1.9890809,0.36625606,8.762303,-2.0895288,-0.035552412,3
82.2128,0.07933793,43.79335035406137,-87.9894604013686,0,1,9114.824,0.019863857,6,1,false,false,-1.2001488,0.54741347,8.4170685,-2.0899827,-0.017989239,3
82.22212,0.0795516,43.793338023666834,-87.98945990424218,0,1,9103.435,0.035810117,6,1,false,false,-0.7496772,0.47273737,8.907608,-2.0901031,0.0039342763,3
82.2303,0.07976528,43.7933256932723,-87.98945928273933,0,1,9098.88,0.041684892,6,1,false,false,0.027789816,0.4687063,6.826277,-2.0898902,0.021681838,3
82.23612,0.079979,43.79331336287777,-87.9894587859921,0,1,9109.718,0.03860794,6,1,false,false,0.48379076,0.36686096,6.7014914,-2.0894256,0.034168515,3
82.24178,0.08019273,43.793301032483235,-87.98945828886566,0,1,9118.71,0.032452956,6,1,false,false,0.36038527,0.36627907,5.046431,-2.088837,0.03720849,3
82.248436,0.08040645,43.7932887020887,-87.98945766774203,0,1,9117.959,0.03133425,6,1,false,false,1.2321068,0.4904982,4.5148864,-2.08825,0.036565065,3
82.25532,0.080620214,43.79327637114483,-87.9894571706156,0,1,9120.452,0.029935353,6,1,false,false,1.2600935,0.32562435,6.085162,-2.087673,0.03568744,3
82.259735,0.08083398,43.793264040750294,-87.98945654911276,0,1,9129.563,0.03161339,6,1,false,false,1.3796077,0.46810094,7.4068565,-2.0870905,0.035600226,3
82.26797,0.08104776,43.79325171035576,-87.98945605236551,0.00880513,1,9136.974,0.03357165,6,1,false,false,2.1279035,0.534407,8.123967,-2.0864828,0.03651056,3
82.277336,0.08126158,43.79323937996123,-87.98945543086268,0.029360585,1,9127.89,0.028815575,6,1,false,false,1.824687,0.63465387,11.634078,-2.0858533,0.036916208,3
82.28153,0.081475414,43.793227049566696,-87.98945480973903,0.053363785,1,9106.672,0.020142986,6,1,false,false,1.8076149,0.343467,10.056664,-2.0852573,0.031453986,3
82.27381,0.08168923,43.793214719172155,-87.9894541886154,0.11621345,1,9092.186,0.0039165122,6,1,false,false,1.8592632,-0.8430116,8.310575,-2.084793,0.021383967,3
82.23776,0.08190302,43.79320238877762,-87.98945369148896,0.21455817,0.914518,9079.95,-0.012590179,6,1,false,false,0.8178171,-2.8165205,11.349469,-2.08456,0.0066904807,3
82.15455,0.082116626,43.79319005838309,-87.98945306998613,0.296794,0.7394844,9028.809,-0.018466027,6,1,false,false,0.27772278,-5.7028956,10.782647,-2.0845788,-0.008664459,3
82.01928,0.08232995,43.79317772798856,-87.98945244886248,0.37094596,0.524962,8918.452,-0.014548438,6,1,false,false,0.022187054,-9.751725,8.616523,-2.0848181,-0.018131988,3
81.81985,0.082542844,43.793165487685116,-87.98945182773883,0.3962609,0.33346707,8821.142,-0.008673665,6,1,false,false,-0.6929141,-13.477039,9.437216,-2.0851917,-0.024826253,3
81.5552,0.082755126,43.79315324683234,-87.989451206236,0.42574048,0.17819335,8811.696,0.0036362978,6,1,false,false,-0.14033613,-16.734818,5.546805,-2.0856876,-0.029519677,3
81.23354,0.08296664,43.793141006528906,-87.98945070910956,0.45165202,0.05584246,8830.037,0.0075528086,6,1,false,false,-0.723686,-20.643908,10.537627,-2.0861187,-0.019169953,3
80.89175,0.083177276,43.79312885631656,-87.98945008798592,0.47579223,0.0020654202,8790.519,0.008951716,6,1,false,false,-0.8243384,-20.504602,9.20981,-2.0864303,-0.016205676,3
80.53704,0.08338701,43.79311679564597,-87.98944946686227,0.506749,-1.7462298e-10,8739.824,0.008113237,6,1,false,false,-0.8486817,-21.323072,8.581681,-2.0866692,-0.01234336,3
80.15661,0.083595775,43.79310473552472,-87.98944884535943,0.5391278,0,8690.796,0.0011186936,6,1,false,false,-1.8286431,-23.098057,13.681001,-2.0868287,-0.00842727,3
79.77139,0.08380355,43.79309276494523,-87.9894483486122,0.5411962,0,8639.974,-0.013989088,6,1,false,false,-1.6804508,-23.519554,10.999126,-2.0870345,-0.016900776,3
79.3685,0.0840103,43.793080794365736,-87.98944772710936,0.5724379,0,8591.078,-0.03301338,6,1,false,false,-2.5076416,-24.501562,12.986247,-2.0874014,-0.024512207,3
78.967354,0.084216,43.793068913877335,-87.98944722998293,0.57623106,0,8541.619,-0.04952115,6,1,false,false,-3.1721258,-24.62296,12.583478,-2.0879476,-0.043241438,3
78.55914,0.08442063,43.79305712348003,-87.98944660885928,0.57840353,0,8492.736,-0.05819374,6,1,false,false,-3.435515,-24.786125,9.248339,-2.0888295,-0.058853325,3
78.15484,0.084624216,43.79304533308273,-87.98944611173285,0.5833305,0,8444.1,-0.056515705,6,1,false,false,-3.554524,-24.095789,7.459608,-2.0899084,-0.0701589,3
77.75616,0.084826745,43.79303372286761,-87.98944561498561,0.5882888,0,8395.803,-0.048961814,6,1,false,false,-3.5139356,-23.84105,5.920098,-2.0911424,-0.076344185,3
77.35875,0.08502822,43.7930220225614,-87.98944511785919,0.59270775,0,8348.376,-0.03637163,6,1,false,false,-3.4137187,-23.585535,3.972775,-2.092429,-0.07416826,3
76.960335,0.08522868,43.79301050188805,-87.98944462073275,0.5960496,0,8300.914,-0.027699038,6,1,false,false,-3.358511,-23.985077,3.8494577,-2.0936325,-0.07102036,3
76.55629,0.08542809,43.79299898176403,-87.98944412360632,0.60106635,0,8255.095,-0.027699042,6,1,false,false,-3.5141027,-24.413935,4.9088087,-2.0948155,-0.071822055,3
76.145355,0.08562642,43.79298755118176,-87.98944362685909,0.603887,0,8209.562,-0.04056835,6,1,false,false,-3.9847069,-24.850151,4.9238415,-2.0960302,-0.07585477,3
75.727936,0.08582368,43.7929761205995,-87.98944325410906,0.6050003,0,8162.987,-0.056235474,6,1,false,false,-4.6272573,-24.628223,4.1676006,-2.097351,-0.08287984,3
75.312584,0.08601985,43.792964780108335,-87.98944275698263,0.6072762,0,8116.126,-0.078897156,6,1,false,false,-5.336484,-25.083393,7.0710764,-2.0988116,-0.0930383,3
74.88789,0.08621492,43.79295352970826,-87.9894423842326,0.6089758,0.5208334,8259.001,-0.095684074,0,1,false,false,-6.5950317,-26.001377,10.1028805,-2.1004415,-0.101638146,3
74.45907,0.08640888,43.79294236939928,-87.98944201148258,0.6100962,0.75,8842.214,-0.10435774,0,1,false,false,-7.396046,-25.957716,10.0265255,-2.1023111,-0.1253484,3
74.0289,0.08660173,43.7929312090903,-87.98944163873256,0.6100961,0.12499997,9168.458,-0.108554445,5,1,false,false,-7.7313976,-25.865028,9.273697,-2.1046422,-0.15072152,3
73.59948,0.08679349,43.79292013887242,-87.98944138997973,0.6100961,0,9152.291,-0.11079186,5,1,false,false,-8.617273,-26.34676,10.879351,-2.1072218,-0.15692212,3
73.14479,0.0869841,43.79290915819629,-87.98944101722971,0.6083938,0,9260.659,-0.11107204,5,1,false,false,-9.298651,-28.083025,11.831091,-2.1098316,-0.15889475,3
72.694405,0.08717349,43.7928981780695,-87.9894407688561,0.5756942,0,9288.216,-0.11247096,5,1,false,false,-9.520164,-26.20466,9.634079,-2.112541,-0.16738276,3
72.27448,0.08736175,43.79288737757556,-87.98944064447969,0.5448352,0,9231.263,-0.1152677,5,1,false,false,-10.390173,-24.444643,9.524477,-2.115374,-0.17256862,3
71.87675,0.087548845,43.79287657708162,-87.98944039610606,0.4834063,0,9177.136,-0.121144645,5,1,false,false,-10.99629,-22.998755,7.348019,-2.1183367,-0.18104443,3
71.52014,0.087734826,43.79286577658768,-87.98944027172966,0.45668224,0,9124.266,-0.13401395,5,1,false,false,-11.16399,-20.032825,5.257744,-2.1213436,-0.17711927,3
71.197174,0.08791993,43.79285506618484,-87.98944014773245,0.42924613,0,9072.259,-0.15052061,5,1,false,false,-11.786582,-19.502226,7.5917897,-2.1241667,-0.16034412,3
70.87765,0.08810406,43.792844445873094,-87.98944002335604,0.40422803,0,9019.063,-0.169546,5,1,false,false,-12.105906,-19.387156,7.5857515,-2.126858,-0.16813277,3
70.56598,0.08828733,43.79283382556134,-87.98944002335604,0.38102663,0,8966.661,-0.19780442,5,1,false,false,-13.058025,-18.50613,7.386939,-2.1299505,-0.20657039,3
70.263695,0.08846979,43.79282329534069,-87.98944002335604,0.3575309,0,8915.141,-0.22410345,5,1,false,false,-15.092929,-17.805054,7.8518796,-2.1337798,-0.25378275,3
69.97295,0.08865138,43.79281276512003,-87.98944014773245,0.33426446,0,8863.413,-0.24368814,5,1,false,false,-16.865831,-16.853195,9.343292,-2.1382897,-0.28488198,3
69.70386,0.08883227,43.79280223435004,-87.98944027172966,0.3140993,0,8812.841,-0.25627947,5,1,false,false,-17.832552,-15.381787,7.816954,-2.1431196,-0.29090106,3
69.4559,0.08901244,43.79279179422048,-87.98944039610606,0.31195834,0,8762.715,-0.2604762,5,1,false,false,-18.229946,-14.514884,7.805717,-2.1479065,-0.28184888,3
69.207375,0.08919195,43.79278144363268,-87.98944064447969,0.2919578,0,8741.317,-0.2635532,5,1,false,false,-18.449192,-15.490508,8.927737,-2.1525345,-0.27542287,3
68.935455,0.08937079,43.79277109359421,-87.98944101722971,0.2905869,0,8812.085,-0.2753037,5,1,false,false,-19.833195,-16.6321,10.124944,-2.1573188,-0.30620843,3
68.6612,0.08954889,43.79276074300641,-87.98944138997973,0.2717502,0,8834.889,-0.29656756,5,1,false,false,-22.078249,-15.760348,12.459585,-2.1629603,-0.37869868,3
68.41557,0.08972633,43.7927504825097,-87.98944176310896,0.2536523,0,8784.585,-0.32538754,5,1,false,false,-23.26139,-13.425302,10.306325,-2.1697512,-0.4249876,3
68.20383,0.08990319,43.79274022256233,-87.98944225985619,0.25143972,0,8735.231,-0.34916794,5,1,false,false,-24.142658,-11.783825,8.659991,-2.1767232,-0.4017769,3
68.006805,0.09007953,43.79273005215671,-87.98944288135904,0.24892779,0,8685.754,-0.36315808,5,1,false,false,-23.959593,-11.610743,7.6809754,-2.1829083,-0.34104043,3
67.798454,0.09025535,43.792719881751104,-87.98944362685909,0.23260424,0,8635.756,-0.37742737,5,1,false,false,-22.917685,-12.763385,7.947227,-2.1884527,-0.3343813,3
67.58365,0.09043066,43.79270971134549,-87.98944437235913,0.23169725,0,8617.229,-0.39981088,5,1,false,false,-21.703793,-12.800615,5.9598713,-2.1942575,-0.3661221,3
67.36426,0.090605415,43.79269963103097,-87.98944511785919,0.21514238,0,8621.998,-0.43086824,5,1,false,false,-22.892075,-13.099449,8.000841,-2.200704,-0.4077776,3
67.15341,0.09077962,43.79268955071645,-87.98944611173285,0.197828,0,8598.986,-0.46332437,5,1,false,false,-23.086998,-12.108771,4.8366213,-2.207808,-0.4430812,3
66.952835,0.09095331,43.792679559943686,-87.98944710598572,0.19616218,0,8556.944,-0.4941026,5,1,false,false,-24.705936,-11.5363865,7.1817493,-2.215614,-0.49414808,3
66.75263,0.09112651,43.79266956972027,-87.98944809985939,0.18150236,0,8520.777,-0.5103302,5,1,false,false,-27.446888,-11.630389,8.838487,-2.2243245,-0.5508139,3
66.55364,0.09129921,43.79265957949684,-87.98944921810946,0.17964315,0,8500.684,-0.5108895,5,1,false,false,-29.430197,-11.402332,9.122678,-2.2339487,-0.59753686,3
66.35687,0.09147143,43.79264967936451,-87.98945046073594,0.16483182,0,8488.6,-0.49745983,5,1,false,false,-31.818798,-11.130862,11.468385,-2.243994,-0.6040618,3
66.16344,0.09164314,43.79263977868284,-87.98945182773883,0.16381639,0,8472.047,-0.4759157,5,1,false,false,-33.66156,-10.572222,11.4587145,-2.2540183,-0.59724724,3
65.97461,0.09181438,43.792629878550514,-87.98945331873894,0.16179411,0,8449.526,-0.45353103,5,1,false,false,-34.290863,-10.354337,11.186668,-2.2639198,-0.5910779,3
65.78858,0.09198513,43.79262006795994,-87.98945493411544,0.14695455,0,8422.516,-0.43618476,5,1,false,false,-34.684265,-10.137161,11.260249,-2.273693,-0.58036965,3
65.6063,0.09215544,43.792610348009795,-87.98945654911276,0.14647642,0,8397.553,-0.4319869,5,1,false,false,-35.137875,-10.005285,11.809717,-2.2832541,-0.5704406,3
65.43063,0.092325255,43.792600537419226,-87.98945841324208,0.14622793,0,8377.984,-0.43954182,5,1,false,false,-32.72658,-8.866139,8.021599,-2.2927155,-0.5550619,3
65.258354,0.092494644,43.79259090701084,-87.9894602769922,0.14575069,0,8357.913,-0.45912772,5,1,false,false,-33.667347,-9.370554,10.641091,-2.3017695,-0.53667974,3
65.074005,0.092663676,43.79258118651136,-87.98946226511873,0.14575072,0,8333.061,-0.4817904,5,1,false,false,-36.252937,-10.128709,11.841435,-2.310791,-0.5468288,3
64.89289,0.092832446,43.79257155610298,-87.98946437724248,0.14551236,0,8309.134,-0.5100499,5,1,false,false,-34.453396,-9.785696,9.732712,-2.3201644,-0.58189225,3
64.7107,0.093000785,43.79256201578569,-87.98946673811903,0.1457507,0,8285.196,-0.53942907,5,1,false,false,-36.731308,-9.827746,11.768153,-2.3300495,-0.59837085,3
64.52934,0.09316855,43.792552475468405,-87.9894690989956,0.14598925,0,8263.463,-0.5662899,5,1,false,false,-37.232994,-9.696907,12.010085,-2.3399994,-0.59729224,3
64.34939,0.093335725,43.79254293515111,-87.98947145987215,0.14622796,0,8243.426,-0.5858756,5,1,false,false,-37.566883,-9.685063,11.80724,-2.3500035,-0.60433453,3
64.17364,0.09350248,43.79253348492492,-87.98947406912232,0.1464764,0,8218.588,-0.59706783,5,1,false,false,-36.72448,-8.970572,10.857031,-2.3600335,-0.5941852,3
64.00462,0.0936686,43.79252412478982,-87.98947680274891,0.14647639,0,8191.71,-0.59818655,5,1,false,false,-36.0959,-8.953852,10.146501,-2.3697278,-0.5682764,3
63.829918,0.093834214,43.792514764105384,-87.9894796607519,0.14647639,0,8166.954,-0.59287006,5,1,false,false,-36.466324,-9.516604,10.9957075,-2.3790658,-0.5545837,3
63.6511,0.09399941,43.79250540397028,-87.98948264275211,0.14551231,0,8146.0337,-0.589793,5,1,false,false,-35.83673,-9.641778,10.643453,-2.3883376,-0.56539047,3
63.46313,0.09416399,43.79249613392628,-87.98948562513151,0.14382944,0,8124.366,-0.5939899,5,1,false,false,-36.683098,-10.129582,10.994153,-2.3980498,-0.6018827,3
63.27407,0.09432809,43.792486953424024,-87.98948885550531,0.14262702,0,8101.866,-0.60462284,5,1,false,false,-37.73327,-9.897575,13.148952,-2.4083595,-0.63357633,3
63.088837,0.094491735,43.79247777292178,-87.98949208625834,0.14047892,0,8080.2,-0.62029195,5,1,false,false,-37.528687,-9.580988,11.051723,-2.4191628,-0.65747136,3
62.911037,0.09465484,43.792468592968866,-87.98949544100856,0.13882071,0,8058.31,-0.6334428,5,1,false,false,-37.189774,-9.044366,11.356836,-2.4301336,-0.65526855,3
62.741394,0.09481755,43.79245959264881,-87.98949892013519,0.13787806,0,8034.8184,-0.6418363,5,1,false,false,-37.29099,-8.570131,10.93457,-2.4409015,-0.6326662,3
62.57671,0.09497986,43.79245050223766,-87.98950252363824,0.12425719,0,8009.6016,-0.646313,5,1,false,false,-35.847244,-8.299359,9.862593,-2.4511633,-0.5967517,3
62.404102,0.09514176,43.792441501917594,-87.9895062511385,0.124257214,0,7987.5474,-0.65246826,5,1,false,false,-37.75767,-9.294449,12.636256,-2.4609656,-0.58982235,3
62.22558,0.095303245,43.79243259168863,-87.98951010339434,0.12380151,0,7968.904,-0.66450125,5,1,false,false,-36.946316,-9.1343155,10.49988,-2.4708896,-0.60091734,3
62.05352,0.095464334,43.792423771001424,-87.98951407926822,0.122900926,0,7949.434,-0.68268794,5,1,false,false,-35.4928,-8.684299,9.696639,-2.4810135,-0.6132835,3
61.890057,0.09562508,43.79241495086356,-87.98951817989769,0.12132881,0,7923.5986,-0.7092694,5,1,false,false,-35.465332,-8.196539,9.508293,-2.4911108,-0.5943847,3
61.72595,0.09578544,43.79240613072569,-87.98952228014797,0.10859158,0,7898.1445,-0.7324938,5,1,false,false,-35.12962,-8.681898,10.287745,-2.5009308,-0.59044963,3
61.553627,0.09594548,43.792397490220665,-87.98952650477464,0.10752157,0,7877.384,-0.7531993,5,1,false,false,-35.808018,-8.862717,11.069042,-2.5109446,-0.6146693,3
61.379726,0.09610518,43.79238875962456,-87.98953085377774,0.105165556,0,7860.344,-0.7694281,5,1,false,false,-36.37376,-8.92978,10.889088,-2.521492,-0.6507931,3
61.205402,0.09626448,43.79238020975997,-87.98953532715724,0.103897974,0,7840.0776,-0.7825797,5,1,false,false,-37.109333,-8.747457,11.85531,-2.532621,-0.68044156,3
61.03781,0.09642348,43.792371659346045,-87.98953992453394,0.10241893,0,7817.3374,-0.79461056,5,1,false,false,-37.342068,-8.124392,10.952958,-2.544017,-0.681538,3
60.876526,0.09658218,43.79236310893212,-87.98954464628706,0.10136218,0,7795.0117,-0.8024457,5,1,false,false,-36.954037,-7.6043067,10.999067,-2.555271,-0.6625306,3
60.717686,0.09674053,43.79235473870039,-87.98954936766098,0.10052438,0,7773.74,-0.80776215,5,1,false,false,-37.396652,-7.94195,11.43792,-2.5660572,-0.6343079,3
60.547432,0.096898615,43.79234636846865,-87.98955433816691,0.088616945,0,7752.726,-0.81307864,5,1,false,false,-38.56981,-8.758637,12.253304,-2.5766184,-0.6402676,3
60.369728,0.09705641,43.79233799823692,-87.98955930829365,0.07776529,0,7732.5522,-0.82371163,5,1,false,false,-39.186813,-8.604236,12.876034,-2.5876012,-0.67950696,3
60.20292,0.09721381,43.79232971754694,-87.98956440279679,0.07679523,0,7716.193,-0.8391007,5,1,false,false,-38.469337,-7.704561,11.713428,-2.5992494,-0.709828,3
60.050167,0.097371,43.7923215274974,-87.98956962129714,0.065468386,0,7699.015,-0.8528129,5,1,false,false,-38.0676,-7.08309,11.265502,-2.6109762,-0.6884503,3
59.899895,0.09752796,43.79231342698961,-87.9895749641739,0.055134594,0,7679.1816,-0.8690416,5,1,false,false,-38.12305,-6.7951145,11.801946,-2.6221812,-0.65241706,3
59.755623,0.09768459,43.79230532703116,-87.98958030742986,0.054251153,0.021825314,7665.43,-0.88107246,5,1,false,false,-38.17715,-6.81887,12.079439,-2.632722,-0.6170742,3
59.604656,0.09784106,43.792297316614466,-87.98958589868023,0.043678995,0.05912548,7665.0576,-0.8917064,5,1,false,false,-39.622528,-7.167101,13.349878,-2.6429412,-0.6148175,3
59.456184,0.097997315,43.792289396288865,-87.9895914903098,0.033549923,0.09918468,7674.7627,-0.90401846,5,1,false,false,-39.56032,-6.5902658,13.2251005,-2.6532931,-0.630082,3
59.324455,0.098153286,43.79228156605436,-87.98959720593659,0.03306211,0.1392439,7711.565,-0.9188483,5,1,false,false,-37.204205,-5.7548685,10.943468,-2.6638615,-0.63312596,3
59.19888,0.09830912,43.792273735819855,-87.98960304593979,0.031764217,0.16831341,7775.245,-0.92892194,5,1,false,false,-37.48772,-5.5650873,11.843919,-2.6742404,-0.60949,3
59.072258,0.0984648,43.792265995676445,-87.98960901031938,0.022911549,0.2138597,7854.734,-0.9389945,5,1,false,false,-39.161293,-5.5650244,14.59531,-2.684216,-0.5896715,3
58.965454,0.09862024,43.7922582549837,-87.98961497431978,0.02198175,0.2637834,7736.1123,-0.94515145,5,1,false,false,-38.350903,-3.5078688,12.315249,-2.694117,-0.6029672,3
58.892876,0.09877542,43.79225060493138,-87.989621187073,0.020752199,0.310979,7593.336,-0.94599026,5,1,false,false,-37.98723,-1.817957,12.616375,-2.7044318,-0.62837607,3
58.83284,0.09893037,43.79224304442083,-87.98962739982622,0.0126157515,0.35760415,7619.408,-0.9440318,5,1,false,false,-34.07151,-1.8489645,9.501299,-2.7145913,-0.5718368,3
58.77087,0.099085234,43.7922354844596,-87.98963373695584,0.012172045,0.39931256,7710.5894,-0.94291216,5,1,false,false,-34.355225,-2.1653724,10.699601,-2.7231684,-0.45874298,3
58.720966,0.09923987,43.79222801404014,-87.98964019808268,0.011142337,0.4508856,7723.6035,-0.957744,5,1,false,false,-30.821398,-0.7038428,7.97803,-2.7300038,-0.36113927,3
58.68919,0.0993943,43.79222063371177,-87.98964678396511,0.009829106,0.5035529,7672.4165,-0.9865649,5,1,false,false,-28.651657,-0.6626149,8.542153,-2.7355056,-0.31935883,3
58.664604,0.09954871,43.79221325338341,-87.98965336946836,0.0019545788,0.55184263,7659.6523,-1.0271378,5,1,false,false,-29.042208,-0.13205805,8.943165,-2.7409048,-0.33209214,3
58.633392,0.099703036,43.792205873604374,-87.98966007896881,0.0019545788,0.59079206,7705.3413,-1.0570797,5,1,false,false,-30.918745,-1.1505411,11.126703,-2.746961,-0.4061447,3
58.612785,0.09985719,43.792198583367096,-87.98966678884847,0.0018159086,0.6127409,7757.0957,-1.0707903,5,1,false,false,-29.036337,0.954966,7.524496,-2.7544134,-0.47575644,3
58.60843,0.10001137,43.79219129258049,-87.98967362272532,0.0012566715,0.6396369,7760.876,-1.0623963,5,1,false,false,-29.218357,0.87263477,10.442533,-2.762761,-0.5251694,3
58.63065,0.100165576,43.792184092434304,-87.98968058097859,0.00083688425,0.66705734,7731.4927,-1.0450468,5,1,false,false,-29.314898,3.0914905,8.995199,-2.771375,-0.49009073,3
58.65529,0.10031977,43.792176892288126,-87.98968753961105,-5.820766e-11,0.6950477,7703.4663,-1.0285368,5,1,false,false,-27.541702,2.4051962,8.83787,-2.7790663,-0.44217396,3
58.689316,0.1004741,43.79216978223304,-87.98969474623793,0,0.7224836,7714.278,-1.0316157,5,1,false,false,-28.894676,3.4350755,10.03831,-2.7860248,-0.38461378,3
58.70773,0.10062853,43.79216267162862,-87.98970182886761,0,0.7394844,7727.42,-1.0528831,5,1,false,false,-28.979774,1.4476447,10.981449,-2.7923117,-0.39485988,3
58.7369,0.10078297,43.79215565166463,-87.9897091598709,0,0.757595,7739.011,-1.0903786,5,1,false,false,-28.674921,3.0280535,9.163123,-2.7990086,-0.40087363,3
58.754868,0.10093753,43.7921486311513,-87.9897164908742,0,0.77021855,7745.6475,-1.1214392,5,1,false,false,-27.970785,1.9088615,10.297067,-2.8061204,-0.46165127,3
58.794178,0.1010922,43.79214161118731,-87.98972394625389,0,0.77405655,7765.219,-1.1418653,5,1,false,false,-28.790342,3.5704281,9.469113,-2.8139362,-0.46610072,3
58.815445,0.101246946,43.79213468076508,-87.98973140163359,0,0.77405643,7768.3975,-1.1401875,5,1,false,false,-27.681797,1.8191457,9.642437,-2.8221464,-0.5280197,3
58.85878,0.1014018,43.79212775034284,-87.98973910538692,0,0.77405643,7779.1997,-1.1334713,5,1,false,false,-29.966131,3.6901932,10.360417,-2.8310466,-0.533336,3
58.881573,0.10155683,43.79212091056104,-87.98974668476383,0,0.77405643,7781.387,-1.1253569,5,1,false,false,-29.978456,2.576147,11.975918,-2.8403754,-0.59091526,3
58.92609,0.101711966,43.7921140702299,-87.98975451289355,0,0.77405643,7788.974,-1.1228375,5,1,false,false,-32.84312,3.4347906,12.753385,-2.8502204,-0.5863107,3
58.94944,0.10186722,43.79210731998986,-87.98976234102327,0,0.77405643,7782.965,-1.1217179,5,1,false,false,-31.230082,3.0440621,11.086855,-2.8603477,-0.62488073,3
58.995464,0.10202266,43.79210056974981,-87.9897702931502,0,0.77405643,7786.2812,-1.1186411,5,1,false,false,-33.90523,3.491117,13.272293,-2.8704283,-0.58702177,3
59.020336,0.10217826,43.792093909600865,-87.98977837003275,0,0.77405643,7786.3804,-1.112204,5,1,false,false,-31.46786,3.2631986,10.476263,-2.8803473,-0.59617066,3
59.061726,0.10233398,43.792087338993674,-87.98978644653609,0,0.77405643,7794.5156,-1.1029706,5,1,false,false,-34.350456,2.8545,13.007946,-2.889923,-0.5667052,3
59.079517,0.102489874,43.79208076893582,-87.98979464741583,0,0.77405643,7803.5093,-1.097374,5,1,false,false,-30.258928,3.2153661,9.592735,-2.8996718,-0.58902806,3
59.114346,0.102645986,43.79207419887796,-87.98980297229281,0,0.77405643,7825.7505,-1.0889798,5,1,false,false,-32.919037,2.255806,12.357516,-2.9092906,-0.58376306,3
59.139877,0.10280217,43.79206780845296,-87.98981129754895,0,0.77405643,7839.9453,-1.0867401,5,1,false,false,-30.843336,4.2251163,8.720557,-2.9192798,-0.5917264,3
59.18017,0.10295859,43.7920613284862,-87.98981974680233,0,0.77405643,7836.38,-1.0856214,5,1,false,false,-30.929464,2.7743402,11.828968,-2.9288108,-0.56825274,3
59.21659,0.103115276,43.79205502815229,-87.9898283204321,0,0.77405643,7827.7734,-1.0912182,5,1,false,false,-30.589771,4.5892105,9.3608885,-2.938215,-0.54431283,3
59.255642,0.1032721,43.792048637727284,-87.98983701843828,0,0.77405643,7826.292,-1.0931765,5,1,false,false,-30.283451,2.5363927,11.352332,-2.9468794,-0.5185423,3
59.294033,0.10342916,43.792042427484475,-87.98984571606528,0,0.77405643,7835.782,-1.1054895,5,1,false,false,-31.255957,4.266621,9.739754,-2.9554176,-0.4931634,3
59.319725,0.10358655,43.79203621724166,-87.98985441407144,0,0.77405643,7839.819,-1.1133237,5,1,false,false,-28.00014,2.100345,10.043392,-2.9636326,-0.5055115,3
59.36044,0.103744,43.79203000699884,-87.98986336045125,0,0.7751508,7854.2417,-1.1203189,5,1,false,false,-30.022804,4.3845277,10.037797,-2.9719515,-0.47936785,3
59.38744,0.10390167,43.792023886847126,-87.98987230683105,0,0.78942335,7858.8706,-1.1186413,5,1,false,false,-28.289,2.4801564,9.921424,-2.979951,-0.49157247,3
59.427437,0.104059555,43.7920178567865,-87.98988125321085,0,0.81520987,7870.1807,-1.1217183,5,1,false,false,-31.84661,3.3246224,11.50514,-2.9880252,-0.48473287,3
59.443222,0.1042175,43.792011826725876,-87.98989032358786,0,0.843185,7883.5674,-1.1211603,5,1,false,false,-31.00226,2.6671703,11.613602,-2.996767,-0.5626607,3
59.48237,0.10437537,43.79200588620701,-87.98989951872048,0,0.90189433,7911.133,-1.1164019,5,1,false,false,-33.874237,3.407292,13.618679,-3.0063667,-0.58867574,3
59.512455,0.10453309,43.791999946237475,-87.98990883785031,0,0.981458,7922.1357,-1.1021302,5,1,false,false,-30.21649,4.3016615,9.753126,-3.0165012,-0.6071961,3
59.57704,0.104690924,43.791994095809706,-87.98991815698012,0,1.0000001,7913.5586,-1.0789058,5,1,false,false,-30.691608,4.8032737,10.462573,-3.0260077,-0.5325098,3
59.635548,0.10484881,43.79198833547302,-87.98992747610995,0,1,7887.568,-1.0559605,5,1,false,false,-29.102543,5.7447996,9.028253,-3.0343883,-0.4650474,3
59.70125,0.10500666,43.79198257568568,-87.9899370436134,0,1,7879.039,-1.0458871,5,1,false,false,-26.53072,3.8766313,8.988525,-3.041361,-0.38883188,3
59.748413,0.10516465,43.791976905440094,-87.98994661111684,0,1,7903.215,-1.0565188,5,1,false,false,-26.41546,4.8848214,8.172845,-3.04771,-0.3675447,3
59.79896,0.10532265,43.79197123519452,-87.98995617899948,0,1,7941.431,-1.0769475,5,1,false,false,-24.683006,3.3136237,7.4564486,-3.0536225,-0.35711926,3
59.842415,0.10548061,43.79196565504002,-87.98996587087933,0,1,7961.879,-1.1088467,5,1,false,false,-25.86729,3.754893,8.7113,-3.059795,-0.38766426,3
59.877716,0.10563865,43.79196007488554,-87.98997556275918,0,1,7969.3716,-1.1387887,5,1,false,false,-29.97317,3.301852,13.597268,-3.066954,-0.47562543,3
59.919037,0.10579669,43.7919545842728,-87.98998537901544,0,1,7973.851,-1.1583766,5,1,false,false,-34.39486,4.438421,14.752281,-3.075713,-0.5631758,3
59.972008,0.105954714,43.7919491843005,-87.98999531926891,0,1,7956.77,-1.1485817,5,1,false,false,-36.18592,4.719933,16.11324,-3.0854483,-0.59211504,3
60.027443,0.10611287,43.791943784328204,-87.99000525952238,0,1,7921.0957,-1.1127641,5,1,false,false,-36.801052,4.802645,15.316472,-3.0952833,-0.5801739,3
60.08279,0.1062711,43.79193847389766,-87.99001532415225,0,1,7903.392,-1.0660336,5,1,false,false,-35.195683,4.736127,13.048614,-3.1047218,-0.5444089,3
60.136776,0.10642938,43.79193325355821,-87.99002551315853,0,1,7913.3716,-1.0207026,5,1,false,false,-34.265034,4.50477,12.480817,-3.1133876,-0.49368173,3
60.18756,0.10658779,43.79192812330986,-87.99003570216482,0,1,7925.846,-0.99551904,5,1,false,false,-33.98352,4.2792993,12.979342,-3.1212606,-0.4540978,3
60.235207,0.10674628,43.791922993061505,-87.99004601516832,0,1,7926.5356,-1.003354,5,1,false,false,-32.13206,3.9912271,11.567687,-3.1286745,-0.44062853,3
60.283897,0.10690485,43.79191795290424,-87.990056328551,0,1,7930.4014,-1.0290968,5,1,false,false,-30.883413,3.9585795,10.720596,-3.136031,-0.4449643,3
60.331947,0.10706352,43.79191300283808,-87.9900667659309,0,1,7946.453,-1.0531617,5,1,false,false,-30.225813,3.8526661,10.785525,3.139601,-0.46190077,3
60.3784,0.10722231,43.79190805277191,-87.9900773276872,0,1,7964.2925,-1.0691113,5,1,false,false,-30.370094,3.6040087,11.182789,3.131724,-0.48630574,3
60.419662,0.10738117,43.79190328288794,-87.99008788906433,0,1,7975.4775,-1.0755475,5,1,false,false,-32.389942,3.5468585,13.711288,3.123194,-0.53992295,3
60.464188,0.10754014,43.79189842236353,-87.99009845082062,0,1,7983.2827,-1.0710695,5,1,false,false,-31.496428,3.9379826,11.055638,3.113738,-0.58306676,3
60.516197,0.10769928,43.79189374202131,-87.99010913695335,0,1,7988.982,-1.0540001,5,1,false,false,-30.39427,4.385598,10.811795,3.1039963,-0.57472503,3
60.575283,0.10785853,43.79188906222843,-87.99011994708327,0,1,7987.4595,-1.0304956,5,1,false,false,-31.165007,4.6971807,11.714354,3.0947495,-0.5311155,3
60.629845,0.10801794,43.791884471977305,-87.9901307572132,0,1,7979.25,-1.0072708,5,1,false,false,-30.176403,3.9726593,10.591192,3.0862503,-0.49760175,3
60.67363,0.10817755,43.79187997181727,-87.99014169171953,0,1,7989.978,-0.9882431,5,1,false,false,-29.609385,3.6261346,10.015488,3.0779266,-0.5067003,3
60.71452,0.10833726,43.79187547165724,-87.99015262622586,0,1,8025.9434,-0.9748123,5,1,false,false,-29.743605,3.5115983,10.806824,3.0692894,-0.5305741,3
60.755623,0.10849706,43.79187106158831,-87.9901635607322,0,1,8056.811,-0.9647375,5,1,false,false,-29.35481,3.6697927,9.687187,3.0602329,-0.55399626,3
60.802357,0.10865712,43.791866741061135,-87.99017461923575,0,1,8062.427,-0.9515868,5,1,false,false,-29.706953,4.070094,10.716488,3.0508907,-0.5645987,3
60.85557,0.10881731,43.791862421083295,-87.99018580211569,0,1,8054.1934,-0.93116057,5,1,false,false,-28.945019,4.4895735,9.599802,3.0414996,-0.55709845,3
60.910095,0.108977616,43.791858191196546,-87.99019698537484,0,1,8053.023,-0.9045779,5,1,false,false,-27.869272,4.2948976,8.248116,3.032416,-0.5317357,3
60.962624,0.10913829,43.791854050851555,-87.9902081682548,0,1,8067.1772,-0.8774361,5,1,false,false,-27.605082,4.2789497,8.815166,3.02383,-0.4984151,3
61.01053,0.10929905,43.79184991050657,-87.99021947551115,0,1,8085.238,-0.8458171,5,1,false,false,-27.050873,3.8408313,8.105873,3.0157483,-0.47747117,3
61.0535,0.109459914,43.79184586080201,-87.99023078238831,0,1,8103.0776,-0.8239908,5,1,false,false,-26.862305,3.6047626,8.680578,3.0077877,-0.48388994,3
61.091682,0.10962109,43.79184190063921,-87.99024221402108,0,1,8125.016,-0.8111194,5,1,false,false,-28.121965,3.4794037,10.281576,2.9994395,-0.522352,3
61.13076,0.10978231,43.79183794047641,-87.99025364565384,0,1,8149.109,-0.8063632,5,1,false,false,-29.098124,3.8305087,10.201211,2.9903395,-0.5660754,3
61.178795,0.10994358,43.79183407040471,-87.9902650769074,0,1,8161.5674,-0.80384445,5,1,false,false,-29.18331,4.430765,9.814667,2.9807758,-0.5733134,3
61.234028,0.11010483,43.79183028987476,-87.99027663253739,0,1,8152.069,-0.7996478,5,1,false,false,-29.232655,4.848745,9.966495,2.9713979,-0.5474816,3
61.29352,0.11026616,43.79182650989415,-87.99028818854656,0,1,8133.1875,-0.796849,5,1,false,false,-29.61904,4.8667245,10.043114,2.9625983,-0.50802267,3
61.345093,0.110427536,43.79182290954639,-87.99029986855294,0,1,8126.967,-0.79768944,5,1,false,false,-30.054293,4.3408995,10.479519,2.9543896,-0.48288876,3
61.38975,0.110588856,43.79181921965688,-87.99031154818013,0,1,8143.3257,-0.8018863,5,1,false,false,-30.183632,4.046855,9.860993,2.9463778,-0.4804541,3
61.434204,0.11075023,43.79181570940021,-87.99032335256292,0,1,8165.232,-0.80552375,5,1,false,false,-29.089949,3.9132576,8.928341,2.9384325,-0.47268084,3
61.47762,0.1109116,43.79181219914355,-87.9903350325693,0,1,8173.0894,-0.79964787,5,1,false,false,-29.820415,4.1203794,10.183272,2.93055,-0.47329757,3
61.525024,0.11107289,43.79180886906907,-87.99034696094931,0,1,8170.982,-0.78202033,5,1,false,false,-30.264256,4.2217565,10.560497,2.922669,-0.47311902,3
61.569763,0.11123424,43.7918055389946,-87.99035876533209,0,1,8171.32,-0.74676424,5,1,false,false,-29.026503,4.0192266,8.318067,2.9147089,-0.4797885,3
61.62081,0.111395575,43.791802208920124,-87.9903706937121,0,1,8182.056,-0.6972377,5,1,false,false,-28.771046,4.58612,9.095794,2.906825,-0.4606724,3
61.672424,0.11155685,43.791798968936746,-87.99038274646851,0,1,8186.9526,-0.6429561,5,1,false,false,-27.953058,4.4244103,8.919262,2.8994048,-0.429002,3
61.72235,0.111718215,43.79179590858622,-87.9903946748485,0,1,8183.807,-0.5791612,5,1,false,false,-25.98624,4.0538697,6.633284,2.892511,-0.39932618,3
61.770134,0.11187954,43.79179275869393,-87.99040672760492,0,1,8194.732,-0.5206819,5,1,false,false,-25.439568,3.9662867,7.705683,2.8860333,-0.37946856,3
61.813854,0.11204083,43.7917897884345,-87.99041890473774,0,1,8221.977,-0.46248484,5,1,false,false,-26.335749,3.7682676,10.288404,2.879698,-0.38331586,3
61.857548,0.11220219,43.7917868187244,-87.99043095749414,0,1,8246.602,-0.4009296,5,1,false,false,-25.719488,3.9381225,9.853513,2.8732255,-0.3927905,3
61.913074,0.1123635,43.791783848464966,-87.99044313462696,0,1,8251.979,-0.34273374,5,1,false,false,-25.869097,4.711178,9.696414,2.8667357,-0.38175786,3
61.972523,0.11252485,43.79178105838772,-87.99045543575699,0,1,8231.974,-0.29013345,5,1,false,false,-26.400965,4.6202717,11.788398,2.8604994,-0.37075636,3
62.035973,0.11268633,43.79177826831047,-87.9904676128898,0,1,8212.801,-0.2498431,5,1,false,false,-25.883575,5.124898,9.695217,2.8543537,-0.3621267,3
62.100086,0.11284782,43.791775478233234,-87.99047991401983,0,1,8214.348,-0.2218661,5,1,false,false,-25.743422,4.877727,10.745417,2.848497,-0.3411611,3
62.170998,0.11300941,43.791772867788836,-87.99049221514986,0,1,8221.231,-0.20619784,5,1,false,false,-25.391258,5.480639,9.412066,2.843121,-0.2948062,3
62.236523,0.11317116,43.79177025789378,-87.99050464065628,0,1,8208.963,-0.20340005,5,1,false,false,-24.78237,4.5988574,10.857102,2.8385937,-0.2604631,3
62.30697,0.11333297,43.791767647998725,-87.99051706616272,0,1,8201.107,-0.21319242,5,1,false,false,-22.74314,5.2622213,7.5411186,2.834444,-0.23040028,3
62.36889,0.1134949,43.791765217736526,-87.99052949166915,0,1,8208.415,-0.23109801,5,1,false,false,-21.39012,4.132204,9.988304,2.8307817,-0.21957336,3
62.44084,0.11365699,43.79176269738323,-87.99054191717559,0,1,8230.458,-0.2565586,5,1,false,false,-19.952196,5.0900908,6.492315,2.8272665,-0.1914405,3
62.499454,0.1138192,43.791760357761454,-87.99055446705843,0,1,8233.426,-0.290972,5,1,false,false,-18.157576,3.8510742,7.2495832,2.8242078,-0.18510514,3
62.57371,0.11398154,43.79175792749925,-87.99056701694127,0,1,8236.731,-0.32762486,5,1,false,false,-16.819654,5.1587534,5.717654,2.8213115,-0.153396,3
62.62973,0.11414405,43.79175558732814,-87.99057956644492,0,1,8238.723,-0.36092055,5,1,false,false,-17.55337,3.4780612,7.87533,2.8187828,-0.16599685,3
62.691463,0.11430672,43.791753337248124,-87.99059211632776,0,1,8261.335,-0.38498235,5,1,false,false,-17.757767,3.9300616,8.501314,2.8157954,-0.1927623,3
62.737095,0.11446951,43.79175108716811,-87.99060479020781,0,1,8292.443,-0.39141637,5,1,false,false,-17.994644,3.3231444,7.850718,2.8120604,-0.2579455,3
62.812134,0.11463248,43.79174892717919,-87.99061734009065,0,1,8316.872,-0.3788263,5,1,false,false,-19.939224,4.9016256,11.896757,2.8074653,-0.2828327,3
62.88068,0.11479573,43.79174676719027,-87.9906300139707,0,1,8292.606,-0.34944907,5,1,false,false,-20.51831,5.3893256,11.1775675,2.8025622,-0.3026702,3
62.96608,0.11495919,43.791744607201345,-87.99064281222716,0,1,8254.507,-0.30132475,5,1,false,false,-19.383747,4.751968,9.886683,2.7977765,-0.26945576,3
63.039017,0.1151229,43.791742536754185,-87.9906554864864,0,1,8244.442,-0.25655866,5,1,false,false,-18.966331,5.125844,10.550863,2.7933695,-0.2513694,3
63.109016,0.11528697,43.79174055694745,-87.99066828474287,0,1,8263.925,-0.23445627,5,1,false,false,-18.432537,4.169071,13.286841,2.7895684,-0.21267347,3
63.16482,0.11545119,43.791738576591385,-87.99068108299933,0,1,8288.451,-0.23277709,5,1,false,false,-16.697262,4.1739044,9.467896,2.786005,-0.2168914,3
63.23039,0.11561554,43.79173659678465,-87.99069388125578,0,1,8307.616,-0.24508712,5,1,false,false,-15.578149,3.4466755,8.792018,2.7824924,-0.2078769,3
63.296307,0.11578001,43.791734706519684,-87.99070667951224,0,1,8321.624,-0.25823772,5,1,false,false,-15.189992,5.3304014,8.235429,2.7788892,-0.21684048,3
63.368534,0.11594465,43.79173281680404,-87.9907196021451,0,1,8322.747,-0.26719162,5,1,false,false,-15.170013,4.014557,10.137922,2.7754269,-0.20631658,3
63.437534,0.11610946,43.791731016630166,-87.99073240040157,0,1,8323.969,-0.2725059,5,1,false,false,-14.373056,4.980919,6.5480413,2.7719028,-0.21143472,3
63.506233,0.11627444,43.79172921645629,-87.99074532265524,0,1,8334.942,-0.27894214,5,1,false,false,-15.189497,3.5590966,10.008993,2.768311,-0.22413439,3
63.574436,0.11643958,43.791727506373505,-87.9907582452881,0,1,8355.281,-0.29069278,5,1,false,false,-16.682627,4.984984,10.627985,2.764388,-0.24221209,3
63.635654,0.1166049,43.79172570619962,-87.99077116792097,0,1,8361.96,-0.3085994,5,1,false,false,-16.891289,3.6083877,11.703866,2.7602305,-0.26684704,3
63.713707,0.116770394,43.791724086207935,-87.99078421455106,0,1,8366.098,-0.32482702,5,1,false,false,-15.887075,5.1158967,6.7952156,2.7557204,-0.26329702,3
63.78397,0.11693607,43.79172237612515,-87.99079726156032,0,1,8360.188,-0.33182153,5,1,false,false,-15.6159115,4.719702,9.099687,2.7514217,-0.25029004,3
63.863327,0.117101945,43.79172075613346,-87.99081018381399,0,1,8358.325,-0.33461934,5,1,false,false,-14.506942,4.9907417,6.566321,2.7475157,-0.2117941,3
63.91583,0.117267996,43.791719226232864,-87.99082323082327,0,1,8366.308,-0.34021503,5,1,false,false,-14.522057,3.0461583,7.779617,2.7439675,-0.2267998,3
63.980965,0.11743419,43.79171769578293,-87.99083640182975,0,1,8410.213,-0.34665126,5,1,false,false,-16.171741,3.8145666,9.517866,2.7399318,-0.25735995,3
64.029236,0.11760053,43.791716165882335,-87.99084944845983,0,1,8445.848,-0.34413254,5,1,false,false,-17.47013,3.8485022,10.323783,2.735062,-0.328317,3
64.10317,0.11776701,43.79171463598174,-87.9908624954691,0,1,8456.176,-0.32790402,5,1,false,false,-17.925621,4.8976073,10.638404,2.7292995,-0.35412478,3
64.174706,0.11793368,43.791713285713996,-87.99087566647559,0,1,8431.477,-0.28677517,5,1,false,false,-16.92077,5.629844,8.383233,2.7233584,-0.3475816,3
64.265015,0.118100576,43.791711845904494,-87.99088883748207,0,1,8400.6045,-0.23277715,5,1,false,false,-15.705551,5.055554,7.2749834,2.7183537,-0.25379786,3
64.34062,0.11826767,43.79171049563675,-87.99090200848855,0,1,8389.929,-0.18969011,5,1,false,false,-12.138059,4.607633,4.381307,2.714817,-0.16426717,3
64.39946,0.118434936,43.791709235460104,-87.99091530387145,0,1,8418.265,-0.16954598,5,1,false,false,-11.652686,2.153608,4.291204,2.7126322,-0.113137834,3
64.44053,0.11860231,43.791707885741694,-87.99092847487793,0,1,8477.87,-0.15303934,5,1,false,false,-9.36526,3.0559318,4.0924172,2.7105908,-0.12510748,3
64.4721,0.11876978,43.79170662556504,-87.9909416458844,0,1,8543.986,-0.11415008,5,1,false,false,-9.592853,1.818047,6.6661243,2.7081814,-0.16582088,3
64.52467,0.118937336,43.791705365388395,-87.9909549408881,0,1,8603.574,-0.04588376,5,1,false,false,-10.245917,4.653877,7.8523116,2.705049,-0.199718,3
64.59596,0.119105056,43.79170419530284,-87.990968236271,0,1,8605.557,0.049239866,5,1,false,false,-8.791196,4.6410475,9.348039,2.701768,-0.19060893,3
64.69933,0.119273,43.79170293567553,-87.99098153165389,0,1,8553.564,0.1438009,5,1,false,false,-9.024798,6.823913,9.899091,2.6990845,-0.12705973,3
64.8022,0.1194412,43.79170176558998,-87.99099482703679,0,1,8475.893,0.20451064,5,1,false,false,-7.8361626,6.3191543,10.383163,2.697828,-0.025553336,3
64.90234,0.119609654,43.791700595504416,-87.99100812241967,0,1,8433.03,0.22661237,5,1,false,false,-6.597542,5.6688814,10.847246,2.6983147,0.079734355,3
64.97556,0.119778335,43.79169951550996,-87.99102154179977,0,1,8438.923,0.21374308,5,1,false,false,-3.1379333,3.9038613,10.713449,2.7002773,0.15081847,3
65.04032,0.11994717,43.79169834542441,-87.99103483718267,0,1,8480.431,0.17681319,5,1,false,false,-0.8384041,3.7354138,9.184481,2.7030728,0.18033268,3
65.09345,0.12011616,43.79169717533885,-87.99104825656276,0,1,8518.484,0.13904537,5,1,false,false,0.8750408,3.3874192,7.5995393,2.7061102,0.18436825,3
65.15151,0.12028529,43.79169600525329,-87.99106167632206,0,1,8542.413,0.11162764,5,1,false,false,2.0681427,3.359447,5.73157,2.7090776,0.17488305,3
65.21147,0.120454565,43.79169492525884,-87.99107509570217,0,1,8561.286,0.10015723,5,1,false,false,3.0653882,3.5824685,4.8124204,2.7118702,0.16325651,3
65.271194,0.120624,43.79169375517328,-87.99108851508227,0,1,8584.005,0.100157216,5,1,false,false,3.937383,3.5119998,6.6139107,2.7144945,0.15536588,3
65.337105,0.12079358,43.79169258508772,-87.99110193484157,0,1,8608.894,0.10211603,5,1,false,false,5.5296106,4.1717396,8.060284,2.71706,0.15418266,3
65.41016,0.12096334,43.79169141500217,-87.99111535422168,0,1,8616.696,0.1001572,5,1,false,false,6.5222325,4.3331614,7.6962695,2.7195978,0.15020667,3
65.48835,0.12113329,43.791690154825524,-87.99112877398098,0,1,8602.398,0.09707974,5,1,false,false,6.901452,4.9225273,7.294151,2.722027,0.13819933,3
65.570244,0.12130345,43.791688895198206,-87.99114219336107,0,1,8580.523,0.09428191,5,1,false,false,7.4697804,4.667556,8.853987,2.7241724,0.12081668,3
65.64583,0.121473804,43.79168772511265,-87.99115573711758,0,1,8574.98,0.090924755,5,1,false,false,7.5508547,4.6687555,8.363461,2.7260778,0.109507725,3
65.713715,0.121644355,43.79168646493601,-87.99116915687688,0,1,8592.258,0.08868626,5,1,false,false,7.065284,3.5897508,6.034493,2.7277646,0.09729939,3
65.77872,0.12181506,43.79168511466826,-87.99118270063339,0,1,8618.476,0.08952585,5,1,false,false,7.0498385,3.7774527,7.4883604,2.7293203,0.09253828,3
65.84214,0.12198595,43.79168385504095,-87.9911962443899,0,1,8637.449,0.09260331,5,1,false,false,6.926826,3.7377038,6.7496815,2.7308748,0.096685626,3
65.90633,0.12215699,43.791682504773206,-87.99120966377001,0,1,8648.211,0.09735942,5,1,false,false,6.8557405,3.9571877,9.257485,2.7325153,0.102225654,3
65.975845,0.122328214,43.79168115450546,-87.9912232079057,0,1,8655.333,0.10183635,5,1,false,false,7.5268507,4.404965,8.920298,2.7343242,0.11419241,3
66.04983,0.122499615,43.79167980478706,-87.99123675166221,0,1,8657.557,0.10015723,5,1,false,false,7.281698,4.337683,7.967736,2.7362823,0.11720219,3
66.12619,0.122671224,43.79167836442822,-87.99125029541872,0,1,8652.378,0.09568083,5,1,false,false,7.176732,4.5917425,8.373302,2.7381408,0.10417494,3
66.19908,0.12284302,43.79167701470981,-87.99126396355165,0,1,8645.4795,0.08952582,5,1,false,false,6.9291883,3.951172,7.1772633,2.7397518,0.09257626,3
66.26765,0.123014994,43.791675574350975,-87.99127750730815,0,1,8653.4,0.08448954,5,1,false,false,6.3474927,3.925205,6.1835523,2.7412214,0.086258784,3
66.330376,0.12318714,43.79167413454147,-87.99129105106466,0,1,8680.133,0.083371915,5,1,false,false,6.072074,3.696928,7.373884,2.742623,0.085133076,3
66.39348,0.12335945,43.79167269418264,-87.99130459482117,0,1,8709.087,0.08588847,5,1,false,false,5.676746,3.8950605,8.457519,2.7440288,0.08486096,3
66.45388,0.12353191,43.791671164282036,-87.99131826295408,0,1,8721.372,0.088126935,5,1,false,false,5.732536,3.6890562,7.351734,2.745493,0.09411658,3
66.523315,0.123704545,43.791669724472534,-87.9913319308974,0,1,8731.318,0.08169172,5,1,false,false,5.9177623,4.373389,8.006839,2.7471566,0.10321616,3
66.59787,0.123877354,43.791668194022606,-87.99134547465391,0,1,8733.242,0.066865236,5,1,false,false,5.9563785,4.250864,7.508095,2.7488697,0.10043677,3
66.67217,0.12405037,43.79166666412201,-87.99135914278683,0,1,8726.627,0.05147725,5,1,false,false,5.4263406,4.3880806,6.5934415,2.7504187,0.08481086,3
66.74563,0.124223575,43.79166513422141,-87.99137281091974,0,1,8724.464,0.043083787,5,1,false,false,5.139269,4.082935,6.4163065,2.751652,0.06618978,3
66.81417,0.12439696,43.79166360432082,-87.99138647886306,0,1,8735.896,0.038607925,5,1,false,false,4.9573774,3.7658198,6.2979717,2.7526228,0.054077957,3
66.87582,0.124570504,43.79166207387089,-87.99140014699599,0,1,8759.645,0.04056619,5,1,false,false,4.49331,3.5287087,7.0804896,2.7534735,0.050877076,3
66.93822,0.124744214,43.791660453879196,-87.99141381493929,0,1,8786.247,0.052316815,5,1,false,false,4.254168,3.775763,7.183716,2.754298,0.04985734,3
67.00399,0.12491808,43.7916588338875,-87.99142748307221,0,1,8799.686,0.06294765,5,1,false,false,4.9540057,3.971661,9.378721,2.7551806,0.05828912,3
67.07711,0.12509213,43.79165721389582,-87.99144115120514,0,1,8797.89,0.066585034,5,1,false,false,4.8605895,4.269567,7.504379,2.756235,0.066404164,3
67.152374,0.12526637,43.791655593904125,-87.99145494352486,0,1,8788.66,0.0685433,5,1,false,false,4.4323664,4.5569205,7.1685343,2.7573462,0.06515229,3
67.23098,0.12544082,43.79165397391243,-87.99146861146818,0,1,8782.295,0.06910369,5,1,false,false,4.152482,4.3019886,5.776242,2.758358,0.05736616,3
67.30056,0.12561545,43.791652353920746,-87.9914824037879,0,1,8783.961,0.06546632,5,1,false,false,4.347148,3.6530027,8.365688,2.759254,0.05573005,3
67.36089,0.12579025,43.79165073337972,-87.99149607192082,0,1,8805.235,0.060149834,5,1,false,false,4.6614714,3.357262,9.116159,2.760269,0.06858586,3
67.41957,0.12596521,43.79164902384627,-87.99150986424054,0,1,8841.156,0.0545542,5,1,false,false,3.8161712,3.4508173,6.101007,2.7614636,0.07260135,3
67.48914,0.12614031,43.791647313763484,-87.99152365656028,0,1,8861.461,0.047280513,5,1,false,false,4.623385,4.5888667,11.078527,2.7626536,0.06988845,3
67.56553,0.12631564,43.7916456036807,-87.99153744888,0,1,8842.146,0.037209027,5,1,false,false,4.1762896,3.9485173,6.4629354,2.7637706,0.062866546,3
67.63555,0.12649113,43.791643893597914,-87.99155124119972,0,1,8821.896,0.034411214,5,1,false,false,3.5002322,4.2619405,6.883933,2.7647176,0.05068012,3
67.71106,0.12666681,43.79164218351513,-87.99156503351945,0,1,8836.293,0.038328797,5,1,false,false,3.571563,4.073468,6.957451,2.7654476,0.039449044,3
67.7745,0.12684268,43.791640473432345,-87.99157882564957,0,1,8858.915,0.03441121,5,1,false,false,3.1271033,3.3995929,6.895847,2.7660275,0.03385606,3
67.83569,0.1270187,43.79163876334956,-87.9915926179693,0,1,8877.649,0.031613395,5,1,false,false,2.9198756,3.3435805,7.4630046,2.7665577,0.033471953,3
67.89633,0.12719488,43.791636963175684,-87.99160653466544,0,1,8895.198,0.030214485,5,1,false,false,2.9601736,3.498769,9.590049,2.7671297,0.0368764,3
67.96286,0.12737124,43.7916352530929,-87.99162032698516,0,1,8911.61,0.028256223,5,1,false,false,2.6176386,3.9423742,6.482963,2.7677727,0.038442038,3
68.035545,0.12754777,43.791633452919015,-87.99163424349169,0,1,8914.423,0.025458414,5,1,false,false,2.3212628,4.243647,5.8273706,2.7683773,0.033262406,3
68.11195,0.12772448,43.79163165274514,-87.99164815999822,0,1,8902.369,0.020422116,5,1,false,false,2.1131074,4.157328,7.654556,2.7688558,0.026536645,3
68.179245,0.12790142,43.791629942662354,-87.99166195231795,0,1,8895.835,0.013988003,5,1,false,false,1.9608601,3.5358148,7.60162,2.7692454,0.023509579,3
68.24145,0.12807854,43.79162814303781,-87.99167586901409,0,1,8920.848,0.0039165122,5,1,false,false,1.6435193,3.47806,7.6114454,2.769622,0.022328312,3
68.30542,0.12825583,43.791626342863935,-87.99168978552062,0,1,8955.701,-0.007554972,5,1,false,false,1.2075517,3.6833289,6.814779,2.7699432,0.015798073,3
68.373085,0.1284333,43.79162454269005,-87.99170370202715,0,1,8962.704,-0.018466027,5,1,false,false,1.020512,3.9128609,6.6831865,2.7701304,0.0076045706,3
68.44486,0.12861097,43.791622742516175,-87.99171761872329,0,1,8949.37,-0.029097948,5,1,false,false,0.41287333,3.965255,4.7757487,2.7701662,-0.0017149576,3
68.51316,0.1287888,43.7916209423423,-87.99173165941663,0,1,8947.753,-0.029936433,5,1,false,false,0.24605995,3.6352224,6.7488728,2.770033,-0.010662393,3
68.57676,0.12896681,43.79161905262666,-87.99174557611276,0,1,8972.535,-0.02937708,5,1,false,false,-0.0048560053,3.1928208,6.4680467,2.7697875,-0.01664342,3
68.636406,0.12914498,43.79161725245278,-87.9917596168061,0,1,9004.791,-0.024061661,5,1,false,false,-0.15201613,3.6854708,6.1076546,2.7694585,-0.021402078,3
68.70627,0.1293233,43.7916154522789,-87.99177353350224,0,1,9015.744,-0.016227556,5,1,false,false,-0.1533244,3.9714746,4.4632597,2.769096,-0.020567248,3
68.779076,0.12950182,43.79161365210502,-87.99178757419558,0,1,9001.341,-0.012311047,5,1,false,false,-0.22620623,3.9953928,4.1131854,2.7687545,-0.017732263,3
68.8476,0.12968051,43.79161185248048,-87.99180161507853,0,1,8994.929,-0.009792362,5,1,false,false,-0.31603843,3.401199,5.717729,2.7684498,-0.0152345905,3
68.90565,0.12985936,43.7916100523066,-87.99181565596146,0,1,9022.32,-0.0030780323,5,1,false,false,-0.485828,2.9800525,5.0403953,2.7681828,-0.014237424,3
68.96363,0.13003835,43.791608162041626,-87.9918296966548,0,1,9066.403,0.0064341146,5,1,false,false,-0.43921125,3.3514876,2.3247151,2.7679384,-0.012782968,3
69.03505,0.13021751,43.79160636186775,-87.99184373753775,0,1,9082.15,0.013427578,5,1,false,false,-0.28678963,4.0857124,0.94812804,2.7677643,-0.004870592,3
69.10625,0.13039683,43.7916045622432,-87.9918577784207,0,1,9058.287,0.0123088835,5,1,false,false,-0.35790578,3.4730499,1.0250982,2.7677116,0.0023675465,3
69.15946,0.1305763,43.791602762069324,-87.99187181911404,0,1,9055.141,0.0075528114,5,1,false,false,-0.5061027,2.1336274,5.584351,2.767739,0.004720959,3
69.20498,0.13075589,43.79160096189545,-87.99188598418378,0,1,9117.413,-0.0011197776,5,1,false,false,0.010561511,2.461937,7.9856963,2.7678244,0.0073776194,3
69.27357,0.13093562,43.79159907163047,-87.99190002506673,0,1,9181.5205,-0.0142693035,5,1,false,false,-0.038793676,4.6766353,5.679838,2.7679877,0.006582076,3
69.36452,0.13111557,43.79159727200593,-87.99191419013648,0,1,9140.624,-0.0075549725,5,1,false,false,-0.40999338,5.2521644,4.9711127,2.7679925,-0.005991686,3
69.459595,0.13129574,43.79159547183205,-87.99192823101941,0,1,9036.852,0.015386916,5,1,false,false,-0.21561036,5.019046,4.154795,2.7678225,-0.009209261,3
69.53245,0.13147613,43.79159358156708,-87.99194239608917,0,1,9007.561,0.032733165,5,1,false,false,-0.009371944,3.2201004,4.7327085,2.7676826,-0.00079742825,3
69.58234,0.13165669,43.7915917813932,-87.99195656115891,0,1,9087.416,0.035530977,5,1,false,false,0.18588057,2.1989813,6.0059505,2.7677343,0.010855196,3
69.62805,0.13183734,43.79158998121932,-87.99197072622867,0,1,9175.958,0.02657818,5,1,false,false,0.3689993,2.2801993,5.762986,2.7679834,0.020648286,3
69.68522,0.1320181,43.791588091503684,-87.99198489129842,0,1,9189.435,0.007833019,5,1,false,false,0.36648983,3.302178,7.3888693,2.7683706,0.025252232,3
69.75603,0.13219906,43.7915862913298,-87.99199918055498,0,1,9152.84,-0.01119127,5,1,false,false,0.076370955,3.8887048,7.686533,2.7687674,0.020512687,3
69.83243,0.13238019,43.79158449115592,-87.99201334562473,0,1,9132.813,-0.017346252,5,1,false,false,-0.05229733,4.1916184,7.6109095,2.7690284,0.009575372,3
69.908226,0.13256153,43.79158260144028,-87.99202751069448,0,1,9140.733,-0.01650777,5,1,false,false,-0.06282853,3.981893,7.527406,2.7691064,-6.769263e-05,3
69.98023,0.13274306,43.791580801266406,-87.99204180014064,0,1,9144.291,-0.012870396,5,1,false,false,0.109815456,3.6722808,8.766111,2.7690465,-0.0053051896,3
70.04859,0.13292477,43.79157891100143,-87.9920560893972,0,1,9138.966,-0.010072576,5,1,false,false,-0.03180074,3.484387,9.354786,2.7689192,-0.008134981,3
70.11064,0.13310665,43.791577110827554,-87.99207025446695,0,1,9143.476,-0.0039175935,5,1,false,false,0.18158764,2.9067008,9.02154,2.7687533,-0.00950447,3
70.17177,0.13328868,43.79157522111192,-87.99208454391311,0,1,9169.27,0.0013978267,5,1,false,false,0.109870285,3.200563,8.503806,2.7686248,-0.006246,3
70.235344,0.13347088,43.791573330846944,-87.99209883316966,0,1,9190.339,0.0064341156,5,1,false,false,-0.005958006,3.4428282,7.275519,2.7685475,-0.0035041745,3
70.303696,0.13365327,43.79157153067307,-87.99211312242623,0,1,9186.924,0.010071493,5,1,false,false,0.03188534,3.68408,8.036756,2.7685192,0.00065237354,3
70.37172,0.1338358,43.79156964095743,-87.99212741187239,0,1,9174.925,0.0069934633,5,1,false,false,-0.12915239,3.4200408,8.291875,2.7685487,0.0036875647,3
70.43382,0.13401853,43.79156784078355,-87.99214182550536,0,1,9182.243,0.003356082,5,1,false,false,-0.059223928,3.0595589,8.349862,2.7686033,0.0042042416,3
70.494156,0.1342014,43.791565950518574,-87.99215611476191,0,1,9210.021,-0.002518685,5,1,false,false,0.019617349,3.0084825,9.862975,2.7686794,0.005061298,3
70.55505,0.13438441,43.79156406080294,-87.99217052839488,0,1,9230.33,-0.0055956356,5,1,false,false,-0.23341335,3.1867247,9.73994,2.768738,0.0014174904,3
70.62023,0.13456757,43.79156226062906,-87.99218481765143,0,1,9228.621,-0.0041967263,5,1,false,false,-0.24792339,3.443442,9.702117,2.7687304,-0.0024996204,3
70.68823,0.1347509,43.79156037036409,-87.9921992312844,0,1,9219.884,-0.0025186848,5,1,false,false,-0.35326803,3.6437426,11.639501,2.7686913,-0.0031583442,3
70.75524,0.13493435,43.79155848009911,-87.99221364491737,0,1,9217.719,-0.0039175935,5,1,false,false,-0.3704366,3.4459293,11.198612,2.7686412,-0.0038311533,3
70.82012,0.13511798,43.79155659038347,-87.99222805836074,0,1,9224.735,-0.01035279,5,1,false,false,-0.38256127,3.4557035,10.5352955,2.768591,-0.0033835352,3
70.88486,0.13530178,43.791554790209595,-87.9922424719937,0,1,9232.185,-0.021542978,5,1,false,false,-0.8221801,3.1600227,6.659578,2.7685134,-0.0062941136,3
70.9475,0.13548577,43.79155289994462,-87.99225688562667,0,1,9236.402,-0.032454036,5,1,false,false,-0.71472615,3.1124852,6.321678,2.7683437,-0.0117748035,3
71.005165,0.13566989,43.791551010228986,-87.99227129925964,0,1,9248.921,-0.040007915,5,1,false,false,-0.98059803,2.5340064,3.3623807,2.7680666,-0.018633453,3
71.05512,0.13585414,43.79154911996401,-87.99228571270301,0,1,9279.955,-0.039728794,5,1,false,false,-1.1958252,2.3642664,2.1880827,2.767665,-0.025852654,3
71.10472,0.13603851,43.79154731979013,-87.99230025071239,0,1,9302.963,-0.035532072,5,1,false,false,-1.2002305,2.3895516,3.6919358,2.7671628,-0.030672481,3
71.15168,0.13622299,43.79154543007449,-87.99231466415576,0,1,9306.913,-0.034693584,5,1,false,false,-1.8329498,2.2071407,9.421627,2.7666066,-0.035753194,3
71.200195,0.13640761,43.791543539809524,-87.99232920197552,0,1,9292.003,-0.03441229,5,1,false,false,-2.3303745,2.558675,18.601831,2.7659252,-0.047750443,3
71.253075,0.13659237,43.79154173963564,-87.99234361560849,0,1,9286.199,-0.032454032,5,1,false,false,-2.423793,2.7674563,12.434316,2.7651286,-0.051532697,3
71.31003,0.13677731,43.79153984992001,-87.99235815342827,0,1,9308.467,-0.02210341,5,1,false,false,-2.6250222,3.2332087,8.800694,2.764373,-0.039308388,3
71.3733,0.13696241,43.79153795965503,-87.99237269124805,0,1,9310.349,-0.0058758515,5,1,false,false,-1.9016178,3.338505,6.443406,2.7639198,-0.015100941,3
71.33772,0.13714759,43.791536159481154,-87.99238722925742,0,1,9305.758,-0.0005604292,0,1,false,false,-1.2147645,-6.5596795,4.439525,2.7637537,-0.0020746186,3
71.290436,0.13733257,43.79153435930728,-87.9924017670772,0,1,8709.339,-0.0027978176,6,1,false,false,-1.0103704,1.117871,6.141175,2.7636588,-0.002441529,3
71.360405,0.13751762,43.79153246959164,-87.99241630489698,0,1,7618.5835,-0.013429741,6,1,false,false,-0.88528556,3.0524638,14.5286665,2.763545,-0.0076636984,3
71.40969,0.13770284,43.79153066941776,-87.99243084271674,0,1,7887.811,-0.025460567,6,1,false,false,-1.9029541,2.1690335,9.13087,2.7633529,-0.022714268,3
71.44731,0.13788818,43.791528779152785,-87.99244538053652,0,1,8368.598,-0.022382535,6,1,false,false,-2.1717296,1.4791315,7.3604417,2.7628975,-0.034516525,3
71.52479,0.13807364,43.79152697897891,-87.9924599183563,0,1,8080.426,-0.019864941,6,1,false,false,-1.0607008,6.6995993,7.106989,2.7624424,-0.024130773,3
71.65875,0.13825941,43.791525179354366,-87.99247445617608,0,1,7662.1855,-0.02490122,6,1,false,false,-0.9762002,6.4278436,11.130943,2.7621353,-0.013839078,3
71.71841,0.13844547,43.79152328908939,-87.99248911837226,0,1,7775.282,-0.0117516965,6,1,false,false,-1.6564182,0.5303223,10.913634,2.761878,-0.013784189,3
71.71825,0.13863158,43.791521488915514,-87.99250365619203,0,1,8073.635,0.011749537,6,1,false,false,-1.7076975,-0.39191052,12.663572,2.7616105,-0.013028341,3
71.74931,0.13881774,43.79151968874163,-87.99251831819862,0,1,8077.982,0.019863855,6,1,false,false,-0.61056006,2.4345691,11.60467,2.7614393,-0.0031059755,3
71.80744,0.13900404,43.791517799025996,-87.9925328560184,0,1,7912.0723,-0.0041967267,6,1,false,false,-0.49658787,3.0789971,8.845582,2.7615054,0.008237866,3
71.86244,0.13919048,43.79151599885211,-87.99254751821458,0,1,7924.066,-0.017067121,6,1,false,false,-1.0110408,2.713917,9.612708,2.761604,6.0112725e-05,3
71.90595,0.13937707,43.791514198678236,-87.99256218022116,0,1,8032.034,-0.0097923605,6,1,false,false,-0.4143949,1.7719114,5.359487,2.761554,-0.006311198,3
71.95318,0.13956375,43.79151239850436,-87.99257684241735,0,1,8032.2817,-0.005037369,6,1,false,false,-0.75063187,2.6263993,7.071009,2.761429,-0.008349496,3
72.01047,0.13975057,43.79151050878872,-87.99259150442393,0,1,7959.247,0.0022373889,6,1,false,false,-0.23643605,2.553855,9.030749,2.7612777,-0.006047169,3
72.05662,0.13993753,43.79150870861484,-87.99260616662012,0,1,7967.4595,0.005035206,6,1,false,false,-0.57571226,1.8662678,12.06343,2.7612102,-0.0028712503,3
72.09755,0.14012463,43.79150690844096,-87.9926208286267,0,1,8035.2993,0.008951717,6,1,false,false,-0.38125995,1.9702845,13.971308,2.7611637,-0.0029600358,3
72.14575,0.14031185,43.791505018725324,-87.99263549082288,0,1,8043.368,-0.0008406441,6,1,false,false,-0.33761743,2.406861,9.798507,2.7611961,0.0024632695,3
72.20853,0.14049922,43.79150321855145,-87.99265027720587,0,1,7988.0483,-0.013429742,6,1,false,false,-0.83700264,3.8051717,14.411394,2.7612255,-0.0019048961,3
72.26205,0.14068677,43.791501418377564,-87.99266493921246,0,1,7957.197,-0.020983633,6,1,false,false,-1.0616732,2.276323,11.140397,2.7611399,-0.008877445,3
72.30238,0.14087442,43.79149961820369,-87.99267960140864,0,1,8002.654,-0.023502314,6,1,false,false,-1.2812314,1.703604,10.281212,2.7609282,-0.016896602,3
72.343025,0.14106219,43.79149772793871,-87.99269438760203,0,1,8046.449,-0.021542974,6,1,false,false,-1.1116608,2.0522218,11.00338,2.7606015,-0.020836217,3
72.38922,0.14125007,43.79149592831417,-87.99270917398503,0,1,8031.5586,-0.022382542,6,1,false,false,-1.1532238,2.188288,9.972696,2.7602415,-0.021601487,3
72.43806,0.14143804,43.79149412814029,-87.99272383618121,0,1,8012.4688,-0.025180353,6,1,false,false,-1.46687,2.1956246,10.597192,2.7598648,-0.023822553,3
72.48198,0.14162613,43.79149232796641,-87.9927386225642,0,1,8036.304,-0.025739709,6,1,false,false,-1.5043119,2.0227106,10.858121,2.759448,-0.026494212,3
72.52387,0.14181432,43.79149043770144,-87.9927534087576,0,1,8065.463,-0.023222106,6,1,false,false,-1.6523762,2.076126,10.537683,2.758989,-0.028826345,3
72.572334,0.1420026,43.7914886380769,-87.99276819514058,0,1,8058.5825,-0.01818581,6,1,false,false,-1.7245271,2.4817665,10.826367,2.7585206,-0.027349103,3
72.62309,0.142191,43.791486837903015,-87.99278298152358,0,1,8039.068,-0.013149527,6,1,false,false,-1.7774616,2.5296264,11.759432,2.758098,-0.023472678,3
72.670265,0.14237954,43.79148503772914,-87.99279776790657,0,1,8044.476,-0.012870392,6,1,false,false,-1.6521442,2.228292,12.472595,2.7577393,-0.02015759,3
72.71299,0.14256819,43.79148323755526,-87.99281267847637,0,1,8066.0347,-0.017626464,6,1,false,false,-1.6760935,2.1624234,13.281997,2.757421,-0.019195544,3
72.75783,0.14275695,43.79148143738138,-87.99282746485936,0,1,8072.0405,-0.026579266,6,1,false,false,-1.7128606,2.311594,13.140001,2.7571077,-0.020040452,3
72.8055,0.14294584,43.79147963775684,-87.99284225124235,0,1,8062.9185,-0.03357381,6,1,false,false,-2.1468463,2.2700882,12.508361,2.7567368,-0.025660906,3
72.85181,0.14313485,43.79147783758296,-87.99285716181215,0,1,8061.3154,-0.03441229,6,1,false,false,-2.088331,2.232474,14.365832,2.7562554,-0.032047544,3
72.89507,0.14332396,43.791476037409076,-87.99287194819514,0,1,8075.1646,-0.031055126,6,1,false,false,-2.3961458,1.9813399,12.551836,2.7556925,-0.03616407,3
72.93947,0.1435132,43.7914742372352,-87.99288685876495,0,1,8085.547,-0.02294189,6,1,false,false,-2.0795078,2.448179,11.682106,2.7550883,-0.035118204,3
72.986046,0.14370257,43.79147243706132,-87.99290176933475,0,1,8080.7993,-0.0207045,6,1,false,false,-2.1371605,2.271302,11.903118,2.754565,-0.02801418,3
73.031425,0.14389203,43.79147063743678,-87.99291667999935,0,1,8076.826,-0.028257309,6,1,false,false,-2.0735304,2.1163592,11.702737,2.7541308,-0.024989866,3
73.071175,0.14408161,43.791468927353996,-87.99293159056916,0,1,8092.94,-0.04196726,6,1,false,false,-2.3912356,1.971525,11.697574,2.753694,-0.028987134,3
73.112114,0.14427128,43.79146712718011,-87.99294650123376,0,1,8114.1826,-0.058472864,6,1,false,false,-2.91797,2.0729213,10.266395,2.7531385,-0.03858087,3
73.15601,0.14446107,43.791465327006236,-87.99296141180355,0,1,8114.608,-0.069664136,6,1,false,false,-3.2019496,2.2899723,10.136553,2.7523978,-0.050102588,3
73.20276,0.14465098,43.79146361692345,-87.99297632237335,0,1,8105.5063,-0.07274324,6,1,false,false,-3.5537648,2.3305886,10.886029,2.7514791,-0.05951865,3
73.24578,0.14484099,43.791461816749575,-87.99299123303796,0,1,8109.7334,-0.07218285,6,1,false,false,-3.755931,1.9553845,10.220441,2.7504227,-0.066705294,3
73.28597,0.1450311,43.79146010666679,-87.99300626788937,0,1,8128.469,-0.07218283,6,1,false,false,-3.9979286,1.8907665,8.351254,2.7492676,-0.071532756,3
73.32759,0.14522132,43.791458396584005,-87.99302117845916,0,1,8138.9976,-0.07470044,6,1,false,false,-4.2240157,2.0807037,9.793498,2.7480521,-0.07398923,3
73.372116,0.14541164,43.79145668650122,-87.99303621331057,0,1,8135.7646,-0.082254335,6,1,false,false,-4.6808305,2.1675298,9.211114,2.7468164,-0.074828535,3
73.41468,0.14560208,43.791454976418436,-87.99305112397518,0,1,8136.5786,-0.09316644,6,1,false,false,-5.155449,2.122555,10.311045,2.745526,-0.08056914,3
73.45623,0.1457926,43.791453266884986,-87.99306615882658,0,1,8149.5557,-0.10295884,6,1,false,false,-5.562578,1.944347,8.9082985,2.7441077,-0.08964234,3
73.49751,0.14598325,43.7914515568022,-87.993081193678,0,1,8159.8877,-0.111631386,6,1,false,false,-5.931999,2.1387773,9.594395,2.7425385,-0.09807954,3
73.54014,0.14617398,43.791449846719416,-87.9930962285294,0,1,8159.9683,-0.12058421,6,1,false,false,-6.7574596,2.070242,11.857415,2.7408302,-0.107823946,3
73.58159,0.14636484,43.79144822617839,-87.99311126338081,0,1,8160.376,-0.12757875,6,1,false,false,-7.772436,1.9453663,12.632117,2.7388985,-0.124892764,3
73.62283,0.14655581,43.79144651664494,-87.99312629823221,0,1,8169.3765,-0.13233592,6,1,false,false,-8.400348,2.1393263,10.917853,2.73667,-0.14059782,3
73.666595,0.1467469,43.79144489610391,-87.99314133317843,0,1,8172.214,-0.13093704,6,1,false,false,-8.737575,2.314474,11.610184,2.7342987,-0.14132279,3
73.712105,0.14693812,43.79144336620332,-87.99315649221664,0,1,8163.1567,-0.12701938,6,1,false,false,-8.904154,2.232633,10.963746,2.732001,-0.13347787,3
73.75367,0.14712945,43.791441746211625,-87.99317152716286,0,1,8162.5776,-0.12422159,6,1,false,false,-8.778497,1.829495,9.703084,2.7298534,-0.12589231,3
73.79176,0.14732087,43.79144021631103,-87.99318668620107,0,1,8179.812,-0.12534136,6,1,false,false,-8.491603,1.7800503,8.206791,2.7278032,-0.120087855,3
73.82596,0.14751239,43.7914386858611,-87.99320172105249,0,1,8196.727,-0.13233593,6,1,false,false,-8.7223215,1.3726494,8.979426,2.7257936,-0.124504335,3
73.86511,0.147704,43.7914371559605,-87.9932168801855,0,1,8204.893,-0.1446459,6,1,false,false,-9.05874,1.7210996,9.021568,2.723655,-0.13241014,3
73.90323,0.14789572,43.79143562605991,-87.99323203931851,0,1,8208.56,-0.15835473,6,1,false,false,-9.896497,1.9507422,9.604755,2.7213297,-0.14711726,3
73.944565,0.14808755,43.79143418570107,-87.99324719845153,0,1,8212.139,-0.16618778,6,1,false,false,-10.650504,2.0586648,10.854945,2.718762,-0.16007099,3
73.98666,0.14827949,43.79143274589157,-87.99326235758456,0,1,8212.461,-0.16590863,6,1,false,false,-11.471278,2.138334,11.999747,2.7160132,-0.16887382,3
74.028336,0.14847153,43.79143130608207,-87.99327751671757,0,1,8210.652,-0.15611625,6,1,false,false,-11.763527,2.130516,11.324782,2.713158,-0.17207399,3
74.06978,0.14866371,43.79142986572323,-87.99329267575578,0,1,8211.688,-0.14296673,6,1,false,false,-11.695998,2.084656,10.758656,2.7103302,-0.16536297,3
74.110214,0.148856,43.79142851600482,-87.99330795917041,0,1,8214.741,-0.1323359,6,1,false,false,-11.44562,2.0121922,11.275392,2.7076702,-0.15325439,3
74.14882,0.14904839,43.791427165737076,-87.99332311830342,0,1,8219.205,-0.12981722,6,1,false,false,-11.021855,1.9096311,9.847242,2.705208,-0.14278169,3
74.18653,0.14924088,43.79142590556043,-87.99333840162325,0,1,8226.607,-0.13513371,6,1,false,false,-10.771979,1.9226786,9.327618,2.7028813,-0.13673742,3
74.22444,0.14943346,43.79142455584202,-87.99335356075628,0,1,8232.979,-0.14408657,6,1,false,false,-10.704373,1.8638486,11.020083,2.7006218,-0.13541853,3
74.261055,0.14962614,43.791423295665375,-87.9933688441709,0,1,8238.711,-0.15247996,6,1,false,false,-11.079603,1.7993245,11.067694,2.6983,-0.14474082,3
74.2981,0.14981893,43.79142212557982,-87.99338412749073,0,1,8246.022,-0.15359864,6,1,false,false,-11.222995,1.926683,9.991009,2.6957731,-0.15732487,3
74.33807,0.1500118,43.79142086540317,-87.99339941090534,0,1,8249.039,-0.14660409,6,1,false,false,-11.164339,2.0722022,10.74507,2.6931217,-0.1582442,3
74.379135,0.15020478,43.791419695317614,-87.99341469422518,0,1,8245.695,-0.13205457,6,1,false,false,-10.991675,2.0921261,10.506281,2.6905298,-0.15093566,3
74.41764,0.15039787,43.79141852523206,-87.99342997763979,0,1,8246.929,-0.11526771,6,1,false,false,-10.655293,1.893795,10.120932,2.688075,-0.14269912,3
74.45545,0.15059106,43.7914174452376,-87.99344526105442,0,1,8255.939,-0.10127971,6,1,false,false,-9.895594,2.090075,10.816401,2.6857932,-0.12958552,3
74.49237,0.15078433,43.791416365243144,-87.99346066865586,0,1,8263.621,-0.088969745,6,1,false,false,-9.302826,1.8931894,10.380767,2.6837523,-0.115181126,3
74.52995,0.15097772,43.79141528524868,-87.99347595197568,0,1,8265.582,-0.07637954,6,1,false,false,-8.943296,1.9073379,11.383078,2.6819286,-0.10388977,3
74.56733,0.1511712,43.79141420525422,-87.99349135967192,0,1,8269.109,-0.0643498,6,1,false,false,-8.343717,1.780819,9.958451,2.6802874,-0.09322448,3
74.60528,0.15136477,43.79141312525976,-87.99350664299175,0,1,8276.113,-0.05371788,6,1,false,false,-8.220779,1.8755212,14.704766,2.6788297,-0.08307843,3
74.644066,0.15155847,43.791412135356396,-87.99352205068797,0,1,8279.265,-0.046723343,6,1,false,false,-7.63511,2.0508938,16.052103,2.6775026,-0.077549726,3
74.68292,0.15175226,43.79141114490369,-87.99353745828941,0,1,8279.826,-0.044204652,6,1,false,false,-7.328917,2.0507534,12.801285,2.6762972,-0.06877191,3
74.727905,0.15194619,43.79141015500033,-87.99355286589085,0,1,8270.983,-0.039169453,6,1,false,false,-6.39672,2.546891,14.596361,2.6752906,-0.049758673,3
74.76725,0.15214023,43.79140916509696,-87.99356827349229,0,1,8258.79,-0.043087035,6,1,false,false,-5.420718,1.5113574,13.293397,2.6746256,-0.036414932,3
74.80264,0.15233439,43.79140826528469,-87.99358368118851,0,1,8276.315,-0.051479403,6,1,false,false,-5.6422324,1.8307862,14.515011,2.673965,-0.044583406,3
74.83651,0.15252863,43.79140727483199,-87.99359908878995,0,1,8298.285,-0.06462894,6,1,false,false,-5.1177573,1.7929785,11.969525,2.6731648,-0.052031983,3
74.87444,0.15272297,43.79140637501972,-87.99361449639139,0,1,8295.958,-0.078337796,6,1,false,false,-5.0692077,2.066535,10.781772,2.6722474,-0.058437306,3
74.9141,0.15291743,43.791405474658106,-87.99363002827442,0,1,8283.376,-0.090088435,6,1,false,false,-5.0262995,1.8786712,9.101496,2.6712172,-0.06506924,3
74.94937,0.15311198,43.791404574845835,-87.99364543587586,0,1,8291.671,-0.09820166,6,1,false,false,-5.0421863,1.5906752,9.126924,2.6700563,-0.07401192,3
74.980606,0.1533066,43.791403675033564,-87.99366084357209,0,1,8316.646,-0.100161016,6,1,false,false,-5.2399406,1.4464043,8.078875,2.6687226,-0.085483864,3
75.01269,0.15350132,43.79140277467196,-87.99367637545514,0,1,8330.728,-0.0937258,6,1,false,false,-5.224174,1.6049109,9.187913,2.6672208,-0.09308305,3
75.048775,0.15369612,43.79140187485969,-87.99369178305656,0,1,8328.682,-0.08309388,6,1,false,false,-5.646948,1.8719273,9.638909,2.6656427,-0.095640995,3
75.08644,0.15389103,43.791401064589174,-87.99370731493961,0,1,8327.414,-0.06854652,6,1,false,false,-5.731431,1.8575246,8.942225,2.664055,-0.093594946,3
75.12384,0.15408604,43.7914001647769,-87.99372284682265,0,1,8335.418,-0.05679483,6,1,false,false,-5.46363,1.7949122,8.568018,2.6625779,-0.08195873,3
75.160545,0.15428112,43.79139935450639,-87.99373825447148,0,1,8341.101,-0.05175963,6,1,false,false,-5.5147257,1.8372686,9.1054735,2.6613085,-0.07138213,3
75.199615,0.15447631,43.79139854478521,-87.99375378635453,0,1,8341.544,-0.047842033,6,1,false,false,-5.0811496,2.0498805,8.089707,2.6602058,-0.060684457,3
75.23637,0.15467162,43.791397734514696,-87.99376931823757,0,1,8345.297,-0.04588377,6,1,false,false,-4.9536567,2.0626397,8.413877,2.6592488,-0.054253444,3
75.27233,0.15486702,43.791396924793524,-87.99378485012062,0,1,8351.397,-0.043645293,6,1,false,false,-4.3488994,1.6035593,6.7552195,2.658389,-0.04924393,3
75.3104,0.15506253,43.7913962046141,-87.99380038200366,0,1,8359.386,-0.043087047,6,1,false,false,-4.0405765,2.0221107,7.497858,2.6575956,-0.044510406,3
75.34516,0.15525813,43.79139539434359,-87.99381591388669,0,1,8360.352,-0.04196726,6,1,false,false,-3.9607623,1.79224,8.817079,2.656877,-0.042052295,3
75.38235,0.15545382,43.79139467471351,-87.99383157000395,0,1,8364.078,-0.04000793,6,1,false,false,-3.4685667,1.7921365,5.9564185,2.6561737,-0.041722283,3
75.41744,0.1556496,43.791393864442995,-87.99384710188698,0,1,8373.221,-0.038609017,6,1,false,false,-3.2448254,1.7141274,7.863237,2.655479,-0.041309852,3
75.453,0.15584548,43.79139314426357,-87.99386263377004,0.006210482,1,8380.03,-0.037491407,6,1,false,false,-3.2470667,1.6043911,8.098233,2.6547778,-0.042578492,3
75.48742,0.15604143,43.79139242463349,-87.99387828988728,0.028567042,1,8384.753,-0.036650755,6,1,false,false,-3.4045167,1.76254,9.160397,2.6540575,-0.044046246,3
75.51728,0.15623747,43.79139170445407,-87.99389382177033,0.0710685,1,8384.332,-0.036930982,6,1,false,false,-3.6346996,1.2952718,10.618878,2.653309,-0.045609586,3
75.529976,0.15643357,43.791390984274656,-87.99390935365336,0.16534556,0.98913383,8372.384,-0.039728787,6,1,false,false,-3.7913332,0.14967376,12.180537,2.6525407,-0.047123052,3
75.5062,0.15662967,43.79139026464457,-87.99392500981801,0.22098362,0.8733642,8342.566,-0.044485956,6,1,false,false,-3.912208,-2.900965,9.763802,2.651747,-0.04947867,3
75.441765,0.15682563,43.791389544465154,-87.99394054170106,0.3264656,0.70711637,8273.166,-0.051199205,6,1,false,false,-4.470657,-5.067714,13.306515,2.6509054,-0.052298333,3
75.315994,0.15702139,43.79138882428573,-87.9939561978183,0.37015736,0.50520194,8171.332,-0.059313506,6,1,false,false,-4.6869445,-9.765011,13.377601,2.6499946,-0.057384267,3
75.120834,0.15721671,43.79138819419741,-87.99397172970136,0.3721471,0.33785975,8105.733,-0.06714762,6,1,false,false,-5.0897713,-13.751736,13.529101,2.6489832,-0.0649882,3
74.87711,0.15741147,43.79138747401799,-87.99398713735019,0.39792845,0.17380051,8102.53,-0.068265215,6,1,false,false,-5.2706575,-15.866175,11.8331,2.6478376,-0.072292134,3
74.59909,0.15760553,43.791386844479,-87.99400254495163,0.42442656,0.09204834,8119.796,-0.06406851,6,1,false,false,-5.0408363,-17.886229,12.268785,2.6465938,-0.075424716,3
74.29594,0.15779886,43.79138621439068,-87.99401795260046,0.48965484,-9.313226e-09,8090.881,-0.05371788,6,1,false,false,-4.966657,-19.06663,12.558409,2.6453362,-0.0742032,3
73.963585,0.15799135,43.791385584302354,-87.99403323596768,0.517705,0,8042.763,-0.04028922,6,1,false,false,-4.852378,-21.134747,13.09537,2.6441407,-0.06848518,3
73.60506,0.15818295,43.79138495421403,-87.99404851933491,0.5778651,0,7997.53,-0.023781452,6,1,false,false,-4.581959,-22.259111,15.421799,2.6430743,-0.060794085,3
73.21772,0.1583736,43.7913844142168,-87.99406367846792,0.5795032,0,7952.537,-0.011191271,6,1,false,false,-4.3536577,-24.17093,16.574194,2.6421518,-0.05377892,3
72.8191,0.15856323,43.79138378412848,-87.99407883755354,0.64663684,0,7907.9766,-0.0083934525,6,1,false,false,-4.387251,-24.062235,14.740744,2.6413991,-0.0421791,3
72.4004,0.1587518,43.79138324413125,-87.99409374819444,0.64959466,0,7863.401,-0.014548435,6,1,false,false,-4.2717347,-25.729805,16.228539,2.6408162,-0.0330689,3
71.9737,0.1589393,43.791382704134016,-87.99410865878794,0.6829455,0,7819.0317,-0.033852942,6,1,false,false,-4.2228265,-25.671694,14.633184,2.6402981,-0.03300498,3
71.53666,0.15912569,43.791382164136785,-87.99412356940515,0.72147816,0,7774.928,-0.065188274,6,1,false,false,-4.7509284,-26.67145,14.246246,2.6396656,-0.047298294,3
71.0908,0.15931092,43.791381624139554,-87.99413823150653,0.7590105,0,7731.1274,-0.08561258,6,1,false,false,-4.9929934,-27.23907,11.704333,2.6386602,-0.07376917,3
70.63474,0.15949498,43.79138117423342,-87.99415289358421,0.7596747,0,7661.783,-0.09708299,6,1,false,false,-5.073711,-28.011168,11.03968,2.6372633,-0.09317514,3
70.17534,0.15967786,43.79138063423619,-87.99416755568559,0.763055,0,7546.3857,-0.09456536,6,1,false,false,-5.108343,-28.075682,10.111918,2.6355789,-0.10617351,3
69.72176,0.15985957,43.79138018378072,-87.99418196927117,0.80087036,0,7470.8765,-0.083093874,6,1,false,false,-4.717045,-27.894524,7.6042957,2.6337204,-0.11460415,3
69.25328,0.16004008,43.79137973387458,-87.99419638285673,0.8036734,0,7413.9595,-0.06490913,6,1,false,false,-4.414449,-29.030333,7.0528755,2.631764,-0.116111025,3
68.76848,0.16021933,43.791379283968446,-87.99421054795017,0.8064842,0.5208334,7579.2197,-0.05231897,0,1,false,false,-4.385989,-29.389101,6.3082256,2.629869,-0.11104839,3
68.27657,0.16039734,43.79137883406231,-87.99422471301993,0.8474862,0.5416666,8166.044,-0.043925513,0,1,false,false,-4.752159,-29.949997,6.530183,2.6280205,-0.110281795,3
67.77516,0.16057403,43.791378384156175,-87.99423887808967,0.84969324,0,8323.11,-0.04392552,5,1,false,false,-4.749011,-30.784624,6.8446455,2.6261723,-0.11007319,3
67.26041,0.16074939,43.7913779337007,-87.99425279466732,0.8540917,0,8275.486,-0.05036072,5,1,false,false,-5.016307,-32.026722,9.144085,2.6243522,-0.10413744,3
66.720024,0.16092339,43.79137757388566,-87.99426658696333,0.8585379,0,8228.173,-0.05595634,5,1,false,false,-5.9426184,-33.08697,9.954338,2.6226094,-0.10715748,3
66.18306,0.16109599,43.79137721407062,-87.99428037928307,0.863003,0,8182.1636,-0.04952115,5,1,false,false,-6.543156,-31.51865,8.847982,2.6207669,-0.11744681,3
65.6376,0.16126718,43.79137685370624,-87.99429404734488,0.86671853,0,8136.8315,-0.03860901,5,1,false,false,-7.544423,-32.826077,10.668587,2.6187227,-0.12735507,3
65.10195,0.16143698,43.7913764938912,-87.9943075911488,0.86973596,0,8089.4673,-0.03301339,5,1,false,false,-6.660244,-31.600132,7.179418,2.6164994,-0.1310249,3
64.58542,0.16160537,43.79137622361792,-87.99432088643688,0.87196016,0,8044.138,-0.039728783,5,1,false,false,-6.6548495,-30.962475,8.336817,2.6144876,-0.10704864,3
64.07201,0.16177247,43.79137586380288,-87.99433430598289,0.8742185,0,7999.3022,-0.056794837,5,1,false,false,-7.0980926,-30.555674,9.035894,2.6128733,-0.09337604,3
63.57142,0.16193825,43.79137559407893,-87.99434747701306,0.87573713,0,7953.315,-0.07693889,5,1,false,false,-6.7961435,-30.95963,7.788023,2.6110034,-0.13610414,3
63.035774,0.16210268,43.791375323805646,-87.9943605237972,0.87648195,0,7908.3066,-0.100161016,5,1,false,false,-7.678628,-31.585394,7.780643,2.6085362,-0.16105387,3
62.508842,0.16226573,43.791375143623455,-87.99437357058132,0.87648195,0,7697.922,-0.119185284,5,1,false,false,-8.735335,-31.198288,8.865877,2.6056461,-0.18337698,3
61.99468,0.16242744,43.79137487389951,-87.99438636885556,0.87499243,0,7529.2446,-0.12897767,5,1,false,false,-9.966951,-31.051434,10.071938,2.6025438,-0.18751104,3
61.48808,0.16258784,43.79137469371732,-87.99439916712386,0.8734751,0,7491.5957,-0.12645897,5,1,false,false,-9.638863,-30.385916,8.86286,2.5993545,-0.1980922,3
60.974464,0.16274692,43.79137451408447,-87.99441184114019,0.8278612,0,7449.395,-0.12002485,5,1,false,false,-9.704179,-31.052042,9.820762,2.595944,-0.21078938,3
60.45297,0.16290466,43.791374423993375,-87.99442439090453,0.78418887,0,7407.4194,-0.11666659,5,1,false,false,-10.694428,-31.737457,11.162462,2.5922842,-0.22814289,3
59.945213,0.16306107,43.791374243811184,-87.994436816408,0.74632406,0,7365.6357,-0.117786385,5,1,false,false,-11.380135,-30.04775,10.781008,2.588337,-0.2469442,3
59.461926,0.1632162,43.79137415372009,-87.99444924191444,0.70803124,0,7323.936,-0.12534136,5,1,false,false,-12.009651,-28.23989,9.094935,2.5840466,-0.2640388,3
59.01253,0.16337013,43.79137415372009,-87.99446141891097,0.70484436,0,7283.059,-0.13513374,5,1,false,false,-12.71869,-26.205818,8.748308,2.5796266,-0.263326,3
58.586105,0.16352293,43.791374063629,-87.99447359590678,0.6700621,0,7259.492,-0.137092,5,1,false,false,-13.097885,-25.750523,9.041002,2.5752811,-0.25635418,3
58.17729,0.16367464,43.791374063629,-87.9944857729025,0.637199,0.5208334,7419.748,-0.12534139,0,1,false,false,-12.4462185,-23.716314,6.5433855,2.5710618,-0.2498049,3
57.797745,0.16382533,43.79137415372009,-87.99449770138774,0.6010663,0.6458333,8007.482,-0.10743466,0,1,false,false,-11.695715,-22.496181,5.67554,2.566934,-0.24480735,3
57.423363,0.16397506,43.79137415372009,-87.9945096298744,0.5686639,0.020833299,8245.992,-0.0898093,4,1,false,false,-11.493684,-23.101683,7.5065064,2.5628688,-0.24459594,3
57.032143,0.16412379,43.791374243811184,-87.9945214341061,0.5676009,0,8206.293,-0.085332334,4,1,false,false,-12.531865,-24.031805,9.918468,2.5586836,-0.26389018,3
56.633568,0.16427155,43.791374423993375,-87.99453323833485,0.56330097,0,8249.155,-0.09708297,4,1,false,false,-14.025729,-23.95739,10.625726,2.55395,-0.30602834,3
56.243984,0.16441831,43.79137451408447,-87.99454491831457,0.5355166,0,8260.3955,-0.121704,4,1,false,false,-15.741663,-23.206326,9.951666,2.5484521,-0.35140157,3
55.870964,0.16456409,43.791374783808415,-87.99455647403342,0.53344387,0,8211.768,-0.14576456,4,1,false,false,-17.961826,-21.485403,10.818029,2.5424078,-0.36294264,3
55.53282,0.16470902,43.791374963990606,-87.99456802975227,0.50181943,0,8164.893,-0.15667668,4,1,false,false,-18.07617,-19.344437,9.169573,2.5366137,-0.3237078,3
55.222816,0.16485325,43.791375233714554,-87.99457946121913,0.47437316,0,8133.9927,-0.15415801,4,1,false,false,-18.355207,-18.708124,10.361108,2.531743,-0.26248088,3
54.888336,0.16499664,43.79137559407893,-87.994590892686,0.4734411,0,8143.477,-0.14968212,4,1,false,false,-19.616753,-20.477362,13.23793,2.5275095,-0.25695038,3
54.558132,0.16513917,43.79137595389397,-87.99460219989496,0.44710767,0,8133.2188,-0.15863499,4,1,false,false,-17.709303,-19.479761,10.433089,2.5229998,-0.2901832,3
54.248627,0.16528064,43.79137631370901,-87.99461338284601,0.4453024,0,8086.0317,-0.20088243,4,1,false,false,-17.52611,-18.339947,10.933675,2.5177398,-0.34072387,3
53.94617,0.16542132,43.79137676416448,-87.99462456580892,0.4213773,0,8039.4595,-0.25795752,4,1,false,false,-19.159044,-17.043234,10.224839,2.5118265,-0.3520332,3
53.685993,0.16556129,43.79137730416171,-87.99463574875996,0.39542067,0,7995.05,-0.31251702,4,1,false,false,-19.117916,-15.106437,9.384518,2.5061579,-0.33290076,3
53.426632,0.16570055,43.791377844158944,-87.99464680746496,0.35210133,0,7950.1094,-0.352247,4,1,false,false,-20.55406,-15.946758,10.501156,2.5005014,-0.3516473,3
53.16225,0.16583912,43.791378384156175,-87.99465774191204,0.32720828,0,7904.198,-0.37490964,4,1,false,false,-21.387882,-14.938996,11.025221,2.494421,-0.37740862,3
52.929737,0.16597708,43.7913790142445,-87.99466867634727,0.30450004,0,7860.196,-0.38694048,4,1,false,false,-20.909687,-13.845615,10.395744,2.4877326,-0.42508036,3
52.69995,0.16611445,43.79137973387458,-87.99467961079436,0.28174764,0,7815.7207,-0.39505476,4,1,false,false,-22.646513,-13.481715,11.570545,2.4803596,-0.4530877,3
52.473507,0.1662513,43.791380454054,-87.99469042099538,0.26293212,0,7813.9443,-0.4009296,4,1,false,false,-23.106075,-13.301043,12.329688,2.4726498,-0.47236335,3
52.254948,0.16638759,43.79138117423342,-87.99470123117271,0.24393377,0,7837.4473,-0.4079252,4,1,false,false,-24.311987,-13.02406,12.921676,2.4646275,-0.48899317,3
52.04787,0.16652332,43.79138207404569,-87.99471191711582,0.22601247,0,7833.8896,-0.41240114,4,1,false,false,-23.986914,-11.487254,10.787057,2.4563189,-0.50504094,3
51.8691,0.16665877,43.791382973857964,-87.99472260305895,0.20794953,0,7796.581,-0.41379997,4,1,false,false,-23.821083,-10.069981,10.676844,2.4478562,-0.504737,3
51.707733,0.16679378,43.79138387421957,-87.99473328897837,0.19258042,0,7752.7114,-0.41212204,4,1,false,false,-23.173227,-9.182659,9.469644,2.439602,-0.48462477,3
51.553783,0.16692838,43.79138495421403,-87.99474385066357,0.19148739,0,7719.11,-0.40988356,4,1,false,false,-22.67648,-8.879809,9.240244,2.4317498,-0.4561715,3
51.400692,0.16706277,43.791385944117394,-87.99475441234878,0.1762115,0,7707.5757,-0.40932417,4,1,false,false,-21.892048,-9.224108,9.244304,2.4243484,-0.43634486,3
51.233517,0.16719684,43.79138711420295,-87.99476484977608,0.17516427,0,7696.5894,-0.41380006,4,1,false,false,-23.462662,-10.353024,11.530838,2.4169705,-0.457938,3
51.059135,0.16733049,43.7913882842885,-87.99477541146129,0.16027997,0,7673.7017,-0.42471322,4,1,false,false,-24.051558,-9.886568,11.38261,2.4089112,-0.5087759,3
50.904045,0.16746375,43.791389454374055,-87.99478572463067,0.1587721,0,7644.8506,-0.44290006,4,1,false,false,-24.399868,-8.5446415,11.063431,2.4000561,-0.5496525,3
50.75542,0.16759688,43.79139071455071,-87.99479616205798,0.157527,0,7618.7754,-0.4599672,4,1,false,false,-26.688787,-8.508741,12.4714575,2.3906019,-0.57869196,3
50.60763,0.16772965,43.79139206426912,-87.99480647522738,0.15578517,0,7600.667,-0.47115743,4,1,false,false,-27.68551,-8.095548,12.298579,2.3809254,-0.57233596,3
50.474426,0.16786204,43.791393504627955,-87.99481678839676,0.15405196,0,7592.2705,-0.478153,4,1,false,false,-26.181147,-7.1158977,10.892724,2.3716536,-0.53621477,3
50.34498,0.16799428,43.79139494443746,-87.99482697730825,0.15331036,0,7580.1475,-0.48794547,4,1,false,false,-27.781172,-7.665538,12.697575,2.3630233,-0.50151193,3
50.196648,0.16812627,43.79139647433805,-87.99483716621972,0.15331036,0,7558.202,-0.5072521,4,1,false,false,-28.698536,-8.625742,13.568851,2.3547788,-0.49375346,3
50.04941,0.16825788,43.79139809487908,-87.99484735513121,0.15503994,0,7535.501,-0.5461434,4,1,false,false,-27.64273,-8.175243,12.213409,2.3464222,-0.5127717,3
49.91154,0.16838913,43.791399714870764,-87.9948574197848,0.16867757,0,7511.832,-0.59846693,4,1,false,false,-28.19761,-7.802262,12.695047,2.3376024,-0.5463803,3
49.77006,0.16852024,43.79140142495355,-87.99486748446206,0.17022729,0,7485.4116,-0.6591845,4,1,false,false,-29.606218,-8.224669,12.785591,2.328223,-0.5747415,3
49.631107,0.16865097,43.7914032245781,-87.99487742485773,0.18471697,0,7463.573,-0.7157048,4,1,false,false,-28.546783,-7.4567146,11.237963,2.318499,-0.58873624,3
49.49254,0.16878134,43.791405114843066,-87.9948873652534,0.20032904,0,7447.0386,-0.7593553,4,1,false,false,-28.607426,-8.352413,11.718469,2.3085508,-0.6055336,3
49.330475,0.1689115,43.79140700510804,-87.99489730564906,0.20089306,0,7424.7656,-0.792373,4,1,false,false,-29.889183,-9.856445,13.39409,2.298226,-0.6344073,3
49.13592,0.1690414,43.791408984914774,-87.99490712181053,0.20342451,0,7394.5635,-0.8144777,4,1,false,false,-33.252792,-11.438214,16.657393,2.2871277,-0.7023521,3
48.945522,0.16917077,43.791411055361934,-87.99491681369038,0.20483032,0,7363.494,-0.8321061,4,1,false,false,-33.356003,-9.860995,14.050964,2.274732,-0.7746909,3
48.790745,0.1692997,43.79141312525976,-87.99492650561763,0.20681359,0,7334.117,-0.8455358,4,1,false,false,-32.35257,-8.186187,12.569718,2.2615862,-0.7906716,3
48.640114,0.16942792,43.79141528524868,-87.99493607326326,0.20880646,0,7305.62,-0.85225254,4,1,false,false,-32.47385,-8.327965,13.241869,2.2484136,-0.77950644,3
48.48472,0.16955556,43.79141762541979,-87.99494564090891,0.21080928,0,7279.736,-0.8544908,4,1,false,false,-34.134094,-8.290708,14.503359,2.2357242,-0.73904955,3
48.332664,0.16968283,43.7914199655909,-87.99495520850715,0.21167223,0,7255.825,-0.8528129,4,1,false,false,-32.092957,-8.13733,11.846857,2.2236154,-0.71923524,3
48.18236,0.16980964,43.791422305762005,-87.99496465191858,0.21340367,0,7225.4014,-0.84833497,4,1,false,false,-30.366158,-8.193807,11.07422,2.211541,-0.72923416,3
48.0043,0.16993563,43.79142482556597,-87.99497397104841,0.21427214,0,7187.207,-0.84441847,4,1,false,false,-30.201382,-11.190145,13.368552,2.1991863,-0.7597069,3
47.79317,0.17006104,43.79142734591927,-87.99498329017824,0.2148445,0,7153.901,-0.8463767,4,1,false,false,-30.886497,-11.568626,13.171291,2.1862705,-0.78389627,3
47.620647,0.17018591,43.79142986572323,-87.99499248502646,0.21514235,0,7130.9785,-0.8600877,4,1,false,false,-28.054968,-7.6234255,9.542767,2.1732352,-0.7676555,3
47.479813,0.17031032,43.79143256570938,-87.99500155564046,0.21514237,0,7098.5513,-0.87407875,4,1,false,false,-27.072042,-7.442849,8.583032,2.1608093,-0.72110236,3
47.335773,0.17043413,43.79143526624487,-87.99501062630188,0.21398625,0,7059.312,-0.8793943,4,1,false,false,-26.834415,-7.7757883,9.159323,2.1492698,-0.6656823,3
47.156723,0.17055748,43.791437966231015,-87.99501969691588,0.19726828,0,7019.1597,-0.88359106,4,1,false,false,-27.020761,-11.0815525,11.60923,2.1383352,-0.6707217,3
46.930954,0.17068024,43.79144075630826,-87.99502864324828,0.17990518,0,6978.21,-0.88834924,4,1,false,false,-28.396154,-13.002689,13.553759,2.1262882,-0.7902561,3
46.69877,0.17080238,43.7914436364766,-87.99503746539388,0.17911968,0,6938.4897,-0.8933846,4,1,false,false,-31.503843,-11.853651,13.610403,2.1117947,-0.9351646,3
46.507244,0.17092383,43.79144651664494,-87.99504628749206,0.16407754,0,6900.785,-0.89898133,4,1,false,false,-33.298885,-8.083989,12.555519,2.0955937,-0.9753605,3
46.350185,0.1710448,43.79144948635504,-87.99505498535605,0.14865285,0,6886.556,-0.89898115,4,1,false,false,-35.13923,-7.357602,14.199084,2.079727,-0.9166002,3
46.191437,0.17116533,43.791452546705564,-87.99506355893843,0.14768274,0,6891.26,-0.8889075,4,1,false,false,-36.130154,-7.249846,14.535654,2.065118,-0.83126146,3
46.02699,0.17128551,43.79145569659785,-87.9950721325208,0.13436444,0,6893.5146,-0.8740788,4,1,false,false,-36.87162,-8.616188,14.890948,2.0519052,-0.7636045,3
45.832676,0.17140517,43.79145884703947,-87.99508058186896,0.12065613,0,6875.613,-0.85896766,4,1,false,false,-36.70614,-9.615438,15.93475,2.0391912,-0.77060115,3
45.63688,0.17152429,43.79146208702286,-87.99508890698293,0.11976436,0,6843.296,-0.854491,4,1,false,false,-36.59479,-9.079327,15.10701,2.025929,-0.81974894,3
45.45773,0.1716429,43.79146541709733,-87.99509710781527,0.118207544,0,6809.389,-0.8598063,4,1,false,false,-36.324955,-7.927248,14.709817,2.0119693,-0.84367704,3
45.299957,0.17176124,43.791468747171805,-87.99510530864762,0.106658086,0,6784.048,-0.86736226,4,1,false,false,-35.57955,-6.673889,14.254031,1.9980621,-0.8147757,3
45.157234,0.17187917,43.79147225742847,-87.99511338519837,0.10644683,0,6768.071,-0.8721185,4,1,false,false,-35.140972,-6.21795,13.533972,1.984848,-0.76894414,3
45.021824,0.17199671,43.791475767685135,-87.9951213375623,0.1066581,0,6753.5854,-0.8696008,4,1,false,false,-33.57388,-5.5571475,12.353978,1.9723706,-0.7254682,3
44.893276,0.1721139,43.79147927739246,-87.99512928987883,0.1066581,0,6733.511,-0.8609262,4,1,false,false,-32.446068,-5.4627776,11.884581,1.9606129,-0.6846969,3
44.76315,0.172231,43.791482967831314,-87.99513699367955,0.10644683,0,6708.0547,-0.85197216,4,1,false,false,-32.35671,-6.2663126,12.553155,1.9494896,-0.6519261,3
44.610645,0.17234772,43.79148656762973,-87.99514482176188,0.105805516,0,6683.5654,-0.84945345,4,1,false,false,-33.463036,-7.3480115,14.693163,1.9387435,-0.63936454,3
44.451466,0.172464,43.791490348159684,-87.99515240132838,0.1049553,0,6666.6294,-0.8556097,4,1,false,false,-33.281647,-7.3212314,13.9198885,1.9280581,-0.6443338,3
44.305172,0.17257985,43.79149412814029,-87.99515998084749,0.103897974,0,6651.8203,-0.8673623,4,1,false,false,-30.99205,-6.332791,11.411779,1.91724,-0.65061885,3
44.18463,0.17269565,43.791497998211995,-87.9951674361798,0.10304478,0,6630.1567,-0.87715566,4,1,false,false,-28.072336,-5.0784945,9.550691,1.9065504,-0.62142974,3
44.07522,0.17281117,43.7915018682837,-87.9951748914647,0.10220228,0,6601.465,-0.8805129,4,1,false,false,-25.601994,-4.8305583,8.59502,1.8967505,-0.5476778,3
43.96942,0.17292634,43.7915058284465,-87.99518222251538,0.10156989,0,6577.028,-0.8877889,4,1,false,false,-24.491997,-4.845854,8.242542,1.8883626,-0.46213457,3
43.86263,0.17304118,43.791509788609304,-87.99518942933187,0.100102276,0,6561.4453,-0.9023382,4,1,false,false,-23.893665,-5.0939817,8.595177,1.8811859,-0.41038316,3
43.743782,0.17315589,43.7915137487721,-87.99519663610096,0.098230526,0,6549.024,-0.9303209,4,1,false,false,-24.26534,-6.93793,9.195467,1.8744054,-0.4262249,3
43.59026,0.1732702,43.791517799025996,-87.99520371863584,0.08680941,0,6530.9243,-0.96585727,4,1,false,false,-24.714762,-8.530001,10.3926115,1.8664893,-0.53485686,3
43.426,0.173384,43.79152184927989,-87.9952108011707,0.08641454,0,6506.7935,-1.0092299,4,1,false,false,-26.98862,-8.017789,11.036695,1.8565209,-0.6496821,3
43.2851,0.17349732,43.79152598907554,-87.99521775947137,0.085815385,0,6487.9795,-1.0453267,4,1,false,false,-28.103022,-6.0662565,11.494536,1.8452692,-0.67987657,3
43.170456,0.17361008,43.79153012942053,-87.99522459349043,0.084620915,0,6478.4907,-1.0688322,4,1,false,false,-28.716242,-5.045361,11.77321,1.8342577,-0.6308697,3
43.06128,0.17372234,43.79153435930728,-87.9952314275095,0.08343145,0,6470.876,-1.0755478,4,1,false,false,-28.168102,-4.927337,11.026562,1.8242337,-0.57351685,3
42.95491,0.17383426,43.791538589743354,-87.99523813729434,0.07258834,0,6456.3286,-1.0763874,4,1,false,false,-26.924395,-4.8043857,10.0181,1.8150759,-0.5288898,3
42.854652,0.17394586,43.791542909721194,-87.99524472279758,0.06179506,0,6435.8237,-1.079465,4,1,false,false,-25.159227,-4.5683436,9.270409,1.8065257,-0.5009718,3
42.754284,0.17405708,43.79154714015728,-87.99525130834822,0.061068013,0,6419.227,-1.090938,4,1,false,false,-25.078138,-5.312957,9.940673,1.7982699,-0.50152695,3
42.63129,0.17416778,43.79155155022622,-87.99525776961725,0.05125928,0,6409.575,-1.117521,4,1,false,false,-26.15667,-6.5162845,11.538768,1.7894881,-0.5590178,3
42.507553,0.17427808,43.79155596029515,-87.99526423088629,0.05073417,0,6401.381,-1.147462,4,1,false,false,-26.645075,-5.589219,11.327535,1.7796282,-0.61699796,3
42.40976,0.17438805,43.79156037036409,-87.99527056787372,0.050031215,0,6390.5825,-1.1734875,4,1,false,false,-25.809114,-4.273714,9.811505,1.7691855,-0.6288573,3
42.31792,0.17449771,43.79156478043302,-87.99527678062694,0.049515564,0,6375.631,-1.187478,4,1,false,false,-25.941154,-4.193892,10.6087885,1.7587305,-0.6193002,3
42.222305,0.17460692,43.79156928059305,-87.99528299338014,0.039471135,0,6359.955,-1.1992315,4,1,false,false,-27.116735,-4.7157464,11.419519,1.7486104,-0.5955603,3
42.120113,0.17471582,43.79157378075308,-87.99528908185175,0.038806528,0,6348.12,-1.2095841,4,1,false,false,-27.07002,-4.833347,11.683699,1.7388189,-0.5842873,3
42.016716,0.1748244,43.791578371004206,-87.99529504613656,0.02888161,0,6341.168,-1.2188197,4,1,false,false,-26.424822,-4.89584,10.701528,1.7289698,-0.6032005,3
41.91388,0.1749327,43.79158296125533,-87.99530101032656,0.028246645,0,6331.243,-1.2286128,4,1,false,false,-26.306314,-4.7847366,10.284351,1.7186447,-0.63176125,3
41.81852,0.17504056,43.791587641597545,-87.99530685032975,0.019680448,0,6317.7354,-1.2389671,4,1,false,false,-25.835823,-4.106527,10.525683,1.7080697,-0.62954044,3
41.73662,0.17514816,43.791592321390425,-87.99531269033294,0.018764269,0,6304.855,-1.2476414,4,1,false,false,-24.987701,-3.4399855,10.182504,1.6977466,-0.6081341,3
41.659157,0.17525548,43.79159700173265,-87.99531840605452,0.017552631,0.017432513,6296.043,-1.2521198,4,1,false,false,-25.203762,-3.4352455,10.339269,1.6877671,-0.59105515,3
41.579983,0.17536259,43.79160168207486,-87.9953239975893,0.009241701,0.0552876,6301.0645,-1.2560371,4,1,false,false,-25.227018,-3.6153884,10.057036,1.6779822,-0.58618206,3
41.50264,0.17546946,43.79160645195884,-87.99532946474767,0.008954376,0.10083388,6326.8784,-1.2647119,4,1,false,false,-24.408955,-3.1899872,9.447061,1.6681861,-0.588201,3
41.43486,0.17557605,43.79161131248325,-87.99533493200083,0.008375164,0.14747459,6392.657,-1.2745067,4,1,false,false,-23.300743,-2.6845853,8.884006,1.6584375,-0.5791284,3
41.37278,0.17568244,43.79161608236723,-87.995340399254,0.007940414,0.19081685,6500.295,-1.2851394,4,1,false,false,-22.52515,-2.55191,8.613259,1.6489679,-0.554991,3
41.316143,0.17578863,43.7916209423423,-87.99534574222557,0.007215948,0.21934685,6579.597,-1.291576,4,1,false,false,-21.547886,-1.8482988,8.016199,1.6400456,-0.5181086,3
41.29106,0.17589472,43.791625802866704,-87.99535096091552,0.006210482,0.2643383,6445.378,-1.2968931,4,1,false,false,-20.922869,0.47688386,8.102113,1.6316769,-0.49277148,3
41.29492,0.17600077,43.79163075293287,-87.99535617960547,0.005209974,0.30986917,6315.4946,-1.3033285,4,1,false,false,-21.104551,1.3406767,8.489839,1.6235125,-0.49390796,3
41.294167,0.17610677,43.79163570299903,-87.99536139829542,0.004354677,0.35815918,6341.932,-1.3036075,4,1,false,false,-21.792732,0.5085663,8.995456,1.6151763,-0.5098042,3
41.272217,0.17621273,43.7916406530652,-87.99536649279855,0.0036484369,0.39162147,6456.3315,-1.2988513,4,1,false,false,-22.803623,-0.6600892,10.099317,1.6064079,-0.54952085,3
41.245125,0.17631859,43.791645693222456,-87.99537146302009,0.0026604645,0.46404856,6545.0996,-1.2848591,4,1,false,false,-24.851784,-0.19906695,11.773471,1.5967238,-0.61294854,3
41.239132,0.17642449,43.79165073337972,-87.99537643314682,0.0015388518,0.50191903,6558.6343,-1.2619132,4,1,false,false,-25.43413,1.8471279,11.635766,1.5859625,-0.66860163,3
41.27395,0.1765304,43.791655774086315,-87.99538127908674,0.00041801715,0.5589793,6532.2847,-1.2274942,4,1,false,false,-24.91609,3.909611,11.415625,1.5747204,-0.6705891,3
41.32764,0.17663644,43.79166090378533,-87.99538612512147,0,0.61274064,6530.0527,-1.182162,4,1,false,false,-25.470552,4.8288465,11.788843,1.563641,-0.65023637,3
41.390663,0.17674261,43.79166612412478,-87.99539084677978,0,0.6593815,6554.2646,-1.1348696,4,1,false,false,-25.05583,5.2296534,11.322567,1.5531065,-0.6079377,3
41.463688,0.17684904,43.791671254373135,-87.9953955684381,0,0.696697,6576.007,-1.0990534,4,1,false,false,-24.243292,5.8809667,10.999716,1.5434705,-0.54547226,3
41.53931,0.17695579,43.79167656480367,-87.99540016590961,0,0.717536,6579.553,-1.0702313,4,1,false,false,-22.010668,5.327167,9.256991,1.5348366,-0.5008184,3
41.618042,0.1770627,43.79168187468488,-87.99540463909952,0,0.7411335,6596.101,-1.0416896,4,1,false,false,-21.74253,6.052009,9.771968,1.5266685,-0.48006108,3
41.703938,0.1771698,43.79168718511543,-87.99540923647622,0,0.7608936,6639.5664,-1.0137072,4,1,false,false,-21.068523,6.1960874,9.629985,1.5188493,-0.46164998,3
41.784737,0.17727715,43.79169249499663,-87.99541358547931,0,0.76638055,6680.4673,-0.99831665,4,1,false,false,-19.69415,5.336539,8.320604,1.5112035,-0.4664871,3
41.858047,0.17738499,43.791697985060026,-87.99541805866922,0,0.7707579,6715.442,-0.9837662,4,1,false,false,-19.420383,5.273275,8.657097,1.5031621,-0.5028658,3
41.936634,0.17749304,43.79170338558166,-87.99542240757751,0,0.7718677,6757.6143,-0.9655782,4,1,false,false,-19.832203,5.9480286,9.491028,1.494413,-0.5453992,3
42.030926,0.17760126,43.79170887564506,-87.99542663220419,0,0.7729621,6794.2456,-0.94319236,4,1,false,false,-20.634912,7.037727,10.253565,1.4850936,-0.5667502,3
42.132195,0.17770976,43.79171436570846,-87.99543085692567,0,0.7751508,6800.9272,-0.9140921,4,1,false,false,-21.786692,6.89699,10.568759,1.475595,-0.574716,3
42.234997,0.17781836,43.791719945862944,-87.99543508155236,0,0.7844759,6791.139,-0.8793944,4,1,false,false,-21.505896,7.451001,10.619152,1.4659268,-0.5816436,3
42.34486,0.17792714,43.79172552656677,-87.99543918199223,0,0.7910572,6796.0054,-0.8438579,4,1,false,false,-21.749678,7.9631667,10.684606,1.4562234,-0.5779148,3
42.45665,0.17803615,43.791731196263015,-87.9954432824321,0,0.8042358,6816.398,-0.80608416,4,1,false,false,-22.179348,7.683416,10.624649,1.4467304,-0.56144345,3
42.56043,0.17814542,43.7917368665086,-87.99544725859037,0,0.8163042,6837.777,-0.77446413,4,1,false,false,-22.99965,7.30296,11.622289,1.4374325,-0.55703294,3
42.66361,0.1782549,43.791742536754185,-87.99545123474864,0,0.82783353,6853.6914,-0.75040054,4,1,false,false,-24.028969,7.2074265,12.157044,1.4281253,-0.5615238,3
42.763657,0.17836455,43.79174829709086,-87.9954550866253,0,0.83604884,6866.593,-0.7285762,4,1,false,false,-23.057146,7.3545275,10.577684,1.4186134,-0.5774388,3
42.866158,0.17847437,43.79175414751864,-87.99545893850195,0,0.8448342,6894.407,-0.70507175,4,1,false,false,-20.783298,7.3494887,9.304602,1.4089094,-0.5819093,3
42.976425,0.17858446,43.79175990730598,-87.99546266619181,0,0.85306513,6944.2803,-0.6824077,4,1,false,false,-19.82502,8.018781,8.922462,1.39936,-0.55674106,3
43.094326,0.17869481,43.79176584782485,-87.99546639388166,0,0.86294484,6986.763,-0.6684188,4,1,false,false,-19.057978,8.219168,8.286814,1.3904622,-0.50983375,3
43.214615,0.17880534,43.79177169770328,-87.9954699972899,0,0.87666285,7000.575,-0.66589993,4,1,false,false,-18.597734,8.191399,8.073151,1.3823739,-0.46576637,3
43.331512,0.1789161,43.79177763822215,-87.99547360060335,0,0.8920143,7008.852,-0.67233413,4,1,false,false,-18.448048,7.9657345,8.33614,1.3748308,-0.44685477,3
43.442253,0.1790271,43.791783668282775,-87.99547720401158,0,0.9112194,7046.949,-0.68352646,4,1,false,false,-18.127209,7.470347,7.946658,1.3673792,-0.45333073,3
43.54049,0.17913836,43.7917896983434,-87.99548068313821,0,0.92768097,7115.7236,-0.69248044,4,1,false,false,-18.84545,6.3354506,8.250445,1.3596236,-0.4869496,3
43.62617,0.17924972,43.79179572895336,-87.99548416235965,0,0.95457697,7189.2856,-0.6933201,4,1,false,false,-19.618465,6.3794594,9.561195,1.3509972,-0.54988414,3
43.723072,0.17936124,43.791801759013985,-87.99548751720468,0,0.9874846,7240.22,-0.68296814,4,1,false,false,-20.803135,7.472623,10.817074,1.3413225,-0.60680336,3
43.842255,0.17947298,43.79180787916571,-87.9954908720497,0,1,7248.6357,-0.64519346,4,1,false,false,-22.907022,9.023411,12.383241,1.3308754,-0.63885486,3
43.974503,0.17958504,43.79181399931743,-87.99549410270792,0,1,7217.687,-0.59594804,4,1,false,false,-23.473507,9.749783,12.420669,1.3201207,-0.6430729,3
44.108852,0.1796974,43.79182020956024,-87.99549733336613,0,1,7180.7856,-0.54250705,4,1,false,false,-26.422394,9.585634,15.058444,1.309423,-0.6420427,3
44.239357,0.17981002,43.79182641980306,-87.99550043974274,0,1,7165.274,-0.4927036,4,1,false,false,-26.132732,9.543875,12.856635,1.2986946,-0.63833016,3
44.368317,0.17992291,43.791832720136966,-87.99550342183774,0,1,7173.7114,-0.4437387,4,1,false,false,-25.297127,9.201544,11.802567,1.2882694,-0.6101147,3
44.486813,0.18003613,43.791839020470874,-87.99550640393274,0,1,7194.604,-0.4068055,4,1,false,false,-23.79356,8.388623,10.578995,1.2783216,-0.5850997,3
44.604534,0.18014961,43.79184541034654,-87.99550926184094,0,1,7226.076,-0.38106468,4,1,false,false,-22.817013,9.097135,10.921941,1.2687494,-0.5558908,3
44.722317,0.1802634,43.791851800771546,-87.99551211974912,0,1,7251.3716,-0.3623196,4,1,false,false,-23.597357,7.8332343,10.793678,1.2598236,-0.52521,3
44.81901,0.18037741,43.791858191196546,-87.99551485328091,0,1,7265.728,-0.35336453,4,1,false,false,-25.082905,7.4205265,13.133971,1.2508862,-0.5530721,3
44.92222,0.18049166,43.79186467116331,-87.99551746272068,0,1,7291.3276,-0.35000855,4,1,false,false,-24.661604,8.298696,12.069769,1.2413402,-0.5846199,3
45.04093,0.18060622,43.7918711516794,-87.99552007206566,0,1,7321.652,-0.34217322,4,1,false,false,-20.535593,8.522842,8.458579,1.2317189,-0.55797976,3
45.163662,0.18072107,43.791877631646166,-87.99552255712902,0,1,7344.1357,-0.32734463,4,1,false,false,-19.036333,9.03025,8.221321,1.2229356,-0.4897665,3
45.30363,0.18083625,43.79188420170402,-87.9955250421924,0,1,7351.341,-0.31475437,4,1,false,false,-18.86937,9.774619,8.101333,1.215695,-0.37732258,3
45.42968,0.18095176,43.79189077231121,-87.99552752735056,0,1,7339.377,-0.30160502,4,1,false,false,-18.709234,8.390159,7.4368834,1.2100664,-0.31055158,3
45.5173,0.1810676,43.79189734236907,-87.99552976394551,0,1,7359.936,-0.28705648,4,1,false,false,-17.838875,3.9763956,6.1626897,1.2050887,-0.3149362,3
45.55037,0.18118365,43.79190400251802,-87.99553212482206,0,1,7481.6323,-0.26803,4,1,false,false,-19.130138,3.5483513,7.6566715,1.1989052,-0.43677738,3
45.59743,0.18129973,43.79191066266697,-87.99553436132221,0,1,7677.006,-0.24900462,4,1,false,false,-17.128447,4.3080544,9.169576,1.190712,-0.5361225,3
45.67839,0.18141596,43.791917323365254,-87.99553647373035,0,1,7813.294,-0.20116158,4,1,false,false,-21.758392,7.4731913,11.1028,1.1811821,-0.5944858,3
45.797417,0.18153255,43.7919239835142,-87.99553858604371,0,1,7795.6426,-0.12198311,4,1,false,false,-22.095963,9.742557,12.218427,1.1712141,-0.5902114,3
45.95277,0.18164963,43.79193073375425,-87.99554069835705,0,1,7673.8384,-0.031615555,4,1,false,false,-23.174103,11.809613,13.949692,1.161645,-0.5514903,3
46.130085,0.18176712,43.79193748399429,-87.99554256220196,0,1,7554.9814,0.06686524,4,1,false,false,-22.947,12.250047,12.428692,1.1531417,-0.46546152,3
46.290295,0.18188502,43.791944234234336,-87.99554442604689,0,1,7497.2334,0.12141945,4,1,false,false,-21.389887,10.185737,10.180458,1.1461565,-0.37604654,3
46.425163,0.18200344,43.791951074565475,-87.99554628989182,0,1,7508.885,0.13261016,4,1,false,false,-19.947697,9.06263,9.359098,1.1404941,-0.30952495,3
46.535973,0.18212236,43.79195791434728,-87.99554802945514,0,1,7556.2944,0.099597864,4,1,false,false,-20.300043,7.098456,10.632892,1.1355792,-0.29320145,3
46.62577,0.18224151,43.79196484476951,-87.99554976901845,0,1,7601.544,0.020702338,4,1,false,false,-19.685698,6.4010983,9.666945,1.1304628,-0.32893038,3
46.721035,0.18236087,43.79197177519175,-87.99555138430016,0,1,7648.9585,-0.05987178,4,1,false,false,-19.932533,7.182068,10.06105,1.1245441,-0.38141504,3
46.832844,0.18248051,43.79197861552288,-87.99555287539506,0,1,7692.796,-0.1270194,4,1,false,false,-19.473083,8.5906,9.316466,1.1178708,-0.40911517,3
46.96754,0.18260053,43.791985635486874,-87.99555436639515,0,1,7700.8916,-0.1496821,4,1,false,false,-19.611694,9.799422,9.757576,1.1112422,-0.37740216,3
47.108566,0.18272085,43.791992565909105,-87.99555573320845,0,1,7655.803,-0.13625135,4,1,false,false,-19.738771,9.51778,9.45549,1.1053041,-0.33651045,3
47.24761,0.18284152,43.7919995858731,-87.99555710002174,0,1,7603.8013,-0.09624341,4,1,false,false,-20.079617,9.470444,10.226586,1.0999207,-0.31017625,3
47.380997,0.1829626,43.79200660638642,-87.99555846683504,0,1,7592.235,-0.046443112,4,1,false,false,-19.677822,8.600869,10.122881,1.094972,-0.2862903,3
47.497185,0.183084,43.79201371644151,-87.99555970936672,0,1,7623.392,0.0055945516,4,1,false,false,-19.649982,8.003782,11.050911,1.0902354,-0.2849205,3
47.613995,0.1832057,43.79202082704593,-87.9955608277116,0,1,7667.6216,0.041405752,4,1,false,false,-18.648918,8.144969,9.7186,1.0854627,-0.28502008,3
47.738026,0.18332766,43.792027847009926,-87.99556194596167,0,1,7682.2437,0.051198117,4,1,false,false,-18.03021,8.293854,10.211518,1.0808625,-0.26742074,3
47.863304,0.18345,43.792035047156105,-87.99556294002494,0,1,7666.816,0.0344112,4,1,false,false,-17.754583,8.512645,10.150649,1.0765145,-0.25642553,3
47.99587,0.1835727,43.79204215776053,-87.9955639340882,0,1,7656.6094,-0.0089538805,4,1,false,false,-17.88268,8.917307,9.998774,1.0723412,-0.24336128,3
48.127365,0.1836957,43.792049357906706,-87.99556480386985,0,1,7660.3,-0.07106305,4,1,false,false,-17.736599,8.144937,9.30814,1.0684125,-0.2300098,3
48.250774,0.18381904,43.792056558052884,-87.99556567365151,0,1,7675.115,-0.13541286,4,1,false,false,-17.997574,8.610579,10.684177,1.0645751,-0.22917266,3
48.379128,0.18394274,43.79206375819906,-87.99556654343317,0,1,7691.602,-0.20507912,4,1,false,false,-18.046015,8.215239,10.101736,1.0607926,-0.22712816,3
48.503895,0.18406677,43.79207104843634,-87.99556716474642,0,1,7696.712,-0.25012445,4,1,false,false,-18.616796,8.075374,10.790295,1.0569341,-0.23829776,3
48.63075,0.18419112,43.79207833867361,-87.99556791024646,0,1,7699.18,-0.26131463,4,1,false,false,-18.404356,8.229759,10.604972,1.0528347,-0.25401163,3
48.755135,0.18431579,43.79208562891089,-87.99556853146491,0,1,7707.9614,-0.25320148,4,1,false,false,-18.413399,7.9636064,11.260429,1.0484389,-0.27449834,3
48.880722,0.18444084,43.79209291914816,-87.99556902849655,0,1,7723.467,-0.23725405,4,1,false,false,-18.030745,8.337266,10.715585,1.0437064,-0.2901792,3
49.01045,0.18456621,43.79210020938544,-87.99556952552818,0,1,7733.899,-0.22634193,4,1,false,false,-16.504751,8.46507,9.532892,1.0388945,-0.28289092,3
49.14083,0.18469194,43.79210758971381,-87.99557002255982,0,1,7732.673,-0.23389582,4,1,false,false,-14.923501,8.291092,8.939859,1.0344104,-0.25298315,3
49.273376,0.184818,43.79211497004218,-87.99557039530984,0,1,7730.8643,-0.2585179,4,1,false,false,-15.445499,8.311923,10.449279,1.0304737,-0.2224407,3
49.39913,0.18494448,43.79212235037054,-87.99557064387305,0,1,7734.767,-0.2996467,4,1,false,false,-16.074549,7.5689826,10.03328,1.0268879,-0.21458969,3
49.509724,0.18507124,43.79212982079001,-87.99557089234148,0,1,7753.2983,-0.3460909,4,1,false,false,-17.47591,6.6202235,12.583994,1.0230842,-0.2520581,3
49.612,0.18519828,43.79213720111837,-87.99557114090469,0,1,7796.6543,-0.38358334,4,1,false,false,-17.440569,6.730135,11.216022,1.0182927,-0.32217878,3
49.725235,0.18532568,43.792144670988506,-87.9955712650915,0,1,7847.5396,-0.40009004,4,1,false,false,-15.188968,7.2842965,9.2656355,1.0126333,-0.3481202,3
49.84303,0.18545341,43.79215214140797,-87.9955713893731,0,1,7872.7524,-0.3919769,4,1,false,false,-14.768299,7.6456647,8.013339,1.0067942,-0.34915665,3
49.980835,0.18558148,43.79215961182743,-87.9955713893731,0,1,7867.239,-0.3726712,4,1,false,false,-14.892036,8.938088,9.130747,1.001252,-0.3084981,3
50.10755,0.1857099,43.79216708224689,-87.9955713893731,0,1,7838.4233,-0.35952163,4,1,false,false,-16.394989,6.9093432,9.370302,0.9963403,-0.29446346,3
50.217697,0.18583876,43.79217464220811,-87.9955713893731,0,1,7844.6343,-0.3561634,4,1,false,false,-16.452354,7.629517,10.550248,0.9911804,-0.32324383,3
50.331863,0.18596794,43.79218220271867,-87.9955712650915,0,1,7898.909,-0.3547646,4,1,false,false,-15.771566,6.503641,9.833651,0.9856425,-0.34139338,3
50.427933,0.18609737,43.79218976267989,-87.99557114090469,0,1,7957.125,-0.34916785,4,1,false,false,-16.599018,6.7045884,10.423433,0.9796462,-0.37864083,3
50.552967,0.1862272,43.79219732319045,-87.99557089234148,0,1,7989.731,-0.33713815,4,1,false,false,-16.32633,8.306321,9.657229,0.9733093,-0.36837685,3
50.667248,0.18635744,43.79220488315167,-87.99557051959144,0,1,7968.0015,-0.31839192,4,1,false,false,-16.864992,6.891101,11.82862,0.96729344,-0.3642846,3
50.78653,0.18648799,43.79221253375332,-87.99557027112303,0,1,7954.675,-0.301605,4,1,false,false,-16.354666,8.4044695,9.365938,0.9611304,-0.36707023,3
50.90935,0.18661886,43.79222009371454,-87.9955697740914,0,1,7972.7847,-0.28397745,4,1,false,false,-16.210348,6.8666835,10.068492,0.9552798,-0.33875844,3
51.011253,0.18675028,43.79222774431619,-87.99556940134137,0,1,8008.456,-0.27334654,4,1,false,false,-15.967089,7.247051,9.241606,0.94959074,-0.34099525,3
51.133904,0.186882,43.79223539436851,-87.99556878002812,0,1,8043.3643,-0.26271355,4,1,false,false,-15.273117,7.2571588,8.124788,0.9442795,-0.29242992,3
51.22817,0.18701401,43.79224304442083,-87.9955682829965,0,1,8049.126,-0.25292224,4,1,false,false,-14.634983,6.017314,9.896626,0.9394572,-0.2952043,3
51.339077,0.1871463,43.79225078511357,-87.99556766168325,0,1,8075.947,-0.24732664,4,1,false,false,-14.790204,7.420212,8.373041,0.9345248,-0.28852203,3
51.43459,0.1872789,43.79225843516589,-87.99556691618321,0,1,8116.0146,-0.24508707,4,1,false,false,-15.1797905,5.306233,10.096373,0.9297518,-0.29484445,3
51.531933,0.18741176,43.7922661753093,-87.99556617068315,0,1,8172.1875,-0.24620682,4,1,false,false,-15.668913,7.693154,8.321779,0.9245297,-0.32197237,3
51.650166,0.1875449,43.792273916002046,-87.9955654250883,0,1,8206.562,-0.25012448,4,1,false,false,-15.299096,6.634911,9.124493,0.9193574,-0.30211154,3
51.752136,0.18767828,43.792281656145455,-87.99556455530664,0,1,8199.494,-0.25655854,4,1,false,false,-16.45189,7.423685,10.091066,0.91411775,-0.32854182,3
51.88486,0.18781196,43.792289396288865,-87.99556368552498,0,1,8190.4097,-0.26691028,4,1,false,false,-17.490774,8.004753,10.9912815,0.908615,-0.32840115,3
51.99078,0.18794595,43.792297136432275,-87.99556269155651,0,1,8179.061,-0.27866194,4,1,false,false,-15.959625,6.561005,8.150218,0.90305185,-0.34222177,3
52.113693,0.18808025,43.79230487712502,-87.99556169749326,0,1,8202.666,-0.289573,4,1,false,false,-14.530536,8.438536,8.01069,0.8975179,-0.3082337,3
52.22632,0.18821493,43.79231270735953,-87.99556057914837,0,1,8225.046,-0.30048516,4,1,false,false,-15.524715,6.3826723,8.30142,0.892745,-0.2743842,3
52.330833,0.18834989,43.79232044750294,-87.9955594608983,0,1,8238.107,-0.32286873,4,1,false,false,-15.094148,7.1484113,8.645339,0.88816965,-0.2688656,3
52.422222,0.1884851,43.79232827773744,-87.99555834255342,0,1,8256.689,-0.347769,4,1,false,false,-17.49717,4.7412066,10.856973,0.8835029,-0.3078982,3
52.497936,0.18862058,43.79233610797195,-87.99555710002174,0,1,8314.381,-0.36175916,4,1,false,false,-18.899906,6.1475973,10.27522,0.8774748,-0.41320777,3
52.608387,0.18875633,43.79234393820645,-87.99555573320845,0,1,8388.339,-0.35056677,4,1,false,false,-19.000153,7.1842413,10.677844,0.8701653,-0.4535805,3
52.71552,0.18889233,43.79235176844095,-87.99555436639515,0,1,8393.222,-0.31111825,4,1,false,false,-18.064922,7.9032145,8.92983,0.8625111,-0.45629534,3
52.860683,0.1890287,43.79235959867546,-87.99555287539506,0,1,8338.064,-0.2476058,4,1,false,false,-15.627157,9.500747,7.7911253,0.85560817,-0.3554172,3
52.981346,0.18916543,43.792367519001054,-87.99555138430016,0,1,8268.68,-0.18185598,4,1,false,false,-15.751542,7.0960083,7.207968,0.85040134,-0.28560108,3
53.098232,0.18930247,43.79237534923556,-87.99554989320526,0,1,8275.701,-0.14072824,4,1,false,false,-14.690132,7.6080713,7.4665427,0.84601706,-0.23227707,3
53.18517,0.18943977,43.792383269561164,-87.99554827792355,0,1,8343.965,-0.094285145,4,1,false,false,-13.953632,4.152721,6.817848,0.84238875,-0.21605627,3
53.257053,0.18957733,43.792391099795665,-87.99554653836023,0,1,8442.793,-0.04252661,4,1,false,false,-12.3173065,5.6755724,6.3983765,0.8385729,-0.23042476,3
53.343143,0.18971507,43.792399020121266,-87.99554479879691,0,1,8523.956,0.03161339,4,1,false,false,-10.737844,4.6703115,6.2602186,0.8348502,-0.21485233,3
53.42419,0.18985303,43.79240694044686,-87.9955430592336,0,1,8564.044,0.10855014,4,1,false,false,-11.483479,6.4156427,9.916639,0.8312153,-0.21892275,3
53.54944,0.18999131,43.79241486077246,-87.99554131967028,0,1,8575.065,0.18576653,4,1,false,false,-12.012687,7.7797413,12.224856,0.82793385,-0.17035526,3
53.67032,0.1901299,43.79242278109806,-87.99553945582537,0,1,8540.71,0.24367793,4,1,false,false,-10.446511,8.018491,13.425876,0.8255628,-0.12131844,3
53.803402,0.19026881,43.79243070142366,-87.99553759198044,0,1,8509.175,0.27696878,4,1,false,false,-9.916996,10.211949,13.370869,0.82412237,-0.055146944,3
53.94846,0.19040813,43.792438711840354,-87.99553572813551,0,1,8480.71,0.27473146,4,1,false,false,-8.703067,8.430111,12.1041155,0.82405084,0.039867625,3
54.108334,0.19054784,43.79244663216595,-87.99553374010378,0,1,8433.413,0.24004045,4,1,false,false,-9.489776,10.343928,11.825438,0.8256332,0.14574094,3
54.247417,0.19068797,43.792454642033306,-87.99553175197724,0,1,8358.827,0.19667652,4,1,false,false,-6.3086214,7.7137547,10.988959,0.8287128,0.21324296,3
54.37467,0.19082841,43.79246265245,-87.99552976394551,0,1,8329.582,0.1482773,4,1,false,false,-3.7599475,7.226846,10.805265,0.83243406,0.22779393,3
54.476864,0.19096923,43.79247075295779,-87.99552765163217,0,1,8372.367,0.104353406,4,1,false,false,-1.4383092,4.9385967,10.618628,0.8360606,0.20894307,3
54.56741,0.1911103,43.79247876282515,-87.99552566350563,0,1,8463.816,0.07469827,4,1,false,false,0.7186972,5.891946,9.569581,0.8393159,0.18147208,3
54.65947,0.19125162,43.79248686333293,-87.9955236754739,0,1,8538.224,0.052876167,4,1,false,false,2.3954656,5.5737624,7.09167,0.8421308,0.15844512,3
54.760635,0.19139324,43.792494873749625,-87.99552156306576,0,1,8561.924,0.041684885,4,1,false,false,3.0601928,6.5055733,7.67745,0.84458214,0.13523433,3
54.870228,0.1915352,43.792502973708075,-87.99551957503402,0,1,8560.008,0.047840957,4,1,false,false,3.4472616,6.9312534,7.6085477,0.8466465,0.114463896,3
54.98243,0.19167745,43.79251107421587,-87.9955175869075,0,1,8571.104,0.06574546,4,1,false,false,4.684373,7.1043963,8.705138,0.84845775,0.10569511,3
55.096523,0.19182003,43.79251926426541,-87.99551559887576,0,1,8599.264,0.0805741,4,1,false,false,5.551923,6.780758,10.35895,0.85021293,0.10641668,3
55.20884,0.19196297,43.7925273647732,-87.99551361074923,0,1,8619.652,0.09400224,4,1,false,false,5.5916896,6.9935627,8.169205,0.85201895,0.107739724,3
55.3309,0.19210623,43.79253555482274,-87.99551162271749,0,1,8621.21,0.10099676,4,1,false,false,5.916677,7.532091,7.9429083,0.85372734,0.0965926,3
55.44914,0.19224982,43.792543745421625,-87.99550963459096,0,1,8610.077,0.10435338,4,1,false,false,6.9081993,7.0822496,13.702726,0.85533947,0.100349896,3
55.563126,0.1923938,43.792551935471174,-87.99550764655922,0,1,8604.025,0.11554465,4,1,false,false,7.8270273,6.753667,16.360415,0.8571152,0.11634234,3
55.664955,0.19253805,43.79256012607006,-87.9955057827143,0,1,8620.844,0.12701505,4,1,false,false,7.955058,5.7940145,12.857626,0.8593611,0.15221278,3
55.78701,0.19268261,43.7925684062107,-87.99550391886937,0,1,8664.961,0.12197985,4,1,false,false,7.7954125,8.064582,13.139683,0.8621451,0.16022398,3
55.911976,0.1928275,43.79257668635133,-87.99550205502445,0,1,8666.758,0.10099676,4,1,false,false,6.5743756,7.74929,10.808509,0.8645995,0.123937204,3
56.04124,0.19297273,43.792584967041314,-87.99550019117953,0,1,8618.002,0.07917522,4,1,false,false,5.762328,7.8316994,9.878913,0.86631763,0.08376468,3
56.157818,0.19311832,43.79259324718195,-87.9954983274294,0,1,8584.603,0.06266853,4,1,false,false,4.87909,6.6435995,10.198828,0.8674994,0.06606272,3
56.257137,0.19326417,43.79260161741369,-87.99549658786609,0,1,8624.232,0.057912447,4,1,false,false,4.0814667,5.670309,9.602764,0.86853105,0.062937014,3
56.345657,0.1934103,43.79260998764542,-87.99549472402116,0,1,8716.769,0.061548736,4,1,false,false,3.7889569,5.241911,9.499381,0.86955947,0.06437241,3
56.434723,0.19355667,43.79261826778606,-87.99549298445784,0,1,8794.178,0.06574546,4,1,false,false,3.9750013,5.6824813,9.956403,0.87067515,0.071122676,3
56.53343,0.19370331,43.79262672810889,-87.99549124489452,0,1,8817.702,0.06434656,4,1,false,false,3.9238262,6.1560774,9.189732,0.87192494,0.078622855,3
56.640694,0.19385022,43.79263509888996,-87.9954893810496,0,1,8807.376,0.05791243,4,1,false,false,3.6488955,6.7616043,8.8806095,0.8732884,0.08247328,3
56.75852,0.19399743,43.79264346912169,-87.99548764148628,0,1,8802.6045,0.049799208,4,1,false,false,3.6730177,7.255676,8.460968,0.8746636,0.07959165,3
56.877087,0.19414498,43.792651929444524,-87.99548590192296,0,1,8810.7295,0.04224532,4,1,false,false,3.5552447,7.32178,9.111379,0.87592036,0.06946439,3
56.99184,0.19429283,43.792660389767356,-87.99548416235965,0,1,8818.511,0.038607925,4,1,false,false,3.9103634,6.9463086,11.720029,0.87697476,0.058832422,3
57.099613,0.19444098,43.79266885009018,-87.99548242279633,0,1,8823.647,0.03776838,4,1,false,false,3.7748148,6.361837,11.706804,0.877901,0.05441909,3
57.20434,0.19458942,43.79267730986368,-87.99548080741982,0,1,8839.267,0.03720902,4,1,false,false,3.6577115,6.1474752,10.603522,0.87881255,0.054683737,3
57.309563,0.19473815,43.7926857701865,-87.99547906785651,0,1,8868.847,0.035250768,4,1,false,false,3.5113273,6.4967318,11.163242,0.8797421,0.054372415,3
57.417305,0.19488716,43.792694320600425,-87.99547732829319,0,1,8892.515,0.031893604,4,1,false,false,3.3495202,6.657083,11.806025,0.88063204,0.05008498,3
57.525944,0.19503646,43.79270287101435,-87.99547571301149,0,1,8897.881,0.028815567,4,1,false,false,3.08282,6.8206296,12.175674,0.88144404,0.045561437,3
57.6362,0.19518606,43.79271142142827,-87.99547397344817,0,1,8896.403,0.02769688,4,1,false,false,2.9379997,6.6903358,11.879206,0.88218105,0.041551236,3
57.746067,0.19533595,43.792719971842196,-87.99547235807165,0,1,8903.106,0.027696878,4,1,false,false,2.830391,6.684083,11.387186,0.8828732,0.039838962,3
57.854694,0.19548611,43.792728521706785,-87.99547061850834,0,1,8919.86,0.02797709,4,1,false,false,2.5318885,6.56639,9.951423,0.8835176,0.0359906,3
57.95854,0.1956366,43.7927371622118,-87.99546900322663,0,1,8938.778,0.02769688,4,1,false,false,2.2595203,6.316969,10.464839,0.8840803,0.03181482,3
58.06238,0.19578734,43.792745802716816,-87.99546738785013,0,1,8958.109,0.026857313,4,1,false,false,2.2123296,6.295756,9.639064,0.8845677,0.028420154,3
58.15944,0.19593835,43.7927544426725,-87.99546564828681,0,1,8979.84,0.026297964,4,1,false,false,1.9061918,5.834722,9.9932575,0.8850273,0.028378736,3
58.255554,0.19608961,43.79276308317752,-87.99546403300509,0,1,9011.708,0.02685732,4,1,false,false,1.855052,6.000707,9.186271,0.885515,0.030754872,3
58.35396,0.19624116,43.792771723682534,-87.99546241772339,0,1,9045.207,0.026857316,4,1,false,false,1.8536482,5.959655,9.235306,0.88603926,0.032231715,3
58.45504,0.19639292,43.792780453729314,-87.99546080234688,0,1,9067.749,0.026857316,4,1,false,false,1.8565533,6.4760857,10.767246,0.8865949,0.033230346,3
58.559612,0.196545,43.79278909423433,-87.99545918706518,0,1,9074.125,0.026017752,4,1,false,false,1.9583867,6.499866,11.125263,0.88715625,0.03287574,3
58.66693,0.19669734,43.7927978242811,-87.99545757178346,0,1,9074.358,0.024899062,4,1,false,false,1.8699129,6.6603875,11.0035095,0.8877099,0.031628635,3
58.776638,0.19684997,43.79280655487722,-87.99545583212534,0,1,9077.396,0.023780368,4,1,false,false,1.8966374,6.6219015,11.651919,0.8882223,0.028481137,3
58.883747,0.1970029,43.792815284923996,-87.99545421684364,0,1,9082.836,0.024618847,4,1,false,false,1.7717998,6.523235,12.3573265,0.88868064,0.025963102,3
58.98671,0.19715609,43.7928241056112,-87.99545260156194,0,1,9091.96,0.024059495,4,1,false,false,1.685665,6.3009467,12.458041,0.8891272,0.026390683,3
59.088463,0.19730955,43.792832835657975,-87.99545111046703,0,1,9107.574,0.0215419,4,1,false,false,1.6041569,6.3836284,12.756086,0.88958734,0.026798746,3
59.18946,0.19746329,43.79284165579585,-87.99544949518533,0,1,9125.426,0.01706604,4,1,false,false,1.475065,6.228622,11.1554,0.89004135,0.02543457,3
59.290565,0.19761728,43.79285047648305,-87.99544787980882,0,1,9139.709,0.011749535,4,1,false,false,1.1486168,6.1934123,9.479221,0.8904351,0.020632718,3
59.38895,0.19777155,43.792859296620925,-87.9954462645271,0,1,9150.862,0.008951717,4,1,false,false,0.95579976,5.999008,10.709545,0.8907365,0.016648179,3
59.486595,0.19792606,43.79286811675879,-87.9954446492454,0,1,9166.989,0.0055945534,4,1,false,false,0.9906899,5.9605665,10.532652,0.8909943,0.015176067,3
59.577538,0.19808084,43.792876937445996,-87.9954430338689,0,1,9192.47,0.0036362973,4,1,false,false,0.70596683,5.6751647,8.574119,0.89122635,0.012802211,3
59.671055,0.19823585,43.79288584767497,-87.99544141858718,0,1,9225.804,0.0044758595,4,1,false,false,0.6114764,5.824609,9.774376,0.89141196,0.009593305,3
59.7657,0.19839111,43.79289475790393,-87.99543980330547,0,1,9249.462,0.0061538992,4,1,false,false,0.5546508,5.8367276,9.442822,0.89154917,0.007835478,3
59.862026,0.1985466,43.7929035780418,-87.99543818792897,0,1,9258.65,0.003916513,4,1,false,false,0.49998426,5.7984014,9.505893,0.8916868,0.008851364,3
59.960335,0.19870238,43.792912488270765,-87.99543669692886,0,1,9264.575,-0.0016791236,4,1,false,false,0.48197556,6.1673007,9.484321,0.8918362,0.008730558,3
60.05778,0.1988584,43.79292148859082,-87.99543508155236,0,1,9276.148,-0.00811432,4,1,false,false,0.2487695,5.931409,8.972989,0.8919616,0.0064122486,3
60.154297,0.19901465,43.792930399369126,-87.99543346627064,0,1,9293.233,-0.011751697,4,1,false,false,0.016661063,6.0127525,9.913831,0.8920257,0.0015711787,3
60.157356,0.1991711,43.79293930959809,-87.99543185089414,0,1,9303.529,-0.010072575,0,1,false,false,0.19647567,-2.468944,9.410703,0.89199716,-0.0031831125,3
60.12484,0.19932742,43.792948309918145,-87.99543023561243,0,1,8828.758,-0.006436277,5,1,false,false,0.10704368,2.3556395,10.798044,0.8919058,-0.0056640035,3
60.25665,0.19948389,43.79295722014711,-87.99542862033073,0,1,7801.8823,-0.0019593376,5,1,false,false,0.12555732,10.00901,9.664462,0.8917992,-0.007703942,3
60.418888,0.19964075,43.79296622046717,-87.99542700495421,0,1,7579.1284,0.0022373886,5,1,false,false,-0.22686335,8.829997,7.8427114,0.89168835,-0.007991873,3
60.50605,0.19979797,43.79297522078723,-87.9954253896725,0,1,7920.2993,0.0053154216,5,1,false,false,-0.44699514,2.6859875,7.1589265,0.89157265,-0.005792139,3
60.53888,0.19995531,43.79298422110729,-87.9954237743908,0,1,8145.0317,0.00027913204,5,1,false,false,-0.13579872,2.7640135,8.908506,0.8914966,-0.0012315483,3
60.613403,0.20011279,43.792993221427345,-87.99542215901428,0,1,8042.4897,-0.010912138,5,1,false,false,-0.3388328,5.6539836,9.545938,0.8914645,-0.0011940463,3
60.7172,0.20027049,43.79300222174741,-87.99542054373258,0,1,7873.856,-0.015108867,5,1,false,false,-0.59198135,6.33755,8.888005,0.89139193,-0.0066483757,3
60.814285,0.20042847,43.79301131215856,-87.99541892845087,0,1,7891.9556,-0.010912135,5,1,false,false,-0.5878519,5.629657,11.633036,0.8912428,-0.010901231,3
60.888195,0.20058666,43.79302031247862,-87.99541731307437,0,1,8008.748,-0.0025186837,5,1,false,false,-0.6425271,4.1529202,10.058222,0.89106774,-0.010710359,3
60.956535,0.20074502,43.79302940288977,-87.99541569779265,0,1,8052.5435,0.005874768,5,1,false,false,-0.5453299,4.616851,10.588897,0.8909294,-0.007411084,3
61.044018,0.20090358,43.79303849275159,-87.99541408251095,0,1,8007.208,0.010630842,5,1,false,false,-0.39306748,5.864949,10.634481,0.890864,-0.001713054,3
61.139164,0.2010624,43.793047583162746,-87.99541246713444,0,1,7960.8223,0.0055945525,5,1,false,false,-0.3307578,5.7385707,11.549743,0.890914,0.005523571,3
61.225277,0.20122142,43.79305667357389,-87.99541085185272,0,1,7972.653,-0.0047571557,5,1,false,false,-0.4320227,5.2411447,11.601144,0.89104116,0.007439703,3
61.300533,0.20138067,43.79306576398505,-87.99540923647622,0,1,8015.979,-0.018745165,5,1,false,false,-0.5528428,4.3793535,8.720623,0.89114493,0.0036858818,3
61.375355,0.20154011,43.793074944487294,-87.99540762119452,0,1,8042.7812,-0.023502316,5,1,false,false,-0.77613723,4.7038064,9.803115,0.89113903,-0.0039489986,3
61.452766,0.20169975,43.793084034349114,-87.9954060059128,0,1,8041.166,-0.01818581,5,1,false,false,-0.54763126,4.928064,10.195184,0.8909979,-0.010099479,3
61.52876,0.20185956,43.79309321485136,-87.99540426634948,0,1,8043.362,-0.01035279,5,1,false,false,-0.4101807,4.464509,9.35317,0.8908084,-0.0111399805,3
61.60278,0.20201959,43.793102305262515,-87.99540265097298,0,1,8070.1807,-0.0030780307,5,1,false,false,-0.4988147,4.71331,9.174175,0.89063317,-0.009930881,3
61.68089,0.2021798,43.79311148576476,-87.99540103569127,0,1,8099.039,-0.00056042895,5,1,false,false,-0.33553278,4.8590903,9.40075,0.89050543,-0.005726133,3
61.760986,0.20234022,43.79312066571767,-87.99539942040956,0,1,8102.388,-0.007274758,5,1,false,false,-0.5818418,5.1400266,12.069438,0.8904471,-0.002568618,3
61.843224,0.20250084,43.79312984621992,-87.99539768084624,0,1,8091.398,-0.018185813,5,1,false,false,-1.009532,5.1188755,11.413595,0.89040816,-0.0043977676,3
61.925144,0.20266168,43.79313911626393,-87.99539606546973,0,1,8091.3384,-0.025460567,5,1,false,false,-1.0347042,5.0522695,12.233476,0.89032614,-0.008051472,3
62.008003,0.20282272,43.79314829676618,-87.99539432590642,0,1,8104.785,-0.02993643,5,1,false,false,-1.0212471,5.320363,13.350809,0.89018136,-0.012046201,3
62.08725,0.20298396,43.79315756735952,-87.99539271062471,0,1,8112.1123,-0.030216644,5,1,false,false,-1.2655786,4.781326,11.960129,0.88995314,-0.017262636,3
62.166233,0.20314543,43.79316674731243,-87.99539109524821,0,1,8113.419,-0.02881774,5,1,false,false,-1.3039329,4.987086,12.692915,0.8896395,-0.021523993,3
62.24472,0.20330708,43.79317601790577,-87.99538935568489,0,1,8118.507,-0.026859479,5,1,false,false,-1.1025991,4.8856783,11.746194,0.8892718,-0.022866486,3
62.319332,0.20346893,43.793185287949775,-87.99538761612158,0,1,8132.8794,-0.028537527,5,1,false,false,-1.2512895,4.683828,11.16584,0.88890356,-0.021448342,3
62.39367,0.20363097,43.79319455854312,-87.99538600083986,0,1,8153.031,-0.031055123,5,1,false,false,-1.5186527,4.6587625,11.103387,0.8885478,-0.02176986,3
62.466278,0.2037932,43.793203828587124,-87.99538426127654,0,1,8167.901,-0.03161555,5,1,false,false,-1.4556029,4.610196,10.616714,0.88817126,-0.023608068,3
62.54043,0.20395564,43.79321309918047,-87.99538252171322,0,1,8179.6484,-0.033852942,5,1,false,false,-1.5522007,4.8285584,10.711637,0.88777244,-0.024570696,3
62.615654,0.20411824,43.79322245931557,-87.99538090633672,0,1,8191.0747,-0.03972879,5,1,false,false,-1.6009493,4.792754,9.683436,0.8873523,-0.026641004,3
62.692223,0.20428105,43.79323172990891,-87.9953791667734,0,1,8200.301,-0.03972879,5,1,false,false,-1.527915,4.766039,7.860841,0.88687855,-0.029488813,3
62.76783,0.20444405,43.79324109004401,-87.99537742721009,0,1,8208.162,-0.03693098,5,1,false,false,-1.6252109,4.7943773,9.776266,0.88637394,-0.02994476,3
62.841595,0.20460725,43.79325045072845,-87.99537568764677,0,1,8218.94,-0.03385294,5,1,false,false,-1.7719998,4.51486,9.654794,0.8858575,-0.031049524,3
62.911705,0.20477061,43.793259720772454,-87.99537394808345,0,1,8235.11,-0.029936425,5,1,false,false,-1.4901849,4.2875113,8.343455,0.88533103,-0.031576104,3
62.98459,0.20493416,43.79326908090756,-87.99537220852014,0,1,8257.47,-0.025739701,5,1,false,false,-1.6803644,4.781841,9.439492,0.8848066,-0.03185667,3
63.06022,0.2050979,43.793278441591994,-87.99537046895682,0,1,8267.29,-0.018466024,5,1,false,false,-1.7115775,4.6661425,9.98419,0.88427246,-0.031528424,3
63.136837,0.20526184,43.79328789181819,-87.9953687293935,0,1,8264.105,-0.011191273,5,1,false,false,-1.4606589,4.768653,9.988871,0.88378197,-0.027131706,3
63.21303,0.20542598,43.793297251953284,-87.99536698983019,0,1,8266.164,-0.0053165006,5,1,false,false,-1.5203373,4.8058267,10.44194,0.8833766,-0.02283782,3
63.289898,0.20559031,43.79330661263772,-87.99536512598526,0,1,8279.9795,0.002517603,5,1,false,false,-1.3052359,4.6920695,10.037763,0.8830468,-0.016343653,3
63.36448,0.20575486,43.793316062863916,-87.99536338642194,0,1,8291.57,0.007552808,5,1,false,false,-1.2010956,4.6585927,10.214252,0.8828623,-0.007220715,3
63.439106,0.2059196,43.79332551309011,-87.99536164685863,0,1,8294.642,0.010350627,5,1,false,false,-0.9418159,4.6967006,10.335519,0.88279164,-0.0016572996,3
63.513256,0.20608452,43.79333487322521,-87.9953597830137,0,1,8299.498,0.010071493,5,1,false,false,-0.7244738,4.633374,10.566212,0.8828111,0.003525894,3
63.587433,0.20624965,43.79334432400074,-87.99535804345038,0,1,8312.256,0.0069934633,5,1,false,false,-0.80856824,4.581297,10.103622,0.88290566,0.006672627,3
63.65945,0.20641495,43.79335377422694,-87.99535617960547,0,1,8324.771,0.005035206,5,1,false,false,-0.511695,4.5661197,10.287593,0.8830303,0.008105662,3
63.732796,0.20658045,43.79336331454423,-87.99535444004215,0,1,8334.89,0.00027913233,5,1,false,false,-0.64782834,4.5623364,10.030267,0.88317704,0.008396801,3
63.805218,0.20674615,43.793372764770425,-87.99535257619722,0,1,8342.027,-0.00056042906,5,1,false,false,-0.37099248,4.675769,10.125524,0.88330793,0.007241265,3
63.879017,0.20691203,43.79338221499662,-87.9953508366339,0,1,8350.117,-0.0083934525,5,1,false,false,-0.1535584,4.5293202,9.439861,0.8834304,0.006796194,3
63.950893,0.20707811,43.793391755313905,-87.99534897278897,0,1,8360.079,-0.015387994,5,1,false,false,-0.5321847,4.484472,10.112614,0.88350415,0.000517671,3
64.02314,0.20724437,43.793401206089435,-87.99534723322566,0,1,8371.092,-0.010912138,5,1,false,false,-0.4030832,4.5416193,10.397687,0.88345146,-0.006288546,3
64.0943,0.20741081,43.79341074640673,-87.99534536938073,0,1,8381.433,-0.0069945427,5,1,false,false,-0.41021127,4.4525533,10.02826,0.8833255,-0.0086008925,3
64.16754,0.20757745,43.793420286724015,-87.99534362981741,0,1,8388.993,-0.0022395514,5,1,false,false,-0.280431,4.6008587,9.985893,0.88319385,-0.007101611,3
64.24172,0.20774429,43.7934298270413,-87.9953417660673,0,1,8393.716,0.0019571742,5,1,false,false,-0.256504,4.5699687,9.169273,0.88311183,-0.0027324206,3
64.31207,0.20791131,43.793439367358594,-87.99533990222237,0,1,8400.927,-0.00028021447,5,1,false,false,-0.59405005,4.3893623,10.170618,0.8830796,-0.0015725023,3
64.38307,0.2080785,43.79344890767588,-87.99533816265905,0,1,8413.759,-0.0002802145,5,1,false,false,-0.3141244,4.4793386,10.581999,0.8830584,-0.0006260015,3
64.45085,0.20824589,43.793458538084266,-87.99533629881412,0,1,8428.672,-0.0069945436,5,1,false,false,-0.24145794,4.4249334,9.147539,0.8830742,0.0014109404,3
64.52224,0.20841345,43.79346807840155,-87.9953344349692,0,1,8441.548,-0.01734625,5,1,false,false,-0.64983726,4.396273,8.628499,0.8830813,-0.0018638043,3
64.59475,0.20858121,43.79347770880994,-87.99533269540588,0,1,8445.343,-0.015108865,5,1,false,false,-0.6566927,4.7949204,10.824596,0.88298917,-0.008014434,3
64.66366,0.20874915,43.793487249127224,-87.99533083156096,0,1,8448.644,-0.010912135,5,1,false,false,-0.66651607,4.1573057,10.393001,0.8828253,-0.010395544,3
64.731026,0.20891726,43.793496878986275,-87.99532896771603,0,1,8464.594,-0.013989089,5,1,false,false,-0.77326393,4.187485,9.643529,0.8826638,-0.010528956,3
64.80267,0.20908555,43.79350650939466,-87.9953271039659,0,1,8483.252,-0.008953882,5,1,false,false,-0.6903088,4.7825665,10.821712,0.88248575,-0.011413559,3
64.87581,0.20925406,43.79351613980304,-87.99532524012099,0,1,8484.772,-0.003078033,5,1,false,false,-0.69252086,4.503831,9.417586,0.8823217,-0.007989452,3
64.9475,0.20942274,43.793525770211424,-87.99532350055767,0,1,8476.0625,-0.006156065,5,1,false,false,-0.6759129,4.2933793,9.809131,0.8822231,-0.004220807,3
65.0166,0.2095916,43.7935354907109,-87.99532163671275,0,1,8484.792,-0.009792362,5,1,false,false,-0.5917397,4.4653773,9.904784,0.88214993,-0.004424684,3
65.08048,0.20976064,43.79354512111929,-87.99531977286782,0,1,8512.405,-0.013149526,5,1,false,false,-0.8165323,3.8902564,9.646767,0.88205856,-0.0064808293,3
65.14648,0.20992984,43.79355475152767,-87.99531790902289,0,1,8535.419,-0.013989085,5,1,false,false,-0.71282136,4.2751036,10.591487,0.881929,-0.00935372,3
65.21711,0.21009922,43.793564471477815,-87.99531604517797,0,1,8538.33,-0.012590181,5,1,false,false,-0.64525604,4.4918804,9.719851,0.88176477,-0.0104940105,3
65.28808,0.21026878,43.79357419197729,-87.99531418142784,0,1,8532.925,-0.010072578,5,1,false,false,-0.8178886,4.552026,9.135619,0.88159144,-0.010295419,3
65.36135,0.21043855,43.79358382238567,-87.99531231758291,0,1,8534.968,-0.007274758,5,1,false,false,-0.69621366,4.592163,10.234991,0.881443,-0.0074166344,3
65.42971,0.2106085,43.79359354288515,-87.99531045373799,0,1,8546.353,-0.010072576,5,1,false,false,-0.80772984,4.135547,10.083729,0.8813408,-0.00534001,3
65.49426,0.21077861,43.79360326283529,-87.99530858989307,0,1,8563.149,-0.01650777,5,1,false,false,-0.97869885,4.1932774,10.3537445,0.8812399,-0.0072534448,3
65.56324,0.2109489,43.79361307342587,-87.99530660186133,0,1,8577.969,-0.026579266,5,1,false,false,-0.96258146,4.35578,8.843039,0.88110197,-0.0099649485,3
65.63177,0.21111938,43.793622793925344,-87.99530473801642,0,1,8581.745,-0.038329888,5,1,false,false,-1.2676316,4.2405586,8.551038,0.88090736,-0.013681305,3
65.70206,0.21129008,43.79363251387549,-87.99530287417149,0,1,8581.353,-0.044485956,5,1,false,false,-1.4207646,4.534126,9.756146,0.8806221,-0.019900294,3
65.765656,0.21146093,43.793642324466056,-87.99530101032656,0,1,8591.2,-0.046443112,5,1,false,false,-1.6117482,3.7818294,8.40622,0.8802115,-0.028139612,3
65.82837,0.21163195,43.79365204496553,-87.99529902229483,0,1,8618.297,-0.052318968,5,1,false,false,-1.9629395,3.9516456,9.190013,0.87968045,-0.035547037,3
65.893234,0.21180315,43.79366185500677,-87.9952971584499,0,1,8641.425,-0.052038748,5,1,false,false,-1.7344645,4.2883496,7.672715,0.8790243,-0.04178321,3
65.96202,0.2119745,43.793671665597344,-87.99529529460497,0,1,8643.057,-0.051479403,5,1,false,false,-2.0639942,4.336626,8.744226,0.8783004,-0.044375535,3
66.03507,0.21214604,43.79368147563858,-87.99529330657325,0,1,8630.601,-0.04700247,5,1,false,false,-2.3071208,4.791216,9.64356,0.87752914,-0.047309127,3
66.102295,0.21231778,43.79369128622915,-87.9952913184467,0,1,8630.937,-0.039728787,5,1,false,false,-2.2140088,4.0658154,7.9601173,0.8767462,-0.045668475,3
66.166405,0.21248968,43.79370109627039,-87.99528945460179,0,1,8655.966,-0.03469359,5,1,false,false,-2.459729,4.132557,9.026828,0.8760041,-0.042628095,3
66.23237,0.21266173,43.79371090686096,-87.99528746657005,0,1,8678.316,-0.031895775,5,1,false,false,-2.486675,4.1396527,10.577399,0.87533253,-0.03806236,3
66.29695,0.21283397,43.79372071745153,-87.99528547844352,0,1,8680.919,-0.036092486,5,1,false,false,-2.6271737,4.0651426,9.320641,0.87472373,-0.03622568,3
66.36679,0.21300638,43.79373061758386,-87.99528349041178,0,1,8677.926,-0.036371622,5,1,false,false,-2.5247867,4.7102065,9.476,0.8741213,-0.035786286,3
66.43839,0.21317896,43.79374042817443,-87.99528150228525,0,1,8679.133,-0.037210107,5,1,false,false,-2.501223,4.1287866,9.777206,0.8735569,-0.031988006,3
66.504036,0.21335171,43.793750328306764,-87.99527951425351,0,1,8684.817,-0.038609013,5,1,false,false,-2.6609507,4.0727224,10.379244,0.8730271,-0.03255694,3
66.56864,0.21352465,43.793760138348,-87.99527752617438,0,1,8698.419,-0.03637163,5,1,false,false,-2.4567432,4.2091947,10.468509,0.8724572,-0.03555684,3
66.63268,0.21369773,43.79377003902967,-87.99527553809524,0,1,8713.769,-0.033294685,5,1,false,false,-2.3204236,3.9322822,9.231964,0.87185985,-0.035238165,3
66.69913,0.213871,43.793779939162,-87.99527342573451,0,1,8719.842,-0.030216642,5,1,false,false,-2.2389028,4.214844,9.212997,0.8713036,-0.03159584,3
66.765045,0.21404444,43.79378983984366,-87.99527143765538,0,1,8722.248,-0.028537527,5,1,false,false,-2.257983,4.0847416,9.32446,0.87079906,-0.02904752,3
66.82872,0.21421804,43.793799739975995,-87.99526944957624,0,1,8730.597,-0.02825731,5,1,false,false,-2.23853,4.1283507,9.327525,0.8703188,-0.028653696,3
66.89122,0.21439181,43.79380964010833,-87.9952673372629,0,1,8747.643,-0.031055119,5,1,false,false,-1.9830531,3.9417186,7.7418623,0.8698501,-0.02731457,3
66.95593,0.21456574,43.79381963088109,-87.99526522490216,0,1,8762.502,-0.03832988,5,1,false,false,-2.1776445,4.044199,7.691939,0.8694129,-0.02557503,3
67.02139,0.21473981,43.793829531013415,-87.99526323682302,0,1,8764.773,-0.041406825,5,1,false,false,-1.8355168,4.230921,7.914561,0.8689693,-0.026667552,3
67.08018,0.21491408,43.79383943169508,-87.99526112450968,0,1,8771.037,-0.043087035,5,1,false,false,-2.118991,3.4320345,7.414112,0.86847997,-0.03191977,3
67.14018,0.21508849,43.79384942164384,-87.99525901214894,0,1,8796.991,-0.041127708,5,1,false,false,-2.4556503,3.8920288,9.030377,0.8678693,-0.040604316,3
67.20033,0.21526305,43.793859412141934,-87.9952568998356,0,1,8822.834,-0.0344123,5,1,false,false,-1.9581819,3.828802,7.2444386,0.867164,-0.041798495,3
67.2678,0.21543778,43.79386931254893,-87.99525478747486,0,1,8826.767,-0.030775998,5,1,false,false,-2.1860185,4.41674,8.872258,0.8665038,-0.03770922,3
67.33783,0.21561271,43.79387930277235,-87.99525267516151,0,1,8810.625,-0.023502313,5,1,false,false,-2.4032903,4.2772837,8.311162,0.86589545,-0.035101656,3
67.40594,0.21578778,43.793889293270446,-87.99525056280078,0,1,8803.962,-0.019025374,5,1,false,false,-2.4001255,4.2102857,9.911128,0.86535436,-0.029639767,3
67.47064,0.21596307,43.79389928349387,-87.99524845048744,0,1,8819.182,-0.02630013,5,1,false,false,-2.0537875,4.0666456,10.287587,0.8649218,-0.023577098,3
67.533745,0.21613848,43.793909273991964,-87.99524633812669,0,1,8839.202,-0.03665076,5,1,false,false,-2.4968436,3.9237294,8.874679,0.8645261,-0.024985043,3
67.59978,0.21631408,43.79391935430649,-87.99524410153174,0,1,8841.981,-0.04028922,5,1,false,false,-2.3614666,4.19822,8.887917,0.8640745,-0.028398136,3
67.66434,0.21648985,43.793929344529914,-87.9952419892184,0,1,8836.048,-0.041967254,5,1,false,false,-2.2898498,3.9396133,10.177164,0.8635943,-0.029414646,3
67.725464,0.21666577,43.79393933502801,-87.99523975262345,0,1,8844.648,-0.04308704,5,1,false,false,-2.3042004,3.7711253,10.111882,0.8630613,-0.03488605,3
67.78434,0.21684186,43.793949415342524,-87.9952376402627,0,1,8871.197,-0.03889032,5,1,false,false,-2.3572905,3.722581,9.349122,0.86241925,-0.041289512,3
67.84828,0.21701811,43.79395949565704,-87.99523540366775,0,1,8890.044,-0.03189576,5,1,false,false,-2.4612706,4.039844,9.442722,0.8617211,-0.041352455,3
67.91449,0.21719451,43.793969486155135,-87.9952331671202,0,1,8881.613,-0.021542978,5,1,false,false,-2.0840776,4.3174615,9.748264,0.86107934,-0.03505441,3
67.9818,0.21737109,43.79397956646965,-87.99523093052525,0,1,8868.26,-0.016227555,5,1,false,false,-2.0182834,4.127867,9.885383,0.8605697,-0.026061364,3
68.045296,0.21754786,43.793989646784176,-87.9952286939303,0,1,8876.33,-0.01650777,5,1,false,false,-2.0272493,3.913643,9.670418,0.8601845,-0.021088108,3
68.10496,0.21772477,43.793999727098694,-87.99522645733535,0,1,8901.058,-0.016507773,5,1,false,false,-1.9368272,3.8213134,10.741202,0.8598567,-0.018045135,3
68.16398,0.21790184,43.79400980741321,-87.99522422074041,0,1,8919.455,-0.025739701,5,1,false,false,-1.78006,3.7421756,9.409616,0.85958153,-0.016187819,3
68.22657,0.21807908,43.79401988772773,-87.99522198414546,0,1,8921.807,-0.031055128,5,1,false,false,-1.9002621,3.9193823,9.855836,0.85928,-0.020375764,3
68.29135,0.21825649,43.794030058133345,-87.99521974755051,0,1,8918.623,-0.033294678,5,1,false,false,-1.9313246,4.1081414,9.070398,0.85890776,-0.023985015,3
68.354,0.21843405,43.79404013844786,-87.99521751095556,0,1,8921.725,-0.033294678,5,1,false,false,-1.615833,3.9088383,8.793276,0.8584965,-0.024540119,3
68.41521,0.21861179,43.79405030885348,-87.9952152743606,0,1,8934.902,-0.03301338,5,1,false,false,-1.6372672,3.7076235,8.0418625,0.8580838,-0.024752872,3
68.47291,0.21878965,43.794060389167996,-87.99521291353145,0,1,8951.367,-0.02825731,5,1,false,false,-1.7712873,3.4081721,9.075775,0.8576383,-0.028230572,3
68.53113,0.21896769,43.79407055957361,-87.9952106769365,0,1,8967.696,-0.023222107,5,1,false,false,-1.8569204,3.7978504,10.545737,0.85715264,-0.02924387,3
68.59145,0.21914586,43.79408072997922,-87.99520831610734,0,1,8979.609,-0.020424288,5,1,false,false,-1.75653,3.9959154,11.0624485,0.8566889,-0.026592389,3
68.65722,0.2193242,43.79409090038484,-87.99520607951239,0,1,8980.027,-0.020424284,5,1,false,false,-1.8873582,4.223558,12.3531475,0.85627204,-0.024265982,3
68.72348,0.21950273,43.794100980699355,-87.99520371863584,0,1,8971.228,-0.024621014,5,1,false,false,-1.9401858,3.9835272,10.025608,0.8558918,-0.02235496,3
68.79063,0.21968143,43.79411124119606,-87.99520135780666,0,1,8965.323,-0.033573814,5,1,false,false,-2.1017082,4.3944397,11.685743,0.85553026,-0.021863475,3
68.854324,0.21986029,43.79412141132701,-87.99519912121173,0,1,8968.02,-0.042526618,5,1,false,false,-1.9858714,3.7456498,10.531734,0.85515356,-0.023696937,3
68.9126,0.2200393,43.79413158173262,-87.99519676038257,0,1,8982.135,-0.050080493,5,1,false,false,-2.416251,3.5504353,9.971918,0.854714,-0.029451612,3
68.96821,0.22021845,43.79414175213824,-87.995194399506,0,1,9002.412,-0.054276146,5,1,false,false,-2.3980403,3.3593888,9.824776,0.85416394,-0.03650432,3
69.025154,0.22039774,43.794152012634946,-87.99519203867685,0,1,9019.61,-0.057914607,5,1,false,false,-2.7587392,3.8140938,11.933916,0.853494,-0.044066347,3
69.08351,0.2205772,43.79416218276589,-87.99518967784769,0,1,9027.861,-0.058472864,5,1,false,false,-2.792517,3.7491803,10.372906,0.85269755,-0.05086386,3
69.14436,0.22075681,43.794172443262596,-87.99518731697113,0,1,9030.954,-0.055956356,5,1,false,false,-3.2006853,3.8961608,10.323502,0.8518212,-0.05352837,3
69.20849,0.22093655,43.79418261366821,-87.99518483186036,0,1,9029.928,-0.053997017,5,1,false,false,-2.9658458,3.8827693,10.499946,0.8509525,-0.050403576,3
69.26851,0.2211165,43.79419287389025,-87.9951824710312,0,1,9031.071,-0.05959264,5,1,false,false,-3.2688334,3.944707,11.161875,0.8501356,-0.048708048,3
69.32652,0.22129658,43.79420313438696,-87.99517998592043,0,1,9042.374,-0.06882566,5,1,false,false,-3.6069956,3.6791046,12.764811,0.84928995,-0.053956818,3
69.384254,0.2214768,43.794213394609,-87.99517762509127,0,1,9057.462,-0.06938499,5,1,false,false,-3.7660384,3.4614553,10.546397,0.84832513,-0.061022375,3
69.44273,0.22165719,43.79422365510571,-87.99517513998052,0,1,9064.867,-0.06490916,5,1,false,false,-3.7826571,4.0029683,12.011427,0.84727424,-0.06408872,3
69.50342,0.22183771,43.794233915327744,-87.99517265486975,0,1,9063.446,-0.059033297,5,1,false,false,-3.5111353,3.83951,9.461142,0.846217,-0.061577626,3
69.56215,0.22201839,43.79424417582445,-87.99517016975898,0,1,9064.305,-0.049800288,5,1,false,false,-3.3307424,3.7466264,9.949541,0.84523386,-0.05566231,3
69.619156,0.22219923,43.794254436046494,-87.99516768469562,0,1,9075.415,-0.040568344,5,1,false,false,-3.131681,3.2883844,8.343717,0.8443757,-0.047548465,3
69.67307,0.22238022,43.7942647866343,-87.99516519958485,0,1,9091.892,-0.030496862,5,1,false,false,-2.769939,3.5528762,8.204044,0.84364676,-0.040389635,3
69.7242,0.22256131,43.794275046856335,-87.99516271447408,0,1,9109.666,-0.026019918,5,1,false,false,-2.3132918,3.2518451,8.137155,0.84304196,-0.03307866,3
69.77699,0.22274257,43.79428530735304,-87.9951601051291,0,1,9127.155,-0.029377084,5,1,false,false,-2.519194,3.2995393,8.717608,0.8425231,-0.030759174,3
69.83154,0.22292396,43.79429565766618,-87.99515762001833,0,1,9137.866,-0.031335343,5,1,false,false,-2.474386,3.389992,8.321551,0.8420059,-0.03127828,3
69.89072,0.2231055,43.794306007979316,-87.99515501067336,0,1,9141.638,-0.03357382,5,1,false,false,-2.3593097,4.0262136,9.019412,0.841495,-0.030026149,3
69.9508,0.22328721,43.794316268476024,-87.99515252556259,0,1,9139.008,-0.034972716,5,1,false,false,-2.180707,3.79107,8.923457,0.84100837,-0.028358093,3
70.00925,0.22346906,43.79432661878916,-87.99514991621761,0,1,9136.982,-0.034412295,5,1,false,false,-2.1152577,3.6197493,8.926294,0.8405466,-0.027569916,3
70.06422,0.22365105,43.79433696910229,-87.99514730687264,0,1,9147.139,-0.031055126,5,1,false,false,-2.1106107,3.2392652,7.8441243,0.8400839,-0.028515905,3
70.118706,0.2238332,43.79434731941542,-87.99514482176188,0,1,9164.3955,-0.02713861,5,1,false,false,-1.859587,3.4812908,7.665852,0.8396155,-0.02766964,3
70.17081,0.22401549,43.79435766972856,-87.9951422123695,0,1,9177.746,-0.025180355,5,1,false,false,-1.8026973,3.2710555,8.041126,0.8391795,-0.0254039,3
70.22434,0.22419791,43.79436802031636,-87.99513960302453,0,1,9185.297,-0.023222098,5,1,false,false,-1.5872159,3.2341444,6.003846,0.8387656,-0.024628684,3
70.28026,0.22438046,43.794378370629495,-87.99513699367955,0,1,9192.047,-0.019584725,5,1,false,false,-1.7340728,3.591258,8.206645,0.83836156,-0.023865003,3
70.33528,0.22456317,43.79438872094263,-87.99513438433458,0,1,9199.62,-0.018185817,5,1,false,false,-1.6880492,3.3501272,7.045092,0.83798915,-0.021003604,3
70.390526,0.22474602,43.79439916134686,-87.99513165070799,0,1,9208.061,-0.01958472,5,1,false,false,-1.622895,3.7554517,7.6542745,0.8376689,-0.018050456,3
70.445656,0.22492903,43.79440951165999,-87.99512904136301,0,1,9214.685,-0.024621006,5,1,false,false,-1.5307603,3.2056797,6.319911,0.8373849,-0.016866673,3
70.50156,0.22511216,43.794419952064224,-87.99512643201804,0,1,9218.377,-0.03413316,5,1,false,false,-1.8086298,3.3144317,7.9844484,0.83710235,-0.018568838,3
70.554,0.22529544,43.79443030237736,-87.99512382262567,0,1,9226.997,-0.047002465,5,1,false,false,-1.9576981,3.2735732,9.345166,0.83675396,-0.025203539,3
70.60876,0.22547887,43.79444074278158,-87.99512108904648,0,1,9240.868,-0.052318964,5,1,false,false,-2.3498335,3.6625593,8.572978,0.8362291,-0.037062585,3
70.667274,0.22566243,43.794451183185814,-87.99511847965411,0,1,9245.002,-0.051479418,5,1,false,false,-2.2083588,3.7503064,7.3785324,0.8355563,-0.04150558,3
70.72695,0.22584613,43.794461533498946,-87.99511574607493,0,1,9234.638,-0.049240932,5,1,false,false,-2.2072957,3.5922484,5.9621277,0.83489,-0.038661417,3
70.78437,0.22603,43.79447197390318,-87.99511301244834,0,1,9229.045,-0.046443127,5,1,false,false,-2.070035,3.3369138,3.3086908,0.83429223,-0.035653923,3
70.75474,0.22621395,43.7944824143074,-87.99511040310337,0,1,9302.571,-0.044485956,0,1,false,false,-2.3181725,-4.0899377,6.4977694,0.833734,-0.03656622,3
70.705414,0.22639772,43.794492854711635,-87.99510766947678,0,1,8684.659,-0.0500805,6,1,false,false,-2.5354707,1.1711249,11.47709,0.8330719,-0.047104165,3
70.794304,0.22658156,43.79450329511586,-87.9951049358976,0,1,7593.1167,-0.059033312,6,1,false,false,-2.8526316,6.715387,9.132054,0.8321409,-0.0647844,3
70.9014,0.22676569,43.79451373552009,-87.99510220227101,0,1,7767.455,-0.057634395,6,1,false,false,-4.4211183,4.2445283,11.523586,0.830839,-0.081742264,3
70.904274,0.22694996,43.79452417564965,-87.99509946864444,0,1,8123.741,-0.047002472,6,1,false,false,-4.3878927,-0.07929656,10.88681,0.8295337,-0.068833336,3
70.95121,0.22713427,43.79453461605388,-87.99509673501785,0,1,7979.686,-0.054836575,6,1,false,false,-3.6187365,4.9558825,10.211741,0.8285676,-0.047908865,3
71.03775,0.22731876,43.794545056458105,-87.99509387715706,0,1,7723.2983,-0.06462894,6,1,false,false,-3.4739406,4.9737816,11.058439,0.8278683,-0.040380854,3
71.087265,0.22750345,43.79455558695343,-87.99509114357788,0,1,7782.2,-0.0565157,6,1,false,false,-3.6703072,1.5913996,9.81269,0.8271806,-0.044826392,3
71.10001,0.2276882,43.79456602735766,-87.99508828571709,0,1,7970.6167,-0.04812224,6,1,false,false,-3.2815666,0.78610086,7.753627,0.8263976,-0.049846467,3
71.12673,0.227873,43.79457646748722,-87.99508542780889,0,1,7985.07,-0.043645304,6,1,false,false,-2.8444407,2.458021,6.7456927,0.8255743,-0.04884471,3
71.18006,0.22805789,43.79458699798254,-87.99508269422971,0,1,7888.341,-0.043925527,6,1,false,false,-2.6571531,3.6123297,5.8454013,0.82480496,-0.044493858,3
71.2317,0.22824292,43.79459743838677,-87.99507983636892,0,1,7876.309,-0.04000793,6,1,false,false,-2.452678,2.8526404,4.441026,0.82411164,-0.04014272,3
71.26806,0.22842808,43.79460796860743,-87.99507697850812,0,1,7942.653,-0.03721011,6,1,false,false,-2.4773517,1.9515374,5.8541455,0.8235118,-0.035370015,3
71.300095,0.22861333,43.794618409011655,-87.99507412059994,0,1,7971.974,-0.03916944,6,1,false,false,-2.3931603,2.064239,6.548428,0.8229648,-0.034115445,3
71.33975,0.22879869,43.79462893950698,-87.99507126273915,0,1,7955.476,-0.044204645,6,1,false,false,-2.7141364,2.6739957,7.7297053,0.8223823,-0.037964985,3
71.38708,0.22898412,43.79463937991121,-87.99506828064413,0,1,7950.23,-0.04532443,6,1,false,false,-2.9139504,3.085301,8.456081,0.8216941,-0.043901645,3
71.43534,0.2291697,43.79464991013186,-87.99506542278336,0,1,7957.604,-0.04420465,6,1,false,false,-2.8073816,2.857433,7.87697,0.82094395,-0.044711303,3
71.48299,0.22935541,43.79466044062718,-87.99506256487516,0,1,7952.6455,-0.043087043,6,1,false,false,-3.0611362,2.870111,9.876193,0.8202201,-0.042752244,3
71.5283,0.22954123,43.79467097084784,-87.99505958278016,0,1,7943.676,-0.03889032,6,1,false,false,-3.1342711,2.7439032,11.248385,0.8195036,-0.04329373,3
71.572136,0.22972716,43.79468150134316,-87.99505660063775,0,1,7949.3423,-0.033852946,6,1,false,false,-2.9397566,2.7026024,9.11282,0.8187847,-0.041926615,3
71.614655,0.22991322,43.79469203183849,-87.99505374277696,0,1,7960.14,-0.02937709,6,1,false,false,-2.8743677,2.6998713,11.406011,0.81811136,-0.03791512,3
71.65824,0.23009938,43.79470256205914,-87.99505076068196,0,1,7959.251,-0.028257307,6,1,false,false,-2.5200303,2.4497445,9.927301,0.8175242,-0.03231448,3
71.70146,0.23028566,43.79471309255447,-87.99504777853956,0,1,7956.529,-0.03273425,6,1,false,false,-2.594513,2.7536466,10.094674,0.81700706,-0.030089559,3
71.74413,0.23047206,43.794723622775116,-87.99504479644456,0,1,7962.613,-0.03273425,6,1,false,false,-2.419699,2.6944396,9.839604,0.8165018,-0.029783262,3
71.78597,0.23065856,43.79473415327044,-87.99504181430217,0,1,7969.504,-0.031335343,6,1,false,false,-2.0059803,2.4332235,7.861291,0.8160252,-0.027755352,3
71.82791,0.23084517,43.794744683491096,-87.99503883215976,0,1,7973.4824,-0.029097952,6,1,false,false,-1.9896789,2.5411277,8.483326,0.8155914,-0.025808541,3
71.867256,0.23103188,43.79475521398642,-87.99503572578315,0,1,7978.851,-0.026019916,6,1,false,false,-1.5658276,2.23233,7.212205,0.8151846,-0.02471105,3
71.906876,0.2312187,43.79476583429817,-87.99503274368816,0,1,7990.7544,-0.022662755,6,1,false,false,-1.3514097,2.533258,6.9659653,0.814797,-0.023319306,3
71.94581,0.23140562,43.79477636479349,-87.99502976154575,0,1,8001.0317,-0.016227555,6,1,false,false,-1.3801987,2.440727,7.7562513,0.8144297,-0.02263677,3
71.98494,0.23159264,43.79478698510524,-87.99502665516914,0,1,8006.2056,-0.0061560646,6,1,false,false,-1.0132031,2.1763024,7.9822288,0.8140841,-0.019703131,3
72.02554,0.23177975,43.794797515600564,-87.99502367307414,0,1,8013.086,0.0039165122,6,1,false,false,-1.0313028,2.519289,8.127302,0.8138058,-0.01417466,3
72.06734,0.23196699,43.79480813591231,-87.99502056669753,0,1,8018.8496,0.012589099,6,1,false,false,-0.7116079,2.8028774,8.6696825,0.8136226,-0.0068294466,3
72.1122,0.23215434,43.79481866613297,-87.99501758455514,0,1,8017.411,0.00895172,6,1,false,false,-0.60377944,2.646955,8.751263,0.81359744,0.0026269522,3
72.156425,0.2323418,43.794829286719384,-87.99501447817853,0,1,8011.385,-0.0016791234,6,1,false,false,-0.7913108,2.5683875,9.58549,0.81368196,0.0054461225,3
72.19736,0.23252934,43.79483990703113,-87.99501149608354,0,1,8015.4673,-0.013149526,6,1,false,false,-0.63464034,2.4229336,10.181305,0.813764,0.0035384418,3
72.23758,0.23271704,43.79485043725179,-87.99500838970692,0,1,8029.281,-0.026300132,6,1,false,false,-0.8911101,2.479428,9.306911,0.81377697,-0.0029777817,3
72.278854,0.2329048,43.794861057838204,-87.99500528333031,0,1,8033.6655,-0.031895768,6,1,false,false,-0.9496398,2.6720443,10.94168,0.8136409,-0.0129248835,3
72.32127,0.23309268,43.79487167814996,-87.99500230118791,0,1,8029.0054,-0.033294674,6,1,false,false,-0.95046157,2.4841688,8.98979,0.81334573,-0.021432249,3
72.36413,0.23328069,43.79488229846171,-87.9949991948113,0,1,8028.83,-0.030775994,6,1,false,false,-0.83677745,2.4179347,6.9636927,0.81294197,-0.02622053,3
72.40522,0.23346877,43.794892918773456,-87.99499608843469,0,1,8037.217,-0.023222098,6,1,false,false,-0.96803224,2.5771465,9.324265,0.8125039,-0.027359856,3
72.44248,0.233657,43.79490353935987,-87.9949929820581,0,1,8045.113,-0.012031915,6,1,false,false,-0.8440314,2.0616643,8.170213,0.8120698,-0.025685491,3
72.4794,0.2338453,43.794914249488045,-87.99498987568148,0,1,8056.357,0.002237388,6,1,false,false,-0.5355075,2.2962782,8.933107,0.8116947,-0.019305203,3
72.51836,0.23403369,43.79492487007447,-87.99498676930487,0,1,8066.729,0.010630842,6,1,false,false,-0.5532045,2.3889835,8.314866,0.811448,-0.010404088,3
72.55988,0.23422219,43.794935490386216,-87.99498366292826,0,1,8067.442,0.01566713,6,1,false,false,-0.43436646,2.5361047,7.8116746,0.8113494,-0.0015331319,3
72.60345,0.2344108,43.794946200789056,-87.99498055655165,0,1,8063.7754,0.008392369,6,1,false,false,-0.3173908,2.5882778,8.490418,0.81140554,0.005982487,3
72.64344,0.23459952,43.794956821100804,-87.99497745017504,0,1,8066.602,-0.0022395533,6,1,false,false,-0.4827155,2.3838458,9.877949,0.8115295,0.0068801427,3
72.68151,0.23478833,43.79496744141256,-87.99497434379843,0,1,8079.6094,-0.014548434,6,1,false,false,-0.70404863,2.1617882,8.657284,0.8116228,0.003024729,3
72.72243,0.23497725,43.7949781518154,-87.99497123742182,0,1,8088.247,-0.026859483,6,1,false,false,-0.9667628,2.5510314,10.796223,0.81160504,-0.005303264,3
72.76447,0.23516627,43.79498886221825,-87.99496813104523,0,1,8082.9375,-0.04168812,6,1,false,false,-1.4460354,2.6593125,11.469954,0.811421,-0.016524289,3
72.80775,0.2353554,43.794999482529995,-87.99496502466862,0,1,8077.8613,-0.059871785,6,1,false,false,-1.6050375,2.5761497,9.993318,0.8110191,-0.030378435,3
72.85071,0.23554465,43.795010192932835,-87.9949617940578,0,1,8080.599,-0.07050478,6,1,false,false,-2.0656445,2.6075165,9.31474,0.81038594,-0.044198874,3
72.89142,0.23573402,43.79502090333568,-87.99495868768119,0,1,8083.126,-0.07190369,6,1,false,false,-2.527473,2.3742702,11.8522005,0.80954844,-0.056104608,3
72.92997,0.23592347,43.79503161373852,-87.99495558130458,0,1,8086.7036,-0.06770697,6,1,false,false,-2.8224044,2.3018548,11.136426,0.8085382,-0.06462546,3
72.966675,0.23611303,43.79504223405027,-87.99495235064636,0,1,8096.9126,-0.05819375,6,1,false,false,-2.982753,2.4977283,10.581554,0.8074017,-0.06971254,3
73.00623,0.23630267,43.79505294445312,-87.99494924426975,0,1,8105.538,-0.041406825,6,1,false,false,-2.8072047,2.4283826,8.846802,0.80625975,-0.06444369,3
73.04732,0.23649244,43.79506365485596,-87.99494601365893,0,1,8103.455,-0.028257303,6,1,false,false,-2.5973573,2.3875153,7.6728435,0.8053087,-0.050420053,3
73.087395,0.23668231,43.795074365258806,-87.99494278300072,0,1,8102.74,-0.016507778,6,1,false,false,-2.3985462,2.2767606,7.4051976,0.8045961,-0.037814487,3
73.121445,0.23687227,43.795085075661646,-87.99493955238991,0,1,8117.224,-0.013149524,6,1,false,false,-2.0370276,2.1070004,8.943267,0.8040734,-0.027945675,3
73.154526,0.2370623,43.79509578606449,-87.99493632177908,0,1,8140.2607,-0.018466026,6,1,false,false,-1.9811794,1.932261,8.670239,0.80366707,-0.02281435,3
73.19295,0.23725243,43.79510658655843,-87.99493309112087,0,1,8149.044,-0.021263842,6,1,false,false,-2.243608,2.3310463,7.2213097,0.80328,-0.023516212,3
73.23705,0.23744269,43.79511729696127,-87.99492986051006,0,1,8137.7134,-0.021542974,6,1,false,false,-1.9564985,2.7486675,7.8865523,0.8028981,-0.021399224,3
73.28083,0.23763305,43.79512800708945,-87.99492662985183,0,1,8128.513,-0.02601992,6,1,false,false,-2.1510963,2.5599654,10.759736,0.8025747,-0.019409152,3
73.31937,0.23782352,43.79513871749229,-87.99492339924102,0,1,8135.463,-0.03077599,6,1,false,false,-2.001578,2.0749626,9.773004,0.8022334,-0.02282375,3
73.35548,0.23801406,43.79514951798623,-87.99492004434859,0,1,8153.0796,-0.033573806,6,1,false,false,-2.2197337,2.277456,12.2699795,0.8017919,-0.028850568,3
73.3952,0.23820472,43.79516022838907,-87.99491681369038,0,1,8156.188,-0.03329468,6,1,false,false,-2.2242756,2.4270718,11.262973,0.8012503,-0.03360997,3
73.43936,0.23839548,43.79517102888301,-87.99491345884535,0,1,8143.5,-0.030216642,6,1,false,false,-2.0723512,2.6495175,10.661286,0.8006778,-0.03264899,3
73.48139,0.23858637,43.79518173901119,-87.99491022818714,0,1,8136.909,-0.02713861,6,1,false,false,-2.1917655,2.4739876,12.851649,0.8001416,-0.031133562,3
73.51905,0.23877735,43.79519253950512,-87.99490687329471,0,1,8145.8657,-0.024061661,6,1,false,false,-2.1042552,2.191482,12.520585,0.7996259,-0.029598271,3
73.55538,0.23896843,43.79520324990797,-87.99490351840228,0,1,8159.22,-0.027418828,6,1,false,false,-1.9463736,2.1168556,11.776964,0.79913825,-0.027695717,3
73.594734,0.23915961,43.79521405040191,-87.99490028779147,0,1,8161.022,-0.029936427,6,1,false,false,-2.1562138,2.4786425,12.327123,0.7986566,-0.028806081,3
73.63359,0.23935089,43.79522485062118,-87.99489693289904,0,1,8154.736,-0.028537525,6,1,false,false,-2.0687408,2.4666977,12.740559,0.79813975,-0.031008324,3
73.6723,0.23954226,43.79523556102402,-87.99489357800661,0,1,8156.839,-0.028537523,6,1,false,false,-1.9057143,2.2216976,10.30622,0.7976274,-0.028901504,3
73.71025,0.23973376,43.79524636151796,-87.9948902231142,0,1,8164.8364,-0.028817736,6,1,false,false,-1.9609569,2.2210221,11.588693,0.79715717,-0.027924921,3
73.74442,0.23992532,43.79525716173723,-87.99488686822177,0,1,8172.3657,-0.028817737,6,1,false,false,-1.9083884,1.9643883,9.893929,0.796703,-0.027018687,3
73.77773,0.24011697,43.795267962231165,-87.99488338909514,0,1,8184.9424,-0.031055124,6,1,false,false,-2.1432672,2.2313623,10.993547,0.79623973,-0.028866526,3
73.81474,0.24030872,43.79527876245044,-87.99488003420271,0,1,8192.589,-0.03133534,6,1,false,false,-1.91502,2.1846297,9.722894,0.7957373,-0.030464938,3
73.85287,0.24050055,43.795289562944376,-87.99487667933398,0,1,8189.4297,-0.03441228,6,1,false,false,-1.7877946,2.210433,8.61461,0.7952354,-0.029926987,3
73.89076,0.24069251,43.795300363438315,-87.99487320018365,0,1,8190.916,-0.038049676,6,1,false,false,-2.1662936,2.342153,9.250676,0.7947306,-0.03147594,3
73.925026,0.24088453,43.79531116365759,-87.99486984529122,0,1,8201.265,-0.039169446,6,1,false,false,-2.2061393,2.0821302,10.145244,0.79418314,-0.034574263,3
73.95933,0.24107663,43.79532196415152,-87.99486636616459,0,1,8212.358,-0.039728798,6,1,false,false,-1.9893581,1.9167022,8.620636,0.7936006,-0.035182383,3
73.99608,0.24126886,43.79533276437079,-87.99486301127216,0,1,8215.883,-0.041127697,6,1,false,false,-2.5943499,2.1784198,9.070262,0.79299253,-0.038554143,3
74.03407,0.24146114,43.79534356486473,-87.99485953212184,0,1,8213.446,-0.04140683,6,1,false,false,-2.4559224,2.5022938,9.694847,0.79231566,-0.041356742,3
74.070335,0.24165353,43.795354455175094,-87.9948560529952,0,1,8215.961,-0.04504422,6,1,false,false,-2.5126195,2.26899,9.776845,0.79162693,-0.04138078,3
74.10745,0.24184604,43.79536525566903,-87.99485257384487,0,1,8223.057,-0.04616399,6,1,false,false,-2.4776468,2.018762,6.5209,0.79094434,-0.040474072,3
74.14332,0.24203862,43.79537605616297,-87.99484909469453,0,1,8227.16,-0.046163987,6,1,false,false,-2.6102123,1.978897,7.2294126,0.7902968,-0.039891608,3
74.17604,0.24223128,43.795386946473336,-87.9948456155679,0,1,8235.23,-0.047282692,6,1,false,false,-2.482097,2.180086,7.481781,0.789636,-0.04101675,3
74.20533,0.24242403,43.79539774669261,-87.99484213641756,0,1,8252.855,-0.05063985,6,1,false,false,-2.8035538,1.8165643,5.2442117,0.7889362,-0.045666285,3
74.24106,0.24261685,43.79540863727764,-87.99483865726724,0,1,8266.2,-0.052598108,6,1,false,false,-2.7574358,1.91972,7.9304833,0.7881681,-0.047760982,3
74.274704,0.24280977,43.79541943749691,-87.9948351781406,0,1,8264.48,-0.058754176,6,1,false,false,-3.370932,1.9661648,7.4451056,0.78735393,-0.0525209,3
74.31225,0.24300277,43.79543032808194,-87.99483157473236,0,1,8266.726,-0.06266959,6,1,false,false,-3.7832277,2.6854813,8.476526,0.7863846,-0.0618726,3
74.35533,0.24319588,43.795441128301206,-87.99482809560573,0,1,8265.953,-0.06462895,6,1,false,false,-4.006111,2.611225,10.016616,0.78532964,-0.06303033,3
74.39581,0.24338911,43.79545201861158,-87.99482449219748,0,1,8252.773,-0.0654674,6,1,false,false,-4.480365,1.9856297,10.285131,0.78428185,-0.06351693,3
74.43277,0.24358243,43.79546281910551,-87.99482088881294,0,1,8250.073,-0.06574869,6,1,false,false,-4.467137,2.1956306,10.69959,0.7831984,-0.066272266,3
74.46868,0.24377584,43.79547370941587,-87.9948172854047,0,1,8265.034,-0.066308044,6,1,false,false,-4.71681,2.3505456,10.717017,0.78205585,-0.068996295,3
74.50531,0.24396934,43.79548460000091,-87.99481368202015,0,1,8268.66,-0.06323004,6,1,false,false,-4.58472,2.2851226,11.735522,0.780895,-0.06859307,3
74.54241,0.24416295,43.795495400220176,-87.99481007861192,0,1,8259.358,-0.055395916,6,1,false,false,-4.1505475,1.995004,10.130704,0.77978283,-0.06409766,3
74.57815,0.24435665,43.79550629053054,-87.99480647522738,0,1,8262.359,-0.046443112,6,1,false,false,-4.1759315,2.0204585,8.081386,0.7787612,-0.058772143,3
74.61177,0.24455045,43.79551718111558,-87.99480274756122,0,1,8276.923,-0.036371626,6,1,false,false,-3.7529278,2.1605802,10.462383,0.77783763,-0.05193335,3
74.64406,0.2447443,43.79552807142594,-87.99479901991877,0,1,8286.883,-0.032734238,6,1,false,false,-3.523847,2.0802155,10.195375,0.7770493,-0.043785624,3
74.67677,0.24493827,43.795538961736305,-87.99479541651053,0,1,8289.397,-0.033013377,6,1,false,false,-3.457148,1.9918741,11.079381,0.77635235,-0.04044289,3
74.71387,0.24513231,43.795549762230245,-87.99479168886808,0,1,8291.179,-0.035811193,6,1,false,false,-3.300476,2.143804,9.249071,0.77568907,-0.037972935,3
74.750305,0.24532646,43.79556065254061,-87.99478796120192,0,1,8291.813,-0.04280575,6,1,false,false,-3.3028874,2.4324586,10.952329,0.77506053,-0.03731581,3
74.78666,0.2455207,43.79557154285097,-87.99478423355949,0,1,8292.393,-0.047282685,6,1,false,false,-3.510155,2.250768,11.724013,0.7744145,-0.03996179,3
74.821304,0.24571502,43.795582433436,-87.99478050591703,0,1,8293.414,-0.048401386,6,1,false,false,-3.440376,1.9344383,11.772974,0.7737095,-0.0438412,3
74.85637,0.24590942,43.79559332374637,-87.99477665399297,0,1,8297.238,-0.04868158,6,1,false,false,-3.2487454,1.9755212,10.086419,0.7729461,-0.046332773,3
74.8904,0.24610393,43.79560421405673,-87.99477292635052,0,1,8302.699,-0.046443112,6,1,false,false,-3.6215646,2.1643724,9.920785,0.7721388,-0.049611572,3
74.92574,0.24629852,43.79561510464176,-87.99476907445016,0,1,8304.812,-0.040568367,6,1,false,false,-3.0462775,2.4264474,11.972215,0.7713204,-0.046248935,3
74.95779,0.24649322,43.795625994952125,-87.994765346784,0,1,8307.318,-0.041406836,6,1,false,false,-3.0537045,1.8840151,10.334967,0.77059823,-0.042273656,3
74.98981,0.24668801,43.79563697535359,-87.99476149488365,0,1,8316.765,-0.039728798,6,1,false,false,-2.8246388,1.7574375,9.403112,0.7698866,-0.042842068,3
75.02282,0.24688287,43.79564786566395,-87.99475764298329,0,1,8327.434,-0.03889031,6,1,false,false,-2.7638671,2.137051,8.748552,0.76917565,-0.04139204,3
75.05736,0.24707782,43.795658755974316,-87.99475379105924,0,1,8328.28,-0.0360925,6,1,false,false,-2.6998239,2.3176525,9.907137,0.7684901,-0.04013769,3
75.093155,0.24727288,43.79566964655935,-87.99474993915888,0,1,8324.138,-0.032454032,6,1,false,false,-2.5473034,2.0952027,7.8355784,0.7678543,-0.03659842,3
75.12525,0.24746804,43.79568053686971,-87.99474608725852,0,1,8330.851,-0.027978173,6,1,false,false,-2.7360141,1.9601353,8.5778475,0.76726663,-0.034914512,3
75.156746,0.24766326,43.79569151727117,-87.99474223535816,0,1,8344.046,-0.024901222,6,1,false,false,-2.4878922,1.8187099,9.304781,0.766722,-0.031592153,3
75.18748,0.24785855,43.79570240758154,-87.9947383834341,0,1,8352.261,-0.02657927,6,1,false,false,-2.4924874,1.9534903,11.583576,0.76620966,-0.03082882,3
75.2211,0.24805394,43.7957132978919,-87.99473440727583,0,1,8354.864,-0.028817737,6,1,false,false,-2.3844233,2.159841,10.054302,0.765679,-0.031061333,3
75.257965,0.24824941,43.795724278293356,-87.99473055537548,0,1,8352.071,-0.030496856,6,1,false,false,-2.6090002,2.3390546,8.848026,0.7651546,-0.030599687,3
75.296455,0.24844497,43.795735168878394,-87.99472657921721,0,1,8343.655,-0.031895768,6,1,false,false,-2.240165,2.1490748,8.883893,0.76467556,-0.026847426,3
75.33001,0.24864064,43.79574614927985,-87.99472272729315,0,1,8344.221,-0.03581119,6,1,false,false,-2.1855724,1.8014444,8.705029,0.7642678,-0.025148826,3
75.3587,0.24883638,43.795757039590214,-87.99471875113488,0,1,8361.062,-0.03665075,6,1,false,false,-2.2117662,1.4259946,8.423559,0.7638239,-0.029815141,3
75.38683,0.2490322,43.79576801999168,-87.99471477497661,0,1,8380.066,-0.037770536,6,1,false,false,-2.1226707,1.8402599,7.540589,0.7633075,-0.03236017,3
75.420006,0.24922806,43.79577891030204,-87.99471079881835,0,1,8385.184,-0.040568348,6,1,false,false,-2.5704894,2.2668486,9.511285,0.76274127,-0.036238175,3
75.455864,0.24942403,43.795789890703496,-87.99470682266008,0,1,8374.902,-0.041406836,6,1,false,false,-2.6878343,2.2515981,10.453406,0.7620964,-0.04038961,3
75.49048,0.24962011,43.79580078101386,-87.99470284650182,0,1,8371.427,-0.043087035,6,1,false,false,-2.7916138,1.9261097,8.824313,0.76140136,-0.042534914,3
75.52584,0.24981625,43.79581176141532,-87.99469887034356,0,1,8379.626,-0.04588378,6,1,false,false,-2.9449685,1.9201518,8.193406,0.7606927,-0.04248397,3
75.55886,0.2500125,43.79582274181678,-87.99469489416158,0,1,8382.775,-0.05092007,6,1,false,false,-3.0260346,1.9709843,9.2311735,0.76000535,-0.04196468,3
75.58931,0.25020882,43.795833722218234,-87.99469091800331,0,1,8384.86,-0.06295089,6,1,false,false,-3.5758092,1.7533582,9.917829,0.75928867,-0.047632117,3
75.61964,0.2504052,43.79584461280327,-87.99468681758714,0,1,8395.244,-0.07358174,6,1,false,false,-4.1321154,1.7420393,11.716154,0.75838965,-0.060293682,3
75.65053,0.25060168,43.79585559320473,-87.99468284142887,0,1,8405.095,-0.083093874,6,1,false,false,-4.7884912,1.9215329,12.653973,0.7572437,-0.075042546,3
75.68675,0.25079823,43.795866573331516,-87.9946787410127,0,1,8400.445,-0.085332364,6,1,false,false,-5.30374,2.4359782,13.333099,0.7558421,-0.08737832,3
75.72488,0.25099492,43.79587755373298,-87.99467464059653,0,1,8382.324,-0.07945652,6,1,false,false,-5.303801,2.3566306,12.650422,0.7543308,-0.08800995,3
75.762146,0.25119168,43.795888534134434,-87.99467054018035,0,1,8371.945,-0.071903676,6,1,false,false,-4.970176,2.0625017,10.303999,0.7529384,-0.07652488,3
75.793884,0.25138852,43.7958995145359,-87.99466643976417,0,1,8381.927,-0.066308066,6,1,false,false,-4.7384596,1.7949104,7.9465876,0.7517967,-0.063428156,3
75.81979,0.25158545,43.79591040512093,-87.994662339348,0,1,8401.5,-0.06015307,6,1,false,false,-4.2729173,1.5979612,10.605454,0.75082695,-0.057500083,3
75.84273,0.25178242,43.795921385522384,-87.99465811467391,0,1,8419.0625,-0.06798611,6,1,false,false,-3.7256422,1.242782,4.355235,0.74992,-0.05599142,3
75.86934,0.25197944,43.795932365923846,-87.99465401425773,0,1,8434.09,-0.073022395,6,1,false,false,-3.7390654,1.8526785,5.431296,0.7489792,-0.05956189,3
75.89954,0.25217658,43.7959433463253,-87.99464978958366,0,1,8439.678,-0.07050478,6,1,false,false,-3.7822592,1.5714473,5.5670204,0.74800366,-0.061656717,3
75.92615,0.25237375,43.7959543264521,-87.99464556490958,0,1,8444.469,-0.07134436,6,1,false,false,-4.100104,1.5232861,7.870851,0.7469523,-0.06825523,3
75.95579,0.25257102,43.79596530685355,-87.99464134023549,0,1,8458.928,-0.07274325,6,1,false,false,-4.562286,1.826705,9.615459,0.74572724,-0.07789792,3
75.99071,0.25276834,43.79597628725501,-87.99463711557325,0,1,8462.368,-0.06910586,6,1,false,false,-5.2016087,2.4338877,10.544463,0.744336,-0.08483077,3
76.031494,0.2529658,43.79598726765647,-87.99463289089917,0,1,8441.185,-0.058472876,6,1,false,false,-5.359339,2.6010137,12.780218,0.742898,-0.082485884,3
76.07146,0.25316334,43.79599824805793,-87.99462866622508,0,1,8419.801,-0.0422464,6,1,false,false,-5.0653996,2.3028672,11.258251,0.7415969,-0.07027513,3
76.10564,0.25336096,43.79600922845939,-87.9946243172931,0,1,8423.119,-0.022103406,6,1,false,false,-4.610005,1.8883935,10.666506,0.74056,-0.05322462,3
76.13478,0.2535587,43.796020208860845,-87.99461996837296,0,1,8437.972,-0.0053165,6,1,false,false,-3.762448,1.640569,11.215489,0.73983496,-0.034967232,3
76.16329,0.25375646,43.79603118926231,-87.99461561944096,0,1,8447.143,0.0044758595,6,1,false,false,-3.059169,1.6354457,9.898555,0.73939687,-0.018394515,3
76.19303,0.25395435,43.796042169663764,-87.99461139476688,0,1,8448.72,-0.0008406437,6,1,false,false,-2.3500774,1.7803835,9.728664,0.7392061,-0.005584497,3
76.22461,0.2541523,43.79605315006522,-87.99460704584673,0,1,8451.101,-0.01846603,6,1,false,false,-2.1574981,1.9345556,10.486352,0.73915637,-0.0020425995,3
76.25525,0.25435033,43.79606413046668,-87.99460257265685,0,1,8455.722,-0.030775992,6,1,false,false,-2.1338992,1.9298962,9.77543,0.73907393,-0.008248653,3
76.28651,0.25454843,43.79607511086814,-87.9945982237367,0,1,8459.325,-0.038329877,6,1,false,false,-2.251042,1.9040376,8.6261,0.7388648,-0.01735013,3
76.31759,0.25474662,43.79608618136069,-87.9945938748047,0,1,8459.876,-0.04616399,6,1,false,false,-2.0145943,1.8480223,9.181438,0.7385145,-0.02534289,3
76.345795,0.2549449,43.79609716176215,-87.99458952588456,0,1,8465.472,-0.056794833,6,1,false,false,-2.6695576,1.6771352,9.846107,0.73802733,-0.034935247,3
76.37524,0.25514323,43.79610814216361,-87.99458505269466,0,1,8476.601,-0.062390454,6,1,false,false,-2.8254209,1.7337965,9.303324,0.73732567,-0.04794704,3
76.405396,0.25534165,43.79611912256507,-87.99458070376859,0,1,8480.58,-0.06351024,6,1,false,false,-2.7049918,1.8005428,9.940722,0.7364646,-0.054067235,3
76.4366,0.25554016,43.796130192782954,-87.99457623058463,0,1,8476.847,-0.060432207,6,1,false,false,-2.896906,1.8998466,8.19485,0.73551816,-0.059322808,3
76.46783,0.25573874,43.79614117318441,-87.99457175740658,0,1,8478.595,-0.04700248,6,1,false,false,-2.920363,1.9113085,8.954115,0.7345206,-0.059655476,3
76.497734,0.2559374,43.79615215358587,-87.9945674084805,0,1,8486.592,-0.032454032,6,1,false,false,-2.9046257,1.7609092,9.982652,0.73358184,-0.05342974,3
76.52532,0.25613615,43.79616322394109,-87.99456293529653,0,1,8494.76,-0.023222104,6,1,false,false,-2.7072887,1.7167059,9.442468,0.7327736,-0.04410672,3
76.554565,0.25633493,43.79617420434255,-87.99455846211255,0,1,8501.202,-0.01818581,6,1,false,false,-2.7281756,2.007869,9.316695,0.73209697,-0.036281615,3
76.58702,0.25653383,43.79618518474401,-87.99455398892857,0,1,8499.575,-0.015947342,6,1,false,false,-2.4132936,2.1279826,10.265379,0.7315517,-0.028315816,3
76.61995,0.25673282,43.79619625523656,-87.99454951575052,0,1,8493.878,-0.017626463,6,1,false,false,-2.3765564,1.7662455,9.937654,0.7311384,-0.022109937,3
76.64977,0.25693187,43.79620723563802,-87.99454491831457,0,1,8495.724,-0.019584725,6,1,false,false,-1.9419978,1.7652526,9.137415,0.73079306,-0.018642286,3
76.6791,0.25713098,43.796218305993236,-87.9945404451306,0,1,8506.182,-0.023502313,6,1,false,false,-2.2360055,1.6277052,10.296889,0.73050004,-0.017517291,3
76.70875,0.2573302,43.7962292863947,-87.99453597194662,0,1,8509.127,-0.026579268,6,1,false,false,-2.2628908,1.5292581,10.539164,0.730192,-0.020325031,3
76.738014,0.25752953,43.79624035674992,-87.99453137451066,0,1,8508.809,-0.030496856,6,1,false,false,-1.8723322,1.7854042,9.195961,0.7298279,-0.022606095,3
76.76804,0.25772887,43.796251337151375,-87.99452690132668,0,1,8515.333,-0.038890317,6,1,false,false,-2.1615374,1.8313165,8.686457,0.7294274,-0.025600152,3
76.79963,0.2579283,43.796262407506596,-87.99452230389073,0,1,8517.5,-0.04364531,6,1,false,false,-2.2560651,1.9566363,10.733861,0.72896105,-0.031099295,3
76.82774,0.25812784,43.79627347786182,-87.99451770645477,0,1,8516.267,-0.0486816,6,1,false,false,-2.3126287,1.5613753,10.074164,0.7284107,-0.036251944,3
76.855316,0.25832745,43.79628445826327,-87.99451310901584,0,1,8525.355,-0.053158533,6,1,false,false,-2.7402751,1.8754203,12.346817,0.7277277,-0.045329936,3
76.884384,0.25852713,43.79629552875583,-87.99450863583336,0,1,8534.702,-0.05287831,6,1,false,false,-3.265971,1.924172,11.836057,0.72687495,-0.053891618,3
76.91574,0.25872687,43.79630659911104,-87.99450403839592,0,1,8529.508,-0.052038763,6,1,false,false,-3.4862316,1.957041,13.068831,0.72591764,-0.05766728,3
76.94952,0.25892672,43.79631766946626,-87.99449931670352,0,1,8517.553,-0.050920054,6,1,false,false,-3.5255003,1.9461242,11.425327,0.7249328,-0.056972295,3
76.98012,0.25912663,43.796328649867725,-87.99449471926683,0,1,8517.133,-0.050080508,6,1,false,false,-3.7759764,1.8309313,12.873518,0.72399765,-0.053602792,3
77.00829,0.25932664,43.79633972022294,-87.99449012182976,0,1,8525.807,-0.0500805,6,1,false,false,-3.7520049,1.49661,11.098771,0.72311574,-0.052034914,3
77.034836,0.25952673,43.79635079071549,-87.99448540013728,0,1,8532.501,-0.051479407,6,1,false,false,-3.293755,1.5946486,10.169777,0.7222631,-0.049992744,3
77.06222,0.25972688,43.796361861070714,-87.99448080269994,0,1,8536.976,-0.05343767,6,1,false,false,-3.478275,1.7295521,9.811728,0.72144145,-0.04929789,3
77.088524,0.2599271,43.79637284147217,-87.99447608100792,0,1,8541.168,-0.05259811,6,1,false,false,-3.1631348,1.6843704,9.194244,0.72060853,-0.050833173,3
77.114655,0.2601274,43.79638391182739,-87.99447135931553,0,1,8549.279,-0.050639845,6,1,false,false,-3.3662734,1.596145,10.806062,0.71976143,-0.05169108,3
77.14008,0.26032773,43.79639498218261,-87.99446663762315,0,1,8556.838,-0.047842037,6,1,false,false,-3.945502,1.3570789,10.840728,0.71887934,-0.055052724,3
77.167114,0.26052818,43.79640605267517,-87.99446191593076,0,1,8562.454,-0.046443123,6,1,false,false,-3.862735,1.6435637,10.582845,0.7179199,-0.05698046,3
77.198006,0.2607287,43.79641712303038,-87.9944571942369,0,1,8561.787,-0.047842026,6,1,false,false,-4.041155,2.1531334,11.670499,0.71697766,-0.053432856,3
77.228966,0.26092926,43.7964281933856,-87.99445247254599,0,1,8552.29,-0.051479418,6,1,false,false,-3.9248438,1.8804221,10.936806,0.7161131,-0.0494549,3
77.25834,0.26112995,43.796439263878156,-87.99444775085509,0,1,8550.22,-0.05735526,6,1,false,false,-3.8605254,1.7629324,10.458038,0.71530366,-0.048314724,3
77.284386,0.2613307,43.79645024414228,-87.99444290490628,0,1,8561.663,-0.060712423,6,1,false,false,-3.732708,1.4975162,8.0034075,0.7144989,-0.049483217,3
77.308685,0.2615315,43.79646131463483,-87.99443805895746,0,1,8573.255,-0.06127068,6,1,false,false,-3.5021763,1.3890562,7.3498435,0.7136773,-0.051688377,3
77.33242,0.2617324,43.796472384990054,-87.99443333726656,0,1,8579.916,-0.059592653,6,1,false,false,-3.5869615,1.455896,7.9189286,0.7128055,-0.055204522,3
77.357155,0.26193333,43.79648345534527,-87.9944284913207,0,1,8586.888,-0.054836575,6,1,false,false,-3.4549696,1.5898632,7.4956226,0.7118684,-0.057850648,3
77.3845,0.26213437,43.79649452583782,-87.99442364536893,0,1,8593.667,-0.048122246,6,1,false,false,-3.4337559,1.4990246,7.6949134,0.71092355,-0.056035813,3
77.41214,0.26233548,43.79650559619304,-87.99441879942309,0,1,8595.424,-0.042526618,6,1,false,false,-3.242465,1.6056583,7.243362,0.7100247,-0.0524897,3
77.44057,0.26253664,43.796516666548264,-87.99441395347723,0,1,8597.324,-0.035532057,6,1,false,false,-3.4335845,1.8156732,9.587631,0.7091894,-0.04804954,3
77.46945,0.2627379,43.79652773690348,-87.99440898327347,0,1,8598.365,-0.030496866,6,1,false,false,-3.419788,1.5510309,8.887482,0.7084332,-0.04311995,3
77.496765,0.2629392,43.79653880739603,-87.99440413732762,0,1,8600.097,-0.036092486,6,1,false,false,-3.1026952,1.6556394,10.810841,0.70776325,-0.03729102,3
77.52615,0.2631406,43.796549877751254,-87.99439916712386,0,1,8601.91,-0.04140684,6,1,false,false,-3.3967495,1.8470896,9.9609165,0.707153,-0.036314745,3
77.55464,0.26334208,43.796560948106475,-87.994394321178,0,1,8599.694,-0.03860902,6,1,false,false,-3.0346546,1.6344719,9.562693,0.70651895,-0.038810376,3
77.584145,0.2635436,43.79657201859902,-87.99438935097426,0,1,8599.024,-0.03189576,6,1,false,false,-2.9096305,1.788345,9.289836,0.70588857,-0.03639584,3
77.61028,0.26374525,43.79658308895424,-87.9943843807705,0,1,8603.783,-0.022941884,6,1,false,false,-2.819335,1.5557506,12.022327,0.7053016,-0.034109823,3
77.63669,0.26394692,43.796594159309464,-87.99437941057266,0,1,8610.499,-0.017906677,6,1,false,false,-2.340326,1.5912845,8.43314,0.70478225,-0.02742285,3
77.66361,0.26414868,43.796605229664685,-87.99437444036298,0,1,8614.632,-0.023502316,6,1,false,false,-2.3964996,1.6872438,9.253308,0.7043746,-0.022221632,3
77.69189,0.2643505,43.79661630015723,-87.99436947016514,0,1,8612.322,-0.02462101,6,1,false,false,-2.3247721,1.657475,11.016143,0.7040073,-0.02218581,3
77.717896,0.2645524,43.796627370512454,-87.99436449996732,0,1,8613.366,-0.02713861,6,1,false,false,-1.8355803,1.7156849,11.496042,0.7036308,-0.022080982,3
77.74422,0.26475438,43.796638440867675,-87.99435952975763,0,1,8623.731,-0.031615555,6,1,false,false,-2.3847795,1.7402424,9.38259,0.70322454,-0.026345944,3
77.7713,0.2649564,43.79664960131399,-87.99435443530189,0,1,8624.733,-0.027978178,6,1,false,false,-1.9466014,1.6833975,9.150762,0.70275104,-0.028489072,3
77.79973,0.2651585,43.79666067166921,-87.99434946510405,0,1,8620.542,-0.038049668,6,1,false,false,-2.2162094,1.6672482,11.669081,0.70230633,-0.027377317,3
77.825325,0.2653607,43.79667174202442,-87.99434449489436,0,1,8624.382,-0.047562905,6,1,false,false,-2.6447825,1.5959421,12.202538,0.7017898,-0.0350429,3
77.85015,0.26556295,43.79668281251698,-87.99433940043863,0,1,8635.72,-0.048961803,6,1,false,false,-2.7395892,1.7754731,10.493871,0.7010951,-0.04433444,3
77.878365,0.26576525,43.796693972825956,-87.99433430598289,0,1,8636.093,-0.048122253,6,1,false,false,-2.662972,1.9218976,10.553873,0.7003106,-0.046906155,3
77.90817,0.26596767,43.79670504331851,-87.99432933578505,0,1,8625.072,-0.045324434,6,1,false,false,-2.5540552,1.6907879,10.618198,0.6995391,-0.04600326,3
77.93435,0.2661701,43.79671611367373,-87.99432424131746,0,1,8625.509,-0.039728798,6,1,false,false,-2.6177998,1.6927731,9.654034,0.698793,-0.045166414,3
77.95681,0.26637265,43.796727184028946,-87.99431914686171,0,1,8642.449,-0.029097948,6,1,false,false,-2.4384124,1.366538,8.644461,0.6980747,-0.042093128,3
77.979485,0.26657522,43.79673834447526,-87.99431405240598,0,1,8655.921,-0.01986494,6,1,false,false,-2.018496,1.3600018,8.326651,0.6974442,-0.035160925,3
78.00501,0.26677787,43.79674941483048,-87.99430895795024,0,1,8656.697,-0.012031915,6,1,false,false,-1.8547915,1.6793153,7.3736653,0.69693255,-0.027802125,3
78.031166,0.2669806,43.7967604851857,-87.9943038634945,0,1,8654.909,-0.0058758482,6,1,false,false,-1.6647286,1.5776228,9.046538,0.6965425,-0.020566251,3
78.056694,0.26718336,43.79677164563201,-87.99429864478084,0,1,8660.92,-0.0075549735,6,1,false,false,-1.3126802,1.5160131,9.002249,0.69627357,-0.012973997,3
78.08145,0.26738623,43.796782715987234,-87.9942935503251,0,1,8670.294,-0.008393453,6,1,false,false,-1.3342391,1.6189903,9.4474125,0.6960824,-0.010223988,3
78.108925,0.26758912,43.79679387643355,-87.99428845586935,0,1,8670.367,-0.004476941,6,1,false,false,-1.181138,1.7012856,10.226874,0.6959145,-0.008856297,3
78.13811,0.2677921,43.79680494678877,-87.99428323714386,0,1,8663.294,-0.0030780318,6,1,false,false,-0.81882334,1.8324815,9.459843,0.6957926,-0.0056103272,3
78.16581,0.26799518,43.79681601714398,-87.99427814268812,0,1,8661.199,-0.0016791231,6,1,false,false,-0.62948775,1.6162688,9.581847,0.6957165,-0.0036853375,3
78.19211,0.2681983,43.796827177590295,-87.99427292397446,0,1,8667.726,0.002517603,6,1,false,false,-0.5407361,1.6046325,9.729622,0.69567007,-0.0020899102,3
78.21646,0.2684015,43.79683833803661,-87.99426782951872,0,1,8674.36,0.007552808,6,1,false,false,-0.2073919,1.4804322,9.068557,0.6956623,0.00060642743,3
78.2412,0.2686048,43.79684940839183,-87.99426261080508,0,1,8677.309,0.012308881,6,1,false,false,0.25358444,1.4337243,8.512164,0.69571215,0.0046703946,3
78.26637,0.2688081,43.79686056883814,-87.99425751634934,0,1,8680.667,0.0142682195,6,1,false,false,0.12408687,1.5649313,8.1601715,0.69583535,0.008879011,3
78.291885,0.2690115,43.79687163919336,-87.99425229763568,0,1,8684.842,0.013427577,6,1,false,false,0.46466917,1.4671866,9.498927,0.6960135,0.01155442,3
78.31678,0.26921496,43.796882799639675,-87.99424720317994,0,1,8688.021,0.007833025,6,1,false,false,0.68302673,1.4215618,7.6214786,0.6962278,0.01309336,3
78.34197,0.26941848,43.796893959948655,-87.99424198446629,0,1,8691.392,0.005315421,6,1,false,false,0.65344596,1.4914091,9.461707,0.696443,0.011412709,3
78.36748,0.2696221,43.79690512039497,-87.99423689001055,0,1,8694.908,0.0067143296,6,1,false,false,0.43873864,1.4282358,9.686043,0.696606,0.007922133,3
78.39242,0.26982573,43.79691628070395,-87.9942316712969,0,1,8697.705,0.008951717,6,1,false,false,0.47038555,1.6383595,9.627233,0.6967214,0.007110379,3
78.42041,0.27002946,43.7969273511965,-87.99422657684116,0,1,8699.866,0.00055826467,6,1,false,false,0.5788697,1.6334785,8.09941,0.69685745,0.007631159,3
78.44638,0.27023324,43.79693851150548,-87.9942213581275,0,1,8697.37,-0.011191271,6,1,false,false,-0.02998969,1.4611303,6.99664,0.69695616,0.0021078028,3
78.470764,0.2704371,43.79694967195179,-87.99421613941385,0,1,8702.053,-0.01986494,6,1,false,false,-0.022113085,1.4355047,8.533627,0.6969541,-0.0040156767,3
78.49384,0.27064103,43.796960832398106,-87.99421104495812,0,1,8713.681,-0.03357381,6,1,false,false,-0.4663185,1.1911937,8.162081,0.6968356,-0.012216405,3
78.51792,0.27084497,43.796971992707086,-87.99420582624447,0,1,8719.826,-0.040568363,6,1,false,false,-1.0592072,1.5364363,9.159878,0.69653225,-0.02382528,3
78.545,0.27104902,43.7969831531534,-87.99420060753081,0,1,8716.714,-0.045324426,6,1,false,false,-1.1805441,1.6090916,9.503147,0.6960511,-0.03303283,3
78.57255,0.27125314,43.79699440355348,-87.99419551307507,0,1,8711.43,-0.049521144,6,1,false,false,-1.8866351,1.4639393,10.736516,0.6954173,-0.04239833,3
78.59939,0.2714573,43.79700556399979,-87.99419029436142,0,1,8712.456,-0.047562893,6,1,false,false,-2.1113548,1.6339468,10.602108,0.69463456,-0.04906943,3
78.62513,0.27166155,43.79701672430877,-87.99418507564778,0,1,8716.083,-0.0422464,6,1,false,false,-2.2440991,1.5796499,10.0824375,0.6937834,-0.050676905,3
78.65145,0.27186587,43.79702788475508,-87.99417985693412,0,1,8715.187,-0.034412287,6,1,false,false,-2.4059908,1.5525138,11.150605,0.69296724,-0.046832863,3
78.676025,0.27207026,43.797039045201394,-87.99417463822047,0,1,8715.169,-0.027418833,6,1,false,false,-2.5954597,1.4592054,10.951415,0.69222695,-0.04216904,3
78.699295,0.27227473,43.797050205510374,-87.99416941950682,0,1,8722.113,-0.022941886,6,1,false,false,-2.3780146,1.5381781,10.642596,0.69156474,-0.036080208,3
78.72377,0.27247924,43.797061455910445,-87.99416420079316,0,1,8728.173,-0.02825731,6,1,false,false,-2.4827092,1.4458722,8.846436,0.69101876,-0.029905614,3
78.74923,0.2726838,43.79707261635676,-87.9941588578453,0,1,8726.21,-0.03804967,6,1,false,false,-2.531561,1.5906676,9.584914,0.69055194,-0.027894126,3
78.773155,0.27288845,43.79708377666574,-87.99415363913167,0,1,8725.769,-0.050080493,6,1,false,false,-2.90218,1.3793886,10.343707,0.6900805,-0.031981833,3
78.79537,0.27309316,43.79709493711205,-87.9941482961601,0,1,8735.407,-0.05707396,6,1,false,false,-3.0598152,1.3241612,11.254901,0.6894628,-0.04232404,3
78.817566,0.2732979,43.79710609755837,-87.99414307744645,0,1,8746.735,-0.0629509,6,1,false,false,-3.3217049,1.4901737,12.933185,0.68865556,-0.052144695,3
78.84225,0.27350274,43.79711734795844,-87.99413773447489,0,1,8745.647,-0.063510224,6,1,false,false,-3.6670017,1.6087798,13.139843,0.6876634,-0.062166385,3
78.87031,0.27370763,43.79712850826742,-87.99413239150334,0,1,8735.846,-0.056235485,6,1,false,false,-3.9745293,1.8114344,14.07277,0.68654424,-0.06626809,3
78.897644,0.27391258,43.79713966871373,-87.99412704853178,0,1,8728.937,-0.04196727,6,1,false,false,-3.7891517,1.667257,14.137961,0.6854225,-0.062699325,3
78.922424,0.27411762,43.797150829160046,-87.99412170558392,0,1,8731.03,-0.027138617,6,1,false,false,-3.3855448,1.5042628,12.556508,0.68444955,-0.050942566,3
78.945496,0.27432272,43.79716207956012,-87.99411636261236,0,1,8736.391,-0.012031911,6,1,false,false,-2.9157865,1.3937123,11.627263,0.6837128,-0.036769137,3
78.9674,0.27452788,43.7971732398691,-87.9941110196408,0,1,8739.809,-0.001398909,6,1,false,false,-2.3262622,1.2511083,12.37302,0.68323356,-0.02184057,3
78.988434,0.2747331,43.797184400315416,-87.99410555241134,0,1,8745.283,-0.0030780318,6,1,false,false,-1.7080501,1.2732898,8.847819,0.6829782,-0.009826062,3
79.009605,0.27493837,43.79719565071549,-87.99410020943978,0,1,8753.508,-0.013149526,6,1,false,false,-1.613449,1.2899792,9.136116,0.68287593,-0.0044552907,3
79.032455,0.27514368,43.7972068111618,-87.99409474223401,0,1,8757.433,-0.025180355,6,1,false,false,-1.4353187,1.2732029,8.032748,0.6828051,-0.0066041737,3
79.05364,0.27534908,43.79721797147078,-87.99408939926245,0,1,8760.445,-0.03497272,6,1,false,false,-1.1814435,1.1388166,8.583237,0.6826565,-0.013531721,3
79.073105,0.27555454,43.79722922187085,-87.99408393205668,0,1,8770.552,-0.037210107,6,1,false,false,-1.5192877,1.1436822,9.810136,0.6823438,-0.024439793,3
79.095726,0.27576002,43.79724038231717,-87.99407858908512,0,1,8780.474,-0.029377077,6,1,false,false,-1.660083,1.4613284,8.506042,0.68186116,-0.031497788,3
79.11973,0.27596557,43.79725154262615,-87.99407312183196,0,1,8777.421,-0.01930559,6,1,false,false,-1.4934971,1.4767319,9.753383,0.6813235,-0.030937329,3
79.14597,0.2761712,43.79726279302622,-87.99406765462619,0,1,8769.206,-0.00643628,6,1,false,false,-1.2690763,1.6256882,10.636677,0.68083966,-0.025612995,3
79.16991,0.27637687,43.79727395347253,-87.99406218742043,0,1,8770.489,0.0064341156,6,1,false,false,-0.95943993,1.3124766,11.019314,0.68047744,-0.015885573,3
79.193,0.27658266,43.797285203872605,-87.99405672016725,0,1,8777.19,0.013427578,6,1,false,false,-0.5470991,1.6038713,11.504944,0.6803019,-0.0032487474,3
79.21669,0.27678847,43.79729636431892,-87.99405125296148,0,1,8777.3125,0.014547355,6,1,false,false,-0.33844084,1.4456658,8.358185,0.6803159,0.0052171904,3
79.24226,0.27699435,43.79730761465033,-87.99404590998994,0,1,8770.864,0.014826487,6,1,false,false,0.1134768,1.4449551,8.600894,0.6804744,0.012016527,3
79.26381,0.2772003,43.79731877509664,-87.99404044278417,0,1,8773.881,0.0061538992,6,1,false,false,-0.027563214,1.0779712,7.261605,0.6807291,0.013339464,3
79.2807,0.2774063,43.79733002549671,-87.994034975531,0,1,8791.845,0.0022373889,6,1,false,false,0.14532475,1.0860296,9.107042,0.68093747,0.009705603,3
79.29907,0.27761233,43.79734118587436,-87.99402950832523,0,1,8807.932,-0.0030780318,6,1,false,false,0.20454574,1.2204809,9.440509,0.68108606,0.007993673,3
79.32207,0.27781844,43.79735243627444,-87.99402404107207,0,1,8807.117,-0.008393452,6,1,false,false,0.11431268,1.4476026,9.070982,0.6811708,0.0031154668,3
79.3486,0.2780246,43.79736368667451,-87.9940185738663,0,1,8795.607,-0.0083934525,6,1,false,false,0.10878375,1.5530912,9.452721,0.6811723,-0.0017510168,3
79.37332,0.27823085,43.79737493707458,-87.99401310666053,0,1,8791.539,-0.0055956347,6,1,false,false,0.23117386,1.4786532,9.419901,0.6811184,-0.004304086,3
79.39649,0.27843714,43.797386097452225,-87.99400763940736,0,1,8799.162,-0.0002802147,6,1,false,false,0.22901645,1.3644379,9.2587805,0.6810477,-0.0047600167,3
79.417336,0.2786435,43.7973973478523,-87.99400217220159,0,1,8805.235,0.007833024,6,1,false,false,0.5285779,1.3861037,10.747035,0.68098724,-0.0027203436,3
79.43706,0.2788499,43.797408598252375,-87.99399658071422,0,1,8808.968,0.012869312,6,1,false,false,0.47876096,1.141639,8.716335,0.6809894,0.0025537692,3
79.45925,0.27905637,43.79741984865245,-87.99399111350846,0,1,8814.549,0.01342758,6,1,false,false,0.46037173,1.3783599,8.251809,0.68106705,0.0064844247,3
79.4824,0.27926287,43.797431099052524,-87.99398564630269,0,1,8815.591,0.0069934605,6,1,false,false,0.7049525,1.3202516,9.515594,0.68120813,0.009718456,3
79.50388,0.27946946,43.797442349452595,-87.99398017904952,0,1,8814.521,-0.0039175935,6,1,false,false,0.11184704,1.4648321,9.887363,0.6813646,0.00741188,3
79.52753,0.27967608,43.79745359985267,-87.99397471184375,0,1,8817.943,-0.010633007,6,1,false,false,-0.19006972,1.415148,8.013717,0.68143153,0.0007546185,3
79.55056,0.2798828,43.797464850252744,-87.99396924459059,0,1,8819.815,-0.025739709,6,1,false,false,-0.32500738,1.3085859,9.077912,0.6814072,-0.005697826,3
79.57221,0.28008956,43.797476100652815,-87.99396377738482,0,1,8820.941,-0.043366175,6,1,false,false,-0.98825777,1.2884419,9.79064,0.6812484,-0.015997166,3
79.59166,0.28029636,43.797487351052894,-87.99395831017905,0,1,8826.845,-0.060153067,6,1,false,false,-1.6567171,1.1413187,8.296789,0.68085515,-0.031980816,3
79.613754,0.2805032,43.797498601452965,-87.99395284292589,0,1,8833.174,-0.06882565,6,1,false,false,-1.813653,1.362153,9.407973,0.68018144,-0.046832986,3
79.63639,0.28071013,43.79750985185304,-87.9939472514859,0,1,8832.812,-0.06882566,6,1,false,false,-2.7691588,1.3449943,11.202041,0.6792924,-0.059643943,3
79.66037,0.2809171,43.797521102253114,-87.99394178423275,0,1,8827.029,-0.05371788,6,1,false,false,-2.6311479,1.3107628,9.9971285,0.67820513,-0.067410186,3
79.68239,0.28112414,43.797532352653185,-87.99393619274537,0,1,8828.505,-0.039169442,6,1,false,false,-2.6233144,1.2450501,10.041054,0.67711115,-0.061434533,3
79.70448,0.28133124,43.79754360305326,-87.9939307255396,0,1,8833.882,-0.01986494,6,1,false,false,-2.5495007,1.341712,9.545659,0.6761593,-0.05122282,3
79.72699,0.2815384,43.797554853453335,-87.99392513405223,0,1,8834.617,0.0022373912,6,1,false,false,-2.3486328,1.1887275,9.130622,0.6754354,-0.035800945,3
79.74868,0.2817456,43.79756619387584,-87.99391954256485,0,1,8833.137,0.017624304,6,1,false,false,-1.3504186,1.2326032,7.9787936,0.6750112,-0.0152345,3
79.76979,0.2819529,43.79757744427591,-87.99391407535909,0,1,8840.308,0.015106702,6,1,false,false,-1.406806,1.4199224,8.781737,0.6749374,0.0019878112,3
79.789925,0.2821602,43.79758869467599,-87.9939084838717,0,1,8846.583,0.008672583,6,1,false,false,-0.8564083,1.0612947,7.6518564,0.67505604,0.009415352,3
79.8091,0.2823676,43.79759994507606,-87.99390289243173,0,1,8851.754,-0.0067154113,6,1,false,false,-0.93535197,1.1200889,8.364157,0.67525333,0.011081021,3
79.82853,0.282575,43.79761119547613,-87.99389730094435,0,1,8858.325,-0.018745163,6,1,false,false,-0.9912143,1.1561185,9.968873,0.67537695,0.002752306,3
79.85075,0.28278247,43.79762253589863,-87.99389170945699,0,1,8861.509,-0.024340797,6,1,false,false,-0.8299308,1.5711777,11.231946,0.67531574,-0.00747377,3
79.87531,0.28299,43.797633786298704,-87.99388611796961,0,1,8855.504,-0.032734253,6,1,false,false,-1.0002754,1.4562452,10.173708,0.6751075,-0.016366702,3
79.90141,0.2831976,43.79764503669878,-87.99388052648223,0,1,8845.454,-0.031895768,6,1,false,false,-0.97558993,1.5895771,10.035626,0.67476124,-0.023036756,3
79.923386,0.28340527,43.79765628709885,-87.99387493504226,0,1,8844.488,-0.02434079,6,1,false,false,-1.3491976,0.9608098,10.215656,0.67434096,-0.027994271,3
79.94192,0.283613,43.79766762745269,-87.99386934355488,0,1,8855.754,-0.010352789,6,1,false,false,-0.748787,1.1147861,11.680727,0.6738859,-0.024384394,3
79.959206,0.28382075,43.79767887785276,-87.9938636277859,0,1,8870.338,-0.006156065,6,1,false,false,-1.1911783,1.2400877,11.600504,0.6735289,-0.01863212,3
79.982185,0.2840286,43.79769012825284,-87.99385803634593,0,1,8868.392,0.0036362978,6,1,false,false,-0.7233101,1.4746177,10.358405,0.673246,-0.012827618,3
80.00555,0.28423643,43.797701468675335,-87.99385244485855,0,1,8855.705,0.004195644,6,1,false,false,-0.6615101,1.2876195,9.243254,0.6731057,-0.004483092,3
80.02855,0.2844444,43.79771271907541,-87.99384685337117,0,1,8855.694,-0.0044769417,6,1,false,false,-0.5186368,1.3689597,10.933388,0.6730735,0.0001817446,3
80.04586,0.28465238,43.79772405949791,-87.9938411376496,0,1,8867.897,-0.012590177,6,1,false,false,-0.6155958,1.1325843,9.796398,0.673078,-0.00027688363,3
80.066574,0.2848604,43.79773530989799,-87.99383554616222,0,1,8875.986,-0.013149525,6,1,false,false,-0.7524388,1.1864567,10.064622,0.67303985,-0.005027089,3
80.08617,0.2850685,43.79774665025182,-87.99382995467484,0,1,8870.939,-0.0111912675,6,1,false,false,-0.21077088,1.075546,9.529594,0.67293286,-0.0073383334,3
80.10579,0.28527665,43.797757900651895,-87.99382423895325,0,1,8873.375,-0.010912136,6,1,false,false,-0.44426438,1.17624,11.124781,0.67279255,-0.009490419,3
80.12646,0.28548485,43.79776924107439,-87.99381864746589,0,1,8881.403,-0.0033582468,6,1,false,false,-0.4209297,1.3055859,9.432883,0.67259616,-0.011242415,3
80.147514,0.2856931,43.79778049147447,-87.9938129317443,0,1,8881.861,-0.0030780325,6,1,false,false,-0.20878509,1.1721892,10.695795,0.6724381,-0.0068665924,3
80.16838,0.2859014,43.797791831896966,-87.99380734025692,0,1,8877.997,-0.0089538805,6,1,false,false,-0.41428888,1.1922908,10.655317,0.6723411,-0.0052489904,3
80.18841,0.28610975,43.79780317231947,-87.99380162453534,0,1,8881.014,-0.013149527,6,1,false,false,-0.73769575,1.1995893,10.104429,0.67221564,-0.009279909,3
80.209305,0.28631815,43.79781442271955,-87.99379590881375,0,1,8886.003,-0.0120319165,6,1,false,false,-0.3846488,1.2220771,10.709136,0.67203027,-0.011150057,3
80.228935,0.28652662,43.79782576307338,-87.99379031732639,0,1,8886.206,-0.013429741,6,1,false,false,-0.67399096,1.3136034,10.506343,0.67184675,-0.011240227,3
80.24931,0.28673515,43.79783710349588,-87.9937846016048,0,1,8885.319,-0.013149528,6,1,false,false,-0.7843281,1.1161128,8.397681,0.67164975,-0.012775628,3
80.26865,0.2869437,43.79784835389595,-87.99377901011742,0,1,8889.446,-0.015108863,6,1,false,false,-0.99623674,1.1560867,9.89239,0.6714328,-0.014401902,3
80.2866,0.28715232,43.797859694318454,-87.99377329439584,0,1,8896.708,-0.0232221,6,1,false,false,-1.0468886,1.1821672,10.373612,0.67119783,-0.014822078,3
80.30502,0.28736097,43.79787103467229,-87.99376757862686,0,1,8903.611,-0.037491407,6,1,false,false,-1.3776668,1.1557178,6.933162,0.6709201,-0.019424079,3
80.325165,0.28756967,43.79788237509479,-87.99376186290527,0,1,8904.903,-0.047842026,6,1,false,false,-1.7599378,1.2647744,10.65263,0.670534,-0.028359465,3
80.344505,0.28777844,43.797893625494865,-87.99375614718369,0,1,8903.626,-0.052878324,6,1,false,false,-1.9316158,1.1709296,10.19545,0.66996765,-0.039363574,3
80.3629,0.28798723,43.79790496591736,-87.9937504314621,0,1,8909.434,-0.055956353,6,1,false,false,-2.3042333,1.2439299,8.733618,0.66922337,-0.048018955,3
80.38539,0.2881961,43.79791630630553,-87.99374471569313,0,1,8912.502,-0.051479407,6,1,false,false,-2.3666158,1.3691303,11.146331,0.6683779,-0.052116845,3
80.40525,0.288405,43.797927646728034,-87.99373899997154,0,1,8906.868,-0.040568363,6,1,false,false,-2.5660474,1.2243955,10.0253935,0.6675051,-0.052300885,3
80.42455,0.28861398,43.7979389871162,-87.99373328424996,0,1,8907.717,-0.02601992,6,1,false,false,-2.1898007,1.1519018,8.495415,0.6666685,-0.046639644,3
80.44389,0.288823,43.797950237516275,-87.99372756852837,0,1,8916.756,-0.009792362,6,1,false,false,-2.0309975,1.1006732,9.163741,0.6659824,-0.03591183,3
80.46138,0.28903207,43.797961577904445,-87.99372172852517,0,1,8920.372,0.00671433,6,1,false,false,-1.4855331,1.0063025,9.736432,0.6655014,-0.02219393,3
80.48047,0.2892412,43.79797291832694,-87.99371601280359,0,1,8921.955,0.013427574,6,1,false,false,-1.1811152,1.1347089,10.850594,0.6652647,-0.0066133714,3
80.49976,0.28945035,43.79798425871511,-87.9937101728004,0,1,8923.89,0.013988008,6,1,false,false,-0.58030105,1.213932,9.997617,0.6652414,0.005120999,3
80.52126,0.28965956,43.797995599137614,-87.99370445707882,0,1,8924.169,0.014547353,6,1,false,false,-0.41573742,1.3326231,12.073827,0.6653771,0.01202134,3
80.54354,0.28986883,43.79800693952578,-87.99369861707562,0,1,8919.394,0.020422118,6,1,false,false,0.036331862,1.3254286,11.080217,0.66560155,0.016311288,3
80.562874,0.29007816,43.79801827994828,-87.99369290135404,0,1,8917.975,0.020982545,6,1,false,false,0.94394624,1.2070036,11.919047,0.66591376,0.022492941,3
80.581024,0.29028752,43.79802962033645,-87.99368706139825,0,1,8924.102,0.016225394,6,1,false,false,0.68405104,1.1641645,12.081015,0.6662893,0.022690069,3
80.600136,0.29049698,43.79804096072461,-87.99368134567666,0,1,8926.999,0.017345171,6,1,false,false,1.2700894,1.2902374,11.880608,0.66662663,0.020614088,3
80.61892,0.29070646,43.798052301147116,-87.99367550567348,0,1,8924.592,0.014268218,6,1,false,false,1.3197191,1.2596413,10.617277,0.6669703,0.021178845,3
80.63795,0.29091597,43.798063641535286,-87.9936697899519,0,1,8924.693,0.01370779,6,1,false,false,1.2341306,1.1311023,10.853317,0.66730094,0.01776649,3
80.65471,0.29112554,43.79807498195778,-87.9936639499487,0,1,8929.671,0.02126276,6,1,false,false,1.7117358,0.85955375,8.044155,0.6675887,0.01702867,3
80.67124,0.29133517,43.79808632234595,-87.99365823422711,0,1,8939.558,0.026857315,6,1,false,false,1.6137712,1.0086777,9.831478,0.6678999,0.018946262,3
80.68814,0.2915448,43.798097662768456,-87.99365239422393,0,1,8944.065,0.040285975,6,1,false,false,2.0420635,1.0713347,12.356142,0.6682382,0.023358537,3
80.70512,0.2917545,43.79810900315662,-87.99364667850234,0,1,8945.584,0.047840953,6,1,false,false,2.756173,1.209219,12.072725,0.6687132,0.037070993,3
80.72544,0.29196426,43.79812043356721,-87.99364083849915,0,1,8945.962,0.042524453,6,1,false,false,3.0546157,1.4627008,13.709093,0.6693945,0.04704608,3
80.74619,0.29217407,43.79813177395538,-87.99363512277756,0,1,8938.784,0.038048595,6,1,false,false,2.9147375,1.3551364,12.97401,0.6701568,0.046994817,3
80.767365,0.29238394,43.798143114377886,-87.99362940705598,0,1,8931.801,0.03189361,6,1,false,false,3.1932583,1.4602156,11.016027,0.67089325,0.04326545,3
80.78657,0.29259384,43.79815454478848,-87.99362369123959,0,1,8932.574,0.021821026,6,1,false,false,2.5739765,1.2331345,9.041863,0.67157096,0.035665844,3
80.80311,0.2928038,43.79816588517665,-87.99361785133121,0,1,8938.591,0.0176243,6,1,false,false,2.2416315,0.81371665,6.4816456,0.6721139,0.025547344,3
80.81507,0.2930138,43.798177315587246,-87.99361213560962,0,1,8952.495,0.016785823,6,1,false,false,2.0813162,0.66254294,6.679578,0.6725221,0.019517848,3
80.82525,0.29322383,43.798188655992575,-87.99360641979324,0,1,8971.022,0.016785823,6,1,false,false,1.9753975,0.7055029,7.530658,0.67285675,0.018088462,3
80.83881,0.29343387,43.79820008640317,-87.99360070407165,0,1,8983.795,0.016785823,6,1,false,false,1.8941175,0.96767867,6.5766897,0.6731719,0.018844351,3
80.85772,0.29364398,43.7982115167966,-87.99359498835007,0,1,8982.437,0.017066035,6,1,false,false,2.0396914,1.392553,7.64337,0.67348146,0.018040713,3
80.88049,0.29385412,43.798222857201935,-87.99358927262848,0,1,8971.138,0.01818473,6,1,false,false,2.1730778,1.3442993,10.088722,0.6737828,0.018325128,3
80.900734,0.2940643,43.79823428761253,-87.9935835569069,0,1,8966.119,0.015946262,6,1,false,false,1.884601,1.1867415,8.0124445,0.6740913,0.018739756,3
80.92099,0.29427457,43.798245718023125,-87.99357796546693,0,1,8971.539,0.014826484,6,1,false,false,1.9039824,1.1994915,7.6812525,0.67439514,0.017455444,3
80.940285,0.29448485,43.79825714841655,-87.99357224965054,0,1,8973.187,0.016225392,6,1,false,false,1.6642857,1.1631985,8.867558,0.6746789,0.014874677,3
80.95752,0.2946952,43.79826857882715,-87.99356653392896,0,1,8971.099,0.022381455,6,1,false,false,1.6794809,1.0569769,8.212117,0.6749426,0.015833236,3
80.97449,0.29490557,43.79828000923774,-87.99356081820738,0,1,8977.906,0.022101246,6,1,false,false,1.6726191,1.0071172,6.691489,0.6752511,0.018996365,3
80.99157,0.295116,43.79829143964834,-87.9935551024858,0,1,8986.339,0.019863857,6,1,false,false,1.7073019,1.1309298,10.055728,0.67558765,0.019760553,3
81.006836,0.29532647,43.798302870041766,-87.99354951104581,0,1,8988.416,0.012589098,6,1,false,false,1.9169331,0.9818336,10.042504,0.6759441,0.022640992,3
81.02495,0.29553697,43.79831430045236,-87.99354379532424,0,1,8990.086,0.00895172,6,1,false,false,1.7466834,1.2028974,4.84275,0.676295,0.019934595,3
81.04934,0.29574755,43.798325730862956,-87.99353807950786,0,1,8986.242,0.019303424,6,1,false,false,1.8266912,1.4730899,7.716036,0.6765847,0.013821968,3
81.067566,0.29595816,43.79833716126497,-87.99353248806787,0,1,8975.977,0.038328804,6,1,false,false,2.1876423,0.7174107,7.414499,0.6768433,0.015197802,3
81.07802,0.29616883,43.79834859167556,-87.9935267723463,0,1,8990.774,0.061828952,6,1,false,false,2.5868912,0.4794605,6.391453,0.6772214,0.029332666,3
81.0934,0.2963795,43.798360022077574,-87.99352105662472,0,1,9017.587,0.07833563,6,1,false,false,3.4870417,1.1093528,10.188274,0.67786014,0.047901552,3
81.11008,0.29659024,43.798371542484844,-87.99351546508994,0,1,9013.796,0.08225216,6,1,false,false,4.350872,0.9975899,12.185633,0.6788457,0.07157339,3
81.13316,0.29680103,43.79838297289544,-87.99350987364996,0,1,8993.972,0.07525762,6,1,false,false,4.795816,1.5338987,9.782636,0.68013436,0.08450673,3
81.157616,0.29701188,43.798394493302716,-87.99350415792837,0,1,8983.563,0.06350806,6,1,false,false,4.68006,1.4306202,11.577818,0.6815474,0.083711855,3
81.17741,0.29722276,43.79840592370902,-87.9934985663936,0,1,8981.201,0.0509179,6,1,false,false,4.899054,0.8746609,9.916933,0.6828556,0.07250724,3
81.192345,0.29743373,43.79841744412058,-87.99349297495363,0,1,8990.031,0.038887072,6,1,false,false,5.017494,0.86051685,11.061814,0.6839929,0.06303878,3
81.20646,0.2976447,43.798428874526884,-87.99348738351365,0,1,9000.237,0.03525077,6,1,false,false,4.6061945,0.6976323,8.725454,0.6849492,0.052001383,3
81.2217,0.2978557,43.7984403949363,-87.99348179197888,0,1,9003.253,0.045881614,6,1,false,false,4.5618477,0.9749565,7.6427135,0.6857489,0.045324747,3
81.23971,0.2980668,43.79845191534532,-87.9934763248205,0,1,9001.764,0.05315529,6,1,false,false,4.4918866,1.1309487,7.299141,0.68649584,0.043154266,3
81.25537,0.29827788,43.79846343575514,-87.99347073328573,0,1,9003.208,0.05679375,6,1,false,false,4.4260573,0.7507364,8.804142,0.68724024,0.04471039,3
81.26856,0.29848903,43.798474956164554,-87.99346526612736,0,1,9013.666,0.062668525,6,1,false,false,4.468651,0.62164456,6.5235653,0.68804806,0.052123345,3
81.2836,0.2987002,43.79848647657183,-87.99345967459259,0,1,9026.52,0.06462675,6,1,false,false,4.597693,1.1745292,8.445144,0.6889881,0.059113167,3
81.300674,0.29891142,43.79849799698339,-87.99345420733943,0,1,9022.944,0.065466344,6,1,false,false,4.760211,0.8075932,6.542629,0.69001263,0.06294956,3
81.31757,0.2991227,43.79850951739066,-87.99344874018105,0,1,9017.453,0.06518613,6,1,false,false,5.0440445,0.96653205,8.105954,0.69112027,0.06850536,3
81.33386,0.29933402,43.79852103780223,-87.99344327292789,0,1,9023.3955,0.06686523,6,1,false,false,5.392488,1.0833093,9.432439,0.69230026,0.0728024,3
81.34917,0.29954535,43.79853255821379,-87.99343780567473,0,1,9030.206,0.06658504,6,1,false,false,5.7121353,1.0753835,8.8104925,0.6935456,0.076312,3
81.36774,0.29975677,43.79854407862106,-87.99343233851636,0,1,9026.257,0.06322788,6,1,false,false,5.4084797,1.0331941,7.9816065,0.6948039,0.072854735,3
81.385956,0.2999682,43.7985556890336,-87.9934268712632,0,1,9016.83,0.06014983,6,1,false,false,5.7493877,1.0902333,11.092413,0.69596064,0.066581115,3
81.4002,0.3001797,43.79856720944087,-87.99342152829163,0,1,9020.623,0.05595311,6,1,false,false,5.514512,0.7328994,8.457903,0.6970747,0.06616418,3
81.41371,0.30039123,43.798578819853404,-87.99341606103846,0,1,9035.193,0.05735201,6,1,false,false,5.5602746,0.7939737,8.820411,0.69814736,0.06255139,3
81.42962,0.30060276,43.79859043026593,-87.99341071806691,0,1,9036.462,0.06938284,6,1,false,false,5.88297,1.1235323,8.2617235,0.699168,0.06057083,3
81.44561,0.3008144,43.79860195067321,-87.99340537509535,0,1,9028.657,0.082252175,6,1,false,false,5.627093,0.9616909,8.146247,0.70020765,0.06329027,3
81.45847,0.30102605,43.79861356109432,-87.99340003221859,0,1,9030.49,0.095401146,6,1,false,false,6.942929,0.60538226,8.847208,0.7013641,0.07726515,3
81.46904,0.3012377,43.79862517149827,-87.99339468924703,0,1,9048.248,0.110509485,6,1,false,false,7.529423,0.4243198,11.31562,0.70284295,0.10097353,3
81.483406,0.30144942,43.79863678191939,-87.99338934627548,0,1,9057.037,0.12197985,6,1,false,false,8.595375,1.1313471,12.151841,0.70470697,0.12224257,3
81.50264,0.30166116,43.79864839232334,-87.99338412749073,0,1,9042.999,0.117783144,6,1,false,false,8.757733,1.1946683,10.817112,0.70682186,0.12895606,3
81.522484,0.301873,43.798660002744455,-87.99337890880076,0,1,9023.387,0.1093897,6,1,false,false,8.503867,1.0084809,7.677632,0.7089115,0.12005744,3
81.538284,0.3020849,43.79867161314841,-87.99337369011081,0,1,9025.288,0.0979193,6,1,false,false,8.179208,0.62925607,7.636242,0.71080035,0.10549496,3
81.54924,0.30229688,43.79868322356952,-87.99336847142087,0,1,9042.589,0.09288299,6,1,false,false,7.796278,0.5731127,10.070428,0.7124582,0.09526188,3
81.5575,0.30250895,43.79869492397873,-87.99336337691773,0,1,9058.094,0.09484235,6,1,false,false,7.616612,0.5519837,10.198557,0.71405035,0.09754684,3
81.56851,0.30272105,43.79870653439985,-87.99335815822778,0,1,9064.472,0.100437425,6,1,false,false,7.958382,0.81466717,8.831537,0.71573657,0.10515927,3
81.58609,0.3029332,43.79871823480906,-87.99335306372464,0,1,9060.962,0.099318184,6,1,false,false,8.175328,1.2619069,8.850088,0.7175386,0.10903417,3
81.604836,0.3031454,43.79872993521827,-87.99334796931629,0,1,9050.374,0.08980605,6,1,false,false,8.144019,1.1840712,9.706308,0.7193132,0.10234731,3
81.62115,0.30335763,43.79874154563938,-87.99334287481315,0,1,9045.948,0.08085324,6,1,false,false,8.0437765,1.0733566,10.868372,0.7209459,0.09357529,3
81.63548,0.30356994,43.79875324604859,-87.99333790468641,0,1,9052.947,0.06854329,6,1,false,false,7.5767827,0.84578234,10.128041,0.7224321,0.084040284,3
81.64978,0.30378225,43.7987649464578,-87.99333281018328,0,1,9059.392,0.057072874,6,1,false,false,6.852796,0.7791439,8.279129,0.72373235,0.07188531,3
81.664566,0.30399463,43.798776646901345,-87.99332783996175,0,1,9059.123,0.05063768,6,1,false,false,6.2664022,1.0531741,8.515217,0.7248297,0.060330313,3
81.67965,0.30420706,43.798788347310555,-87.99332286974021,0,1,9059.632,0.053995922,6,1,false,false,5.769398,0.9775817,10.189887,0.72575206,0.05169314,3
81.69537,0.30441952,43.798800047719766,-87.99331789961347,0,1,9063.855,0.062947646,6,1,false,false,5.654896,0.9769341,7.752865,0.72657263,0.04865975,3
81.71046,0.304632,43.7988118381514,-87.99331305367355,0,1,9067.444,0.07162021,6,1,false,false,5.144703,0.8902256,7.251945,0.7273941,0.050553974,3
81.725235,0.30484456,43.79882353856061,-87.99330808345202,0,1,9067.757,0.08309062,6,1,false,false,5.1933947,0.67067015,9.588727,0.7282825,0.05836676,3
81.7411,0.30505717,43.79883523896982,-87.9933032375121,0,1,9071.008,0.08393128,6,1,false,false,5.745784,1.0791459,11.637047,0.7293896,0.07409234,3
81.75819,0.30526984,43.79884702940146,-87.99329826729056,0,1,9072.767,0.07441807,6,1,false,false,6.077396,1.2613055,14.19946,0.73076,0.086229496,3
81.77619,0.30548254,43.79885872981067,-87.99329342135063,0,1,9062.897,0.053155288,6,1,false,false,5.705314,1.028444,11.414766,0.7322156,0.082345404,3
81.79786,0.3056953,43.79887052020798,-87.9932885754107,0,1,9050.466,0.024899065,6,1,false,false,4.603465,1.0691465,11.503831,0.7334367,0.060623977,3
81.81487,0.30590814,43.79888231063961,-87.99328372947079,0,1,9046.47,0.005315423,6,1,false,false,3.4457161,0.7390825,10.796335,0.73421216,0.033782594,3
81.82585,0.30612102,43.79889401104882,-87.99327900771766,0,1,9059.467,0.0053154207,6,1,false,false,2.7368124,0.54894394,10.00225,0.73459846,0.015314813,3
81.83891,0.30633393,43.79890580148046,-87.99327416177775,0,1,9074.693,0.007552808,6,1,false,false,2.5749483,0.7658826,10.206892,0.7347611,0.0061623086,3
81.852974,0.3065469,43.79891759187776,-87.99326931583782,0,1,9074.44,0.012589098,6,1,false,false,2.1100192,0.83490485,12.3497,0.73483425,0.0039232555,3
81.86828,0.30675992,43.7989293823094,-87.9932645941795,0,1,9069.9,0.013148444,6,1,false,false,1.8494444,0.8651898,9.363456,0.7349286,0.0069265366,3
81.88574,0.306973,43.79894117274104,-87.99325974823958,0,1,9072.439,0.0072736745,6,1,false,false,1.2593533,0.9509021,11.997527,0.7350772,0.008906753,3
81.90186,0.30718616,43.79895296313834,-87.99325502648645,0,1,9071.883,0.0036362964,6,1,false,false,0.8730695,0.76829064,11.490715,0.7352171,0.006885945,3
81.917885,0.30739933,43.798964753569976,-87.99325018054654,0,1,9070.722,0.0016780415,6,1,false,false,0.8527041,1.0264388,9.953244,0.73532504,0.004850977,3
81.93436,0.3076126,43.79897654400162,-87.99324545888821,0,1,9070.168,0.0025176033,6,1,false,false,0.6983479,0.8837585,10.1071,0.7353844,0.0023925216,3
81.94901,0.3078259,43.79898833439892,-87.99324061294828,0,1,9070.738,0.0044758585,6,1,false,false,0.5858727,0.71666735,10.700816,0.7354038,0.0014853379,3
81.96149,0.30803925,43.799000124830556,-87.99323589119517,0,1,9078.769,0.00307695,6,1,false,false,0.22343943,0.8158376,10.067962,0.73543334,0.0019415467,3
81.97428,0.30825266,43.7990119152622,-87.99323104525524,0,1,9087.395,-0.002518685,6,1,false,false,-0.009226248,0.8698119,8.705944,0.7354654,0.0014615762,3
81.989845,0.3084661,43.7990237056595,-87.99322632359693,0,1,9087.389,-0.011471485,6,1,false,false,-0.31217355,0.8415568,9.088708,0.73546267,-0.0017682855,3
82.00506,0.3086796,43.7990354960568,-87.993221477657,0,1,9083.482,-0.016786907,6,1,false,false,-0.54608095,0.94396305,9.470332,0.7353809,-0.0074360645,3
82.01906,0.30889317,43.79904728652277,-87.99321675599869,0,1,9087.805,-0.020983635,6,1,false,false,-0.5729761,0.9989005,8.132232,0.73521435,-0.012457817,3
82.03489,0.3091068,43.79905907692008,-87.99321191005876,0,1,9093.603,-0.020144066,6,1,false,false,-0.9256004,0.96665084,10.901306,0.7349682,-0.016354203,3
82.04906,0.30932048,43.79907095733981,-87.99320718830565,0,1,9091.013,-0.014548434,6,1,false,false,-0.9283122,0.8778599,11.409196,0.73467106,-0.018251652,3
82.06341,0.3095342,43.79908274773711,-87.99320234236572,0,1,9092.524,-0.012311048,6,1,false,false,-0.95345867,0.9182295,8.574819,0.73438627,-0.016318982,3
82.08037,0.30974796,43.799094538203086,-87.9931976207074,0,1,9095.754,-0.01259018,6,1,false,false,-0.8086239,1.0327893,9.802799,0.73414606,-0.012688176,3
82.0951,0.30996177,43.79910632860039,-87.99319277476748,0,1,9093.959,-0.014828649,6,1,false,false,-1.0167298,0.8265729,13.105668,0.73394763,-0.011869094,3
82.10769,0.3101757,43.79911820902012,-87.99318805301436,0,1,9096.21,-0.012870392,6,1,false,false,-0.72082156,0.84108335,10.411415,0.73373854,-0.01318273,3
82.12254,0.31038973,43.799129999417424,-87.99318320707444,0,1,9102.388,-0.0067154113,6,1,false,false,-0.8159618,0.921365,11.27871,0.7335458,-0.011044536,3
82.139336,0.31060386,43.79914178988339,-87.99317836113451,0,1,9095.831,0.008392371,6,1,false,false,-0.73643446,0.7403722,10.54711,0.733393,-0.0069042486,3
82.15422,0.31081808,43.799153580280695,-87.99317351519458,0,1,9089.16,0.024059499,6,1,false,false,-0.21247132,0.820919,11.892787,0.73336095,0.0033151982,3
82.16772,0.31103238,43.79916546070043,-87.99316879353627,0,1,9095.455,0.032172736,6,1,false,false,0.36465144,0.7273191,9.685935,0.7335387,0.016985502,3
82.181595,0.3112467,43.79917725109773,-87.99316394759634,0,1,9102.393,0.029095786,6,1,false,false,0.5842042,0.83404404,10.592041,0.7339161,0.02647536,3
82.194824,0.31146106,43.799189131517466,-87.99315910165642,0,1,9098.919,0.017904516,6,1,false,false,0.89956486,0.7526597,10.795686,0.7343847,0.029340675,3
82.20731,0.31167543,43.799200921983434,-87.9931543799033,0,1,9100.087,0.001118694,6,1,false,false,0.583991,0.6575046,6.266807,0.73485696,0.025828024,3
82.221176,0.31188983,43.79921280240317,-87.99314953396338,0,1,9107.826,-0.0061560646,6,1,false,false,0.47601974,0.65231204,4.250618,0.73517996,0.01448549,3
82.23268,0.31210425,43.79922459280047,-87.99314468802345,0,1,9111.944,-0.003917593,6,1,false,false,0.58662367,0.5016794,8.780991,0.7353256,0.0069012106,3
82.24004,0.31231868,43.79923638319777,-87.99313996636513,0,1,9121.578,0.0058747684,6,1,false,false,0.57460105,0.39035302,9.637668,0.7354066,0.0045446497,3
82.25069,0.3125331,43.79924826361751,-87.99313512042521,0,1,9137.038,0.019303426,6,1,false,false,0.84305894,0.94152236,9.153914,0.73550737,0.0068795388,3
82.26981,0.3127476,43.799260144037234,-87.9931303986721,0,1,9131.049,0.02657818,6,1,false,false,1.0659906,1.2871455,8.243025,0.73568356,0.013482838,3
82.29047,0.3129621,43.79927193450321,-87.99312555273217,0,1,9106.54,0.023500148,6,1,false,false,1.0389017,1.0652263,4.957583,0.735949,0.018790083,3
82.3056,0.31317666,43.79928381492294,-87.99312070679224,0,1,9104.334,0.017345175,6,1,false,false,1.0501258,0.59265256,4.4709563,0.73624426,0.019391967,3
82.31323,0.3133912,43.79929560532024,-87.99311598513393,0,1,9131.299,0.010071495,6,1,false,false,0.881005,0.24968617,4.3301497,0.7365367,0.018608034,3
82.318596,0.31360576,43.79930748573997,-87.993111139194,0,1,9155.48,0.01063084,6,1,false,false,0.96945924,0.34807748,2.1546314,0.73681027,0.01698794,3
82.32948,0.31382033,43.79931936615971,-87.99310641744088,0,1,9159.241,0.016785823,6,1,false,false,1.2091839,0.7392882,7.412677,0.73707145,0.016921803,3
82.34275,0.31403488,43.799331246579435,-87.99310157150096,0,1,9154.144,0.024618845,6,1,false,false,1.3465521,0.6869393,5.4464917,0.73735684,0.0190438,3
82.35828,0.3142495,43.7993430370454,-87.99309684984264,0,1,9157.194,0.03133426,6,1,false,false,1.6876274,0.9837409,11.7179785,0.73772746,0.025257714,3
82.37742,0.3144641,43.79935491746514,-87.99309212808953,0,1,9154.237,0.03329142,6,1,false,false,2.0913045,0.973701,9.114278,0.73821354,0.031628404,3
82.39874,0.31467876,43.79936679788487,-87.9930872821496,0,1,9139.721,0.028815571,6,1,false,false,2.2179842,1.4850446,10.700301,0.73880243,0.03576079,3
82.42074,0.31489345,43.7993786783046,-87.99308256049129,0,1,9122.666,0.022381457,6,1,false,false,1.9871066,1.1364193,11.569256,0.73937345,0.031893864,3
82.43579,0.31510818,43.79939055872433,-87.99307783883296,0,1,9120.6875,0.019863859,6,1,false,false,2.1599197,0.6890713,10.082819,0.7398772,0.029215334,3
82.44836,0.31532297,43.79940243914406,-87.99307311707985,0,1,9135.05,0.016505606,6,1,false,false,1.955745,0.71352524,12.48868,0.740348,0.0262656,3
82.45986,0.31553772,43.799414319563795,-87.99306839542153,0,1,9139.895,0.01846495,6,1,false,false,1.9813716,0.7949374,12.151933,0.7407647,0.02334622,3
82.47485,0.3157525,43.79942619998352,-87.99306367376322,0,1,9134.057,0.019023215,6,1,false,false,1.8161669,0.840983,10.885993,0.7411572,0.022120636,3
82.490326,0.31596732,43.799438080403256,-87.9930589520101,0,1,9127.225,0.016785825,6,1,false,false,1.7836534,0.6268083,9.545132,0.74151057,0.020022254,3
82.50456,0.31618217,43.79944996082299,-87.99305423035179,0,1,9128.755,0.012029752,6,1,false,false,1.6358079,0.61241376,10.069748,0.7418325,0.018404195,3
82.51558,0.316397,43.79946184124272,-87.99304950859867,0,1,9136.28,0.010071492,6,1,false,false,1.2914604,0.56930715,10.099348,0.74210376,0.014456869,3
82.52748,0.31661192,43.79947372166245,-87.99304478694035,0,1,9141.703,0.01063084,6,1,false,false,1.2720929,0.6460426,8.681504,0.7423227,0.012616844,3
82.53962,0.3168268,43.79948569210461,-87.99304006528203,0,1,9143.092,0.0120297475,6,1,false,false,1.1300055,0.6403962,9.370174,0.74252236,0.011960123,3
82.55196,0.3170417,43.79949757252434,-87.99303534352892,0,1,9145.339,0.013427577,6,1,false,false,0.97695136,0.62028575,9.947161,0.74271375,0.011776378,3
82.56458,0.31725663,43.79950945294407,-87.9930306218706,0,1,9150.902,0.012589096,6,1,false,false,0.9102821,0.66425216,8.566682,0.74292505,0.013491589,3
82.57757,0.31747156,43.7995213333638,-87.99302590021229,0,1,9153.566,0.010071492,6,1,false,false,0.82126886,0.58819157,8.61404,0.74314684,0.013213721,3
82.59186,0.31768653,43.79953330380596,-87.99302130274077,0,1,9151.434,0.007273676,6,1,false,false,0.9385325,0.6185466,8.783317,0.74336135,0.012592478,3
82.605316,0.31790152,43.79954518422569,-87.99301658108246,0,1,9151.309,0.00755281,6,1,false,false,1.0543236,0.7290401,9.015895,0.74355906,0.011548957,3
82.61833,0.31811655,43.799557154599185,-87.99301185932934,0,1,9155.219,0.010071493,6,1,false,false,0.996764,0.5682693,10.05786,0.7437545,0.012270281,3
82.6312,0.31833157,43.79956903501891,-87.99300726195263,0,1,9157.933,0.013988005,6,1,false,false,1.0107104,0.73432237,9.270368,0.7439625,0.012570701,3
82.64364,0.31854662,43.799580915438646,-87.99300254019951,0,1,9157.855,0.018464947,6,1,false,false,1.3648224,0.7431369,10.376393,0.74419373,0.015501457,3
82.65845,0.31876183,43.799592885880806,-87.9929978185412,0,1,9156.833,0.021821028,6,1,false,false,1.1761988,0.74270236,9.206742,0.7444741,0.017363291,3
82.67349,0.31897706,43.799604856322965,-87.99299322106968,0,1,9154.639,0.026578184,6,1,false,false,1.7351415,0.97842735,10.299104,0.74478555,0.021125155,3
82.68574,0.31919238,43.799616736674025,-87.99298849941137,0,1,9155.283,0.026857313,6,1,false,false,1.5442195,0.520023,5.7739472,0.74517703,0.025209779,3
82.69794,0.3194077,43.799628707116185,-87.99298377775305,0,1,9160.15,0.026578188,6,1,false,false,1.6000613,0.3403557,7.615032,0.74559075,0.0253329,3
82.706955,0.31962308,43.799640587604586,-87.99297918028155,0,1,9168.543,0.025179278,6,1,false,false,2.0559738,0.08515388,5.776054,0.7460206,0.027593855,3
82.71581,0.31983846,43.799652558046745,-87.99297445862322,0,1,9182.594,0.026017757,6,1,false,false,1.8360821,0.3635516,2.9773254,0.7464865,0.028102705,3
82.73085,0.32005388,43.799664528488904,-87.99296986115172,0,1,9185.672,0.037209027,6,1,false,false,1.9742134,0.62596506,2.230618,0.74691343,0.025075806,3
82.742386,0.32026935,43.799676408839964,-87.99296526368022,0,1,9179.128,0.050917886,6,1,false,false,2.1681018,0.24543822,3.4904575,0.74731964,0.027935822,3
82.74729,0.3204848,43.799688379282124,-87.99296054202189,0,1,9193.795,0.06043004,6,1,false,false,2.8266037,-0.20380594,5.477061,0.74786645,0.041259516,3
82.75329,0.32070026,43.79970034972428,-87.99295594455039,0,1,9224.437,0.06294765,6,1,false,false,3.3516197,0.34335107,6.3044553,0.74869996,0.05868646,3
82.77072,0.32091576,43.79971232016644,-87.99295134717367,0,1,9224.612,0.058191575,6,1,false,false,3.5173576,1.021567,5.139164,0.74976987,0.06671662,3
82.79287,0.3211313,43.7997242005175,-87.99294674970217,0,1,9189.5,0.05483441,6,1,false,false,3.4636068,0.93921924,7.3026843,0.75086844,0.064790405,3
82.81311,0.32134688,43.79973617095966,-87.99294215223067,0,1,9170.739,0.056233317,6,1,false,false,4.05265,0.50742656,5.4020143,0.75189525,0.060906235,3
82.82494,0.32156253,43.79974814140182,-87.99293755485395,0,1,9190.541,0.056513526,6,1,false,false,4.1996174,0.41197246,7.6998158,0.7528945,0.060126893,3
82.83415,0.32177824,43.79976011184398,-87.99293295738245,0,1,9206.426,0.059311345,6,1,false,false,4.806358,0.3123001,8.601528,0.7538758,0.06116843,3
82.84717,0.32199392,43.79977208228614,-87.99292848419255,0,1,9202.849,0.06014983,6,1,false,false,5.078617,0.83540237,9.277437,0.75494474,0.06601214,3
82.86424,0.32220963,43.79978414268206,-87.99292388681583,0,1,9187.782,0.056793757,6,1,false,false,5.620756,0.8987906,10.5353985,0.7560898,0.069709055,3
82.88136,0.32242543,43.799796113124216,-87.99291941362594,0,1,9177.062,0.04336402,6,1,false,false,5.154401,0.5100492,13.784372,0.7572447,0.06568843,3
82.89209,0.32264128,43.799808083566376,-87.99291494043604,0,1,9178.0625,0.033012293,6,1,false,false,4.6654606,0.02960883,10.5944605,0.75826305,0.05526884,3
82.903595,0.3228571,43.799820054008535,-87.99291046724613,0,1,9191.052,0.020142984,6,1,false,false,3.6951709,0.40388727,10.44873,0.75907606,0.040842716,3
82.91444,0.32307303,43.79983211440445,-87.99290599405623,0,1,9191.455,0.011190187,6,1,false,false,2.8180776,0.112563804,8.48722,0.759617,0.025067471,3
82.92598,0.32328895,43.79984408484661,-87.99290152086634,0,1,9188.016,0.002237388,6,1,false,false,2.2772777,0.3385765,7.149857,0.75991917,0.0124227125,3
82.93845,0.3235049,43.79985614524253,-87.99289704767644,0,1,9192.942,-0.0061560646,6,1,false,false,1.6850156,0.5105027,7.556385,0.76003975,0.002296175,3
82.95035,0.32372087,43.79986811568469,-87.99289257458133,0,1,9198.067,-0.015108865,6,1,false,false,1.1880802,0.51247895,6.4359097,0.75997263,-0.008428105,3
82.96288,0.3239369,43.799880176080606,-87.99288810139143,0,1,9200.677,-0.02154298,6,1,false,false,0.5809649,0.63452363,4.474536,0.75972646,-0.017353516,3
82.97032,0.32415295,43.799892146522765,-87.99288375238834,0,1,9207.737,-0.024061661,6,1,false,false,-0.28035608,0.26419145,2.8633683,0.7593241,-0.025659015,3
82.97721,0.32436898,43.79990420691868,-87.99287927919845,0,1,9224.5205,-0.024621014,6,1,false,false,-0.9024162,0.18952149,6.544917,0.7587996,-0.032855567,3
82.98617,0.324585,43.79991617736084,-87.99287480600854,0,1,9237.508,-0.031895764,6,1,false,false,-1.4655198,0.14811364,9.509743,0.7582279,-0.0354052,3
83.000755,0.32480112,43.79992823775676,-87.99287033281864,0,1,9233.3,-0.044765074,6,1,false,false,-2.2381902,0.7065877,10.3348,0.7576027,-0.04242334,3
83.02069,0.3250172,43.79994020819892,-87.99286585962874,0,1,9212.143,-0.05343767,6,1,false,false,-2.8158827,0.6302599,11.423767,0.7568567,-0.049275022,3
83.038574,0.3252334,43.79995226873218,-87.99286138643885,0,1,9196.987,-0.052878313,6,1,false,false,-3.641793,0.5024669,9.783846,0.7559775,-0.05753997,3
83.052574,0.32544956,43.799964239036996,-87.99285691324894,0,1,9202.161,-0.040568363,6,1,false,false,-3.6026201,0.4614695,9.303285,0.7549822,-0.05969797,3
83.063805,0.3256658,43.799976299570254,-87.99285244005904,0,1,9210.885,-0.02434079,6,1,false,false,-3.5520482,0.25054318,10.003511,0.75403106,-0.052890256,3
83.074196,0.32588205,43.79998827001241,-87.99284796686914,0,1,9211.581,-0.012311043,6,1,false,false,-3.136174,0.41794127,6.188747,0.7532335,-0.04155542,3
83.08682,0.32609826,43.80000033040833,-87.99284336949243,0,1,9211.55,-0.008114322,6,1,false,false,-2.2268317,0.62474966,3.8916833,0.75266415,-0.025237462,3
83.09817,0.32631448,43.80001239080425,-87.99283889630253,0,1,9214.246,-0.011751697,6,1,false,false,-2.381561,0.31331775,6.9635625,0.75233287,-0.014777649,3
83.105194,0.32653072,43.80002436124641,-87.99283442311263,0,1,9225.658,-0.017906679,6,1,false,false,-2.2643583,0.29563674,6.800172,0.7520825,-0.014937923,3
83.11527,0.3267469,43.800036421642325,-87.99282982573592,0,1,9243.623,-0.024061657,6,1,false,false,-2.444678,0.8116892,8.631958,0.75180334,-0.017650886,3
83.13147,0.3269631,43.800048392084484,-87.99282522816962,0,1,9235.323,-0.024901228,6,1,false,false,-2.2221515,0.7134117,9.6479435,0.75151265,-0.017349314,3
83.148026,0.3271793,43.8000604524804,-87.99282075516932,0,1,9214.765,-0.020424282,6,1,false,false,-2.0548668,0.82374394,8.441289,0.75121176,-0.018283399,3
83.16388,0.3273956,43.80007242292256,-87.992816157603,0,1,9213.288,-0.009792361,6,1,false,false,-1.5369002,0.5514765,7.2892985,0.75091875,-0.015395888,3
83.17443,0.32761183,43.80008448331848,-87.9928115602263,0,1,9225.252,0.0027967365,6,1,false,false,-1.4229668,0.2517539,11.643947,0.75070524,-0.0097958185,3
83.18306,0.32782808,43.80009645376064,-87.99280696284958,0,1,9233.968,0.01874408,6,1,false,false,-0.8149946,0.3411591,8.524343,0.75059414,-0.0021240273,3
83.19528,0.32804435,43.800108514156555,-87.99280236528328,0,1,9236.009,0.031054044,6,1,false,false,-0.012255017,0.8098624,9.377481,0.7506782,0.012539028,3
83.21174,0.32826063,43.800120574689814,-87.99279789209338,0,1,9226.193,0.040566184,6,1,false,false,0.6209195,0.77504647,8.534679,0.7510073,0.026588582,3
83.22483,0.32847694,43.800132545131966,-87.99279329471668,0,1,9218.092,0.04756072,6,1,false,false,1.484358,0.5154942,11.317596,0.75155026,0.038410086,3
83.2343,0.32869327,43.80014460552789,-87.99278869733996,0,1,9229.505,0.050078344,6,1,false,false,2.260272,0.3209453,11.978107,0.7522809,0.049155135,3
83.24409,0.3289096,43.80015666592381,-87.99278409977366,0,1,9244.53,0.04867943,6,1,false,false,2.7222013,0.4869219,10.407374,0.75317174,0.057244115,3
83.25989,0.32912597,43.80016863636597,-87.99277950239694,0,1,9237.8545,0.043083802,6,1,false,false,3.1898787,0.7316511,9.704388,0.75415075,0.05896514,3
83.277435,0.3293424,43.800180696761885,-87.99277502920705,0,1,9218.407,0.03608924,6,1,false,false,3.2639134,0.6262413,7.9328504,0.75508696,0.052657075,3
83.291504,0.3295588,43.8001927571578,-87.99277043183034,0,1,9216.851,0.029935345,6,1,false,false,3.2810242,0.3343133,7.083757,0.7559077,0.045218896,3
83.29997,0.32977524,43.80020481769105,-87.99276595864043,0,1,9234.466,0.027696878,6,1,false,false,3.370755,0.06475821,9.375026,0.7566186,0.040728994,3
83.30736,0.32999164,43.80021687808698,-87.99276136107413,0,1,9251.327,0.03077383,6,1,false,false,3.086227,0.19410571,6.3579283,0.7572963,0.039834715,3
83.32058,0.3302081,43.800228938482896,-87.99275688788423,0,1,9251.361,0.036929898,6,1,false,false,3.1975334,0.6797573,6.0361576,0.7579425,0.037307866,3
83.337456,0.33042458,43.80024099887881,-87.99275241488392,0,1,9238.146,0.041965093,6,1,false,false,2.9742098,0.6533038,4.065386,0.7585497,0.034582183,3
83.35206,0.3306411,43.800253059412064,-87.99274781731762,0,1,9234.952,0.043364003,6,1,false,false,3.148803,0.44999522,3.7750378,0.75913393,0.034347557,3
83.36216,0.3308576,43.80026511980798,-87.99274334412772,0,1,9249.81,0.03944749,6,1,false,false,2.9024858,0.16650783,5.6394343,0.75973815,0.035516884,3
83.3692,0.33107412,43.800277180203906,-87.99273887093781,0,1,9264.823,0.034690328,6,1,false,false,2.9018328,0.102408364,3.6451578,0.7603642,0.03817417,3
83.38118,0.3312906,43.800289240599824,-87.99273439774792,0,1,9271.884,0.028536435,6,1,false,false,2.6500428,0.4495865,4.6045966,0.7610223,0.03767386,3
83.395035,0.33150712,43.800301301133075,-87.99273004893443,0,1,9266.745,0.026857313,6,1,false,false,2.7843847,0.3534479,4.6357117,0.76163304,0.03438064,3
83.41012,0.3317237,43.80031336152899,-87.99272557574453,0,1,9265.924,0.028536446,6,1,false,false,3.0413728,0.39757305,4.3598785,0.7622019,0.032674085,3
83.42538,0.33194023,43.80032542192492,-87.99272110255463,0,1,9271.13,0.034690343,6,1,false,false,3.1269574,0.38454485,6.9042788,0.7627521,0.032188293,3
83.439804,0.33215684,43.80033757241193,-87.99271662936472,0,1,9270.814,0.043364,6,1,false,false,3.4776595,0.45187342,6.651105,0.7633188,0.03579434,3
83.456154,0.33237344,43.800349632807844,-87.99271228036163,0,1,9266.534,0.051198114,6,1,false,false,3.660003,0.5150532,7.91589,0.76396227,0.04023453,3
83.47193,0.33259007,43.80036169320376,-87.99270780717174,0,1,9263.018,0.05931135,6,1,false,false,4.172187,0.4558266,7.827404,0.76469374,0.04732032,3
83.48525,0.33280677,43.80037384369078,-87.99270345835825,0,1,9265.083,0.06490698,6,1,false,false,4.7660894,0.4908703,8.219271,0.7655787,0.05872184,3
83.50234,0.33302343,43.800385904086696,-87.99269898516835,0,1,9268.229,0.06602462,6,1,false,false,4.852436,0.6051913,6.9994874,0.7666177,0.063185655,3
83.51691,0.33324015,43.80039805457371,-87.99269463616525,0,1,9261.221,0.06742351,6,1,false,false,5.076342,0.64031255,8.773078,0.76769644,0.06554048,3
83.531944,0.3334569,43.80041011496963,-87.99269028735176,0,1,9258.922,0.06686525,6,1,false,false,5.267015,0.29267177,7.838716,0.76881933,0.06773961,3
83.54419,0.33367366,43.800422265319305,-87.99268593834867,0,1,9265.683,0.06630591,6,1,false,false,5.6075125,0.45327923,10.276238,0.7699791,0.07106678,3
83.55601,0.33389044,43.80043441580632,-87.99268171372198,0,1,9271.385,0.06294764,6,1,false,false,5.9785194,0.51496005,10.082041,0.77118725,0.074732415,3
83.57235,0.33410728,43.80044647620224,-87.99267736471889,0.028881613,1,9268.004,0.05735202,6,1,false,false,6.040428,0.7119765,10.366709,0.77243334,0.074873,3
83.580734,0.33432412,43.800458626689256,-87.9926730157158,0.07088192,1,9254.848,0.04728052,6,1,false,false,6.1908307,-0.1965889,12.183022,0.77362704,0.06843201,3
83.570175,0.334541,43.80047077703893,-87.99266879108912,0.18150239,0.91067994,9238.297,0.041405745,6,1,false,false,5.922942,-1.4914827,10.679304,0.77468,0.0581931,3
83.51754,0.33475778,43.80048292752595,-87.99266456646244,0.2961081,0.75320214,9191.835,0.042245306,6,1,false,false,5.3802943,-4.9114904,9.599295,0.77555954,0.047530346,3
83.398735,0.33497435,43.80049507801296,-87.99266034183574,0.36066887,0.53373206,9081.156,0.047001384,6,1,false,false,5.3995,-9.346314,9.97709,0.77630556,0.04217037,3
83.212975,0.3351905,43.800507138408875,-87.99265611720907,0.44574887,0.3987578,9003.646,0.051198106,6,1,false,false,4.88721,-13.706213,8.990879,0.777015,0.04320631,3
82.943214,0.33540606,43.8005191988048,-87.99265201676918,0.44936693,0.23690255,8994.99,0.05287615,6,1,false,false,4.5519314,-18.43685,9.871166,0.7778246,0.05193061,3
82.63273,0.33562085,43.80053125920072,-87.9926477919529,0.47532514,0.11071386,8969.613,0.052597027,6,1,false,false,4.375335,-19.345736,6.3730316,0.77876765,0.060316753,3
82.304665,0.33583474,43.80054322964288,-87.99264369170263,0.53706497,0.013039693,8918.807,0.043083802,6,1,false,false,4.015457,-20.565649,5.312654,0.77980053,0.061600707,3
81.94755,0.3360478,43.800555200085036,-87.99263959126276,0.6033309,-1.3969839e-09,8869.014,0.029095784,6,1,false,false,3.6546817,-22.542105,6.8707557,0.780804,0.05685813,3
81.560715,0.3362598,43.80056708057343,-87.99263561500969,0.6460275,0,8817.944,0.018184729,6,1,false,false,3.213846,-24.339241,4.441762,0.7817131,0.051181793,3
81.14243,0.33647078,43.8005789609245,-87.99263151456982,0.6804804,0,8767.653,0.013988003,6,1,false,false,2.9174783,-26.307407,6.0311174,0.78251743,0.044394072,3
80.69814,0.33668062,43.8005907513218,-87.99262753850635,0.7156799,0,8717.112,0.015946263,6,1,false,false,3.0264633,-27.588617,6.8750014,0.7832042,0.039156005,3
80.23508,0.33688927,43.80060245176534,-87.99262368662968,0.7549833,0,8653.973,0.015667133,6,1,false,false,2.961305,-29.041243,6.7536182,0.7838413,0.036907386,3
79.74622,0.3370966,43.800614062117795,-87.99261971037663,0.75834703,0,8552.283,0.015946258,6,1,false,false,3.1126928,-29.898657,7.429697,0.7844364,0.033575427,3
79.252686,0.33730268,43.80062567260757,-87.99261585849996,0.80506396,0,8487.278,0.013427578,6,1,false,false,3.0230484,-30.401627,8.91573,0.7849789,0.031146461,3
78.72348,0.33750743,43.8006371030525,-87.9926120066233,0.844561,0,8438.955,0.007833025,6,1,false,false,3.0760782,-32.60209,11.21183,0.78549653,0.029760882,3
78.183846,0.33771077,43.800648533360096,-87.99260815474665,0.8460081,0,8390.661,0.00027913228,6,1,false,false,2.7464797,-32.995415,9.557029,0.7859584,0.024775114,3
77.63346,0.33791268,43.80065987385127,-87.99260430268039,0.8533624,0,8342.915,-0.010352791,6,1,false,false,2.3598647,-33.517868,13.112073,0.786306,0.016642557,3
77.08321,0.33811313,43.8006712142051,-87.99260057518013,0.89321566,0,8295.411,-0.019864935,6,1,false,false,1.7592205,-33.29216,11.194144,0.7864848,0.004861818,3
76.53091,0.33831218,43.800682374651416,-87.99259684749029,0.8939729,0,8242.233,-0.025739701,6,1,false,false,1.1964685,-33.93359,11.089355,0.7864633,-0.006996523,3
75.972275,0.33850977,43.80069344500664,-87.99259324398724,0.8962779,0,8143.701,-0.02630013,6,1,false,false,0.90341413,-33.922546,10.988915,0.7862574,-0.016533535,3
75.4128,0.33870587,43.80070451536185,-87.992589516487,0.90090233,0,8058.291,-0.020983627,6,1,false,false,0.6665135,-34.086967,12.469578,0.7859611,-0.017163668,3
74.85036,0.3389005,43.80071549576331,-87.99258591298396,0.9047509,0,8008.9033,-0.009513231,6,1,false,false,0.7042971,-34.06329,9.896739,0.7856927,-0.0139079215,3
74.29122,0.33909366,43.80072629611991,-87.99258230967051,0.9109483,0,7955.9404,0.006153901,6,1,false,false,0.58063614,-34.118713,11.014431,0.78550845,-0.0070393183,3
73.73969,0.33928537,43.80073709661385,-87.99257883054388,0.91563505,0,7880.628,0.020702336,6,1,false,false,0.7867909,-33.135345,9.087928,0.7854749,0.0031924485,3
73.19689,0.33947563,43.800747806879365,-87.99257522704085,0.919566,0,7790.923,0.024899064,6,1,false,false,1.0630766,-33.295925,8.736013,0.7856202,0.013967131,3
72.64055,0.33966446,43.80075842719111,-87.9925717479142,0.92270195,0,7689.5864,0.019303426,6,1,false,false,0.92020375,-33.991726,9.090303,0.78594375,0.024149295,3
72.088875,0.3398519,43.80076895768644,-87.99256826878756,0.92506766,0,7597.509,0.006153897,6,1,false,false,0.59254855,-33.32834,6.8992167,0.78638947,0.028149849,3
71.549194,0.3400378,43.80077939809066,-87.99256478966093,0.9258469,0,7521.1567,-0.010072576,6,1,false,false,0.5377706,-32.841057,6.509291,0.7868613,0.028185809,3
71.00471,0.34022233,43.80078983849489,-87.9925613105343,0.92743826,0,7453.432,-0.017346252,6,1,false,false,0.35480753,-33.2694,6.345394,0.78728914,0.024231533,3
70.45303,0.34040543,43.800800098716934,-87.99255795559448,0.92821896,0,7376.8433,-0.009792362,6,1,false,false,0.47210523,-33.44303,6.0924616,0.78766257,0.022027262,3
69.90658,0.34058708,43.80081035921364,-87.99255460065466,0.928219,0,7272.9624,0.0025176033,6,1,false,false,0.78907293,-33.295506,5.520925,0.788012,0.019016298,3
69.35005,0.3407673,43.80082052961925,-87.99255124590442,0.9266265,0,7174.5337,0.010909974,6,1,false,false,0.9702537,-34.53158,7.8227806,0.78829557,0.015905274,3
68.77558,0.34094602,43.800830609933776,-87.9925478909646,0.92506766,0,7123.7026,0.005594552,6,1,false,false,1.0607318,-35.258602,8.609989,0.78855175,0.013431465,3
68.19466,0.34112325,43.80084051034077,-87.99254466040118,0.9234797,0,7083.8735,-0.003917594,6,1,false,false,0.8154357,-35.410713,8.471333,0.7887362,0.009034877,3
67.608406,0.34129894,43.8008504104731,-87.99254142964817,0.91956604,0,7024.7964,-0.018185815,6,1,false,false,0.65903693,-36.164536,10.846175,0.78883016,0.0012305157,3
67.00307,0.3414731,43.80086022106367,-87.99253819908475,0.8719599,0,6977.83,-0.033013377,6,1,false,false,0.21436174,-36.92157,13.322681,0.7887626,-0.0099208765,3
66.41459,0.34164572,43.80086994128848,-87.99253496852134,0.86896604,0,6938.7427,-0.045883782,6,1,false,false,-0.28124,-34.909126,13.186363,0.7885145,-0.020255709,3
65.85338,0.34181684,43.80087957169687,-87.99253186214473,0.8278613,0,6899.4746,-0.046163976,6,1,false,false,-0.4403766,-33.537697,11.993343,0.7880434,-0.03575478,3
65.31614,0.34198654,43.800889201830586,-87.99252875576812,0.8228359,0.5208334,7071.8623,-0.034972716,0,1,false,false,-0.78016424,-31.740938,12.877075,0.7873745,-0.042007014,3
64.80498,0.34215486,43.80089865233145,-87.99252564939151,0.78348064,0.6458333,7684.5454,-0.012590177,0,1,false,false,-0.9005514,-30.964827,12.822136,0.7866826,-0.042080928,3
64.312775,0.3423219,43.80090810255764,-87.9925225430149,0.745015,0.020833299,7935.0684,0.013148445,5,1,false,false,-0.45582703,-29.253105,12.80495,0.78597325,-0.041702874,3
63.843777,0.34248772,43.80091737287631,-87.99251943663829,0.70549595,0,7912.9067,0.021262763,5,1,false,false,-0.33641434,-28.349478,11.275926,0.78535444,-0.032541305,3
63.378895,0.34265232,43.80092664319499,-87.99251645444849,0.6670326,0,7975.5747,0.008672586,5,1,false,false,-0.47285852,-27.327604,9.647329,0.784856,-0.02748102,3
62.966732,0.3428158,43.80093591351366,-87.99251334807188,0.66339207,0,7978.403,-0.010633006,5,1,false,false,-1.211445,-24.56858,8.334924,0.7844839,-0.01658436,3
62.556023,0.34297818,43.80094500392482,-87.99251036588208,0.63135666,0,7929.441,-0.013709957,5,1,false,false,-1.252062,-26.180708,8.97271,0.78420216,-0.023165654,3
62.15729,0.3431395,43.80095409433597,-87.99250738388189,0.630184,0,7885.408,-0.0033582472,5,1,false,false,-0.44927198,-21.821312,5.581328,0.7837946,-0.012479847,3
61.817158,0.34329987,43.800963094656026,-87.99250440169209,0.62903595,0,7843.9116,0.018464949,5,1,false,false,-1.2094742,-22.867228,4.683979,0.7839317,0.017461134,3
61.37776,0.34345922,43.80097209497609,-87.99250141950229,0.6272936,0,7773.9053,0.08812692,5,1,false,false,-0.017160073,-28.457232,15.756922,0.7839093,-0.023574363,3
60.965286,0.34361747,43.80098100520505,-87.99249843750208,0.62612677,0,7593.9966,0.116384216,5,1,false,false,2.8451786,-23.6111,9.3468275,0.78366876,0.016455183,3
60.608253,0.34377474,43.800989915434016,-87.99249557949909,0.62498456,0,7509.01,0.08448955,5,1,false,false,0.7264919,-20.92881,6.4666295,0.784568,0.08380321,3
60.24378,0.343931,43.80099864575546,-87.9924925974989,0.62498444,0.5208334,7658.476,0.068822406,0,1,false,false,0.41879028,-22.291576,8.457156,0.78600734,0.08311632,3
59.86839,0.3440863,43.801007466168,-87.9924897396855,0.6255552,0.75,8226.217,0.06238829,0,1,false,false,1.3024176,-25.974878,12.32724,0.78721714,0.04863576,3
59.427685,0.34424052,43.80101610639835,-87.99248688168251,0.62555534,0.22916664,8632.322,0.039727703,4,1,false,false,3.091338,-25.782944,16.289137,0.78785044,0.04460409,3
59.035923,0.34439352,43.801024746903366,-87.99248402386912,0.62672156,0,8613.052,0.0033560842,4,1,false,false,1.9200758,-22.964209,12.753147,0.7889181,0.0770099,3
58.652134,0.34454557,43.80103329704262,-87.99248129024254,0.6272938,0,8583.44,0.00027913216,4,1,false,false,1.1524608,-24.333942,10.379402,0.7900675,0.061345126,3
58.29447,0.34469658,43.801041847456545,-87.99247843242914,0.62903607,0,8641.181,0.016785825,4,1,false,false,1.7071398,-21.461744,6.3376207,0.7908199,0.03012009,3
57.883057,0.3448466,43.80105030777937,-87.99247569880256,0.63078153,0,8702.076,0.037488163,4,1,false,false,2.8249252,-26.342596,15.029363,0.79098785,-0.00994337,3
57.474304,0.34499553,43.8010587681022,-87.99247296517598,0.6325311,0,8661.703,0.050078336,4,1,false,false,4.032568,-23.20626,11.495068,0.7910139,0.027557233,3
57.14726,0.3451435,43.801067138333934,-87.99247023154939,0.66580945,0,8615.506,0.05707289,4,1,false,false,1.7815993,-20.96814,2.558862,0.7921465,0.09984392,3
56.74392,0.34529045,43.801075418474575,-87.99246762210961,0.6658096,0,8408.755,0.09316267,4,1,false,false,1.9233444,-24.265772,6.352556,0.79374546,0.07689766,3
56.423103,0.34543645,43.80108369888988,-87.99246488867263,0.6682336,0,8176.719,0.13400908,4,1,false,false,3.5009274,-19.739346,6.490507,0.7946508,0.035463102,3
56.019573,0.34558153,43.8010918892141,-87.99246227923285,0.66883475,0,8114.7666,0.14715914,4,1,false,false,5.1963673,-27.819674,12.606887,0.7954461,0.07075287,3
55.537636,0.34572542,43.801099989447216,-87.99245966979308,0.67066425,0,8071.7437,0.1552713,4,1,false,false,6.7182803,-27.491653,17.143467,0.79736316,0.15730348,3
55.14204,0.3458681,43.80110808968034,-87.99245718472972,0.6724979,0,8025.626,0.17681319,4,1,false,false,7.3698206,-24.60321,15.5297,0.80037737,0.20538896,3
54.692745,0.34600982,43.80111610009703,-87.99245457547954,0.67433554,0,7979.3447,0.18268903,4,1,false,false,10.197207,-28.539095,16.630669,0.8039264,0.23251244,3
54.281322,0.34615034,43.80112411023906,-87.99245221460298,0.67557067,0,7933.8247,0.16870105,4,1,false,false,9.169197,-22.222305,12.029497,0.80764383,0.20639324,3
53.9507,0.34628993,43.80113203056465,-87.99244972953962,0.67617685,0,7888.093,0.14827727,4,1,false,false,7.170916,-19.80305,7.5111217,0.8103914,0.12319654,3
53.592987,0.34642866,43.80113986079916,-87.99244736866305,0.6774146,0,7875.4067,0.13065249,4,1,false,false,6.0690293,-24.38839,10.779749,0.8120474,0.079912245,3
53.14525,0.34656632,43.80114769103366,-87.9924450077865,0.6780222,0,7905.611,0.13121125,4,1,false,false,6.3704085,-27.895433,13.106344,0.8135914,0.11092659,3
52.715603,0.34670278,43.80115543145174,-87.99244277109675,0.6780221,0,7864.1973,0.16142687,4,1,false,false,7.1633058,-24.668072,9.777503,0.8161279,0.1947418,3
52.324734,0.3468382,43.80116317159515,-87.9924405345966,0.6780221,0,7801.595,0.21653979,4,1,false,false,8.2529335,-23.97119,10.662698,0.8199486,0.25847715,3
51.922226,0.34697258,43.801170821922135,-87.99243829790684,0.6780221,0,7516.222,0.24675481,4,1,false,false,11.209472,-24.013916,11.653234,0.82451534,0.28972676,3
51.5502,0.34710598,43.80117838215803,-87.9924361855935,0.67557055,0,7327.3003,0.23892127,4,1,false,false,11.831333,-21.909012,10.23442,0.82935256,0.29087958,3
51.19597,0.34723842,43.801185942393914,-87.99243407328017,0.673126,0,7290.255,0.2033914,4,1,false,false,9.47352,-21.547318,7.353131,0.8340182,0.2672322,3
50.834984,0.34736994,43.801193412813376,-87.99243196096683,0.66946006,0,7269.5215,0.16478401,4,1,false,false,9.176762,-23.265617,9.612899,0.8380754,0.21541886,3
50.420906,0.34750047,43.80120088295817,-87.99242997284028,0.636018,0,7370.094,0.13456953,4,1,false,false,9.523833,-26.739243,12.189124,0.84128696,0.17541702,3
49.97721,0.34762987,43.80120826328654,-87.99242798490336,0.6033311,0,7416.344,0.123099126,4,1,false,false,10.491435,-26.598972,13.731154,0.8443602,0.20301802,3
49.568325,0.34775817,43.80121564361491,-87.99242612096363,0.5385961,0,7374.7725,0.13512827,4,1,false,false,10.373583,-23.360239,11.214146,0.84843594,0.2872703,3
49.212532,0.34788546,43.80122284376109,-87.9924242572135,0.5102184,0,7333.3774,0.16870107,4,1,false,false,10.976521,-20.06582,9.65818,0.853657,0.3285037,3
48.905422,0.34801197,43.80123013399837,-87.99242239327378,0.5087265,0,7220.8867,0.19387867,4,1,false,false,12.206366,-16.511599,7.7025843,0.8590097,0.3093208,3
48.64013,0.34813815,43.80123733441921,-87.99242065371047,0.5062604,0,7094.543,0.19919465,4,1,false,false,12.5233,-16.047218,7.390285,0.8638005,0.2655138,3
48.354362,0.34826365,43.8012444444743,-87.99241891414715,0.503783,0.5208334,7247.778,0.18968356,0,1,false,false,12.147286,-18.085592,8.996399,0.8679464,0.23761924,3
48.0374,0.3483884,43.801251554804054,-87.99241717458384,0.5013341,0.75,7819.9434,0.18408796,0,1,false,false,12.878899,-20.204105,11.6989765,0.8720149,0.2579089,3
47.698708,0.34851226,43.80125866513381,-87.99241555939692,0.497908,0.22916664,8220.923,0.19527759,3,1,false,false,14.775502,-20.536568,13.923838,0.8766782,0.3059135,3
47.367977,0.34863517,43.801265685372464,-87.99241406820722,0.4663989,0,8202.941,0.22409427,3,1,false,false,16.903765,-19.59272,13.7007065,0.88209987,0.34537324,3
47.057518,0.34875724,43.801272705611126,-87.99241257720712,0.46453965,0,8252.371,0.25570711,3,1,false,false,17.23929,-18.83078,12.480788,0.8879277,0.35300615,3
46.744514,0.3488785,43.80127963575869,-87.99241108620703,0.46222767,0,8339.504,0.27780834,3,1,false,false,16.56275,-19.111176,11.070769,0.89368594,0.3376653,3
46.43592,0.34899896,43.80128656618092,-87.99240971939373,0.4363341,0,8370.336,0.2876002,3,1,false,false,16.066462,-18.260826,10.882927,0.8991806,0.3235137,3
46.151104,0.34911847,43.80129340623739,-87.99240847676725,0.43589422,0,8328.044,0.28899902,3,1,false,false,15.512682,-16.520567,10.060103,0.9045948,0.32750368,3
45.884693,0.34923732,43.80130024656853,-87.99240723414077,0.43455902,0,8280.396,0.29319584,3,1,false,false,15.148367,-16.101452,10.696227,0.9101523,0.34027427,3
45.61608,0.34935546,43.80130708689967,-87.99240599170388,0.43146017,0,8233.079,0.3066233,3,1,false,false,15.846017,-16.38307,11.357312,0.9160305,0.3688844,3
45.34605,0.34947285,43.801313837139716,-87.99240487345381,0.40762964,0,8186.516,0.33180216,3,1,false,false,16.473328,-16.13315,11.2703,0.92241275,0.3978597,3
45.091797,0.34958944,43.801320587379756,-87.99240387939054,0.40591803,0,8125.84,0.36201558,3,1,false,false,16.614511,-14.785414,10.234636,0.9291777,0.41573405,3
44.858154,0.3497054,43.80132724752871,-87.99240288532727,0.4025428,0,8016.9673,0.38915196,3,1,false,false,17.749449,-13.888157,10.477146,0.9362398,0.429049,3
44.631367,0.3498208,43.80133399776875,-87.99240189126401,0.3802079,0,7921.468,0.40537843,3,1,false,false,19.081097,-13.700904,10.828562,0.94338167,0.42719078,3
44.40642,0.34993547,43.801340568101274,-87.99240102138755,0.37940633,0,7873.9478,0.41768673,3,1,false,false,19.064558,-13.835077,11.158577,0.95049965,0.4294949,3
44.16857,0.3500495,43.80134722825023,-87.99240015170069,0.37697646,0,7829.8164,0.42440107,3,1,false,false,19.546997,-15.030332,12.217569,0.95784587,0.45628178,3
43.913296,0.35016283,43.80135379858275,-87.99239940620063,0.35249823,0,7785.7476,0.43475175,3,1,false,false,21.013054,-15.438118,13.355705,0.9657659,0.4978747,3
43.66528,0.35027552,43.80136036864061,-87.9923987848874,0.35133868,0,7741.7417,0.45097822,3,1,false,false,21.884714,-14.015749,12.1442795,0.9743854,0.5385465,3
43.441254,0.35038754,43.80136684888203,-87.99239816357415,0.3294279,0,7697.6924,0.46944147,3,1,false,false,21.36695,-12.37885,11.058409,0.98358846,0.5674416,3
43.23798,0.35049886,43.801373329123464,-87.99239766663732,0.32757276,0,7654.142,0.48594606,3,1,false,false,21.265863,-10.96981,10.092873,0.9930821,0.57256025,3
43.05895,0.35060963,43.801379809364896,-87.9923972938873,0.3073244,0,7619.6567,0.49126202,3,1,false,false,20.300611,-10.058647,8.8386545,1.002324,0.5315798,3
42.875156,0.35071996,43.80138628960632,-87.99239692113727,0.3059103,0,7635.337,0.48678613,3,1,false,false,19.790213,-11.261304,9.590864,1.0107744,0.48488888,3
42.663128,0.3508297,43.80139267975666,-87.99239654838725,0.28445745,0,7658.893,0.47811365,3,1,false,false,20.437166,-13.244138,11.535124,1.0187455,0.47703767,3
42.426285,0.3509387,43.80139907018166,-87.99239629982404,0.26553556,0,7645.5767,0.47615594,3,1,false,false,22.49426,-14.10458,13.879488,1.0269996,0.5192808,3
42.196667,0.3510471,43.8014053702409,-87.99239617544762,0.26488006,0,7602.7627,0.48650652,3,1,false,false,22.710098,-12.789048,12.66598,1.0362853,0.6030766,3
41.9926,0.35115486,43.80141167057481,-87.99239605126081,0.2626124,0,7559.9526,0.5111242,3,1,false,false,22.983332,-10.767369,11.088865,1.0469129,0.6678499,3
41.832294,0.3512621,43.80141797063405,-87.99239605126081,0.2442404,0,7517.172,0.537701,3,1,false,false,21.549068,-8.194784,8.589893,1.0580816,0.6635536,3
41.690113,0.35136846,43.801424270967956,-87.99239617544762,0.22779265,0,7474.7905,0.54637295,3,1,false,false,21.799932,-7.8761163,9.4163,1.0687927,0.6207015,3
41.550797,0.35147426,43.80143048121077,-87.99239629982404,0.22570667,0,7432.41,0.54049814,3,1,false,false,23.24151,-7.623801,10.720406,1.0787005,0.56862086,3
41.394394,0.35157964,43.80143669145359,-87.99239654838725,0.20794955,0,7390.5527,0.52790886,3,1,false,false,24.91278,-9.648796,13.008853,1.087929,0.55020005,3
41.211334,0.35168457,43.8014429016964,-87.99239679676086,0.20681356,0,7349.6304,0.5172792,3,1,false,false,25.041887,-10.4305,13.273029,1.097373,0.59288406,3
41.023354,0.3517885,43.80144902184812,-87.9923971695109,0.19066694,0,7338.0815,0.51699847,3,1,false,false,25.8471,-10.526768,13.481571,1.1077669,0.6557143,3
40.85084,0.35189092,43.80145514199984,-87.99239766663732,0.17595208,0,7347.1455,0.52763,3,1,false,false,26.160732,-8.621579,12.001478,1.1190236,0.6890569,3
40.70593,0.35199293,43.80146126242623,-87.99239828795056,0.17464697,0,7348.017,0.5382596,3,1,false,false,26.429283,-7.4370456,11.867594,1.130437,0.6771374,3
40.57482,0.35209462,43.80146738257795,-87.99239890907421,0.17255393,0,7333.9775,0.53658164,3,1,false,false,25.702099,-6.6533055,10.834742,1.1414272,0.6434425,3
40.453518,0.35219595,43.80147341263857,-87.99239965476386,0.15877211,0,7308.5034,0.52399236,3,1,false,false,24.607635,-6.2287736,10.708899,1.1518784,0.61396396,3
40.338352,0.3522963,43.801479442973864,-87.9924004002639,0.15827748,0,7277.5435,0.51140326,3,1,false,false,24.599121,-5.97602,10.391281,1.1619102,0.5918145,3
40.22511,0.35239613,43.80148547303449,-87.99240126995076,0.157527,0,7250.5776,0.50469,3,1,false,false,23.51291,-5.9327397,10.404013,1.1716516,0.578936,3
40.11348,0.35249576,43.80149141327869,-87.99240226401403,0.14406668,0,7230.833,0.5055291,3,1,false,false,22.44597,-5.9365993,9.867793,1.1812613,0.57452786,3
40.00584,0.35259518,43.80149744361398,-87.9924033822641,0.1423908,0,7213.1455,0.51280224,3,1,false,false,21.038385,-5.892085,8.3090725,1.1909192,0.58958656,3
39.870186,0.35269442,43.80150329376709,-87.99240437632737,0.14119346,0,7193.8496,0.52007717,3,1,false,false,22.668148,-8.098812,11.980249,1.2010055,0.61934066,3
39.713337,0.35279277,43.80150923401129,-87.99240561895385,0.13929759,0,7174.107,0.5307068,3,1,false,false,25.335392,-8.379947,13.787474,1.2114439,0.6287436,3
39.57778,0.35289082,43.80151508416439,-87.99240686139073,0.12606852,0,7156.265,0.5469317,3,1,false,false,23.62796,-6.3059936,12.390693,1.221988,0.6397497,3
39.460037,0.35298872,43.8015209343175,-87.99240822820403,0.12516156,0,7134.6055,0.56539494,3,1,false,false,24.630657,-5.75638,10.427594,1.2327361,0.6498424,3
39.35225,0.35308653,43.80152678474527,-87.99240959501732,0.12403372,0,7109.485,0.5765852,3,1,false,false,23.01427,-5.2449183,9.682109,1.2434417,0.6327931,3
39.250484,0.35318413,43.80153254480728,-87.99241108620703,0.123123646,0,7086.432,0.58162093,3,1,false,false,23.882757,-5.1701903,10.951707,1.2537224,0.6005232,3
39.14787,0.35328132,43.80153839496039,-87.99241270139393,0.122002915,0,7069.4604,0.58302,3,1,false,false,23.54355,-5.251801,10.05462,1.2634836,0.5726916,3
39.04353,0.35337842,43.80154406520597,-87.99241431677044,0.12065611,0,7054.983,0.58301985,3,1,false,false,23.2495,-5.327855,11.455409,1.2727895,0.543778,3
38.941784,0.3534755,43.80154982554265,-87.99241605633375,0.11998484,0,7039.2354,0.58301985,3,1,false,false,22.17144,-5.055541,8.943579,1.2816741,0.52719724,3
38.84179,0.3535726,43.80155549551356,-87.99241779589707,0.11931501,0,7019.916,0.58805454,3,1,false,false,22.087181,-5.03856,9.498815,1.2904241,0.52540094,3
38.731606,0.35366955,43.801561165759146,-87.9924196596472,0.118655354,0,6997.6816,0.59840566,3,1,false,false,22.413725,-6.176615,10.647828,1.2993596,0.5504184,3
38.603107,0.3537662,43.80156683600473,-87.99242152358693,0.117760435,0,6974.4014,0.61015517,3,1,false,false,21.833715,-7.163716,11.282684,1.3089981,0.61590666,3
38.473743,0.35386276,43.801572416159225,-87.99242351171345,0.11709528,0,6948.736,0.621065,3,1,false,false,22.912151,-6.306747,10.849558,1.3198603,0.6786798,3
38.370106,0.35395935,43.80157799631371,-87.9924256240268,0.11555156,0,6924.083,0.630017,3,1,false,false,23.39224,-4.9922566,9.941441,1.331297,0.68773484,3
38.27032,0.35405597,43.80158348665177,-87.99242773634015,0.11424062,0,6906.418,0.62637943,3,1,false,false,23.629406,-4.9018273,10.01689,1.3426105,0.6657215,3
38.172306,0.3541526,43.80158897671517,-87.99242997284028,0.10178608,0,6893.7983,0.61071396,3,1,false,false,22.991108,-4.815067,9.27664,1.3534412,0.6329131,3
38.07747,0.3542491,43.801594467053235,-87.99243220953004,0.10136216,0,6879.4287,0.58581704,3,1,false,false,22.867655,-4.459356,9.159597,1.363655,0.5903556,3
37.99032,0.35434562,43.80159995711663,-87.9924345704066,0.10073154,0,6860.6196,0.556164,3,1,false,false,20.412281,-4.2233114,7.468275,1.3731337,0.54701525,3
37.908222,0.35444224,43.8016053573636,-87.99243693128315,0.09968897,0,6835.62,0.5354625,3,1,false,false,18.09533,-3.9887133,6.1830416,1.3819445,0.5138636,3
37.830433,0.354539,43.80161075761057,-87.99243941634653,0.098855875,0,6807.3364,0.53070694,3,1,false,false,16.23048,-3.9651701,5.3860207,1.390387,0.5010822,3
37.752098,0.35463557,43.80161615785754,-87.99244190140989,0.09801691,0,6780.5693,0.541897,3,1,false,false,15.807957,-4.0836797,5.3339534,1.398692,0.498512,3
37.672756,0.35473195,43.80162146801341,-87.99244438647325,0.09718845,0,6759.682,0.5687527,3,1,false,false,15.488096,-4.135913,5.173732,1.4070061,0.5016938,3
37.587807,0.3548284,43.801626778169286,-87.99244699591303,0.09656664,0,6744.162,0.60316116,3,1,false,false,16.969969,-5.0792437,6.3570557,1.4153817,0.50598335,3
37.46211,0.3549247,43.801632088325164,-87.9924496051632,0.09594612,0,6733.679,0.6445631,3,1,false,false,18.4841,-7.075348,8.788275,1.4239674,0.52978516,3
37.33429,0.35502094,43.801637398481034,-87.99245233878979,0.095946126,0,6723.6836,0.6870844,3,1,false,false,19.276186,-6.5616264,9.297342,1.4330004,0.55330056,3
37.212337,0.3551168,43.80164261882048,-87.99245507241638,0.09636236,0,6708.9014,0.7368783,3,1,false,false,21.789476,-6.2266736,11.54859,1.4422401,0.5557073,3
37.089344,0.35521242,43.80164774879417,-87.99245780604296,0.0974015,0,6689.2476,0.7821957,3,1,false,false,23.543287,-6.1372595,11.170693,1.4516885,0.5852232,3
36.968994,0.3553078,43.80165296913362,-87.99246066385635,0.098230526,0,6665.536,0.8177223,3,1,false,false,25.528412,-5.958407,11.141808,1.4617263,0.61300105,3
36.859028,0.355403,43.801658009290875,-87.99246364604615,0.09968898,0,6644.088,0.8473742,3,1,false,false,24.39519,-5.143897,10.028488,1.4720228,0.62123245,3
36.759235,0.35549808,43.80166313953923,-87.99246662823595,0.111403205,0,6626.6196,0.86527765,3,1,false,false,24.053097,-4.8439097,9.638786,1.4824104,0.6230996,3
36.661125,0.355593,43.80166817969649,-87.99246973461256,0.11205636,0,6610.351,0.8756273,3,1,false,false,23.575378,-4.869898,9.574076,1.4927467,0.6184309,3
36.563217,0.35568765,43.801673129762655,-87.99247284098917,0.11248684,0,6591.3496,0.8778655,3,1,false,false,23.01177,-4.852739,9.229836,1.5030963,0.6260744,3
36.46605,0.35578212,43.80167808010349,-87.99247607155259,0.11336677,0,6568.7886,0.8801029,3,1,false,false,22.388407,-4.8694324,8.776699,1.5136731,0.64412314,3
36.36598,0.35587648,43.801683030169656,-87.992479302116,0.11379905,0,6545.251,0.88457936,3,1,false,false,23.127533,-5.230592,9.697335,1.5245359,0.6576596,3
36.257336,0.35597065,43.801687890419394,-87.99248265705583,0.1142406,0,6526.1885,0.89129204,3,1,false,false,23.994688,-5.4932165,10.850678,1.5355797,0.6682931,3
36.151676,0.35606486,43.801692750394466,-87.99248601199565,0.11467405,0,6511.864,0.90248156,3,1,false,false,25.168787,-5.215703,11.197424,1.5468625,0.68706393,3
36.045986,0.35615876,43.80169752055311,-87.99248949112229,0.114674054,0,6498.3994,0.90975475,3,1,false,false,25.458546,-5.1726165,10.629041,1.5584852,0.7057,3
35.942635,0.35625246,43.80170229098642,-87.99249297024892,0.114899725,0,6481.3135,0.91562915,3,1,false,false,24.636326,-5.0315166,10.033923,1.5703703,0.71914726,3
35.841034,0.3563459,43.801707061145066,-87.99249657356236,0.11489974,0,6459.2026,0.9175874,3,1,false,false,24.337584,-4.932851,9.871347,1.5824344,0.726829,3
35.74058,0.3564392,43.801711741212614,-87.9925001770654,0.11467408,0,6435.124,0.91954494,3,1,false,false,23.962366,-4.8659043,9.758385,1.5945754,0.7286651,3
35.641705,0.3565328,43.80171633146374,-87.99250390475525,0.11401539,0,6412.3433,0.92290276,3,1,false,false,23.485548,-4.7521176,9.447152,1.6066937,0.7249325,3
35.540474,0.35662606,43.80172092144019,-87.9925076322555,0.11336676,0,6391.7495,0.9276577,3,1,false,false,22.529009,-5.2490935,9.01789,1.618744,0.7229575,3
35.428577,0.3567191,43.80172551169132,-87.99251148432175,0.112486824,0,6371.3057,0.93604946,3,1,false,false,22.194971,-5.777934,9.987702,1.6308249,0.72794396,3
35.316257,0.35681185,43.80173001185135,-87.99251533619842,0.11140321,0,6348.976,0.94611996,3,1,false,false,22.560265,-5.532245,9.700825,1.642991,0.73077947,3
35.19952,0.3569044,43.80173442192029,-87.99251931226189,0.11075142,0,6325.9336,0.9556311,3,1,false,false,23.511889,-5.8988647,10.856399,1.6551733,0.7310543,3
35.078514,0.35699674,43.80173883226389,-87.99252328851495,0.10988739,0,6304.262,0.96598077,3,1,false,false,24.024288,-5.832838,10.865773,1.6673833,0.7367241,3
34.970837,0.35708869,43.801743242332826,-87.99252726457841,0.10923878,0,6283.828,0.97744936,3,1,false,false,23.299194,-4.57294,9.091931,1.6797376,0.74289644,3
34.871418,0.35718033,43.801747562585334,-87.9925313650183,0.10902574,0,6260.905,0.9894779,3,1,false,false,23.413069,-4.680283,9.45948,1.6921604,0.7474206,3
34.762527,0.35727173,43.80175179274675,-87.99253558964497,0.10859158,0,6236.4614,1.0029045,3,1,false,false,23.651134,-6.057202,10.938146,1.7046967,0.7613265,3
34.624645,0.3573628,43.80175602263349,-87.99253969008485,0.108378984,0,6214.5474,1.015772,3,1,false,false,24.845478,-6.9430485,12.183366,1.7176536,0.7905499,3
34.492485,0.35745308,43.80176025279491,-87.99254391471153,0.10815806,0,6195.644,1.0294787,3,1,false,false,25.713314,-5.728537,11.641389,1.730922,0.7953606,3
34.385487,0.3575429,43.8017643030488,-87.99254826371462,0.10794575,0,6177.987,1.0437447,3,1,false,false,25.094688,-4.61757,10.000447,1.7441002,0.7871228,3
34.28259,0.3576324,43.80176844311912,-87.99255261271772,0.10773358,0,6156.791,1.0512973,3,1,false,false,24.56285,-4.604125,9.858682,1.757193,0.7798815,3
34.17852,0.35772163,43.80177240328192,-87.9925569615312,0.107733585,0,6130.3823,1.0557725,3,1,false,false,24.588627,-4.6218743,10.17183,1.7700595,0.7619519,3
34.072464,0.35781056,43.801776453535815,-87.99256143472111,0.10752156,0,6105.676,1.0627663,3,1,false,false,25.108423,-4.6737356,10.53531,1.7824892,0.72724676,3
33.968235,0.35789895,43.80178032360752,-87.99256603228741,0.10708955,0,6088.651,1.071158,3,1,false,false,24.157686,-4.6074333,10.297527,1.7943901,0.7064634,3
33.855194,0.3579869,43.801784193679225,-87.99257050547732,0.10665809,0,6074.8745,1.0829059,3,1,false,false,24.505314,-5.84178,11.259391,1.8061806,0.7139443,3
33.71952,0.35807443,43.8017879739345,-87.99257510285403,0.10602479,0,6057.833,1.0949342,3,1,false,false,24.855364,-6.553405,12.296516,1.818295,0.74210894,3
33.585297,0.3581616,43.80179175391511,-87.99257982460715,0.10474523,0,6035.226,1.1078019,3,1,false,false,25.526556,-6.0784006,11.944043,1.8309456,0.7693277,3
33.45756,0.3582484,43.801795444079296,-87.99258454617066,0.09225839,0,6010.2056,1.1187108,3,1,false,false,26.316477,-5.877818,12.611618,1.8437921,0.7677439,3
33.33181,0.35833484,43.80179913424348,-87.99258926792378,0.09144607,0,5988.883,1.123466,3,1,false,false,26.521185,-5.467467,12.307417,1.8565501,0.7622592,3
33.224052,0.35842082,43.801802734316574,-87.99259398967689,0.09083632,0,5973.871,1.125144,3,1,false,false,25.918741,-4.3675184,10.509915,1.8691738,0.74826413,3
33.12365,0.3585064,43.801806244573235,-87.99259883561682,0.08962072,0,5960.5273,1.1254237,3,1,false,false,24.536,-4.280064,10.121535,1.8814201,0.71830064,3
33.025852,0.35859174,43.80180975455523,-87.99260380574356,0.078347445,0,5944.007,1.1259837,3,1,false,false,23.699451,-4.174107,9.751321,1.8931284,0.6882712,3
32.930786,0.3586768,43.8018131747208,-87.99260865168348,0.0777653,0,5924.486,1.1290606,3,1,false,false,23.7838,-4.061295,10.196842,1.9044513,0.67237353,3
32.8274,0.3587616,43.801816504795276,-87.99261362181022,0.06694928,0,5907.185,1.1360536,3,1,false,false,25.789,-5.3623343,12.765996,1.9155449,0.6587836,3
32.69862,0.35884616,43.80181983514442,-87.99261871631336,0.066391096,0,5897.1826,1.1464032,3,1,false,false,27.266901,-6.173802,14.727033,1.9265438,0.6661069,3
32.570137,0.3589303,43.8018230751278,-87.99262368662968,0.055310234,0,5891.698,1.1623467,3,1,false,false,25.695425,-5.9363523,12.562273,1.937994,0.7145103,3
32.450947,0.35901406,43.801826315385846,-87.99262878094324,0.05406921,0,5880.9897,1.1794105,3,1,false,false,25.364605,-5.2040396,11.753072,1.9503735,0.76256245,3
32.351498,0.35909754,43.80182937546171,-87.99263387544637,0.04316987,0,5862.883,1.1931162,3,1,false,false,24.595892,-3.5788298,10.579908,1.9631306,0.7545674,3
32.271835,0.3591808,43.801832525353994,-87.99263909413632,0.033222437,0,5844.3555,1.2020668,3,1,false,false,23.723139,-3.0869799,10.273666,1.9753605,0.7079218,3
32.196796,0.35926396,43.801835495613425,-87.99264431282627,0.032901864,0,5832.231,1.2062624,3,1,false,false,23.982576,-2.8827798,10.53162,1.9866484,0.643771,3
32.12354,0.35934708,43.801838465598195,-87.99264953151622,0.022911552,0,5826.0737,1.2126968,3,1,false,false,23.343513,-2.891332,9.964709,1.9968164,0.57797766,3
32.05263,0.35943,43.801841435857625,-87.99265487458258,0.022599127,0,5820.278,1.2219276,3,1,false,false,22.596842,-3.086492,9.72719,2.0060546,0.53595716,3
31.965355,0.35951263,43.80184422593487,-87.99266021745935,0.014099522,0,5812.76,1.2345142,3,1,false,false,21.984367,-4.345186,10.694638,2.0148613,0.52738565,3
31.869928,0.35959506,43.80184710610321,-87.9926655605257,0.013799593,0,5802.3994,1.2560527,3,1,false,false,22.660799,-4.716015,13.366218,2.023711,0.53825104,3
31.76445,0.3596772,43.801849806089365,-87.99267090340246,0.012914006,0,5791.9556,1.2826253,3,1,false,false,23.128597,-5.206184,12.638888,2.032991,0.58106405,3
31.668798,0.35975942,43.80185250607551,-87.99267624646882,0.012323725,0.011390508,5782.72,1.3131143,3,1,false,false,23.18948,-3.7704616,11.151393,2.0430217,0.6143034,3
31.606007,0.35984153,43.80185520633633,-87.99268171372198,0.010997295,0.027312458,5776.613,1.3419249,3,1,false,false,21.785381,-2.4258149,9.506728,2.0532448,0.6048356,3
31.55168,0.35992348,43.80185781650606,-87.99268718097515,0.009535188,0.042664107,5775.334,1.3648607,3,1,false,false,20.059692,-2.1272316,8.755468,2.0630627,0.57004917,3
31.5035,0.36000526,43.80186033658468,-87.99269264803871,0.008805132,0.05749172,5776.909,1.380245,3,1,false,false,19.300573,-1.8370365,8.363963,2.0721827,0.5215042,3
31.459183,0.36008692,43.80186285666331,-87.99269823966829,0.0077918973,0.06900542,5788.2544,1.3917124,3,1,false,false,19.36865,-1.7758542,8.767172,2.0804026,0.46515214,3
31.415777,0.3601685,43.80186528665085,-87.99270370673186,0.006783625,0.088210404,5814.4736,1.3995452,3,1,false,false,19.809202,-1.8020583,9.113109,2.0877156,0.4173641,3
31.353216,0.36024988,43.801867716638384,-87.99270929836143,0.005927382,0.111808166,5862.135,1.4073763,3,1,false,false,19.680143,-3.978431,9.795282,2.0945916,0.42022535,3
31.270298,0.360331,43.80187005680949,-87.9927148898014,0.004781877,0.138689,5935.304,1.4191251,3,1,false,false,17.590246,-4.468835,9.79421,2.1018896,0.45727822,3
31.18666,0.3604118,43.801872396980606,-87.99272060542819,0.0032236204,0.16721901,6005.9277,1.4420608,3,1,false,false,16.073841,-4.2932115,9.226197,2.109824,0.49500084,3
31.12452,0.36049235,43.801874736877046,-87.99272619705776,0.0023767035,0.19409987,5943.491,1.4745069,3,1,false,false,16.323212,-2.2007632,9.639902,2.1183343,0.52455604,3
31.097586,0.3605728,43.80187698695706,-87.99273178849775,0.0015388513,0.21660331,5845.0483,1.5089097,3,1,false,false,19.816082,-0.2688972,12.062855,2.1274314,0.570287,3
31.098387,0.3606532,43.801879147220646,-87.99273750412453,0.0006990164,0.23634773,5794.37,1.5469499,3,1,false,false,23.506863,1.2451555,13.057627,2.137235,0.59743345,3
31.10892,0.3607334,43.80188130720957,-87.9927432199409,1.4551915e-11,0.2621342,5799.088,1.574919,3,1,false,false,24.303991,1.1882654,12.916791,2.147191,0.59605384,3
31.11442,0.36081353,43.80188337738206,-87.99274893556769,0,0.28354323,5835.2905,1.581353,3,1,false,false,23.663107,1.0009851,12.164612,2.157147,0.5977964,3
31.12289,0.3608936,43.801885447279886,-87.99275477557089,0,0.29944986,5868.864,1.5751994,3,1,false,false,21.634617,1.2185365,10.944852,2.1671317,0.6008754,3
31.140285,0.36097372,43.80188742736129,-87.99276061557408,0,0.3093298,5881.9404,1.5598156,3,1,false,false,20.647276,1.9132413,10.591151,2.1771886,0.60354316,3
31.171091,0.36105385,43.80188940744269,-87.99276645557727,0,0.3153563,5876.1636,1.544432,3,1,false,false,20.324762,2.5912807,10.529678,2.187096,0.5819787,3
31.211113,0.36113405,43.80189129770766,-87.99277229558047,0,0.31756043,5861.8784,1.529328,3,1,false,false,19.121136,3.0569131,9.695427,2.1965365,0.5491144,3
31.254017,0.36121413,43.801893187697964,-87.99277825977046,0,0.31974912,5851.005,1.524573,3,1,false,false,17.798641,2.8917458,8.942042,2.205403,0.5179815,3
31.261395,0.36129424,43.80189498759718,-87.99278422415006,0,0.32195318,5854.3154,1.5321248,3,1,false,false,16.942757,-1.0166888,9.688463,2.2140298,0.5315485,3
31.233644,0.36137426,43.80189678777106,-87.99279018834007,0,0.32304758,5877.0527,1.5503058,3,1,false,false,15.216775,-0.9772509,9.656917,2.2233117,0.58065337,3
31.241295,0.36145416,43.80189858794493,-87.99279627690647,0,0.32304758,5910.011,1.5855485,3,1,false,false,15.00456,2.359921,8.429929,2.2331617,0.5899618,3
31.275707,0.36153412,43.80190029802772,-87.99280224109647,0,0.32523626,5938.211,1.6151965,3,1,false,false,16.599663,2.8734238,8.498452,2.242881,0.57382196,3
31.326586,0.36161414,43.80190191801941,-87.99280832966288,0,0.32907414,5947.017,1.6177142,3,1,false,false,17.654877,3.751081,9.528305,2.2521384,0.5309234,3
31.383923,0.36169413,43.801903628102195,-87.99281441803969,0,0.3340218,5918.3447,1.6115599,3,1,false,false,16.628109,3.949347,9.409652,2.2604487,0.46626195,3
31.444082,0.3617742,43.80190515800279,-87.9928205066061,0,0.34390187,5876.328,1.5986936,3,1,false,false,15.085305,3.8902478,8.223636,2.2677276,0.41360486,3
31.468027,0.36185437,43.80190677799448,-87.9928265949829,0,0.3559705,5864.894,1.5765979,3,1,false,false,18.263033,0.41052076,9.714947,2.2747478,0.4552636,3
31.449629,0.36193448,43.80190830816974,-87.99283280773612,0,0.3674841,5913.577,1.5503055,3,1,false,false,17.770433,-0.99220455,9.927054,2.2833893,0.58468795,3
31.42215,0.36201453,43.80190974825391,-87.99283902048934,0,0.37736416,6035.131,1.522895,3,1,false,false,17.44369,-1.805377,8.912211,2.2940798,0.6956269,3
31.411787,0.36209452,43.80191118833808,-87.99284523324256,0,0.38503987,6177.9087,1.4929672,3,1,false,false,18.537178,0.19452174,10.735805,2.3063269,0.7665026,3
31.40962,0.36217442,43.80191262842225,-87.99285144599577,0,0.39656913,6236.6685,1.4644371,3,1,false,false,16.370466,0.566319,7.818774,2.319627,0.83032167,3
31.44044,0.36225426,43.80191397841533,-87.99285765874899,0,0.40808272,6223.5654,1.4331098,3,1,false,false,15.898394,3.9687023,8.207276,2.3338978,0.8725219,3
31.539,0.36233428,43.801915328408406,-87.99286387150221,0,0.42180067,6186.0317,1.3911533,3,1,false,false,20.010822,7.324393,10.656908,2.3481414,0.81676394,3
31.641916,0.36241454,43.80191658858505,-87.99287020863183,0,0.43497908,6109.645,1.3276589,3,1,false,false,19.579237,6.9681334,11.382946,2.3608634,0.7082718,3
31.744108,0.36249503,43.80191784848704,-87.99287654557186,0,0.4426548,6030.9385,1.2627654,3,1,false,false,19.479475,6.7811084,10.460903,2.3717291,0.59549564,3
31.82605,0.36257595,43.80191901857259,-87.99288288270148,0,0.44814193,5998.4043,1.1922772,3,1,false,false,21.325548,4.628969,10.736505,2.380895,0.51696944,3
31.867956,0.36265698,43.801920188658144,-87.99288934382832,0,0.448142,6034.6685,1.11927,3,1,false,false,20.338848,2.4882743,10.534549,2.3894238,0.5184637,3
31.887934,0.36273807,43.801921268652606,-87.99289568086314,0,0.448142,6134.3457,1.0521367,3,1,false,false,16.627234,1.3777514,8.609178,2.39833,0.55014384,3
31.89356,0.3628192,43.80192234864706,-87.99290214217957,0,0.448142,6268.7856,0.9877988,3,1,false,false,16.248537,0.47331294,8.588795,2.4079034,0.60501206,3
31.897999,0.36290026,43.8019233388251,-87.9929086034012,0,0.448142,6407.748,0.92458063,3,1,false,false,15.993023,1.3416086,8.391254,2.4185894,0.67570907,3
31.929573,0.36298138,43.80192432872846,-87.99291506462285,0,0.44923633,6523.145,0.84961265,3,1,false,false,15.553411,3.820351,8.690263,2.430275,0.7173984,3
32.00962,0.36306313,43.801925228815406,-87.99292152593928,0,0.4514404,6564.2886,0.7670907,3,1,false,false,15.769438,6.188349,9.000246,2.442004,0.683693,3
32.109234,0.363145,43.801926128902345,-87.99292811144252,0,0.45581782,6497.006,0.68232876,3,1,false,false,18.174145,7.0407324,10.950258,2.4530442,0.64691734,3
32.21597,0.36322713,43.801927028714616,-87.99293469694577,0,0.45967108,6380.8003,0.5995251,3,1,false,false,17.640331,7.473335,10.722935,2.4637027,0.636551,3
32.334454,0.3633096,43.80192783898513,-87.99294128244901,0,0.46625257,6306.6416,0.53602237,3,1,false,false,17.73634,8.253164,10.845035,2.4741461,0.61143494,3
32.453125,0.36339232,43.80192855888988,-87.99294786804704,0,0.4722792,6288.656,0.47699434,3,1,false,false,17.69091,7.6463914,10.316892,2.483824,0.5437775,3
32.549397,0.36347544,43.80192936888572,-87.9929545777371,0,0.47886068,6288.2407,0.41824663,3,1,false,false,16.91821,5.719761,9.456639,2.4923317,0.48593536,3
32.620552,0.36355913,43.801929998974046,-87.99296116333514,0,0.48764622,6305.871,0.37068805,3,1,false,false,16.062153,5.197557,9.042709,2.500447,0.4920482,3
32.7037,0.36364302,43.8019307188788,-87.9929678730252,0,0.4942277,6353.606,0.33711758,3,1,false,false,14.691287,5.941696,8.781284,2.508584,0.47596332,3
32.787853,0.36372706,43.80193134896712,-87.99297458281004,0,0.5002699,6396.9917,0.31921306,3,1,false,false,14.019469,5.3344507,7.647343,2.516173,0.43701863,3
32.852978,0.36381134,43.801931888964354,-87.9929814168765,0,0.5062965,6423.259,0.32229003,3,1,false,false,16.047985,4.270623,9.471073,2.5235164,0.4603256,3
32.92389,0.36389574,43.801932428961585,-87.99298812666134,0,0.5112442,6462.3267,0.33991423,3,1,false,false,14.023672,5.8524685,9.141754,2.5315475,0.4941932,3
33.03278,0.36398044,43.801932968958816,-87.99299496063301,0,0.52166355,6517.1978,0.35781926,3,1,false,false,14.362874,8.410881,9.112661,2.5395815,0.4502849,3
33.152336,0.36406544,43.801933419139615,-87.99300179469947,0,0.5370307,6521.8657,0.37432545,3,1,false,false,17.636408,7.0419393,9.516693,2.5462303,0.36761305,3
33.23185,0.36415067,43.801933869045754,-87.99300862876592,0,0.55623555,6479.26,0.3964251,3,1,false,false,16.686375,5.2655673,10.107357,2.5527434,0.42336336,3
33.329266,0.36423615,43.801934319226554,-87.99301546273759,0,0.57653487,6496.567,0.4120917,3,1,false,false,15.012473,8.123555,9.588822,2.560086,0.44428763,3
33.466473,0.36432192,43.8019346790416,-87.99302242108564,0,0.5962795,6570.3223,0.41377074,3,1,false,false,16.945278,8.312484,10.64148,2.5670307,0.38547656,3
33.567516,0.36440802,43.80193494904021,-87.99302925505731,0,0.6105522,6598.604,0.4134906,3,1,false,false,18.267866,5.8607364,10.742801,2.5732338,0.37757853,3
33.640625,0.36449438,43.801935219038825,-87.99303621331057,0,0.6187829,6609.094,0.41237247,3,1,false,false,14.160149,6.365161,9.075006,2.580021,0.4359631,3
33.78156,0.364581,43.80193548903744,-87.99304317165864,0,0.6226208,6663.213,0.40286025,3,1,false,false,15.68665,9.939029,11.043908,2.587234,0.41270158,3
33.92572,0.36466798,43.80193566921963,-87.99305025419352,0,0.62262064,6679.2764,0.3804794,3,1,false,false,15.5571995,8.47392,10.181997,2.5935028,0.34611443,3
34.031944,0.3647553,43.801935849127155,-87.99305721244679,0,0.62262064,6644.0273,0.3553011,3,1,false,false,14.5253105,6.6626964,9.250003,2.5993035,0.35888183,3
34.14479,0.3648429,43.80193602903467,-87.99306429498166,0,0.6253643,6650.567,0.32061145,3,1,false,false,12.823836,7.768312,8.800406,2.605425,0.36921558,3
34.2856,0.36493087,43.80193611912577,-87.99307137751653,0,0.62755287,6715.974,0.26270106,3,1,false,false,11.78353,8.769242,8.037995,2.611164,0.30848897,3
34.39272,0.36501917,43.80193620921686,-87.99307846005141,0,0.6275529,6761.6025,0.20059358,3,1,false,false,12.889373,5.788471,9.17072,2.6160302,0.2867161,3
34.45815,0.3651077,43.80193620921686,-87.9930856668679,0,0.6275529,6799.0845,0.14016464,3,1,false,false,11.126557,3.7017179,7.79205,2.6211913,0.32923222,3
34.54246,0.36519638,43.80193620921686,-87.99309274940276,0,0.6275529,6915.03,0.08281151,3,1,false,false,12.404995,6.7212734,10.026014,2.626815,0.33292112,3
34.640297,0.36528534,43.80193620921686,-87.99309995621925,0,0.6275529,7060.2314,0.026017742,3,1,false,false,11.992181,6.269106,9.929944,2.6321726,0.30851364,3
34.722256,0.36537457,43.80193611912577,-87.99310716303573,0,0.6275529,7143.7295,-0.015108867,3,1,false,false,11.595053,4.7753315,9.94695,2.637211,0.3086812,3
34.818188,0.36546397,43.80193602903467,-87.99311436975742,0,0.6275529,7188.144,-0.038049664,3,1,false,false,9.9112835,8.60116,10.659262,2.6423979,0.31318524,3
34.991867,0.36555377,43.80193593921825,-87.9931215765739,0,0.6275529,7199.139,-0.04448594,3,1,false,false,10.404977,11.807966,11.106762,2.647117,0.2586008,3
35.177,0.36564404,43.801935849127155,-87.99312878339039,0,0.6275529,7102.331,-0.033852935,3,1,false,false,11.628249,12.0608225,12.246999,2.6508865,0.20957549,3
35.385258,0.36573482,43.80193566921963,-87.99313611439368,0,0.62920225,6923.2725,-0.009792363,3,1,false,false,11.876019,12.928155,12.122717,2.653976,0.16393359,3
35.594254,0.3658262,43.80193548903744,-87.99314344549177,0,0.6341499,6749.4316,0.020702334,3,1,false,false,12.764282,13.662965,12.947429,2.656118,0.0987081,3
35.79051,0.36591813,43.801935309129924,-87.99315090077667,0,0.64731264,6649.9604,0.055114627,3,1,false,false,12.147823,10.2126,11.201518,2.6572568,0.036394328,3
35.91211,0.36601046,43.80193503913131,-87.99315823177996,0,0.67309916,6657.769,0.085330196,3,1,false,false,12.115379,6.2174063,11.984744,2.6580026,0.0617967,3
36.015095,0.36610305,43.80193476913269,-87.99316568715966,0,0.71974003,6808.035,0.112187505,3,1,false,false,10.074067,6.7983937,12.154047,2.6594088,0.09561728,3
36.130196,0.36619598,43.801934409042985,-87.99317314244456,0,0.79105735,7018.0674,0.12002054,3,1,false,false,9.396928,6.7604895,13.477753,2.6611128,0.11319407,3
36.234837,0.36628914,43.80193413904437,-87.99318059772946,0,0.8964073,7165.5645,0.11722272,3,1,false,false,8.82507,7.924562,13.539371,2.663254,0.157812,3
36.364212,0.36638275,43.801933778954655,-87.99318817729598,0,0.9999999,7217.34,0.10743198,3,1,false,false,4.8904796,7.817021,8.236892,2.6659508,0.17311859,3
36.572914,0.36647674,43.801933419139615,-87.99319563258088,0,1,7207.96,0.094281904,3,1,false,false,5.2918468,14.933351,10.716846,2.6682904,0.124548994,3
36.807896,0.36657134,43.80193305904991,-87.99320321214738,0,1,7127.6265,0.08588847,3,1,false,false,5.719332,13.841447,11.358483,2.6698058,0.071443886,3
37.033485,0.3666666,43.80193260914377,-87.99321091599549,0,1,7020.747,0.08504999,3,1,false,false,5.916822,14.4901285,12.721458,2.6706612,0.04121507,3
37.269276,0.36676243,43.80193224905406,-87.99321861974882,0,1,6965.7563,0.097079724,3,1,false,false,4.2070694,13.86912,11.355062,2.670903,-0.011141834,3
37.453556,0.36685893,43.80193179914793,-87.99322632359693,0,1,6970.012,0.12170017,3,1,false,false,4.0841193,8.608055,10.379597,2.6704643,-0.03537136,3
37.569695,0.36695582,43.80193134896712,-87.99323402744506,0,1,7068.2046,0.15415207,3,1,false,false,3.2208228,8.123528,10.552806,2.6701815,-0.0018397348,3
37.710537,0.36705303,43.801930899060984,-87.99324173119837,0,1,7243.5796,0.17737365,3,1,false,false,1.5839595,11.353968,8.428265,2.670305,0.009557173,3
37.86324,0.36715066,43.801930448880185,-87.99324955932809,0,1,7374.466,0.18212917,3,1,false,false,3.0974476,6.5394278,7.7522955,2.670777,0.042715896,3
37.950706,0.36724868,43.801929998974046,-87.99325738736302,0,1,7439.675,0.16254501,3,1,false,false,2.7629032,6.089556,7.9131503,2.6718528,0.081925236,3
38.10206,0.3673471,43.801929549067914,-87.99326521539794,0,1,7551.1504,0.12869416,3,1,false,false,1.1515086,11.512053,8.14817,2.6733286,0.09063284,3
38.30461,0.367446,43.80192909888711,-87.99327316771448,0,1,7641.432,0.0903665,3,1,false,false,1.5683006,12.468786,8.200876,2.6747608,0.08243554,3
38.451015,0.36754537,43.80192864898097,-87.99328112012581,0,1,7616.1,0.06574545,3,1,false,false,1.6510667,7.035144,9.205458,2.6762938,0.099775,3
38.594585,0.36764506,43.801928108983745,-87.99328907244234,0,1,7609.254,0.045602478,3,1,false,false,1.5285195,11.546329,9.268229,2.678101,0.1148182,3
38.808044,0.3677454,43.80192765880294,-87.99329702475887,0,1,7684.6206,0.03245295,3,1,false,false,2.031106,12.653562,9.042131,2.6799908,0.11151655,3
38.967896,0.36784628,43.8019272088968,-87.99330497707541,0,1,7720.277,0.02713753,3,1,false,false,2.3399823,8.1611805,9.807586,2.6818502,0.11593968,3
39.127823,0.3679475,43.801926668899576,-87.99331305367355,0,1,7736.4844,0.026017753,3,1,false,false,2.6267953,11.9737,10.439601,2.6838279,0.12413972,3
39.370667,0.3680493,43.80192621871877,-87.9933211301769,0,1,7742.052,0.022940803,3,1,false,false,3.9619548,14.594637,11.899147,2.6857257,0.104273245,3
39.56557,0.36815166,43.80192567872154,-87.99332933105664,0,1,7656.0103,0.020702334,3,1,false,false,4.1137085,10.136407,12.295553,2.6873217,0.09313929,3
39.74205,0.36825454,43.80192513872431,-87.99333753184159,0,1,7584.275,0.019863853,3,1,false,false,4.1279135,12.805466,12.697489,2.688915,0.10172964,3
39.97307,0.36835796,43.801924598727076,-87.99334573272135,0,1,7603.3237,0.017066043,3,1,false,false,5.018027,13.6413355,12.975068,2.6904597,0.08305538,3
40.145355,0.36846188,43.801924058729846,-87.9933539335063,0,1,7620.424,0.01622539,3,1,false,false,4.405472,8.611902,14.656632,2.6916423,0.06667662,3
40.294662,0.36856622,43.80192351873262,-87.99336225866766,0,1,7654.1826,0.017904524,3,1,false,false,4.150117,10.55947,11.870492,2.6927345,0.072970025,3
40.49427,0.36867106,43.80192288864429,-87.99337058373422,0,1,7713.4556,0.01818473,3,1,false,false,4.5974956,11.908705,12.989062,2.6937757,0.056504067,3
40.65153,0.36877635,43.80192234864706,-87.99337890880076,0,1,7722.9204,0.016505603,3,1,false,false,3.9457488,8.15478,14.325142,2.6945493,0.04749506,3
40.803402,0.36888203,43.80192171855874,-87.99338735814894,0,1,7738.645,0.013427577,3,1,false,false,3.7490873,11.386072,13.3375025,2.6953058,0.053688902,3
41.005825,0.36898816,43.80192108874508,-87.99339580749711,0,1,7780.1104,0.011470403,3,1,false,false,3.4476466,12.154944,12.869216,2.6959558,0.03094217,3
41.16696,0.36909482,43.80192045865676,-87.99340425684527,0,1,7781.523,0.011749537,3,1,false,false,2.5612016,9.131558,11.353161,2.6962292,0.012169764,3
41.331566,0.36920187,43.80191982856844,-87.99341270619344,0,1,7789.79,0.018184735,3,1,false,false,1.7810498,11.4380045,10.61681,2.6962898,0.0012474671,3
41.525124,0.3693094,43.80191919848011,-87.99342127982321,0,1,7814.403,0.028256226,3,1,false,false,1.7998049,11.013808,10.882711,2.6961868,-0.010724331,3
41.67434,0.3694174,43.80191856866645,-87.9934298533582,0,1,7823.15,0.03525076,3,1,false,false,1.9410341,8.103703,10.441369,2.6960826,-0.0034292382,3
41.81634,0.36952573,43.80191793857813,-87.99343842698796,0,1,7870.8457,0.035250768,3,1,false,false,1.3673472,9.627199,9.767927,2.6961577,0.007760889,3
41.97485,0.36963454,43.801917308489806,-87.99344700061773,0,1,7957.4204,0.032733157,3,1,false,false,0.78572273,8.663239,9.251273,2.6963375,0.007558153,3
42.079693,0.36974367,43.80191667840148,-87.99345569843432,0,1,8035.118,0.033571646,3,1,false,false,0.9444081,5.570463,7.6727176,2.6965039,0.011306355,3
42.202423,0.36985308,43.80191595849673,-87.99346439625091,0,1,8147.7354,0.027696878,3,1,false,false,1.0605292,9.640903,8.388224,2.6968126,0.024973912,3
42.359318,0.36996284,43.801915328408406,-87.9934730941623,0,1,8245.383,0.0176243,3,1,false,false,0.9300413,9.034042,8.80915,2.6972752,0.028355453,3
42.48626,0.37007302,43.80191469832008,-87.99348179197888,0,1,8263.599,0.01286931,3,1,false,false,0.8532331,8.313379,8.436073,2.6976864,0.021379523,3
42.652523,0.37018362,43.80191397841533,-87.99349061407706,0,1,8265.525,0.012029747,3,1,false,false,0.92179406,11.6612,9.963655,2.697974,0.01778274,3
42.83493,0.37029463,43.801913348327005,-87.99349943627006,0,1,8256.15,0.016225394,3,1,false,false,1.1861843,10.280981,10.475085,2.6982749,0.01771426,3
42.98946,0.3704061,43.80191262842225,-87.99350825836825,0,1,8238.401,0.019583642,3,1,false,false,1.0311177,9.837398,12.097346,2.69853,0.011988912,3
43.17046,0.37051803,43.80191199833393,-87.99351708046645,0,1,8250.98,0.016785827,3,1,false,false,1.3595613,11.275568,11.174516,2.6986837,0.0091582155,3
43.32947,0.37063038,43.80191127815451,-87.99352602684624,0,1,8262.612,0.01566713,3,1,false,false,1.4118205,8.434063,12.6523075,2.6988251,0.006440805,3
43.47284,0.37074316,43.80191055824976,-87.99353497313125,0,1,8286.506,0.019303422,3,1,false,false,1.2995484,9.773286,12.088504,2.6988409,-0.00037096505,3
43.650555,0.3708563,43.801909928161436,-87.99354391951104,0,1,8328.034,0.027696874,3,1,false,false,1.3034141,11.067447,12.634799,2.6987734,-0.0028429078,3
43.80576,0.37096995,43.80190920825668,-87.99355286589085,0,1,8329.507,0.03692989,3,1,false,false,1.0250027,9.019064,11.573738,2.6986568,-0.006890062,3
43.969353,0.37108395,43.80190848807727,-87.99356193655225,0,1,8317.916,0.047001388,3,1,false,false,0.54832256,11.126639,10.4455385,2.6984525,-0.00980981,3
44.1469,0.37119848,43.80190776817251,-87.99357100711886,0,1,8311.722,0.053435493,3,1,false,false,0.6168139,10.59542,11.411485,2.6983378,0.00040875986,3
44.296062,0.37131333,43.801907048267765,-87.99358007778027,0,1,8310.281,0.04784095,3,1,false,false,0.65360653,9.198341,13.3591585,2.6984236,0.010541222,3
44.456768,0.37142864,43.80190632808834,-87.99358927262848,0,1,8341.507,0.03301231,3,1,false,false,0.37870464,10.370533,12.083375,2.6986241,0.016752642,3
44.60403,0.37154436,43.801905608183596,-87.99359834328989,0,1,8379.628,0.012029748,3,1,false,false,0.5337682,8.667545,12.907045,2.6989746,0.024565604,3
44.73514,0.37166047,43.801904888004174,-87.99360753813811,0,1,8423.875,-0.012031915,3,1,false,false,0.011087328,8.752889,12.291014,2.699299,0.0145175215,3
44.890057,0.3717769,43.801904168099426,-87.99361673298633,0,1,8478.691,-0.02098363,3,1,false,false,0.015629977,10.040058,11.942367,2.6993876,0.0012930408,3
45.03345,0.37189373,43.801903447920004,-87.99362605211616,0,1,8503.779,-0.015387995,3,1,false,false,-0.014664173,8.567344,12.612845,2.6993043,-0.010352938,3
45.175674,0.37201095,43.80190272801526,-87.99363537124599,0,1,8519.523,-0.015947346,3,1,false,false,0.010925114,9.835639,11.693065,2.6989841,-0.023103613,3
45.335117,0.37212855,43.801902007835835,-87.9936446903758,0,1,8544.069,-0.015947344,3,1,false,false,-0.08805516,9.73604,12.691979,2.6985424,-0.025815217,3
45.47641,0.3722465,43.80190128793109,-87.99365400950563,0,1,8563.45,-0.013709957,3,1,false,false,-0.4348151,8.91868,12.642606,2.6980398,-0.03258501,3
45.628433,0.37236485,43.80190056802633,-87.99366332863546,0,1,8594.507,-0.0117516965,3,1,false,false,-0.66464496,10.366746,11.215434,2.6974149,-0.03556471,3
45.784184,0.37248358,43.80189984784692,-87.99367277204689,0,1,8617.141,-0.010912135,3,1,false,false,-0.6773235,9.352433,11.213049,2.696872,-0.02757771,3
45.92618,0.3726027,43.801899127942164,-87.99368221545832,0,1,8628.126,-0.014548436,3,1,false,false,-1.1164055,9.588655,12.474682,2.6964018,-0.028678488,3
46.0825,0.37272215,43.80189840776275,-87.99369165882236,0,1,8647.541,-0.02014407,3,1,false,false,-1.1131853,10.044459,12.911419,2.6959312,-0.02439369,3
46.224323,0.372842,43.801897687857995,-87.99370110218639,0,1,8667.179,-0.029377082,3,1,false,false,-1.194163,8.851596,12.894115,2.695552,-0.022371821,3
46.364086,0.3729622,43.80189687786215,-87.99371066983204,0,1,8703.122,-0.04588378,3,1,false,false,-1.5550814,9.147835,11.431424,2.6951187,-0.028047277,3
46.50956,0.37308276,43.801896157682734,-87.99372023747767,0,1,8747.827,-0.055675045,3,1,false,false,-1.603455,9.14599,12.18093,2.6946008,-0.03222209,3
46.64803,0.37320367,43.80189543777798,-87.99372980512332,0,1,8780.886,-0.06351023,3,1,false,false,-1.7242568,8.904971,11.631805,2.6939912,-0.03981639,3
46.794094,0.37332493,43.801894717598564,-87.99373937276896,0,1,8805.163,-0.06938499,3,1,false,false,-1.6815164,9.488315,12.820499,2.69326,-0.045229178,3
46.93682,0.3734466,43.80189408778491,-87.99374906464881,0,1,8823.6,-0.07218282,3,1,false,false,-2.0019567,8.998721,12.082012,2.692434,-0.053015653,3
47.078266,0.3735686,43.80189336760549,-87.99375875652866,0,1,8847.501,-0.07078392,3,1,false,false,-1.9046675,9.002274,12.1887,2.6914647,-0.06038388,3
47.21772,0.37369096,43.80189264770073,-87.99376844840852,0,1,8883.818,-0.07050479,3,1,false,false,-2.3681302,8.913242,11.040332,2.6903872,-0.06712869,3
47.35576,0.3738137,43.80189192752132,-87.99377814033576,0,1,8926.702,-0.07078391,3,1,false,false,-2.6701787,8.773114,11.201474,2.689202,-0.07291243,3
47.492104,0.37393674,43.80189120761656,-87.99378795649721,0,1,8964.03,-0.07386086,3,1,false,false,-2.7191224,8.8305855,13.435216,2.687936,-0.07690797,3
47.6339,0.37406015,43.80189057752824,-87.99379777261127,0,1,8990.341,-0.08197518,3,1,false,false,-2.9336987,9.304907,15.626049,2.6866016,-0.07997072,3
47.781223,0.37418392,43.80188985762349,-87.99380758877274,0,1,9005.466,-0.08757081,3,1,false,false,-3.4884868,9.485296,13.602549,2.685166,-0.08912175,3
47.93195,0.37430808,43.80188913744407,-87.99381740493419,0,1,9011.612,-0.08113562,3,1,false,false,-3.5047457,9.918396,11.188166,2.6835685,-0.095933594,3
48.088444,0.37443265,43.80188850735575,-87.99382722109566,0,1,9013.996,-0.07498066,3,1,false,false,-3.3872418,10.204568,10.245115,2.6819847,-0.08843223,3
48.243042,0.37455758,43.801887787450994,-87.99383716149133,0,1,9014.143,-0.07246196,3,1,false,false,-3.5048008,9.702677,11.014449,2.6806405,-0.07359493,3
48.38391,0.37468293,43.80188715736267,-87.99384710188698,0,1,9022.8,-0.07330153,3,1,false,false,-3.3301458,9.08871,12.673661,2.6794844,-0.06758726,3
48.51034,0.37480858,43.80188652727435,-87.99385716656427,0,1,9059.088,-0.07470042,3,1,false,false,-3.5417874,7.723273,11.698787,2.678355,-0.07172232,3
48.631046,0.37493458,43.80188589746069,-87.99386710695994,0,1,9129.709,-0.073581725,3,1,false,false,-3.8553016,7.6223636,13.157857,2.6770527,-0.08369503,3
48.756596,0.37506086,43.80188526737237,-87.9938771715898,0,1,9208.21,-0.07022458,3,1,false,false,-3.8380075,8.838455,14.116563,2.6755638,-0.087947905,3
48.89166,0.37518752,43.80188463728404,-87.99388723626708,0,1,9250.376,-0.069664165,3,1,false,false,-3.682812,9.273339,11.724728,2.6740837,-0.082874976,3
49.037895,0.37531447,43.80188400719572,-87.99389730094435,0,1,9239.302,-0.07134436,3,1,false,false,-3.46362,9.327979,10.3940325,2.6727855,-0.070215434,3
49.193546,0.37544182,43.80188337738206,-87.99390736557423,0,1,9204.277,-0.073581755,3,1,false,false,-3.0863807,9.906094,9.978068,2.6716995,-0.057275806,3
49.345486,0.3755696,43.80188274729374,-87.99391755448572,0,1,9184.384,-0.07609934,3,1,false,false,-3.2559066,9.871041,10.763384,2.6708226,-0.049685195,3
49.364944,0.37569764,43.80188220729651,-87.9939277434446,0,1,9311.696,-0.07917735,0,1,false,false,-3.3765683,-4.2394714,10.991138,2.6700518,-0.046246845,3
49.32843,0.37582558,43.801881577208185,-87.99393793235609,0,1,8884.748,-0.08309389,4,1,false,false,-3.0064893,3.7784004,11.580649,2.6692533,-0.054488715,3
49.46929,0.37595364,43.801881037210954,-87.99394799698597,0,1,7908.9155,-0.08673127,4,1,false,false,-2.8600664,10.997851,12.005265,2.6681929,-0.07484911,3
49.652996,0.37608215,43.80188040712263,-87.99395831017905,0,1,7482.351,-0.087011464,4,1,false,false,-3.0636318,12.436635,11.297798,2.6666718,-0.10189071,3
49.83426,0.3762111,43.8018798671254,-87.99396849909054,0,1,7679.7026,-0.085612565,4,1,false,false,-3.5227406,9.998012,9.814613,2.6648545,-0.107289076,3
49.938835,0.3763405,43.80187932712817,-87.99397881223624,0,1,7947.6255,-0.08505216,4,1,false,false,-3.9637625,5.485237,9.719167,2.6631536,-0.09105421,3
50.0364,0.3764701,43.80187878713094,-87.99398912542932,0,1,7957.906,-0.087570824,4,1,false,false,-4.374897,7.79087,14.186574,2.6617153,-0.08085812,3
50.176495,0.37659997,43.80187824713371,-87.99399943857502,0,1,7793.209,-0.0884104,4,1,false,false,-4.6740913,9.732706,16.18545,2.660337,-0.08337607,3
50.328247,0.37673026,43.80187770713648,-87.9940097517681,0,1,7674.17,-0.08645103,4,1,false,false,-4.636794,9.631353,15.416564,2.6588511,-0.089019865,3
50.459324,0.3768609,43.801877167139246,-87.99402018919541,0,1,7698.0054,-0.07973672,4,1,false,false,-4.528234,7.964878,13.901905,2.6573093,-0.087539665,3
50.565422,0.37699178,43.801876627142015,-87.9940306266227,0,1,7795.1924,-0.07190368,4,1,false,false,-4.413701,6.6072564,12.715835,2.6559117,-0.07530682,3
50.66544,0.37712297,43.801876176961215,-87.99404106405001,0,1,7861.989,-0.0671476,4,1,false,false,-3.7043028,6.930821,13.161389,2.6547365,-0.063488364,3
50.77374,0.37725443,43.801875636963985,-87.9940515014773,0,1,7865.5464,-0.07022456,4,1,false,false,-3.2247238,7.5180616,12.25024,2.6537414,-0.055624284,3
50.88547,0.37738612,43.801875187057846,-87.99406193890461,0,1,7846.676,-0.07386088,4,1,false,false,-2.9354782,7.404455,11.082366,2.6528113,-0.05606063,3
50.99761,0.3775181,43.801874736877046,-87.99407250056612,0,1,7859.798,-0.07805759,4,1,false,false,-2.9218874,7.4929767,10.221396,2.6518347,-0.05940287,3
51.104843,0.37765038,43.80187428697091,-87.99408293799341,0,1,7903.2446,-0.08281476,4,1,false,false,-2.9843152,6.994238,9.819707,2.6508245,-0.06098102,3
51.206833,0.37778294,43.801873837064775,-87.99409349967863,0,1,7944.0913,-0.08645106,4,1,false,false,-3.1650848,6.7952776,11.2466,2.6497858,-0.06420529,3
51.311157,0.37791574,43.801873297067544,-87.99410406136383,0,1,7967.2925,-0.089809306,4,1,false,false,-3.2834425,7.179921,12.7970495,2.6486597,-0.06962433,3
51.4171,0.37804878,43.80187293697784,-87.99411462302534,0,1,7977.4746,-0.0923269,4,1,false,false,-3.6475391,7.2869687,14.558119,2.6473825,-0.0800281,3
51.527603,0.37818214,43.80187248679703,-87.99412530896846,0,1,7987.001,-0.09064779,4,1,false,false,-3.7326758,7.556808,12.893022,2.6458957,-0.08969942,3
51.644245,0.37831575,43.80187203689089,-87.99413587065366,0,1,7995.7744,-0.08533235,4,1,false,false,-3.7446964,7.9552555,12.973452,2.6443079,-0.09044811,3
51.761513,0.37844968,43.80187158698476,-87.99414655657309,0,1,7994.201,-0.07861802,4,1,false,false,-3.8204815,8.11147,14.220387,2.642793,-0.08344669,3
51.878487,0.3785839,43.80187122689505,-87.99415724251621,0,1,7985.241,-0.07246195,4,1,false,false,-3.9270337,7.654927,14.790828,2.6414573,-0.072856836,3
51.988163,0.37871838,43.80187086680534,-87.99416792845932,0,1,7985.061,-0.069385014,4,1,false,false,-3.6743302,7.331232,15.117435,2.6402693,-0.06666112,3
52.092224,0.3788531,43.801870416899206,-87.99417873863665,0,1,8008.4414,-0.069664136,4,1,false,false,-3.6084216,7.0459843,14.596264,2.639133,-0.06496154,3
52.193737,0.37898812,43.80187005680949,-87.99418942457976,0,1,8045.784,-0.0716235,4,1,false,false,-3.3522193,6.980491,13.858564,2.63801,-0.063961536,3
52.29494,0.37912333,43.801869696719784,-87.99420023478079,0,1,8075.0806,-0.07470042,4,1,false,false,-3.3015554,7.016491,12.827337,2.6368997,-0.06393048,3
52.399754,0.37925884,43.801869336904744,-87.99421092070021,0,1,8087.1445,-0.076658666,4,1,false,false,-3.258888,7.3522654,12.708788,2.635796,-0.06365146,3
52.505295,0.3793946,43.80186897681504,-87.99422173090123,0,1,8090.0254,-0.08029607,4,1,false,false,-3.2528677,7.275582,13.839219,2.6346898,-0.065351225,3
52.609764,0.3795306,43.80186861672532,-87.99423266533647,0,1,8099.952,-0.08477302,4,1,false,false,-3.0591369,7.1282225,12.588847,2.633551,-0.06710936,3
52.71184,0.3796669,43.80186834672671,-87.99424347553749,0,1,8124.0615,-0.08924885,4,1,false,false,-3.1524563,7.0476303,12.030212,2.632365,-0.070913866,3
52.81078,0.3798034,43.801867986637,-87.99425428571482,0,1,8153.008,-0.08952907,4,1,false,false,-3.2940574,6.9933167,12.445668,2.6310992,-0.07700883,3
52.911686,0.37994018,43.80186762682196,-87.99426522017374,0,1,8175.0366,-0.087011464,4,1,false,false,-3.365498,7.010784,13.366628,2.629739,-0.08246607,3
53.012897,0.38007718,43.801867356823344,-87.99427615460898,0,1,8187.067,-0.08365321,4,1,false,false,-3.414295,7.0362773,11.216939,2.6283016,-0.08609646,3
53.1148,0.38021445,43.80186708682473,-87.99428708905607,0,1,8198.341,-0.07637957,4,1,false,false,-3.3004234,7.1304655,10.566149,2.6268258,-0.086469606,3
53.217052,0.380352,43.80186672673502,-87.99429802350315,0,1,8215.189,-0.06770699,4,1,false,false,-3.352572,7.2297854,13.161719,2.625389,-0.08307653,3
53.317856,0.38048977,43.801866456736406,-87.99430895795024,0,1,8234.057,-0.059313517,4,1,false,false,-3.5032425,6.978154,12.869453,2.624021,-0.078829244,3
53.414665,0.3806278,43.80186618673779,-87.99432001665522,0,1,8252.288,-0.049800277,4,1,false,false,-3.1745052,6.7924085,11.742581,2.6227062,-0.07557421,3
53.512054,0.38076606,43.801865916739175,-87.99433095109046,0,1,8274.244,-0.04000792,4,1,false,false,-2.9124618,6.8883367,11.315859,2.6214466,-0.07113358,3
53.615395,0.3809046,43.80186564674056,-87.99434200979545,0,1,8294.575,-0.02490123,4,1,false,false,-2.906491,7.305789,10.574974,2.6202815,-0.06423746,3
53.718403,0.38104337,43.80186546655837,-87.99435306850044,0,1,8300.403,-0.007835189,4,1,false,false,-2.304989,7.238064,10.191666,2.6192858,-0.053002864,3
53.81834,0.3811824,43.80186519655975,-87.99436412719359,0,1,8303.32,0.008392372,4,1,false,false,-1.9552605,6.922376,11.379885,2.6185162,-0.04007816,3
53.91796,0.38132173,43.80186492656114,-87.99437531015649,0,1,8319.84,0.026297972,4,1,false,false,-1.807132,6.8361893,10.159088,2.6179457,-0.028507577,3
54.00913,0.38146123,43.80186474665362,-87.99438636885556,0,1,8349.784,0.039167278,4,1,false,false,-1.1582167,6.4812098,10.057344,2.6175797,-0.01490745,3
54.09987,0.38160104,43.801864476655005,-87.9943975518066,0,1,8388.63,0.042524446,4,1,false,false,-0.8479991,6.6134024,9.434575,2.6174703,0.0012908258,3
54.1972,0.38174102,43.80186429674748,-87.99440873476358,0,1,8415.784,0.035810117,4,1,false,false,-0.61853004,6.7531404,6.375935,2.6175923,0.011082846,3
54.291397,0.38188136,43.8018640264742,-87.99441979346264,0,1,8424.456,0.022381458,4,1,false,false,-0.6233917,6.749477,8.671532,2.6178467,0.015893916,3
54.38963,0.38202184,43.80186384656668,-87.99443110067753,0,1,8435.629,0.010071494,4,1,false,false,-0.59600616,6.8525486,10.0217285,2.6181273,0.015091638,3
54.47741,0.38216266,43.80186357656807,-87.99444228363154,0,1,8456.553,-0.0005604301,4,1,false,false,-0.6819919,5.6121154,9.526657,2.6183314,0.00825912,3
54.568565,0.38230366,43.80186339666054,-87.99445346658555,0,1,8498.585,-0.010912137,4,1,false,false,-0.27096367,7.3931804,9.77434,2.6184912,0.010539257,3
54.672462,0.38244492,43.80186312666193,-87.99446477379747,0,1,8529.197,-0.022382539,4,1,false,false,-0.54289514,7.1720266,8.685822,2.6185868,0.0019691568,3
54.780304,0.38258645,43.80186294647974,-87.99447608100792,0,1,8512.856,-0.024901224,4,1,false,false,-0.43724403,7.507104,9.18992,2.6185408,-0.0066954116,3
54.887722,0.38272825,43.80186267648113,-87.99448738821836,0,1,8480.228,-0.021823188,4,1,false,false,-0.4033637,7.327892,13.890402,2.618379,-0.01269395,3
54.98983,0.38287032,43.801862496573605,-87.9944986954288,0,1,8476.039,-0.012590179,4,1,false,false,-0.26014447,7.0085387,10.880171,2.6181223,-0.015705036,3
55.08087,0.38301265,43.80186222657499,-87.99451000263925,0,1,8511.086,0.00055826665,4,1,false,false,-0.052459434,6.0372505,9.50865,2.6178305,-0.015119223,3
55.17878,0.3831552,43.801862046667466,-87.99452130985117,0,1,8559.388,0.015386914,4,1,false,false,0.26601803,7.356236,13.093319,2.6176174,-0.0077711754,3
55.28336,0.38329804,43.80186186648528,-87.99453274131507,0,1,8565.134,0.026857315,4,1,false,false,0.6014764,7.051353,11.584249,2.617552,0.0017509754,3
55.37462,0.3834411,43.80186159648667,-87.99454417277897,0,1,8539.226,0.035530984,4,1,false,false,0.3623183,6.7823825,10.14874,2.6176329,0.0071317805,3
55.47823,0.38358438,43.80186141657914,-87.99455547999385,0,1,8545.129,0.04140576,4,1,false,false,0.8266499,7.1888137,11.816075,2.617803,0.0149389785,3
55.573483,0.3837279,43.80186114658053,-87.9945669114548,0,1,8575.942,0.04336401,4,1,false,false,1.0479192,6.3866425,9.363288,2.6181343,0.024740465,3
55.662243,0.38387173,43.801860966398344,-87.99457846717956,0,1,8608.297,0.045322265,4,1,false,false,0.9691009,6.439416,8.457419,2.6186035,0.030389117,3
55.75547,0.38401574,43.80186069639973,-87.99458989864644,0,1,8630.375,0.047840945,4,1,false,false,1.1581764,6.6412735,7.7390575,2.6191444,0.032714754,3
55.846916,0.38416,43.801860516492205,-87.99460145435937,0,1,8640.473,0.050078336,4,1,false,false,1.7710937,6.3960023,11.613371,2.619748,0.03826685,3
55.935894,0.38430455,43.80186024649359,-87.99461288582623,0,1,8654.661,0.050078336,4,1,false,false,2.070599,6.506915,12.063553,2.6204534,0.04570761,3
56.02296,0.38444924,43.801860066586066,-87.99462444155101,0,1,8683.122,0.04784095,4,1,false,false,2.0144842,6.1128116,8.687419,2.6212587,0.052053157,3
56.121815,0.38459423,43.80185979658746,-87.99463599727578,0,1,8716.031,0.04224532,4,1,false,false,2.0163884,7.58422,8.820153,2.6221032,0.05028676,3
56.22574,0.38473946,43.801859526314175,-87.99464755298871,0,1,8714.468,0.031893596,4,1,false,false,2.1965034,7.122877,10.107978,2.622877,0.042306665,3
56.32699,0.38488495,43.80185925631556,-87.99465910871348,0,1,8686.81,0.020142991,4,1,false,false,2.126407,7.02346,11.838081,2.6235418,0.036118895,3
56.420895,0.38503072,43.801859076408036,-87.99467078868432,0,1,8680.48,0.013427574,4,1,false,false,1.8511503,6.4270554,11.663376,2.6240988,0.030815493,3
56.50769,0.38517666,43.80185880640942,-87.99468234440909,0,1,8720.012,0.012589096,4,1,false,false,1.7482749,6.3525248,11.166345,2.6245515,0.02529263,3
56.59826,0.38532287,43.801858536410805,-87.99469402437992,0,1,8771.456,0.015106697,4,1,false,false,1.876118,6.592593,10.814849,2.6249301,0.02190332,3
56.69228,0.3854693,43.80185826641219,-87.99470570436262,0,1,8786.942,0.01566713,4,1,false,false,1.7442583,6.90888,10.340349,2.6252525,0.017669499,3
56.789005,0.38561594,43.801857996413574,-87.9947173843453,0,1,8768.638,0.015386917,4,1,false,false,1.4605861,6.9432874,8.278599,2.6255162,0.0133911455,3
56.885662,0.3857629,43.80185763632387,-87.99472906430428,0,1,8759.18,0.013427577,4,1,false,false,1.2300649,6.5851517,8.929427,2.6257424,0.011480179,3
56.974228,0.38591006,43.80185736632525,-87.99474074428696,0,1,8783.83,0.010630843,4,1,false,false,0.9226963,6.1184955,8.096748,2.6259549,0.011253857,3
57.05497,0.38605744,43.801857096326636,-87.99475254852756,0,1,8831.146,0.0058747665,4,1,false,false,0.99093246,5.8384924,7.136283,2.6261506,0.010998502,3
57.1361,0.38620508,43.80185682632802,-87.99476435274444,0,1,8877.52,-0.0022395519,4,1,false,false,0.7778866,6.3143816,9.999403,2.6263351,0.0097961025,3
57.225414,0.3863529,43.801856556329405,-87.99477603272713,0,1,8898.749,-0.006436279,4,1,false,false,0.52530324,6.302613,9.992214,2.6264732,0.006190372,3
57.320286,0.38650095,43.80185628633079,-87.99478783696772,0,1,8893.055,-0.011751701,4,1,false,false,0.7982998,6.7673616,8.931478,2.626555,0.0056462386,3
57.415966,0.38664928,43.80185592624108,-87.99479964118461,0,1,8887.012,-0.019025378,4,1,false,false,0.42739397,7.3516793,9.23844,2.6265712,-0.0025757563,3
57.517704,0.38679785,43.801855656242466,-87.99481156968311,0,1,8890.822,-0.020983635,4,1,false,false,0.16780548,6.9483404,8.687887,2.6264572,-0.010743833,3
57.61281,0.38694668,43.80185538624385,-87.9948233739,0,1,8895.794,-0.019864937,4,1,false,false,0.0755972,6.49419,7.9745226,2.6262481,-0.015718948,3
57.703854,0.38709575,43.801855116245235,-87.9948351781406,0,1,8906.862,-0.016507773,4,1,false,false,-0.023543328,6.322977,10.338058,2.6259747,-0.018083952,3
57.78484,0.38724506,43.80185475615553,-87.9948471066154,0.0060688844,1,8930.499,-0.012311043,4,1,false,false,-0.13459471,6.0995817,10.477008,2.625684,-0.01762086,3
57.869617,0.38739455,43.80185448615691,-87.9948590351139,0.01544567,1,8966.816,-0.012031912,4,1,false,false,-0.095469534,5.9018083,8.081636,2.625407,-0.015069183,3
57.951458,0.38754424,43.8018542161583,-87.9948709635887,0.033382896,1,8991.895,-0.00951323,4,1,false,false,-0.44642645,6.0835342,6.4733562,2.625139,-0.01694573,3
58.03508,0.38769424,43.80185394615968,-87.9948828920635,0.08185843,0.97925365,8990.393,-0.003078033,4,1,false,false,-0.23120715,5.74751,6.75323,2.6248724,-0.015522072,3
58.10233,0.38784438,43.80185358634464,-87.9948948205857,0.19066697,0.8481327,8957.394,0.0025176029,4,1,false,false,-0.20306747,4.440993,6.984751,2.6246667,-0.012643217,3
58.11923,0.38799468,43.801853316346026,-87.99490687329471,0.27672926,0.67968076,8873.177,0.013148443,4,1,false,false,-0.16275236,0.231193,7.321781,2.624527,-0.008312525,3
58.07414,0.38814494,43.80185304634741,-87.99491880176951,0.34102648,0.54580057,8761.896,0.023219937,4,1,false,false,0.11659373,-3.212221,8.006447,2.6244617,-0.0011534496,3
57.960224,0.38829502,43.80185277607413,-87.99493073029171,0.39292336,0.35650983,8642.344,0.02825623,4,1,false,false,0.29010564,-7.2598047,7.891309,2.6245384,0.008413861,3
57.788708,0.3884447,43.80185250607551,-87.9949426587665,0.4200726,0.1891676,8528.757,0.028256226,4,1,false,false,0.30887288,-11.325837,7.68713,2.624782,0.01648701,3
57.5445,0.38859388,43.80185214626047,-87.99495458724131,0.448918,0.06516755,8473.367,0.021541897,4,1,false,false,0.43506712,-15.349549,8.241409,2.6250937,0.016898071,3
57.23987,0.38874233,43.80185187626186,-87.99496639148191,0.506749,-5.5879354e-09,8442.883,0.008113239,4,1,false,false,0.41536173,-17.920923,10.170179,2.6253755,0.012273406,3
56.923058,0.38889,43.80185160626324,-87.9949781957225,0.53602576,0,8394.558,-0.0055956356,4,1,false,false,0.16442262,-19.066107,9.64746,2.6255796,0.008977374,3
56.580563,0.38903677,43.801851336264626,-87.99498987568148,0.5654373,0,8346.583,-0.015108866,4,1,false,false,0.05430156,-20.063065,8.2157545,2.6256874,0.00369526,3
56.225594,0.3891827,43.80185106626601,-87.99500143140625,0.5977258,0,8298.989,-0.018185815,4,1,false,false,0.081023626,-20.259302,6.969303,2.625697,-0.0028798385,3
55.866283,0.38932768,43.801850796267395,-87.99501298713103,0.59995854,0,8251.865,-0.013709955,4,1,false,false,0.114215076,-21.349756,7.641436,2.6256547,-0.0059900475,3
55.48768,0.38947177,43.80185052599411,-87.9950245428558,0.60275316,0,8205.1045,-0.0050373673,4,1,false,false,0.15317366,-22.507965,8.402035,2.6255689,-0.008316957,3
55.104046,0.38961482,43.80185016617907,-87.99503585006477,0.60783476,0,8158.639,0.0025176029,4,1,false,false,0.32706326,-21.763462,7.3311753,2.6254609,-0.0059829135,3
54.720657,0.38975692,43.80184989618046,-87.99504715727372,0.61180186,0,8112.2407,0.00055826537,4,1,false,false,0.29610586,-22.254053,7.958582,2.6254141,-0.0026656233,3
54.338467,0.38989803,43.80184962618184,-87.99505846448268,0.6157887,0,8060.325,-0.0011197763,4,1,false,false,0.15222163,-22.12774,6.905143,2.6253998,-0.00018418109,3
53.954136,0.39003813,43.801849356183226,-87.99506964745743,0.618072,0,7924.9917,-0.0047571557,4,1,false,false,0.09072649,-21.410885,6.738926,2.6253917,0.00034451287,3
53.597263,0.39017728,43.80184908618461,-87.99508070615057,0.61979467,0,7797.068,-0.009513227,4,1,false,false,0.120124646,-18.73232,2.9766085,2.6253982,-0.0038902843,3
53.230045,0.39031556,43.801848816185995,-87.99509176484372,0.620362,0,7743.656,-0.0061560636,4,1,false,false,0.010647014,-23.733055,9.42531,2.6254148,-0.0010776876,3
52.771652,0.39045274,43.801848636003804,-87.99510269930265,0.5888346,0,7700.2944,0.0036362978,4,1,false,false,0.33726895,-27.597311,16.243786,2.6254652,0.0052824905,3
52.349403,0.39058876,43.80184836600519,-87.99511350947998,0.58608866,0,7656.6104,0.006434115,4,1,false,false,0.7409426,-22.096277,13.600569,2.6255693,0.008458818,3
52.019894,0.39072376,43.80184809600658,-87.99512419542309,0.5548154,0,7613.559,0.005315421,4,1,false,false,0.3936485,-19.795525,5.6313095,2.6256776,0.014205686,3
51.68929,0.39085796,43.801847826007965,-87.99513488136621,0.55268776,0,7570.641,0.0058747674,4,1,false,false,0.34925008,-16.573055,4.6266174,2.6257882,0.0029845468,3
51.402554,0.3909914,43.80184755600935,-87.99514556726193,0.5484922,0,7527.756,0.0050352053,4,1,false,false,0.32643813,-16.345533,4.8876343,2.6257586,-0.011904386,3
51.107155,0.39112404,43.801847286010734,-87.99515612897083,0.51770484,0,7485.1733,0.0039165122,4,1,false,false,0.08775109,-16.648027,3.1655598,2.62561,-0.01707798,3
50.812866,0.391256,43.80184701601212,-87.99516669063235,0.4882064,0,7443.5854,0.0025176029,4,1,false,false,0.011111492,-17.250158,1.2282073,2.6254737,-0.013199267,3
50.513603,0.39138716,43.8018467460135,-87.99517712805965,0.48579258,0.5208334,7604.866,0.0036362978,0,1,false,false,-0.14240563,-18.197424,3.730681,2.6254601,-0.00077227067,3
50.197742,0.39151758,43.80184656610598,-87.99518744125274,0.45899323,0.4166667,8131.737,0.005594553,0,1,false,false,0.030730434,-18.09625,4.166217,2.625527,0.0011293325,3
49.88032,0.3916472,43.801846296107364,-87.99519775439843,0.45713657,0,8199.767,0.007833024,3,1,false,false,0.54053587,-18.622843,4.138082,2.6255846,0.012261722,3
49.528183,0.391776,43.80184602583408,-87.99520806759152,0.43013418,0,8153.5186,0.013988006,3,1,false,false,0.5266593,-20.82292,5.462681,2.6259618,0.03274186,3
49.1823,0.39190385,43.801845755835465,-87.99521825650301,0.4288112,0,8150.266,0.038328804,3,1,false,false,0.6298031,-19.300766,5.142784,2.626634,0.0435446,3
48.844856,0.39203084,43.80184548583685,-87.99522832113288,0.404228,0,8311.237,0.070501536,3,1,false,false,1.2827166,-20.161469,5.4244905,2.6273406,0.036824904,3
48.50228,0.39215696,43.801845305929334,-87.99523838581015,0.4025429,0,8489.315,0.08672908,3,1,false,false,2.0793962,-19.744928,6.5423717,2.628054,0.05013816,3
48.173424,0.3922822,43.80184503593072,-87.99524845048744,0.379807,0,8527.642,0.08057414,3,1,false,false,2.339232,-17.912523,6.90045,2.6291914,0.0849749,3
47.87907,0.39240667,43.8018447659321,-87.9952582666015,0.35637626,0,8476.813,0.07301914,3,1,false,false,2.346592,-15.893523,5.0619054,2.6308367,0.10517711,3
47.62255,0.3925304,43.80184449593349,-87.99526820704456,0.35520837,0,8427.998,0.06350807,3,1,false,false,2.432016,-14.184264,4.1383066,2.632649,0.105868526,3
47.391907,0.39265358,43.80184422593487,-87.99527802315862,0.33090797,0,8380.058,0.054275066,3,1,false,false,2.2487745,-12.766794,2.7325487,2.6343665,0.09727156,3
47.177048,0.39277613,43.801843955936256,-87.99528771503847,0.30839103,0,8332.893,0.048120085,3,1,false,false,2.0044088,-11.970748,1.5486183,2.6359267,0.087886706,3
46.975193,0.39289817,43.80184368593764,-87.99529753119992,0.2888682,0,8285.766,0.047280528,3,1,false,false,1.8606558,-11.240048,0.85167027,2.6373346,0.0796307,3
46.77544,0.39301977,43.801843415939025,-87.99530709889297,0.28683257,0,8238.655,0.050078332,3,1,false,false,2.0715296,-11.469689,1.1413214,2.6386302,0.074077986,3
46.572033,0.39314082,43.80184314594041,-87.99531679077282,0.26814085,0,8192.163,0.0534355,3,1,false,false,2.2563841,-11.88314,1.5891749,2.6399157,0.07989933,3
46.368282,0.39326134,43.801842875941794,-87.99532635837106,0.2674946,0,8146.273,0.058750924,3,1,false,false,2.5010288,-11.683789,2.320434,2.6413763,0.09300949,3
46.167927,0.39338142,43.80184260594318,-87.9953359260641,0.266514,0,8099.812,0.07190045,3,1,false,false,3.3386924,-11.351094,3.6278713,2.6430213,0.10276368,3
45.96375,0.39350092,43.80184224585347,-87.99534549366234,0.26585728,0,8053.5317,0.08253237,3,1,false,false,4.937236,-12.147182,9.332731,2.6448717,0.11965907,3
45.73552,0.39361992,43.801841975854856,-87.99535493707377,0.2645592,0,8029.4604,0.087287344,3,1,false,false,7.2223387,-13.477965,10.764546,2.6471243,0.15198535,3
45.51022,0.39373836,43.80184161576515,-87.99536438048521,0.26293212,0,8063.6367,0.08421042,3,1,false,false,7.1687584,-12.94037,9.819855,2.6498492,0.17067452,3
45.28109,0.39385617,43.80184125567544,-87.99537382380184,0.26132345,0,8128.7734,0.07637738,3,1,false,false,7.5424013,-13.168767,10.681319,2.6526024,0.15670723,3
45.055237,0.39397335,43.801840985676826,-87.99538314293167,0.25875622,0,8177.253,0.06966306,3,1,false,false,8.33817,-12.699032,12.0478525,2.6549802,0.12918586,3
44.84417,0.39408994,43.80184053577069,-87.99539233787469,0.24146372,0,8181.7793,0.07022132,3,1,false,false,8.611075,-11.54069,12.853172,2.6569352,0.109142564,3
44.656975,0.39420602,43.80184017568098,-87.9954016570045,0.24084236,0,8143.9727,0.08337193,3,1,false,false,7.699132,-10.122886,11.852751,2.6587303,0.10832915,3
44.48515,0.39432162,43.80183972577484,-87.99541085185272,0.23899546,0,8098.0547,0.10435341,3,1,false,false,6.8962784,-9.423267,10.34292,2.6605215,0.10466549,3
44.32424,0.3944367,43.80183936568513,-87.99542004670094,0.22274277,0,8051.7656,0.13037279,3,1,false,false,6.2749596,-8.997617,8.376599,2.662176,0.09282122,3
44.169796,0.3945514,43.801838915778994,-87.99542911736235,0.20625235,0,8005.882,0.15191467,3,1,false,false,5.875453,-8.575889,7.639809,2.663647,0.08488241,3
44.02053,0.39466566,43.801838465598195,-87.99543818792897,0.20398183,0,7960.9263,0.17149828,3,1,false,false,5.3862815,-8.464466,7.4645185,2.665079,0.08896338,3
43.869057,0.39477956,43.801838015692056,-87.99544725859037,0.18931049,0,7916.2163,0.19443908,3,1,false,false,5.5100403,-8.618649,7.824606,2.6666987,0.10753562,3
43.721363,0.394893,43.801837475694825,-87.99545632915698,0.1884946,0,7876.7256,0.2327668,3,1,false,false,6.2813606,-8.280709,7.972571,2.668751,0.14156787,3
43.574993,0.3950061,43.801837025514025,-87.99546527553679,0.18713512,0,7857.5024,0.27696875,3,1,false,false,6.9731684,-8.346396,7.1507683,2.6714482,0.18157987,3
43.427475,0.39511877,43.801836485516795,-87.9954743461982,0.18524829,0,7844.7393,0.3136174,3,1,false,false,7.4928575,-8.365652,6.9703383,2.6747916,0.21825081,3
43.27966,0.3952311,43.801835945519564,-87.99548329257799,0.18391079,0,7826.6455,0.35250333,3,1,false,false,8.351529,-8.423191,7.3642664,2.678674,0.2454723,3
43.13375,0.395343,43.80183540552233,-87.99549211467618,0.18256736,0,7803.2104,0.39502674,3,1,false,false,9.65146,-8.210215,8.016761,2.682929,0.26471934,3
42.989124,0.39545456,43.8018348655251,-87.99550106105599,0.18123917,0,7779.711,0.42580009,3,1,false,false,10.778731,-8.125024,8.295846,2.6875508,0.2908158,3
42.845425,0.39556572,43.80183432552787,-87.99550988315417,0.18070294,0,7756.0435,0.45517433,3,1,false,false,11.568745,-8.11471,8.302465,2.6926298,0.31789082,3
42.703457,0.39567652,43.80183369543955,-87.99551870525237,0.17990518,0,7730.666,0.4803521,3,1,false,false,12.0456295,-7.9805155,7.8321114,2.6981573,0.34463012,3
42.56551,0.3957869,43.80183306562589,-87.99552740306895,0.17938128,0,7702.941,0.5016132,3,1,false,false,12.25742,-7.550684,7.2805915,2.704071,0.36367905,3
42.432537,0.395897,43.80183234544647,-87.99553622516714,0.1785863,0,7673.6445,0.5183974,3,1,false,false,12.731021,-7.5363255,7.3409142,2.7102435,0.3765899,3
42.297348,0.3960067,43.80183162554172,-87.99554492307853,0.17858633,0,7643.8,0.5357427,3,1,false,false,12.718277,-7.6555915,6.5502305,2.7166533,0.39460784,3
42.159756,0.39611608,43.8018309053623,-87.99555362089511,0.17805383,0,7612.9585,0.5533664,3,1,false,false,13.237005,-7.7174664,6.946079,2.7233849,0.4139047,3
42.022156,0.3962251,43.801830185457554,-87.99556219452488,0.17779303,0,7581.743,0.5721092,3,1,false,false,13.510432,-7.6703773,6.5256147,2.7304695,0.43730173,3
41.88693,0.39633375,43.80182937546171,-87.99557089234148,0.17753252,0,7549.2056,0.59197164,3,1,false,false,13.653585,-7.4673567,5.977021,2.737944,0.45974612,3
41.753544,0.39644206,43.80182856546586,-87.99557946597125,0.17727214,0,7515.2637,0.6109949,3,1,false,false,13.812013,-7.3489976,5.725361,2.7457135,0.47099018,3
41.620754,0.39655003,43.80182766537892,-87.99558803950622,0.17700139,0,7482.3296,0.62693995,3,1,false,false,14.242359,-7.384168,5.885128,2.753634,0.48085493,3
41.485504,0.39665765,43.80182685538308,-87.99559648885439,0.17700143,0,7451.85,0.6431648,3,1,false,false,15.004901,-7.614655,6.2094026,2.7617307,0.493927,3
41.344975,0.39676493,43.801825865205046,-87.99560493820256,0.17674144,0,7422.8364,0.653795,3,1,false,false,15.960199,-7.793437,6.8497667,2.7701378,0.5176154,3
41.20294,0.39687186,43.80182496511811,-87.99561338755072,0.17648153,0,7392.8467,0.6593902,3,1,false,false,16.622076,-7.9123225,7.0606184,2.7790327,0.55352366,3
41.05979,0.3969784,43.80182397521474,-87.99562183689889,0.17569272,0,7358.6396,0.6574315,3,1,false,false,17.195997,-7.6875024,6.8224964,2.7886317,0.59736115,3
40.92122,0.39708462,43.801822895220276,-87.99563016206025,0.15902959,0,7321.179,0.64792097,3,1,false,false,17.63999,-7.3462324,6.6560783,2.7988462,0.624916,3
40.78806,0.39719048,43.80182181522582,-87.99563848712681,0.15827748,0,7287.327,0.62973726,3,1,false,false,18.323656,-6.9483404,7.202779,2.8093517,0.6334174,3
40.658497,0.39729607,43.80182073495669,-87.99564681219337,0.14358291,0,7264.535,0.6056792,3,1,false,false,18.682034,-6.8341894,7.1214366,2.8198826,0.6292996,3
40.52916,0.39740136,43.801819565145806,-87.99565513725992,0.1421453,0,7250.3804,0.57210946,3,1,false,false,19.107983,-6.7691526,7.4504623,2.83031,0.62437576,3
40.394146,0.39750633,43.80181839506025,-87.99566333813968,0.12789902,0,7238.387,0.5304271,3,1,false,false,19.76828,-7.098095,8.147764,2.840782,0.6357977,3
40.257504,0.39761093,43.8018171348836,-87.99567141473781,0.11445728,0,7220.8335,0.4921016,3,1,false,false,20.555275,-6.91597,8.479484,2.851556,0.65934175,3
40.12971,0.397715,43.80181587498162,-87.99567961552276,0.10136218,0,7199.0957,0.4470612,3,1,false,false,20.502893,-6.051828,7.592509,2.8627157,0.67618984,3
40.01992,0.39781883,43.801814524713876,-87.99568769212091,0.100102246,0,7178.6455,0.4084554,3,1,false,false,19.310297,-4.974526,6.629352,2.8739684,0.6703692,3
39.917282,0.39792246,43.8018131747208,-87.99569576871905,0.08741063,0,7161.116,0.36145666,3,1,false,false,18.979864,-4.832398,6.554972,2.8849766,0.64997053,3
39.811226,0.39802584,43.80181173463663,-87.99570372103558,0.075259335,0,7144.407,0.3234092,3,1,false,false,19.757406,-5.0931473,7.212142,2.8956056,0.62669647,3
39.703777,0.39812887,43.80181029482713,-87.99571179763373,0.0748729,0,7130.351,0.29795128,3,1,false,false,20.189669,-4.9696484,7.6759214,2.9058826,0.6083945,3
39.605667,0.39823145,43.80180876465187,-87.99571974995025,0.07373199,0,7119.736,0.29095685,3,1,false,false,19.929789,-4.2894106,7.19745,2.9158208,0.58561295,3
39.509064,0.39833388,43.801807234476605,-87.99572757798518,0.07277614,0,7109.3857,0.29962945,3,1,false,false,20.654253,-4.5680327,7.8252683,2.925453,0.57693005,3
39.405243,0.39843613,43.801805704576005,-87.99573553030172,0.061614912,0,7095.778,0.32005155,3,1,false,false,21.542849,-4.785017,8.355361,2.9351754,0.5941609,3
39.305267,0.39853817,43.80180399449322,-87.99574335833664,0.06088118,0,7080.015,0.34690827,3,1,false,false,22.143728,-4.14138,8.371847,2.945235,0.61016333,3
39.213963,0.39864007,43.801802374501534,-87.99575106218477,0.06015667,0,7066.896,0.37852168,3,1,false,false,22.64344,-3.8881545,8.293204,2.9554214,0.61167425,3
39.12218,0.39874172,43.80180057432765,-87.99575889021969,0.058891892,0,7057.287,0.40929392,3,1,false,false,22.77433,-3.8597243,8.428031,2.9656136,0.61414933,3
39.029213,0.39884323,43.801798864244866,-87.9957665940678,0.05745602,0,7048.05,0.45013818,3,1,false,false,23.375603,-3.8982463,8.991361,2.9759007,0.6215987,3
38.935444,0.39894456,43.801796974254565,-87.99577417363432,0.056557395,0,7036.03,0.49322084,3,1,false,false,24.107256,-3.85981,9.129058,2.9863582,0.63461125,3
38.842724,0.3990458,43.801795084264256,-87.99578187748243,0.055310242,0,7021.7407,0.5455328,3,1,false,false,23.910564,-3.7673094,8.485325,2.9970436,0.6467689,3
38.752113,0.39914706,43.80179319399928,-87.99578945704894,0.054251153,0,7006.2593,0.6003639,3,1,false,false,23.32976,-3.6969745,8.122704,3.007876,0.65200746,3
38.66202,0.39924812,43.80179121391788,-87.99579691233383,0.05336378,0,6990.1904,0.6431648,3,1,false,false,23.181326,-3.609349,8.020088,3.0187078,0.6458273,3
38.572132,0.39934903,43.801789144020056,-87.99580436761873,0.052486483,0,6973.967,0.67673427,3,1,false,false,23.819172,-3.6363778,8.853501,3.029333,0.62827456,3
38.48091,0.3994498,43.801787073847564,-87.99581182290363,0.0509068,0,6957.3145,0.7021906,3,1,false,false,24.697948,-3.6336286,9.231304,3.0396547,0.61103433,3
38.39106,0.39955077,43.80178491385864,-87.99581927818853,0.049859215,0,6941.1377,0.711702,3,1,false,false,23.64997,-3.5643451,8.05801,3.0497513,0.60426486,3
38.294804,0.3996516,43.801782753595056,-87.99582660928662,0.04847383,0,6925.157,0.7119818,3,1,false,false,23.233992,-4.5002728,8.697416,3.0598981,0.6187177,3
38.193184,0.3997522,43.80178050351504,-87.99583394028993,0.03830766,0,6908.868,0.7047087,3,1,false,false,23.217203,-4.1885324,8.711384,3.0703902,0.64018273,3
38.10271,0.39985266,43.8017781636186,-87.9958411471064,0.038143784,0,6892.9624,0.6879238,3,1,false,false,24.576448,-3.4753523,9.697344,3.0810997,0.6429045,3
38.014683,0.39995304,43.80177582344749,-87.9958483539229,0.03748291,0,6880.7266,0.6610689,3,1,false,false,24.948263,-3.3900414,9.347815,3.0917692,0.63702595,3
37.928223,0.40005365,43.80177348327638,-87.99585543645776,0.036329202,0,6870.6655,0.6247016,3,1,false,false,24.509094,-3.3254824,9.181725,3.1023295,0.6312706,3
37.844418,0.40015408,43.801771053288846,-87.99586251899264,0.027770037,0,6858.5474,0.57826424,3,1,false,false,23.585497,-3.2235818,8.283364,3.11283,0.6296061,3
37.764683,0.4002543,43.801768533210215,-87.99586960152752,0.027294409,0,6843.2134,0.5239925,3,1,false,false,22.641876,-3.0029926,7.8686905,3.123289,0.6259368,3
37.68825,0.40035442,43.801766013131584,-87.99587655978078,0.026352432,0,6827.8105,0.4741971,3,1,false,false,22.36494,-2.9015763,8.046882,3.1336422,0.61651427,3
37.613865,0.40045455,43.80176349305295,-87.99588351812885,0.025247034,0,6814.687,0.43195388,3,1,false,false,21.636581,-2.8167214,7.6603746,-3.1393695,0.6077961,3
37.54102,0.40055463,43.80176088288323,-87.99589047638212,0.023845267,0,6802.8647,0.40649652,3,1,false,false,21.011747,-2.797146,7.615049,-3.129248,0.61011034,3
37.466736,0.40065444,43.80175818289708,-87.99589731044857,0.022599127,0,6791.103,0.4000625,3,1,false,false,22.473772,-2.8423932,8.795673,-3.1191046,0.60534257,3
37.391205,0.4007541,43.80175548263626,-87.99590402013862,0.021214012,0,6779.049,0.40985432,3,1,false,false,23.333788,-2.7768342,9.21102,-3.1090965,0.59626514,3
37.316013,0.40085354,43.80175278265011,-87.99591085420508,0.02029136,0,6767.848,0.43391335,3,1,false,false,23.860168,-2.7616394,9.692136,-3.0992599,0.5848406,3
37.240284,0.40095246,43.801749992572866,-87.99591756398993,0.018613927,0,6757.1187,0.47084048,3,1,false,false,24.626436,-2.784293,10.206897,-3.089611,0.57525617,3
37.16429,0.401051,43.80174711240453,-87.99592414949318,0.017552637,0,6746.5703,0.5178386,3,1,false,false,24.982492,-2.7849789,9.930232,-3.080072,0.570936,3
37.088997,0.40114933,43.80174423223619,-87.99593073499642,0.017098546,0,6735.8135,0.5763054,3,1,false,false,24.92061,-2.8020089,9.859758,-3.0706286,0.56261426,3
37.015617,0.40124747,43.801741262251426,-87.99593719631285,0.016645418,0,6724.3003,0.6339333,3,1,false,false,23.899822,-2.7390547,8.850219,-3.0613492,0.55635506,3
36.94385,0.40134537,43.801738292266656,-87.99594365753448,0.016645422,0,6712.2236,0.70666635,3,1,false,false,22.915781,-2.7936573,8.1407585,-3.0520115,0.5672476,3
36.873047,0.40144268,43.801735322007225,-87.99595011875611,0.016794363,0,6699.711,0.78163666,3,1,false,false,22.391523,-2.796123,8.2167635,-3.042497,0.57185465,3
36.802998,0.40153965,43.80173226193136,-87.99595645579095,0.016794363,0,6687.0405,0.8470945,3,1,false,false,22.47202,-2.726271,8.341766,-3.0331237,0.55253583,3
36.725536,0.40163648,43.80172911176441,-87.99596279282576,0.016794363,0,6673.81,0.91283214,3,1,false,false,22.695164,-4.108053,8.631939,-3.0239713,0.5557641,3
36.629,0.401733,43.80172605168855,-87.99596900557898,0.016949395,0,6661.197,0.96765876,3,1,false,false,23.958323,-4.649804,10.933754,-3.0144842,0.5846801,3
36.522957,0.40182924,43.80172281170517,-87.9959752183322,0.016949393,0,6648.796,1.0255624,3,1,false,false,25.456106,-4.729833,11.130524,-3.0044441,0.61915785,3
36.42865,0.4019249,43.80171957144712,-87.99598130680381,0.016949393,0,6635.0874,1.0596888,3,1,false,false,24.975725,-3.7028337,9.974806,-2.993903,0.6405821,3
36.354763,0.4020203,43.80171633146374,-87.99598727108861,0.016949393,0,6619.6885,1.0918577,3,1,false,false,23.626204,-2.9215171,8.604577,-2.9832015,0.64056456,3
36.2732,0.40211543,43.8017130011146,-87.99599323527862,0.016949393,0,6604.218,1.1111579,3,1,false,false,24.87529,-4.567849,9.482939,-2.9725454,0.6451105,3
36.17037,0.40221033,43.80170967104012,-87.99599919956341,0.016496558,0,6589.1406,1.1276615,3,1,false,false,25.701439,-4.127127,11.126052,-2.961534,0.66935974,3
36.09228,0.40230492,43.801706340965644,-87.9960050395666,0.016193219,0,6572.799,1.146123,3,1,false,false,23.852856,-2.8120358,8.962054,-2.9504182,0.6574996,3
36.005596,0.40239918,43.801702920800075,-87.99601075528818,0.015593782,0,6558.218,1.1570325,3,1,false,false,25.364874,-3.9831755,11.379126,-2.9394755,0.65972096,3
35.920284,0.40249315,43.80169941081808,-87.99601647100977,0.014996018,0,6542.5454,1.1687808,3,1,false,false,24.38881,-3.3702006,9.878734,-2.9284723,0.6571046,3
35.85228,0.40258688,43.80169590056142,-87.99602218673135,0.014694784,0,6524.3726,1.1813679,3,1,false,false,24.038097,-2.7154806,9.727014,-2.917854,0.6135645,3
35.77785,0.40268043,43.801692390579426,-87.99602777817132,0.014246718,0,6506.4575,1.1891994,3,1,false,false,26.419867,-3.792393,10.913975,-2.9079576,0.58946556,3
35.68934,0.40277374,43.80168879050633,-87.9960332454245,0.013799593,0,6490.8657,1.2009484,3,1,false,false,26.25441,-3.651809,11.074191,-2.8978808,0.6216663,3
35.615566,0.40286687,43.80168519015857,-87.99603871267766,0.013652708,0,6477.028,1.2098993,3,1,false,false,24.411854,-2.9641557,9.432177,-2.8873382,0.6337056,3
35.546883,0.40295973,43.80168149999439,-87.99604405564922,0.0136527065,0,6465.3623,1.2090595,3,1,false,false,23.135067,-2.946105,9.01493,-2.876787,0.63361126,3
35.47322,0.4030524,43.80167781010488,-87.99604927433917,0.0136527065,0,6453.2583,1.2126967,3,1,false,false,22.935495,-3.299803,9.498671,-2.8660266,0.658829,3
35.405205,0.40314487,43.80167411994069,-87.99605449302912,0.013359267,0,6439.341,1.2182912,3,1,false,false,23.073647,-2.9211233,9.4466,-2.8550758,0.648675,3
35.33855,0.40323722,43.80167033968541,-87.99605971181387,0.013060373,0,6425.4653,1.2157733,3,1,false,false,23.474028,-2.7981505,9.927506,-2.8446078,0.61003035,3
35.26651,0.4033295,43.8016665597048,-87.99606480622221,0.0126157515,0,6411.6753,1.2168921,3,1,false,false,21.84764,-3.1612952,9.3399105,-2.8343468,0.62934047,3
35.20064,0.40342152,43.80166268935843,-87.99606990072536,0.012323724,0,6398.951,1.2208089,3,1,false,false,21.361084,-2.7631147,8.576087,-2.8238993,0.6138317,3
35.138435,0.4035134,43.80165881928672,-87.99607487085208,0.011729293,0,6387.0396,1.2194096,3,1,false,false,21.890917,-2.766319,8.944009,-2.814017,0.574582,3
35.06481,0.40360504,43.80165494921502,-87.99607971679201,0.010997293,0,6375.357,1.224724,3,1,false,false,23.346941,-3.5786335,9.764421,-2.8043935,0.6028718,3
34.99387,0.4036966,43.80165098905222,-87.99608456273194,0.0101176575,0,6363.452,1.2311578,3,1,false,false,21.702587,-3.0833256,8.661244,-2.7939553,0.64092106,3
34.929085,0.40378827,43.80164711898051,-87.99608928448505,0.009535192,0,6352.922,1.2238849,3,1,false,false,22.768969,-2.7574265,9.6289425,-2.783501,0.61043423,3
34.86428,0.4038797,43.80164306872662,-87.99609400623817,0.008375168,0,6342.377,1.2126963,3,1,false,false,22.255236,-3.0708616,9.50917,-2.773317,0.62761873,3
34.799103,0.40397096,43.80163910856382,-87.99609860361488,0.0073640593,0,6331.1357,1.2104584,3,1,false,false,20.956598,-2.9968843,7.852316,-2.7623541,0.68511534,3
34.732456,0.40406197,43.801635058584594,-87.9961032009916,0.0067836246,0.007552564,6322.0493,1.2031858,3,1,false,false,24.183558,-2.9154582,10.30784,-2.750817,0.6816511,3
34.669037,0.40415284,43.8016310083307,-87.99610767418149,0.0057802824,0.025663197,6315.6094,1.1995503,3,1,false,false,23.330713,-2.6666305,11.473569,-2.7398157,0.648013,3
34.60476,0.4042436,43.80162695807681,-87.99611214737139,0.0046412726,0.038826164,6312.3423,1.2017868,3,1,false,false,23.192314,-2.9339943,10.305743,-2.7287917,0.68597674,3
34.538174,0.4043341,43.801622818006486,-87.99611649637448,0.0036484362,0.0640732,6320.4893,1.2003887,3,1,false,false,26.096075,-2.7027512,11.060448,-2.7170525,0.7029292,3
34.480026,0.40442437,43.80161867793617,-87.99612072100116,0.0025212998,0.09039909,6341.7017,1.196753,3,1,false,false,24.5364,-2.2341502,11.020688,-2.705612,0.6719075,3
34.425926,0.4045145,43.80161444777475,-87.99612494562786,0.0015388516,0.116201,6384.7104,1.1959132,3,1,false,false,21.42235,-2.3199692,8.485753,-2.694418,0.6802293,3
34.37289,0.40460446,43.80161030770443,-87.99612904606772,0.0008368839,0.13924392,6450.8774,1.1922777,3,1,false,false,22.08633,-2.0681503,8.825022,-2.6830108,0.67869633,3
34.32385,0.40469402,43.80160607754302,-87.9961331465076,-5.820766e-11,0.15679958,6535.8354,1.1841652,3,1,false,false,21.894709,-1.9409565,9.38659,-2.6719837,0.6455164,3
34.277275,0.40478337,43.801601757290506,-87.99613712276067,0,0.16777387,6553.7817,1.1796901,3,1,false,false,20.22368,-1.5685345,7.856859,-2.6611602,0.66427755,3
34.259247,0.40487257,43.8015975271291,-87.99614109882414,0,0.18423533,6444.5947,1.1754937,3,1,false,false,21.101994,0.8352458,8.976857,-2.6500506,0.65957624,3
34.268497,0.40496168,43.80159320687658,-87.9961449507008,0,0.20562899,6349.765,1.1693399,3,1,false,false,21.600716,1.703238,9.839524,-2.6393135,0.6276773,3
34.262985,0.4050508,43.80158888689874,-87.99614867839064,0,0.21769759,6333.332,1.1626276,3,1,false,false,24.27642,0.047213107,10.529839,-2.6288428,0.6473758,3
34.243023,0.40513977,43.80158447655514,-87.9961525302673,0,0.24403897,6390.793,1.1427675,3,1,false,false,27.441025,-0.31167608,13.90706,-2.6177483,0.67874193,3
34.211163,0.40522853,43.8015800664862,-87.99615613377034,0,0.25829628,6456.3877,1.0968922,3,1,false,false,31.15915,-0.51749146,15.922342,-2.6060655,0.7164174,3
34.19227,0.4053172,43.80157565641727,-87.99615961289697,0,0.282449,6483.341,1.0261219,3,1,false,false,29.12628,0.6234653,13.142092,-2.5940661,0.710428,3
34.19682,0.40540576,43.80157115625724,-87.99616309202361,0,0.31042403,6481.875,0.93381155,3,1,false,false,27.242275,1.8441128,12.342153,-2.582457,0.6753568,3
34.218647,0.40549442,43.801566656097215,-87.99616644677384,0,0.34553564,6473.9,0.84177965,3,1,false,false,21.145916,2.194238,8.795803,-2.5716093,0.62543684,3
34.24409,0.40558308,43.801562155937184,-87.99616980171366,0,0.38010764,6489.1064,0.7572996,3,1,false,false,15.842342,2.292366,6.059723,-2.561488,0.58683735,3
34.28663,0.40567166,43.80155756568606,-87.99617315665348,0,0.41247565,6542.526,0.70862406,3,1,false,false,16.283556,3.6810963,7.0794005,-2.552158,0.529019,3
34.332348,0.40576032,43.80155297543494,-87.9961762630301,0,0.4443041,6594.138,0.69155955,3,1,false,false,17.823343,3.320281,8.353268,-2.5436325,0.50346863,3
34.383823,0.40584907,43.80154838545848,-87.99617949359352,0,0.47064537,6614.4146,0.69100106,3,1,false,false,17.530228,4.128477,8.820252,-2.535319,0.4960636,3
34.448135,0.40593797,43.80154370511626,-87.99618259997013,0,0.49313343,6619.864,0.6803711,3,1,false,false,17.702673,4.573392,8.550302,-2.5271,0.49456412,3
34.51529,0.40602702,43.80153902504871,-87.99618570634672,0,0.5068513,6635.559,0.66750187,3,1,false,false,18.814133,4.7641163,9.266415,-2.5187254,0.514745,3
34.60046,0.40611616,43.801534344981164,-87.99618868853653,0,0.5260563,6668.8066,0.65407467,3,1,false,false,19.919704,6.1330795,11.006603,-2.5100873,0.5128361,3
34.690277,0.40620553,43.80152966463894,-87.99619167072633,0,0.5436119,6684.109,0.63309383,3,1,false,false,19.872854,6.093191,11.01627,-2.5017307,0.49032602,3
34.78014,0.40629506,43.801524894480295,-87.99619452853972,0,0.55788493,6676.9565,0.60539985,3,1,false,false,19.759691,6.0576515,10.783137,-2.4936228,0.487732,3
34.87631,0.4063849,43.801520034505224,-87.99619738635312,0,0.5661002,6679.1836,0.57546693,3,1,false,false,18.528763,6.5887737,9.737681,-2.485464,0.48781186,3
34.98105,0.4064749,43.801515264346584,-87.9962002441665,0,0.5759799,6705.478,0.5516884,3,1,false,false,17.914135,6.792509,9.5324745,-2.477481,0.46774068,3
35.083435,0.40656522,43.801510404096845,-87.99620297779309,0,0.5831164,6737.045,0.53937876,3,1,false,false,17.26392,6.449789,9.166721,-2.4698963,0.44369614,3
35.1825,0.40665582,43.80150545375601,-87.99620558723286,0,0.5896978,6758.8877,0.5357425,3,1,false,false,16.760996,6.3908978,9.280913,-2.4626431,0.43147218,3
35.286972,0.40674663,43.801500593780936,-87.99620832085945,0,0.59573996,6779.387,0.5340635,3,1,false,false,16.881687,6.90979,9.973706,-2.4554958,0.4273338,3
35.39058,0.40683767,43.801495643440106,-87.99621093010963,0,0.6028763,6802.2407,0.5335041,3,1,false,false,16.676535,6.189164,9.159031,-2.448354,0.4352904,3
35.487267,0.40692896,43.80149060328284,-87.99621341536259,0,0.60671425,6835.284,0.53238475,3,1,false,false,16.454681,6.1029873,9.311138,-2.4409118,0.4596557,3
35.58399,0.4070207,43.80148565321668,-87.99621590042595,0,0.61548424,6885.8276,0.5287492,3,1,false,false,16.466003,6.210668,9.614957,-2.4330168,0.48653635,3
35.686176,0.40711266,43.80148061305942,-87.99621838548931,0,0.6253641,6943.4663,0.51979625,3,1,false,false,16.132505,6.777547,9.571315,-2.42474,0.5001753,3
35.798878,0.4072049,43.801475482811064,-87.99622087055269,0,0.63633835,6987.487,0.5035708,3,1,false,false,15.640486,7.13872,8.752399,-2.4165237,0.4825426,3
35.918556,0.4072974,43.80147044265381,-87.99622323142924,0,0.6511507,7010.611,0.48342952,3,1,false,false,16.958117,7.6245027,10.168233,-2.408633,0.465292,3
36.04484,0.4073902,43.801465312405455,-87.99622546792939,0,0.66596293,7020.4004,0.46328652,3,1,false,false,17.443398,8.2408905,11.12873,-2.400931,0.4566954,3
36.17925,0.40748364,43.801460092340676,-87.99622770461914,0,0.6774921,7026.5254,0.43978754,3,1,false,false,17.73636,8.759093,11.784447,-2.3933973,0.4451184,3
36.317104,0.4075775,43.80145496209232,-87.9962299411193,0,0.68626213,7033.0024,0.4120917,3,1,false,false,17.133905,8.456731,10.653896,-2.3861036,0.43090656,3
36.439632,0.4076717,43.80144974175287,-87.99623217780905,0,0.68900585,7049.665,0.38215786,3,1,false,false,15.580331,7.465307,9.518729,-2.3788936,0.43826714,3
36.562542,0.40776616,43.801444431597,-87.99623429012239,0,0.6912098,7100.8174,0.35474184,3,1,false,false,15.143346,8.089124,9.954271,-2.3714743,0.4483134,3
36.699646,0.4078609,43.80143912144112,-87.99623627824892,0,0.69230425,7163.3237,0.33432022,3,1,false,false,15.670767,8.55812,10.630183,-2.3640785,0.43612063,3
36.840694,0.407956,43.80143381128525,-87.99623839056227,0,0.69230425,7185.7134,0.3206113,3,1,false,false,15.933852,8.89679,10.8335705,-2.3569922,0.41323835,3
36.985424,0.4080514,43.80142850112937,-87.9962403786888,0,0.69449294,7166.531,0.31557563,3,1,false,false,15.624145,9.018909,10.278722,-2.3502655,0.39500487,3
37.131897,0.40814713,43.8014231008824,-87.99624224243892,0,0.69560266,7145.6255,0.32284924,3,1,false,false,15.592889,8.993538,10.4879675,-2.3437932,0.38371253,3
37.27497,0.4082432,43.80141770063543,-87.99624423056545,0,0.6988857,7154.872,0.33935544,3,1,false,false,14.896487,8.655674,9.9055,-2.3374448,0.376404,3
37.4126,0.40833965,43.80141230066313,-87.99624597012877,0,0.69998,7194.2734,0.35893863,3,1,false,false,14.523237,8.391477,9.426169,-2.3312664,0.36265063,3
37.540653,0.40843633,43.80140681032507,-87.9962478338789,0,0.7021841,7244.453,0.3843965,3,1,false,false,16.032991,7.6953297,10.134437,-2.3253496,0.3548674,3
37.668602,0.40853328,43.801401320261675,-87.99624957344221,0,0.7076712,7293.518,0.4078949,3,1,false,false,15.381821,7.8487897,9.524488,-2.3194108,0.35766122,3
37.806393,0.4086305,43.801395829923614,-87.99625131300553,0,0.7142527,7332.8945,0.4333529,3,1,false,false,12.184318,9.015967,7.575399,-2.313544,0.33742303,3
37.950485,0.4087281,43.80139024976912,-87.99625292838203,0,0.7224836,7353.176,0.45545405,3,1,false,false,10.308238,8.63248,5.613964,-2.3082767,0.2963997,3
38.080162,0.40882596,43.801384669614635,-87.99625466794535,0,0.73180866,7366.4253,0.48231032,3,1,false,false,12.579966,7.0511713,7.3939123,-2.303381,0.30738553,3
38.205666,0.4089241,43.80137908946014,-87.99625615894546,0,0.74003935,7409.213,0.50888693,3,1,false,false,16.339396,8.540016,11.015439,-2.29769,0.37199184,3
38.33488,0.40902248,43.801373419214556,-87.99625777432196,0,0.7471757,7476.6865,0.52119535,3,1,false,false,16.940828,8.321018,11.143136,-2.2911513,0.40422034,3
38.43843,0.40912116,43.80136774896897,-87.99625926532207,0,0.75101364,7542.295,0.51699847,3,1,false,false,15.023335,6.0055137,8.944883,-2.284073,0.4524182,3
38.524902,0.40922,43.80136207872339,-87.99626075651176,0,0.75429654,7631.2993,0.5074881,3,1,false,false,12.895924,5.6902633,7.110384,-2.2759538,0.52244157,3
38.653824,0.4093191,43.80135640847781,-87.99626212332505,0,0.75759494,7754.8203,0.48734492,3,1,false,false,14.645668,10.179806,9.524154,-2.2668772,0.5512836,3
38.827076,0.4094185,43.80135073823222,-87.99626349013835,0,0.7630821,7798.3843,0.45909095,3,1,false,false,17.514776,10.755586,11.816343,-2.2579377,0.5144124,3
39.005016,0.4095183,43.80134497817021,-87.99626485695164,0,0.76638055,7696.562,0.42999613,3,1,false,false,18.69234,11.501298,12.526358,-2.2497425,0.4720468,3
39.194298,0.40961853,43.801339128017105,-87.99626609938852,0,0.77131295,7546.8047,0.40313995,3,1,false,false,18.580141,11.80581,12.221668,-2.2421107,0.44537887,3
39.37088,0.40971926,43.801333277864,-87.996267342015,0,0.77954364,7468.7437,0.38327715,3,1,false,false,18.076944,10.287284,11.124844,-2.2348046,0.43444493,3
39.519287,0.40982035,43.80132742743623,-87.99626846026509,0,0.79105735,7511.1143,0.3653722,3,1,false,false,17.071468,8.627228,9.9550495,-2.227583,0.43252915,3
39.6479,0.40992177,43.801321577283126,-87.99626957851515,0,0.81026226,7632.27,0.35026595,3,1,false,false,16.102612,7.741481,8.899399,-2.220406,0.4268344,3
39.770535,0.41002345,43.801315637038925,-87.99627057257842,0,0.8311166,7747.4185,0.34327203,3,1,false,false,15.717096,7.7884994,8.916082,-2.2133744,0.41690427,3
39.897602,0.41012543,43.801309696794725,-87.9962715666417,0,0.885433,7812.109,0.33879608,3,1,false,false,15.174629,8.271232,8.909668,-2.2064452,0.4157288,3
40.038822,0.41022775,43.8013037568252,-87.99627256070495,0,1.0000001,7843.7773,0.33180216,3,1,false,false,14.940735,8.960124,8.950451,-2.199499,0.41879562,3
40.187103,0.4103304,43.801297816581,-87.99627343039181,0,1,7859.9287,0.3194922,3,1,false,false,15.199647,9.250641,9.411168,-2.1924338,0.4309876,3
40.33633,0.41043344,43.801291786245706,-87.99627417608147,0,1,7890.0024,0.29907054,3,1,false,false,14.988611,9.267141,9.340451,-2.1851115,0.44703594,3
40.488415,0.41053686,43.80128575618508,-87.99627504576833,0,1,7944.1846,0.26773736,3,1,false,false,14.963158,9.632545,9.335,-2.1775527,0.45618087,3
40.641685,0.41064063,43.80127972584978,-87.99627579126837,0,1,7998.189,0.22661239,3,1,false,false,14.822824,9.4573555,9.165717,-2.1699927,0.4499923,3
40.796432,0.41074482,43.801273605698064,-87.99627641258162,0,1,8031.046,0.17793246,3,1,false,false,14.582018,9.765757,9.67418,-2.1626256,0.43211314,3
40.959713,0.41084942,43.80126748527167,-87.99627703389486,0,1,8042.5986,0.13065243,3,1,false,false,14.93938,10.3277645,10.380616,-2.1556559,0.4029075,3
41.12661,0.41095445,43.801261365119956,-87.9962776552081,0,1,8040.551,0.09707973,3,1,false,false,15.334171,10.458165,10.811651,-2.1491852,0.37295508,3
41.28799,0.41105986,43.80125515487714,-87.99627827633174,0,1,8039.5854,0.07162024,3,1,false,false,14.887721,9.865954,9.831215,-2.143211,0.34575287,3
41.441315,0.41116565,43.80124903472542,-87.99627864927136,0,1,8057.872,0.061269592,3,1,false,false,14.916667,9.262094,9.879849,-2.1375563,0.33472982,3
41.58818,0.41127208,43.80124282448261,-87.9962791462082,0,1,8106.2246,0.06238831,3,1,false,false,15.469597,9.207247,12.438954,-2.1319554,0.3373317,3
41.737984,0.4113788,43.801236524423366,-87.99627951895822,0,1,8161.035,0.07274002,3,1,false,false,16.804417,9.562588,13.768551,-2.1262934,0.34411892,3
41.891186,0.4114859,43.80123031418055,-87.99627989170826,0,1,8187.725,0.080293916,3,1,false,false,17.169794,9.748846,12.625232,-2.120454,0.3586497,3
42.060455,0.41159347,43.80122401384664,-87.99628014027147,0,1,8188.763,0.079454325,3,1,false,false,15.898531,11.13563,9.688996,-2.1145048,0.3476019,3
42.242928,0.41170165,43.801217713512735,-87.99628038883468,0,1,8176.4663,0.071061976,3,1,false,false,15.336653,11.575178,9.977526,-2.1091506,0.28970858,3
42.420372,0.41181037,43.8012113233624,-87.99628051302149,0,1,8155.401,0.06994219,3,1,false,false,14.758558,10.8972435,10.671195,-2.1047735,0.23571505,3
42.600517,0.4119196,43.80120493321207,-87.9962806372083,0,1,8142.7485,0.08672911,3,1,false,false,13.839151,11.203163,9.715797,-2.1013384,0.17624587,3
42.76511,0.4120292,43.80119854306173,-87.9962806372083,0,1,8143.9766,0.110229805,3,1,false,false,12.95759,8.815179,8.62755,-2.0987303,0.14835653,3
42.89921,0.41213915,43.80119215263673,-87.9962806372083,0,1,8185.231,0.14016458,3,1,false,false,12.017003,8.0443535,8.24598,-2.0961084,0.16959067,3
43.047565,0.41224948,43.8011856723953,-87.9962806372083,0,1,8280.296,0.17373568,3,1,false,false,11.080285,9.344123,8.302676,-2.093153,0.17834027,3
43.18559,0.41236007,43.80117919215387,-87.99628051302149,0,1,8359.201,0.2042309,3,1,false,false,11.459579,7.7435236,7.975105,-2.0901306,0.18988246,3
43.314484,0.41247103,43.80117271191244,-87.99628051302149,0,1,8401.75,0.23080859,3,1,false,false,10.137171,8.708422,7.525212,-2.086693,0.21949098,3
43.47295,0.4125823,43.80116623167101,-87.99628026445828,0,1,8437.697,0.25235048,3,1,false,false,10.50506,9.873605,7.4533124,-2.0829382,0.22916172,3
43.621353,0.41269413,43.801159661613156,-87.99628014027147,0,1,8461.034,0.26661822,3,1,false,false,11.371279,8.011439,8.356529,-2.078942,0.25549957,3
43.76413,0.41280627,43.801153181371724,-87.99627989170826,0,1,8493.388,0.28116557,3,1,false,false,10.789701,9.767625,8.093699,-2.0743904,0.28624183,3
43.930393,0.41291875,43.801146521222776,-87.99627964314503,0,1,8538.79,0.2845222,3,1,false,false,12.020936,9.358792,8.268972,-2.069505,0.29905692,3
44.062202,0.41303167,43.80113995089025,-87.99627939477142,0,1,8568.434,0.2778084,3,1,false,false,12.5178995,7.7160535,8.856583,-2.064194,0.34370506,3
44.218918,0.41314498,43.80113338055773,-87.99627902202138,0,1,8612.092,0.26689783,3,1,false,false,12.745792,10.642899,9.547003,-2.0582237,0.36378655,3
44.382233,0.41325873,43.80112672040878,-87.99627864927136,0,1,8639.022,0.25235042,3,1,false,false,13.991014,9.315497,10.02656,-2.0522103,0.3581418,3
44.52755,0.41337284,43.801120060259834,-87.99627815214494,0,1,8636.689,0.236963,3,1,false,false,14.923617,8.859642,11.424764,-2.0461001,0.38106304,3
44.699875,0.4134874,43.80111339983621,-87.9962776552081,0,1,8642.274,0.22269537,3,1,false,false,15.69476,10.97449,11.101394,-2.0397315,0.37244576,3
44.863655,0.41360244,43.80110664959617,-87.99627715808167,0,1,8642.702,0.20311174,3,1,false,false,14.519366,9.653825,9.056229,-2.0338697,0.33076164,3
45.01769,0.41371793,43.801099989447216,-87.99627653676842,0,1,8654.213,0.18828464,3,1,false,false,14.238061,9.671198,8.959604,-2.0284953,0.3153014,3
45.18081,0.4138338,43.80109323920718,-87.99627591564479,0,1,8685.343,0.18548687,3,1,false,false,15.129918,9.538459,11.520194,-2.023404,0.29646933,3
45.31759,0.41395006,43.80108639887604,-87.99627516995513,0,1,8708.955,0.19024242,3,1,false,false,15.778885,7.8751073,13.288555,-2.0183282,0.3220026,3
45.44575,0.41406673,43.80107964863599,-87.99627442445508,0,1,8745.375,0.1930402,3,1,false,false,15.218112,7.6897497,9.564088,-2.0125089,0.38097462,3
45.579174,0.4141838,43.801072898395944,-87.99627355476822,0,1,8816.691,0.17597474,3,1,false,false,15.906841,8.150886,9.803694,-2.0060954,0.38338372,3
45.730293,0.4143012,43.80106605833948,-87.99627268489176,0,1,8898.418,0.14631905,3,1,false,false,15.281906,10.420127,10.727137,-2.0000103,0.3468154,3
45.913685,0.41441903,43.80105921800834,-87.9962716908285,0,1,8912.695,0.12225899,3,1,false,false,15.585238,11.69917,11.65175,-1.994919,0.261553,3
46.089912,0.41453746,43.8010523776772,-87.99627069695482,0,1,8820.084,0.11078861,3,1,false,false,15.338825,10.093426,12.779462,-1.9911195,0.20898245,3
46.26118,0.41465634,43.80104544752963,-87.99626970289157,0,1,8723.812,0.10827045,3,1,false,false,15.298705,10.908712,12.529022,-1.9876391,0.21221405,3
46.43612,0.4147757,43.80103851738207,-87.9962685844519,0,1,8715.729,0.1043534,3,1,false,false,15.528912,9.788515,13.724969,-1.9842055,0.19913295,3
46.577274,0.41489545,43.80103158695984,-87.99626746620181,0,1,8783.717,0.09680003,3,1,false,false,13.162473,8.631434,10.562786,-1.9809188,0.19765979,3
46.723,0.4150157,43.801024656812274,-87.99626622376493,0,1,8877.097,0.09120496,3,1,false,false,12.621888,9.084281,10.793051,-1.9778317,0.17076993,3
46.860954,0.41513634,43.8010177266647,-87.99626498113845,0,1,8923.602,0.08672911,3,1,false,false,11.264979,7.877041,10.273463,-1.975242,0.14488488,3
46.99813,0.4152573,43.80101070615138,-87.99626373851197,0,1,8935.519,0.0878478,3,1,false,false,11.138413,9.864471,11.88705,-1.9728637,0.14326578,3
47.154457,0.4153787,43.80100377600382,-87.99626237169868,0,1,8941.961,0.09372308,3,1,false,false,10.874128,8.956815,12.461573,-1.970545,0.14136386,3
47.302425,0.41550067,43.800996755765155,-87.99626100488538,0,1,8952.079,0.09735941,3,1,false,false,10.338918,9.44094,12.962669,-1.968231,0.14075066,3
47.466316,0.415623,43.80098973552649,-87.99625951388528,0,1,8972.326,0.09847864,3,1,false,false,9.879958,10.199305,11.908216,-1.9660454,0.12401807,3
47.63182,0.41574576,43.800982625196745,-87.99625814707198,0,1,8977.432,0.096520394,3,1,false,false,8.25589,9.705412,10.2984085,-1.9642894,0.089014366,3
47.793835,0.41586903,43.80097560495808,-87.99625665607189,0,1,8963.891,0.09596051,3,1,false,false,6.5243263,9.570753,9.860838,-1.9631374,0.05195685,3
47.944725,0.41599286,43.800968494902996,-87.99625516507179,0,1,8957.755,0.09680007,3,1,false,false,5.557779,8.704678,9.420603,-1.9623839,0.04095292,3
48.078156,0.41611704,43.80096138457324,-87.99625354969528,0,1,8991.062,0.099038534,3,1,false,false,4.6988335,7.351818,10.762139,-1.9615996,0.05130878,3
48.20166,0.41624156,43.800954184152395,-87.99625205869518,0,1,9074.228,0.100437425,3,1,false,false,3.9581892,7.053533,8.432514,-1.960586,0.06799348,3
48.32007,0.4163665,43.80094707409731,-87.99625044331867,0,1,9178.109,0.09624124,3,1,false,false,3.715023,7.3310714,7.732801,-1.9593012,0.08449464,3
48.450436,0.4164919,43.80093987367646,-87.99624895231857,0,1,9258.933,0.08393129,3,1,false,false,3.6460383,7.985913,8.137215,-1.9577844,0.09608122,3
48.592785,0.41661766,43.800932763621375,-87.99624733694206,0,1,9285.138,0.062388312,3,1,false,false,3.8022714,8.878559,9.502226,-1.956145,0.100067385,3
48.741684,0.4167438,43.80092556320053,-87.99624572156556,0,1,9268.1875,0.04168489,3,1,false,false,3.9555318,9.144734,11.344461,-1.954475,0.100468636,3
48.896996,0.41687056,43.80091827296325,-87.99624410618905,0,1,9248.905,0.020982545,3,1,false,false,3.9751136,9.188946,11.94604,-1.9528326,0.09768375,3
49.05672,0.41699788,43.80091107281707,-87.99624236662574,0,1,9251.454,0.0047549894,3,1,false,false,3.9333286,9.487308,12.458839,-1.9513535,0.083261475,3
49.214973,0.41712558,43.8009037825798,-87.99624075143882,0,1,9264.248,-0.009234097,3,1,false,false,3.8502584,9.442096,12.414787,-1.9502068,0.05947479,3
49.37253,0.4172537,43.800896492342524,-87.9962390118755,0,1,9269.573,-0.01986494,3,1,false,false,3.7773194,9.616872,12.511069,-1.9494647,0.034434445,3
49.528755,0.41738233,43.800889201830586,-87.99623727231219,0,1,9262.087,-0.028257303,3,1,false,false,3.1575582,9.173294,10.418094,-1.9491172,0.011019725,3
49.554058,0.4175113,43.80088182177688,-87.99623565693568,0,1,9318.61,-0.032454032,0,1,false,false,2.5033727,-4.676195,9.061723,-1.9491181,-0.015146734,3
49.52934,0.41764018,43.800874531539606,-87.99623391737236,0,1,8900.338,-0.030216645,4,1,false,false,1.6888078,4.2224627,10.755915,-1.9494766,-0.02947403,3
49.685123,0.41776922,43.800867151211236,-87.99623217780905,0,1,7934.0264,-0.023222104,4,1,false,false,0.87575334,10.818022,10.952614,-1.9499583,-0.032117996,3
49.872627,0.4178987,43.800859860973965,-87.99623043824573,0,1,7498.352,-0.015108867,4,1,false,false,0.39144656,11.364637,9.205109,-1.9505488,-0.037520174,3
50.04376,0.4180287,43.800852480645595,-87.99622869868242,0,1,7701.8745,-0.008393451,4,1,false,false,-0.047438353,8.943391,7.2115116,-1.9512093,-0.03893712,3
50.157272,0.4181591,43.8008450105008,-87.9962269591191,0,1,8015.274,-0.010912136,4,1,false,false,-0.1927745,5.3823166,7.464745,-1.9518287,-0.033105113,3
50.257957,0.41828972,43.80083763017243,-87.99622521955578,0,1,8049.213,-0.019864937,4,1,false,false,-0.3012157,6.989587,7.891304,-1.9523249,-0.028374406,3
50.39983,0.41842073,43.80083015975297,-87.99622335561605,0,1,7871.6436,-0.024340795,4,1,false,false,-0.55148935,9.1871195,8.067371,-1.9527898,-0.030505521,3
50.55208,0.4185521,43.800822689608175,-87.99622161605274,0,1,7748.8296,-0.017906679,4,1,false,false,-0.8697814,8.943428,11.925487,-1.9533247,-0.035541713,3
50.690098,0.41868383,43.80081521946338,-87.99621987648942,0,1,7793.3687,-0.012590177,4,1,false,false,-0.98891157,7.321802,10.010841,-1.9539388,-0.037947983,3
50.800663,0.41881588,43.80080774904392,-87.9962181369261,0,1,7909.956,-0.014548437,4,1,false,false,-1.1780844,6.269596,8.135554,-1.9545516,-0.036052138,3
50.904537,0.41894826,43.800800188808026,-87.99621639736279,0,1,7979.888,-0.017626468,4,1,false,false,-1.1979438,6.9991007,9.043769,-1.9551377,-0.033816587,3
51.028328,0.4190809,43.80079262857214,-87.99621465779947,0,1,7971.84,-0.020704502,4,1,false,false,-1.3078425,7.006827,8.631031,-1.955688,-0.032897204,3
51.153046,0.41921392,43.800785068336246,-87.99621279404934,0,1,7936.101,-0.024061663,4,1,false,false,-1.5003452,7.6566906,9.586732,-1.9562238,-0.032698683,3
51.27661,0.41934723,43.80077750810036,-87.99621105448603,0,1,7940.4043,-0.028537521,4,1,false,false,-1.7230029,7.1591997,9.96369,-1.9567832,-0.03430016,3
51.39927,0.4194809,43.8007699475898,-87.99620931492271,0,1,7984.8535,-0.034972724,4,1,false,false,-1.733557,7.2296963,8.758365,-1.9573618,-0.033465005,3
51.517887,0.41961485,43.80076229753749,-87.99620757535939,0,1,8021.6807,-0.045324437,4,1,false,false,-1.843103,7.1551023,8.782605,-1.9579059,-0.032428194,3
51.63808,0.41974914,43.8007546472105,-87.99620583579608,0,1,8027.9565,-0.056794826,4,1,false,false,-2.1624894,7.1610427,10.19314,-1.9584463,-0.03472999,3
51.761074,0.41988373,43.80074699688352,-87.99620409623276,0,1,8019.6284,-0.07246196,4,1,false,false,-2.543085,6.945136,10.659673,-1.9590948,-0.044482432,3
51.87821,0.42001867,43.80073934669387,-87.99620235666944,0,1,8027.832,-0.08365321,4,1,false,false,-2.8798046,7.2784905,10.819859,-1.9599651,-0.05992114,3
51.99303,0.42015395,43.80073169636688,-87.99620061691652,0,1,8060.886,-0.08868952,4,1,false,false,-2.7304733,6.76813,8.899523,-1.9610591,-0.069099404,3
52.11031,0.42028946,43.80072395608614,-87.99619887735321,0,1,8097.3457,-0.09372581,4,1,false,false,-2.6560698,6.7534113,7.1716766,-1.9622482,-0.07227128,3
52.23276,0.42042533,43.800716215805394,-87.99619713778989,0,1,8112.7534,-0.09456538,4,1,false,false,-3.2993608,7.6785445,8.915734,-1.9634559,-0.0741567,3
52.346203,0.4205615,43.80070847552465,-87.99619539822658,0,1,8105.8574,-0.09092798,4,1,false,false,-3.4783947,6.6337266,10.7252,-1.9647107,-0.07872098,3
52.456112,0.420698,43.80070073524391,-87.99619378303967,0,1,8117.942,-0.085891694,4,1,false,false,-3.311852,6.000461,9.080249,-1.9660802,-0.085652515,3
52.56563,0.42083475,43.800692994963164,-87.99619204347636,0,1,8168.6157,-0.077778466,4,1,false,false,-3.5284007,6.7603073,9.005992,-1.9675547,-0.09068064,3
52.67549,0.4209718,43.80068516472866,-87.99619030391304,0,1,8219.957,-0.06742674,4,1,false,false,-3.6687534,6.835743,9.948689,-1.9690595,-0.08845704,3
52.793854,0.42110914,43.800677334494154,-87.99618868853653,0,1,8230.79,-0.056794837,4,1,false,false,-3.5174372,6.8275485,10.341112,-1.9704844,-0.081071354,3
52.916523,0.42124683,43.80066950412232,-87.99618694897322,0,1,8210.312,-0.04840137,4,1,false,false,-3.4544873,7.370531,8.990565,-1.9717748,-0.07387288,3
53.037956,0.4213848,43.80066167388781,-87.9961853335967,0,1,8199.196,-0.03972879,4,1,false,false,-3.2286692,7.372498,8.701423,-1.9729375,-0.06514511,3
53.15692,0.42152315,43.800653753562216,-87.9961837184098,0,1,8217.2705,-0.031615555,4,1,false,false,-2.999034,6.834653,8.753684,-1.9739335,-0.05455732,3
53.269226,0.4216618,43.80064592332771,-87.99618197865688,0,1,8249.54,-0.024901226,4,1,false,false,-2.5990498,6.3248744,8.729723,-1.9747413,-0.044410344,3
53.375473,0.4218007,43.800638003002106,-87.99618036346997,0,1,8279.909,-0.019864941,4,1,false,false,-2.5030591,6.226561,9.684201,-1.9754316,-0.040929463,3
53.48052,0.42193988,43.800630082813846,-87.99617874809346,0,1,8307.762,-0.014828653,4,1,false,false,-2.3792574,6.3884053,8.881188,-1.9761263,-0.04275372,3
53.589195,0.42207932,43.80062207253449,-87.99617713271695,0,1,8336.39,-0.009234098,4,1,false,false,-2.058198,6.395043,7.441292,-1.976851,-0.0432832,3
53.703033,0.42221907,43.80061415220889,-87.99617551753005,0,1,8359.008,-0.0041967263,4,1,false,false,-1.9532225,6.931197,8.074153,-1.9775267,-0.03718223,3
53.8197,0.4223591,43.80060614192953,-87.99617390215353,0,1,8366.494,-0.0016791237,4,1,false,false,-1.8305573,6.9193563,8.632382,-1.9780731,-0.028836688,3
53.934425,0.4224994,43.80059813165017,-87.99617228677702,0,1,8366.774,-0.0016791233,4,1,false,false,-1.8084477,6.8855624,9.070144,-1.9785088,-0.024511488,3
54.04738,0.42263997,43.80059012137081,-87.99617067159012,0,1,8380.091,-0.0025186853,4,1,false,false,-1.7939922,6.573299,8.967307,-1.9789158,-0.025188904,3
54.159336,0.4227808,43.80058211109145,-87.99616905621362,0,1,8408.852,-0.0027978176,4,1,false,false,-1.8201817,6.76282,9.461498,-1.9793515,-0.026378168,3
54.270412,0.42292193,43.80057410081209,-87.9961674408371,0,1,8435.302,-0.0041967263,4,1,false,false,-1.629383,6.566159,8.786093,-1.9797894,-0.025521189,3
54.38209,0.42306334,43.800566000441634,-87.9961658256502,0,1,8448.327,-0.0067154104,4,1,false,false,-1.6320915,6.566056,8.7891035,-1.9802061,-0.025018454,3
54.49776,0.42320502,43.80055790020852,-87.99616421027369,0,1,8454.639,-0.008953882,4,1,false,false,-1.6372553,6.5949836,9.489578,-1.9806266,-0.025618332,3
54.61474,0.42334697,43.800549799838066,-87.99616259489717,0,1,8463.35,-0.010072575,4,1,false,false,-1.6872817,6.9187336,9.069537,-1.9810663,-0.025764236,3
54.729565,0.4234892,43.80054169960494,-87.99616097971027,0,1,8475.828,-0.0117517,4,1,false,false,-1.6422065,7.297181,7.7910132,-1.9814976,-0.024841886,3
54.840004,0.4236318,43.800533599371825,-87.99615936433376,0,1,8490.297,-0.0142693,4,1,false,false,-1.5875877,6.4260125,7.818073,-1.9819019,-0.024606837,3
54.95343,0.4237746,43.80052540904761,-87.99615774895726,0,1,8508.752,-0.019584725,4,1,false,false,-1.7857375,5.7933903,8.391488,-1.9822961,-0.023744624,3
55.0636,0.4239177,43.80051730881449,-87.99615613377034,0,1,8531.206,-0.026579265,4,1,false,false,-2.023325,6.350313,9.971462,-1.9827307,-0.026812082,3
55.166573,0.42406106,43.800509118490275,-87.99615464258065,0,1,8557.804,-0.03693098,4,1,false,false,-2.0432203,6.815246,9.176061,-1.9832505,-0.033906993,3
55.271942,0.42420474,43.8005008382123,-87.99615302739373,0,1,8586.597,-0.052318964,4,1,false,false,-2.2643623,6.2886205,8.067504,-1.9838507,-0.04055596,3
55.388805,0.42434862,43.80049264788809,-87.99615141201723,0,1,8606.926,-0.06714761,4,1,false,false,-2.975455,6.765231,9.870507,-1.9845709,-0.048048865,3
55.510017,0.4244928,43.800484457563876,-87.99614979664072,0,1,8603.532,-0.08281476,4,1,false,false,-3.2329242,7.0002937,9.586495,-1.9854326,-0.053644538,3
55.62483,0.42463732,43.8004761772859,-87.99614830564062,0,1,8590.731,-0.09960055,4,1,false,false,-3.5172224,6.922116,9.802344,-1.9863952,-0.061591063,3
55.73499,0.4247821,43.80046789700793,-87.99614669026411,0,1,8600.899,-0.116666615,4,1,false,false,-4.0367246,6.595989,10.20941,-1.9875199,-0.0747224,3
55.843143,0.42492715,43.80045961672995,-87.996145199264,0,1,8635.604,-0.12953809,4,1,false,false,-4.4666014,6.142036,8.946834,-1.9889011,-0.0900799,3
55.94893,0.4250725,43.80045133645198,-87.9961435838875,0,1,8671.306,-0.13849086,4,1,false,false,-4.917988,6.167262,8.652123,-1.9905305,-0.10416082,3
56.055542,0.4252181,43.80044296608291,-87.9961420928874,0,1,8691.11,-0.14520517,4,1,false,false,-5.219268,6.294792,8.725,-1.9923594,-0.114136904,3
56.163643,0.42536393,43.80043459585118,-87.9961406018873,0,1,8698.703,-0.15052064,4,1,false,false,-5.641654,6.306697,8.417709,-1.9943386,-0.12305999,3
56.272324,0.4255101,43.800426225482106,-87.9961391106976,0,1,8710.5205,-0.15331845,4,1,false,false,-5.9845467,6.408837,8.224348,-1.9964695,-0.13212374,3
56.379707,0.42565653,43.80041785525037,-87.9961376196975,0,1,8732.652,-0.15359865,4,1,false,false,-6.5381336,6.2838,9.819941,-1.9987326,-0.1384719,3
56.485825,0.4258032,43.80040948488131,-87.9961361286974,0,1,8757.013,-0.15248,4,1,false,false,-6.9504457,6.231203,9.298611,-2.001101,-0.14516349,3
56.59126,0.4259502,43.80040111464957,-87.99613476188411,0,1,8774.983,-0.14912176,4,1,false,false,-7.281009,6.3048635,10.050286,-2.0035589,-0.14991866,3
56.698883,0.42609745,43.80039265432674,-87.99613327069441,0,1,8787.957,-0.14240745,4,1,false,false,-7.5193324,6.4275966,10.344339,-2.0060842,-0.15270291,3
56.811058,0.42624497,43.80038419400391,-87.99613190388112,0,1,8797.887,-0.13261501,4,1,false,false,-7.647441,6.52361,9.3176775,-2.0085988,-0.14777665,3
56.92086,0.4263928,43.800375733681086,-87.99613053706783,0,1,8804,-0.12002483,4,1,false,false,-7.448469,6.418404,8.864489,-2.010985,-0.1381072,3
57.030247,0.4265409,43.8003671834045,-87.99612917025453,0,1,8813.126,-0.11051271,4,1,false,false,-7.3764634,6.386199,9.493233,-2.0131893,-0.12626968,3
57.13851,0.4266893,43.800358723081665,-87.99612780363084,0,1,8827.343,-0.10631599,4,1,false,false,-6.9468265,6.0268216,8.040473,-2.0151782,-0.11264014,3
57.24101,0.42683795,43.800350172805075,-87.99612656100436,0,1,8848.309,-0.108833596,4,1,false,false,-6.8425837,5.892214,9.2558775,-2.0169919,-0.106028095,3
57.344788,0.42698687,43.800341622528485,-87.99612519419107,0,1,8875.975,-0.11554899,4,1,false,false,-6.887455,6.10831,8.096199,-2.018759,-0.10543204,3
57.44631,0.4271361,43.800333072251895,-87.99612395156458,0,1,8898.8955,-0.12282266,4,1,false,false,-6.486721,5.839666,7.2846403,-2.020532,-0.10699683,3
57.549587,0.42728555,43.80032452183797,-87.9961227091277,0,1,8917.751,-0.1284183,4,1,false,false,-6.3146453,6.1459136,7.343861,-2.0223384,-0.10801717,3
57.65618,0.42743525,43.800315881607624,-87.99612146650122,0,1,8933.313,-0.13177545,4,1,false,false,-6.4164734,6.00929,7.905076,-2.0241487,-0.10853264,3
57.757504,0.42758524,43.800307331331034,-87.99612034825114,0,1,8948.435,-0.13401395,4,1,false,false,-6.7338257,5.956892,8.75187,-2.0260353,-0.11806162,3
57.860138,0.42773554,43.80029869096335,-87.99611910562466,0,1,8970.67,-0.13457327,4,1,false,false,-7.0007954,6.051147,8.01584,-2.0281048,-0.12954046,3
57.96313,0.42788604,43.800290050733004,-87.99611798737459,0,1,8994.145,-0.13597217,4,1,false,false,-7.042897,6.062114,8.9293585,-2.0303254,-0.1358804,3
58.071278,0.4280369,43.800281410365315,-87.9961168691245,0,1,9008.666,-0.1410085,4,1,false,false,-7.362225,6.2831564,8.893029,-2.0325816,-0.1344915,3
58.179455,0.42818806,43.800272680043875,-87.99611575087444,0,1,9010.073,-0.15331848,4,1,false,false,-8.216791,6.280651,9.506023,-2.0348308,-0.13675101,3
58.28652,0.42833957,43.80026403981353,-87.99611463243475,0,1,9011.047,-0.17933838,4,1,false,false,-8.970343,6.3317823,10.688299,-2.037182,-0.14692095,3
58.391613,0.4284913,43.80025530949208,-87.99611351418469,0,1,9023.203,-0.21067479,4,1,false,false,-9.704078,6.0415535,9.897691,-2.0397549,-0.16317677,3
58.494473,0.42864326,43.80024657917064,-87.99611252012141,0,1,9043.952,-0.24452883,4,1,false,false,-11.621856,5.966191,12.210349,-2.042673,-0.19018382,3
58.59681,0.4287955,43.80023784884919,-87.99611152605814,0,1,9060.54,-0.2786619,4,1,false,false,-12.951826,6.110435,11.883095,-2.0461223,-0.22396293,3
58.69872,0.42894796,43.800229028436654,-87.99611053199489,0,1,9067.575,-0.31279612,4,1,false,false,-13.744015,6.015224,11.596271,-2.050074,-0.25171185,3
58.804005,0.42910072,43.80022029825255,-87.99610966230803,0,1,9071.932,-0.3382568,4,1,false,false,-15.347766,6.3881874,12.965575,-2.0544615,-0.27429748,3
58.908028,0.42925373,43.80021147784001,-87.99610879243157,0,1,9074.212,-0.35532385,4,1,false,false,-15.960949,5.999526,10.920309,-2.059121,-0.28513864,3
59.007668,0.42940703,43.8002026575648,-87.99610804693151,0,1,9081.181,-0.36595583,4,1,false,false,-16.07645,5.8660254,11.339931,-2.063916,-0.2908356,3
59.104687,0.42956063,43.800193747198506,-87.99610730143146,0,1,9099.503,-0.37574822,4,1,false,false,-16.503191,5.664126,11.423521,-2.0688045,-0.29582915,3
59.19663,0.42971447,43.8001849269233,-87.99610655593142,0,1,9124.163,-0.38721964,4,1,false,false,-15.737121,5.3473716,8.278783,-2.0737796,-0.29996735,3
59.285152,0.42986855,43.800176016557,-87.99610593461817,0,1,9152.3125,-0.3981318,4,1,false,false,-13.819873,5.3658023,5.792275,-2.0787795,-0.29582253,3
59.376408,0.43002295,43.8001671962818,-87.99610531330494,0,1,9181.396,-0.40932414,4,1,false,false,-12.791354,5.294148,4.83241,-2.083552,-0.27494615,3
59.46029,0.43017757,43.800158286052834,-87.9961048163681,0,1,9207.413,-0.4227538,4,1,false,false,-13.500792,4.545806,5.684912,-2.0880811,-0.27558535,3
59.53026,0.43033245,43.80014937568653,-87.99610419505485,0,1,9244.609,-0.43870232,4,1,false,false,-14.918342,3.9685764,7.327227,-2.093031,-0.32493016,3
59.53337,0.4304875,43.80014046532023,-87.99610382230483,0,1,9305.646,-0.45045397,0,1,false,false,-17.428905,-2.2006316,7.4990654,-2.0989594,-0.3819201,3
59.5031,0.43064252,43.80013146500018,-87.99610344955481,0,1,8811.853,-0.44821453,5,1,false,false,-18.854195,1.3122395,8.853842,-2.1056848,-0.42285872,3
59.621414,0.43079764,43.800122554771214,-87.99610307680479,0,1,7768.9873,-0.43394512,5,1,false,false,-18.23298,9.873757,9.248242,-2.1132002,-0.48307562,3
59.77987,0.43095335,43.80011364440491,-87.99610282824156,0,1,7560.728,-0.4138,5,1,false,false,-20.788826,8.640936,9.789518,-2.1216202,-0.5164044,3
59.858753,0.43110937,43.800104644084854,-87.99610257967835,0,1,7910.8975,-0.3928164,5,1,false,false,-23.764305,2.7358963,9.937657,-2.1299844,-0.4786787,3
59.891354,0.43126556,43.80009564376479,-87.99610245549154,0,1,8105.0684,-0.37966573,5,1,false,false,-23.696886,3.0648746,9.427012,-2.137465,-0.41889402,3
59.968704,0.43142205,43.800086733398494,-87.99610245549154,0,1,7967.4014,-0.38218457,5,1,false,false,-22.396305,6.1833363,8.659713,-2.1440217,-0.3707167,3
60.074768,0.43157881,43.80007773307844,-87.99610245549154,0,1,7795.706,-0.39449438,5,1,false,false,-21.941694,6.52102,7.9964285,-2.1499548,-0.3449365,3
60.15776,0.43173584,43.80006864280462,-87.99610257967835,0,1,7823.889,-0.41268128,5,1,false,false,-22.527906,4.133092,8.278133,-2.1556768,-0.3484892,3
60.204243,0.4318933,43.800059642484555,-87.99610282824156,0,1,7963.718,-0.43870234,5,1,false,false,-23.414324,2.7005537,9.0812845,-2.161811,-0.392968,3
60.24883,0.4320508,43.8000506421645,-87.99610307680479,0,1,8034.557,-0.46192557,5,1,false,false,-24.431965,3.4591339,9.402477,-2.1688719,-0.45250764,3
60.316223,0.43220857,43.80004155189068,-87.99610344955481,0,1,7998.3174,-0.47619486,5,1,false,false,-24.56272,5.1344686,8.980859,-2.1767805,-0.4875584,3
60.403126,0.43236667,43.800032551570624,-87.99610394649164,0,1,7943.7544,-0.48403007,5,1,false,false,-24.020144,5.8268437,8.349468,-2.1848626,-0.4711342,3
60.48977,0.43252507,43.80002346115947,-87.99610444361808,0,1,7936.083,-0.4879455,5,1,false,false,-24.98024,5.139439,9.242247,-2.1923044,-0.42089394,3
60.560795,0.43268374,43.80001446083941,-87.99610506493131,0,1,7958.97,-0.49605966,5,1,false,false,-25.811247,4.0951533,9.6049385,-2.1990347,-0.39446446,3
60.619457,0.4328428,43.800005370565586,-87.99610581043136,0,1,7981.7983,-0.5131279,5,1,false,false,-26.145916,3.6394491,10.041504,-2.2056806,-0.4115104,3
60.67411,0.43300194,43.79999628029177,-87.99610655593142,0,1,8000.23,-0.5360708,5,1,false,false,-28.280867,3.8256907,13.048873,-2.212985,-0.46915182,3
60.734623,0.43316138,43.79998718988062,-87.99610742561828,0,1,8015.7246,-0.5584556,5,1,false,false,-28.945686,4.236694,11.036496,-2.2212596,-0.5192254,3
60.798317,0.43332106,43.7999780996068,-87.99610841968155,0,1,8021.7134,-0.56628984,5,1,false,false,-28.360546,4.49121,9.907694,-2.2301302,-0.5389163,3
60.870735,0.43348098,43.79996900919564,-87.99610953812122,0,1,8019.5044,-0.56125355,5,1,false,false,-28.429777,5.081106,10.160147,-2.2389646,-0.5123651,3
60.94245,0.4336412,43.79995991892182,-87.9961107805581,0,1,8010.413,-0.5483831,5,1,false,false,-28.263386,4.6678085,9.989588,-2.2471137,-0.46848387,3
61.00769,0.4338021,43.79995082864801,-87.99611202318458,0,1,8010.5396,-0.5405478,5,1,false,false,-29.5851,4.2875285,11.546008,-2.2547455,-0.45392212,3
61.064217,0.4339632,43.79994173823685,-87.99611351418469,0,1,8027.773,-0.54278624,5,1,false,false,-30.337248,3.8502529,12.329515,-2.262444,-0.47434694,3
61.118675,0.4341244,43.79993264796303,-87.99611500518479,0,1,8051.7056,-0.5514599,5,1,false,false,-28.890055,4.035016,9.842735,-2.2705865,-0.49728587,3
61.182358,0.4342857,43.79992355768921,-87.9961166205613,0,1,8065.683,-0.55509853,5,1,false,false,-27.123137,4.5466805,8.757039,-2.278759,-0.4772355,3
61.252678,0.43444714,43.79991446727806,-87.99611836012461,0,1,8062.5864,-0.5492216,5,1,false,false,-25.817944,4.8246408,7.9122324,-2.2863674,-0.43200058,3
61.321377,0.4346088,43.79990537700424,-87.99612009968793,0,1,8058.1294,-0.5441854,5,1,false,false,-24.442417,4.2594733,7.3247237,-2.2931767,-0.391559,3
61.379925,0.4347704,43.79989628673042,-87.99612196362764,0,1,8077.4497,-0.5458643,5,1,false,false,-22.495071,3.6565123,4.993639,-2.2996166,-0.387366,3
61.42991,0.43493214,43.79988719631927,-87.99612395156458,0,1,8122.681,-0.5553776,5,1,false,false,-23.763762,3.016816,6.970583,-2.3061836,-0.41447234,3
61.47442,0.435094,43.79987810604545,-87.99612593969111,0,1,8163.9272,-0.5730051,5,1,false,false,-27.97033,3.611884,13.021212,-2.3136601,-0.48829642,3
61.531734,0.43525586,43.79986901577163,-87.99612817638086,0,1,8169.335,-0.5895129,5,1,false,false,-30.947176,4.480391,13.669378,-2.3224697,-0.56232816,3
61.5997,0.43541792,43.79985992536047,-87.99613041288102,0,1,8139.7114,-0.58195907,5,1,false,false,-31.431929,5.1992693,12.416859,-2.3321908,-0.5879372,3
61.67505,0.43558007,43.79985083508666,-87.99613277375758,0,1,8110.933,-0.5492214,5,1,false,false,-31.338867,5.455286,11.151887,-2.3417778,-0.5518532,3
61.749912,0.4357424,43.799841744675504,-87.99613525882094,0,1,8104.2617,-0.50333464,5,1,false,false,-28.665777,5.0301013,8.486516,-2.350322,-0.46752355,3
61.818604,0.43590486,43.79983265440168,-87.9961377438843,0,1,8115.693,-0.47059923,5,1,false,false,-25.820938,4.5130916,6.821734,-2.3573039,-0.37496707,3
61.87668,0.43606752,43.79982356412786,-87.99614047751089,0,1,8137.4424,-0.46388382,5,1,false,false,-22.627747,3.567626,5.444749,-2.3630166,-0.32506463,3
61.926327,0.4362302,43.79981447371671,-87.99614321113748,0,1,8176.4976,-0.49102342,5,1,false,false,-21.262173,3.152251,3.9265501,-2.368368,-0.32915887,3
61.966537,0.43639302,43.79980547339665,-87.99614594476407,0,1,8222.215,-0.55285877,5,1,false,false,-23.900671,3.0079145,8.915819,-2.3743336,-0.39455375,3
62.01981,0.43655595,43.79979638312283,-87.99614892695386,0,1,8249.693,-0.6393176,5,1,false,false,-25.114193,4.2678733,7.8312464,-2.3813949,-0.44597197,3
62.089035,0.436719,43.79978738280277,-87.99615190895406,0,1,8236.717,-0.7047924,5,1,false,false,-26.329567,4.8531346,9.286703,-2.3890228,-0.4622558,3
62.160206,0.43688223,43.799778292528956,-87.99615489114386,0,1,8199.824,-0.75208056,5,1,false,false,-29.04913,4.570376,10.361695,-2.3967867,-0.47581616,3
62.215103,0.4370456,43.79976929220889,-87.99615812170728,0,1,8190.4946,-0.778662,5,1,false,false,-31.419947,3.6651692,10.771642,-2.405135,-0.5335353,3
62.260494,0.4372091,43.79976020179774,-87.99616135246029,0,1,8225.041,-0.789295,5,1,false,false,-32.610943,3.2800415,11.874153,-2.4146242,-0.6013159,3
62.305412,0.4373727,43.79975120147768,-87.99616483158692,0,1,8257.233,-0.7873356,5,1,false,false,-33.85895,3.7221274,13.308909,-2.425062,-0.6420777,3
62.355976,0.43753657,43.79974220115762,-87.99616831071356,0,1,8251.462,-0.775863,5,1,false,false,-35.09664,4.1933303,13.19046,-2.4359055,-0.65307325,3
62.410454,0.43770048,43.79973329092866,-87.996171914027,0,1,8227.035,-0.7607544,5,1,false,false,-35.087643,4.417547,12.266097,-2.446805,-0.64684683,3
62.466774,0.43786457,43.7997242906086,-87.99617576590366,0,1,8222.972,-0.74312574,5,1,false,false,-33.441463,4.4013195,10.377194,-2.4572594,-0.60265267,3
62.52271,0.4380289,43.7997153802423,-87.99617961796991,0,1,8239.839,-0.7266179,5,1,false,false,-32.32056,4.2063174,9.394682,-2.4667869,-0.53868514,3
62.577324,0.4381934,43.799706469876,-87.99618359403338,0,1,8251.493,-0.72493774,5,1,false,false,-30.37046,3.975189,8.219216,-2.4752061,-0.47619507,3
62.617832,0.43835804,43.799697559647036,-87.99618769447326,0,1,8256.421,-0.74004745,5,1,false,false,-31.520586,2.9597585,11.108147,-2.4831042,-0.49128002,3
62.649323,0.4385229,43.79968864928074,-87.99619179491313,0,1,8283.668,-0.7666301,5,1,false,false,-32.077557,2.728411,10.617944,-2.4917889,-0.55714005,3
62.68354,0.4386878,43.79967973891444,-87.99619614391622,0,1,8328.005,-0.78145987,5,1,false,false,-31.415293,3.4751177,10.909793,-2.501671,-0.6167892,3
62.732903,0.43885294,43.79967091863924,-87.99620049272973,0,1,8346.771,-0.78117955,5,1,false,false,-31.381102,4.0430493,9.622272,-2.5118055,-0.5951986,3
62.787212,0.43901822,43.79966209836403,-87.99620509010643,0,1,8326.81,-0.7657906,5,1,false,false,-29.730932,4.5160294,8.366492,-2.5213952,-0.5482019,3
62.847878,0.43918365,43.799653278088826,-87.99620968767273,0,1,8311.769,-0.7380905,5,1,false,false,-29.250256,4.2219186,7.2422323,-2.53003,-0.49127117,3
62.902756,0.4393489,43.799644547767386,-87.99621440923626,0,1,8326.977,-0.72605735,5,1,false,false,-27.934052,5.002745,7.635047,-2.5378509,-0.43987262,3
62.946198,0.43951416,43.79963572735485,-87.99621913098937,0,1,8350.33,-0.729696,5,1,false,false,-28.924242,2.930124,10.199377,-2.5449703,-0.43763444,3
62.992878,0.4396794,43.79962699717073,-87.9962241013057,0,1,8368.357,-0.74844205,5,1,false,false,-31.711985,4.4018216,10.222171,-2.5523803,-0.45093402,3
63.02494,0.43984458,43.79961826684929,-87.99622907143244,0,1,8369.967,-0.7655103,5,1,false,false,-29.462801,3.1214483,10.632559,-2.560501,-0.5208293,3
63.07811,0.44000974,43.799609536527846,-87.99623416593558,0,1,8380.127,-0.7716665,5,1,false,false,-34.044693,4.2907543,12.64225,-2.5693638,-0.5404666,3
63.118248,0.440175,43.799600896160165,-87.99623938462553,0,1,8379.049,-0.7559973,5,1,false,false,-32.95363,4.3760905,11.013609,-2.5786896,-0.56327987,3
63.17371,0.44034013,43.79959225586115,-87.99624472750229,0,1,8368.651,-0.72689694,5,1,false,false,-32.75531,3.6301732,12.174814,-2.5878785,-0.5455454,3
63.228745,0.4405054,43.79958361556213,-87.99625019475546,0,1,8360.551,-0.6972375,5,1,false,false,-31.736471,5.3554125,9.480346,-2.5966103,-0.48182514,3
63.28045,0.4406707,43.79957506528554,-87.99625566200862,0,1,8356.757,-0.6681374,5,1,false,false,-30.501942,3.5613565,11.062952,-2.604126,-0.43459,3
63.33495,0.44083598,43.79956642498652,-87.99626137782501,0,1,8364.593,-0.65554607,5,1,false,false,-30.696955,4.0823045,8.39749,-2.6108973,-0.38651073,3
63.37025,0.44100136,43.799557874641266,-87.99626709345179,0,1,8384.622,-0.6538671,5,1,false,false,-25.579294,3.637055,4.898632,-2.617488,-0.39318076,3
63.423798,0.44116676,43.79954941431844,-87.99627293345497,0,1,8418.602,-0.66422105,5,1,false,false,-26.726923,2.9733746,7.61687,-2.6237354,-0.3702444,3
63.464478,0.4413321,43.79954086404185,-87.99627877345817,0,1,8435.881,-0.6790507,5,1,false,false,-23.989622,4.042652,4.0332446,-2.6300576,-0.37850803,3
63.516735,0.44149756,43.79953240371902,-87.99628473764817,0,1,8444.689,-0.7025539,5,1,false,false,-22.52601,2.7394617,6.2164674,-2.636271,-0.38438824,3
63.57373,0.44166303,43.799523943464855,-87.99629082621458,0,1,8457.292,-0.73669034,5,1,false,false,-26.602718,5.2430377,8.846338,-2.6429002,-0.40160355,3
63.62601,0.44182855,43.799515573164456,-87.9962969145914,0,1,8457.715,-0.76802903,5,1,false,false,-25.327095,3.4863007,6.2241235,-2.6497157,-0.424295,3
63.688293,0.44199413,43.79950711284163,-87.99630325172102,0,1,8454.366,-0.7962906,5,1,false,false,-26.686127,4.4844937,8.492425,-2.6568487,-0.42388898,3
63.740597,0.4421598,43.799498742541225,-87.99630946447424,0,1,8446.316,-0.81895465,5,1,false,false,-31.23385,4.285786,12.498722,-2.6641116,-0.4536623,3
63.782875,0.44232553,43.799490372240825,-87.99631592579067,0,1,8437.722,-0.8290282,5,1,false,false,-33.880848,3.0103571,14.563154,-2.6722186,-0.526083,3
63.814606,0.44249132,43.79948209196285,-87.99632251129391,0,1,8446.437,-0.81867415,5,1,false,false,-35.734642,3.7046304,14.709947,-2.681915,-0.6194285,3
63.865734,0.4426572,43.79947381168488,-87.99632909679715,0,1,8455.995,-0.77782243,5,1,false,false,-35.500893,4.6438456,12.990131,-2.6923332,-0.60541224,3
63.925076,0.44282323,43.799465531338235,-87.9963358064872,0,1,8429.004,-0.71430564,5,1,false,false,-36.222137,4.7425084,13.859043,-2.7017922,-0.52632785,3
63.984215,0.44298935,43.799457341082686,-87.99634276474046,0,1,8390.142,-0.6561065,5,1,false,false,-33.164368,4.292573,9.527452,-2.7098432,-0.44766515,3
64.03204,0.44315562,43.7994492407809,-87.99634972299374,0,1,8397.337,-0.61301637,5,1,false,false,-28.601442,3.4271686,6.6603756,-2.7169032,-0.40898132,3
64.08273,0.44332197,43.79944105052535,-87.9963568056234,0,1,8449.422,-0.59818655,5,1,false,false,-27.040407,3.4149568,6.458247,-2.7232766,-0.36162317,3
64.11943,0.44348845,43.79943295022357,-87.99636388806348,0,1,8482.935,-0.6099382,5,1,false,false,-26.710548,1.9159861,6.6096363,-2.729066,-0.36134872,3
64.13882,0.44365498,43.79942493994421,-87.99637109487998,0,1,8502.535,-0.64211655,5,1,false,false,-29.337399,2.309021,12.050406,-2.7359161,-0.46370775,3
64.1799,0.44382152,43.79941692966485,-87.99637842607287,0,1,8526.604,-0.673175,5,1,false,false,-31.228502,3.671105,11.452918,-2.744443,-0.5419856,3
64.23693,0.44398826,43.79940891938549,-87.99638588126297,0,1,8517.976,-0.6731748,5,1,false,false,-33.554157,4.9592733,14.050282,-2.7537813,-0.554913,3
64.3029,0.4441552,43.79940099905989,-87.99639346082947,0,1,8472.206,-0.64687264,5,1,false,false,-34.113773,5.116797,12.653223,-2.762708,-0.50770396,3
64.36425,0.44432226,43.79939307880296,-87.99640104039598,0,1,8438.197,-0.5967878,5,1,false,false,-35.559036,4.1813655,12.7649,-2.7707636,-0.4677452,3
64.41251,0.4444895,43.799385158477364,-87.99640874414929,0,1,8447.981,-0.54642475,5,1,false,false,-37.083908,3.4648225,15.337242,-2.7785153,-0.46518356,3
64.45026,0.44465697,43.79937741826529,-87.99641657227902,0,1,8475.806,-0.5092104,5,1,false,false,-36.02874,3.1491995,13.605299,-2.7864544,-0.48606965,3
64.49959,0.44482446,43.79936958796211,-87.99642452459555,0,1,8488.815,-0.47787285,5,1,false,false,-33.476738,4.099142,11.518404,-2.7945364,-0.46679372,3
64.562126,0.44499195,43.7993619377038,-87.99643260128849,0,1,8474.978,-0.43926173,5,1,false,false,-29.14454,4.7206864,8.645812,-2.8017395,-0.38698965,3
64.628845,0.44515955,43.79935419742305,-87.99644080197865,0,1,8456.769,-0.40232962,5,1,false,false,-27.372375,4.2025175,7.9992476,-2.8074052,-0.30418804,3
64.68067,0.4453273,43.79934654716474,-87.9964490028584,0,1,8463.737,-0.38246357,5,1,false,false,-26.201668,2.983381,10.453784,-2.8122158,-0.2927116,3
64.72119,0.4454951,43.79933898686018,-87.99645732792496,0,1,8505.994,-0.37910637,5,1,false,false,-26.069565,2.886237,11.483597,-2.817445,-0.34110698,3
64.767624,0.44566295,43.79933142662429,-87.99646565299152,0,1,8549.8125,-0.37938663,5,1,false,false,-26.468256,3.5280342,11.181575,-2.8236117,-0.39106426,3
64.828224,0.44583094,43.79932386631973,-87.99647410243448,0,1,8552.882,-0.3651173,5,1,false,false,-26.44244,4.3120766,11.777482,-2.830312,-0.40143684,3
64.89813,0.44599903,43.799316306083846,-87.99648267606426,0,1,8523.005,-0.3382568,5,1,false,false,-26.17163,4.8437977,10.924449,-2.8369045,-0.3817732,3
64.97137,0.4461673,43.79930883580172,-87.99649124950443,0,1,8501.128,-0.3030038,5,1,false,false,-25.26212,4.567374,9.552387,-2.8429582,-0.342482,3
65.03913,0.4463357,43.799301455542015,-87.99649994751061,0,1,8507.772,-0.27782238,5,1,false,false,-24.8856,4.265683,12.16082,-2.8483417,-0.30517548,3
65.09927,0.44650424,43.79929407528231,-87.99650876951401,0,1,8526.604,-0.26914868,5,1,false,false,-24.71958,3.6668773,12.113879,-2.8532436,-0.2896464,3
65.15974,0.44667292,43.79928669502261,-87.996517591707,0,1,8539.874,-0.27642357,5,1,false,false,-23.205025,3.9166813,9.899645,-2.85803,-0.2848463,3
65.22517,0.4468417,43.799279314762906,-87.9965265380868,0,1,8544.334,-0.2881741,5,1,false,false,-21.198437,4.1758666,8.256569,-2.8627002,-0.27262577,3
65.29481,0.44701064,43.79927202445697,-87.9965354844666,0,1,8543.889,-0.29712805,5,1,false,false,-20.028448,4.113503,7.924966,-2.867051,-0.25104728,3
65.36007,0.44717973,43.79926473421969,-87.99654455503321,0,1,8547.786,-0.30608085,5,1,false,false,-18.999786,3.9067743,7.1124763,-2.871159,-0.24538615,3
65.41952,0.44734892,43.79925744398242,-87.99655362559982,0,1,8564.777,-0.31615338,5,1,false,false,-18.398348,3.5185792,8.489737,-2.875322,-0.2584363,3
65.478874,0.4475183,43.79925024369891,-87.99656282054283,0,1,8591.316,-0.32902372,5,1,false,false,-18.461939,3.6630504,8.689954,-2.8797824,-0.27837187,3
65.53884,0.44768777,43.799243043484054,-87.99657201529625,0,1,8609.248,-0.3427338,5,1,false,false,-18.569834,3.7427242,8.420723,-2.8845985,-0.2994781,3
65.603325,0.44785735,43.79923584320054,-87.99658133442608,0,1,8613.861,-0.35224697,5,1,false,false,-19.700722,3.7758465,9.908124,-2.8897533,-0.32023904,3
65.66767,0.44802713,43.79922864291703,-87.9965906535559,0,1,8614.156,-0.35532397,5,1,false,false,-20.780329,4.0633283,10.91379,-2.8952866,-0.34195143,3
65.732765,0.448197,43.79922153272461,-87.99659997268573,0,1,8620.017,-0.35336447,5,1,false,false,-21.266188,3.9718235,9.478002,-2.9011176,-0.35477433,3
65.79855,0.4483671,43.79921442246352,-87.99660941619196,0,1,8626.059,-0.34581074,5,1,false,false,-21.929367,4.0573235,10.700552,-2.9070435,-0.35330987,3
65.86453,0.44853735,43.799207402224866,-87.996618983885,0,1,8626.933,-0.33461943,5,1,false,false,-22.605759,4.055158,11.788057,-2.9128644,-0.34521717,3
65.92808,0.44870773,43.79920038191754,-87.99662855138844,0,1,8627.777,-0.32622588,5,1,false,false,-22.594444,3.9050694,10.917274,-2.918579,-0.3405127,3
65.99082,0.4488783,43.79919336167888,-87.9966382432683,0,1,8636.553,-0.3183918,5,1,false,false,-22.31514,3.8928947,10.5529585,-2.9242144,-0.33461657,3
66.05402,0.44904903,43.799186431462644,-87.99664793514815,0,1,8649.218,-0.30775994,5,1,false,false,-21.809517,3.8958776,9.85254,-2.9297056,-0.3233472,3
66.116455,0.44922,43.79917941122399,-87.9966576272176,0,1,8656.777,-0.29600933,5,1,false,false,-20.878248,3.9343226,8.677664,-2.9350107,-0.3110648,3
66.18143,0.44939107,43.79917257096152,-87.99666744328425,0,1,8661.119,-0.28397745,5,1,false,false,-19.358078,3.8658462,7.440689,-2.9399962,-0.2872531,3
66.24283,0.4495623,43.79916564067661,-87.99667738372732,0,1,8668.508,-0.27586424,5,1,false,false,-19.11217,3.706284,9.04225,-2.9446447,-0.2718964,3
66.30213,0.44973382,43.799158800482815,-87.9966873241704,0,1,8681.238,-0.27026853,5,1,false,false,-17.70225,3.2104836,6.875121,-2.9490652,-0.26078883,3
66.35578,0.44990537,43.79915196022034,-87.99669726442386,0,1,8700.691,-0.26830912,5,1,false,false,-17.037302,3.241838,7.5024986,-2.9534085,-0.26057371,3
66.413506,0.45007718,43.799145209980296,-87.99670732905373,0,1,8719.067,-0.26747072,5,1,false,false,-17.385416,3.3892682,8.8522625,-2.9577308,-0.2580183,3
66.46521,0.45024917,43.79913845974025,-87.99671739387321,0,1,8726.177,-0.26635098,5,1,false,false,-16.695742,3.0975935,8.500905,-2.9620574,-0.2614738,3
66.52053,0.45042124,43.79913170950021,-87.99672758268989,0,1,8733.683,-0.2607553,5,1,false,false,-17.279707,3.2728617,9.622459,-2.966472,-0.27083522,3
66.5793,0.4505935,43.79912495926016,-87.99673777169617,0,1,8749.026,-0.25152332,5,1,false,false,-17.969248,3.518291,9.799538,-2.9710543,-0.2781945,3
66.63677,0.45076594,43.79911829904255,-87.99674796051286,0,1,8762.674,-0.23725408,5,1,false,false,-18.587194,3.523108,10.568842,-2.9758086,-0.29155764,3
66.70191,0.4509385,43.79911163882493,-87.99675827370595,0,1,8766.657,-0.21403086,5,1,false,false,-19.002544,3.9607296,10.579404,-2.9806647,-0.2897934,3
66.77114,0.45111126,43.799104978538644,-87.99676858689904,0,1,8760.287,-0.19136924,5,1,false,false,-18.893644,4.46631,8.755436,-2.985376,-0.26951995,3
66.840485,0.4512842,43.799098408343454,-87.99677902427895,0,1,8747.615,-0.16954604,5,1,false,false,-18.479757,3.735781,11.209714,-2.9895513,-0.23598377,3
66.90689,0.4514573,43.7990918380796,-87.99678946165885,0,1,8748.807,-0.1563954,5,1,false,false,-17.908043,4.0906615,8.830871,-2.9933035,-0.2112951,3
66.96783,0.4516306,43.79908526788441,-87.99680002341515,0,1,8763.127,-0.15863496,5,1,false,false,-17.019745,3.390117,10.176743,-2.996623,-0.1917349,3
67.03393,0.45180404,43.79907878764298,-87.99681058517146,0,1,8780.895,-0.17150429,5,1,false,false,-16.371035,4.170492,8.105454,-2.9996724,-0.16989583,3
67.094666,0.4519777,43.79907221737913,-87.99682114673817,0,1,8781.06,-0.19192964,5,1,false,false,-15.7497635,3.477973,9.524727,-3.0024116,-0.16412148,3
67.16375,0.4521515,43.79906582716012,-87.99683170849448,0,1,8782.904,-0.2134726,5,1,false,false,-14.460192,4.070072,6.6202493,-3.0050943,-0.15534738,3
67.22241,0.4523255,43.79905934691869,-87.99684239443759,0,1,8792.123,-0.23165843,5,1,false,false,-13.457504,3.5469985,6.0971007,-3.0077457,-0.16355477,3
67.29156,0.4524997,43.799052866677265,-87.99685320456753,0,1,8810.037,-0.24564642,5,1,false,false,-13.227842,3.2919443,7.164769,-3.0104413,-0.16142686,3
67.346794,0.452674,43.79904647645826,-87.99686389051064,0,1,8823.22,-0.24984318,5,1,false,false,-12.93597,3.7716773,5.8896065,-3.013367,-0.1870351,3
67.40945,0.4528485,43.79904008623926,-87.99687470064056,0,1,8837.316,-0.24956402,5,1,false,false,-13.6665,2.7114234,9.199884,-3.0166516,-0.21234287,3
67.47428,0.45302317,43.79903369602026,-87.99688551096008,0,1,8852.316,-0.24061126,5,1,false,false,-14.181209,4.7824917,7.2999663,-3.0204895,-0.23852608,3
67.54207,0.453198,43.799027395823686,-87.99689644527682,0,1,8851.134,-0.22550234,5,1,false,false,-14.620338,3.408967,10.3679085,-3.02448,-0.24411191,3
67.61683,0.45337301,43.799021095558444,-87.99690737978315,0,1,8840.067,-0.20507912,5,1,false,false,-15.250022,4.6122494,10.108464,-3.0285397,-0.23626676,3
67.68146,0.45354828,43.79901470533944,-87.99691831428949,0,1,8831.542,-0.18717246,5,1,false,false,-14.709174,3.663414,9.930651,-3.0323892,-0.2289465,3
67.75493,0.4537237,43.79900849513096,-87.99692937298263,0,1,8842.497,-0.1703856,5,1,false,false,-14.512886,4.027579,9.47756,-3.035997,-0.19979462,3
67.8164,0.45389932,43.79900219490005,-87.99694043167578,0,1,8853.24,-0.16059211,5,1,false,false,-13.565017,3.667152,8.760381,-3.039161,-0.1803034,3
67.88174,0.45407513,43.79899598469157,-87.99695149036891,0,1,8861.528,-0.15975367,5,1,false,false,-13.183163,3.081171,10.241491,-3.0419905,-0.16450906,3
67.938805,0.45425108,43.798989774448756,-87.99696254906206,0,1,8875.885,-0.16255146,5,1,false,false,-12.640001,4.0842085,8.320228,-3.0448372,-0.17403047,3
68.00307,0.45442724,43.798983564240274,-87.996973731942,0,1,8893.986,-0.16283166,5,1,false,false,-12.130709,3.2285306,8.532846,-3.0477204,-0.17327131,3
68.07118,0.45460352,43.7989773540318,-87.99698491501157,0,1,8900.816,-0.15052061,5,1,false,false,-11.906685,4.19498,8.314663,-3.050539,-0.16105011,3
68.13535,0.45478007,43.79897123381141,-87.99699622207832,0,1,8895.245,-0.13401397,5,1,false,false,-10.804631,3.3255768,8.091463,-3.053121,-0.15040222,3
68.20236,0.4549568,43.79896502356859,-87.99700740514787,0,1,8904.324,-0.11806552,5,1,false,false,-10.657811,3.644461,7.9624596,-3.0555506,-0.1410764,3
68.262924,0.45513365,43.79895890334821,-87.99701871240423,0,1,8924.703,-0.10239838,5,1,false,false,-9.976493,3.5712306,8.0109625,-3.0578651,-0.13433553,3
68.32752,0.45531073,43.79895278316216,-87.9970301438474,0,1,8940.45,-0.094565354,5,1,false,false,-9.152545,3.2386239,8.147979,-3.0599883,-0.120398186,3
68.38708,0.45548797,43.798946662941766,-87.99704145091415,0,1,8945.129,-0.0951247,5,1,false,false,-8.96853,3.3884993,9.180637,-3.061922,-0.1121109,3
68.44666,0.4556654,43.798940632709474,-87.99705288254692,0,1,8949.931,-0.0973632,5,1,false,false,-8.943888,3.1175847,9.016576,-3.0637815,-0.11278539,3
68.50865,0.45584303,43.79893451248909,-87.9970643139901,0,1,8962.119,-0.09344559,5,1,false,false,-8.849189,3.7145054,9.881288,-3.0656676,-0.11162693,3
68.572495,0.45602083,43.79892848229113,-87.99707574543325,0,1,8969.62,-0.08784997,5,1,false,false,-7.9813213,3.4500337,7.7032623,-3.067414,-0.09637035,3
68.635475,0.45619884,43.79892236207074,-87.99708717687642,0,1,8969.071,-0.0819752,5,1,false,false,-7.1121893,3.423566,6.777884,-3.0688827,-0.079992026,3
68.699425,0.45637703,43.79891633183845,-87.99709860831959,0,1,8974.546,-0.07246197,5,1,false,false,-6.4303203,3.5390139,6.8412375,-3.0701418,-0.07039126,3
68.75871,0.45655537,43.79891030164049,-87.99711016413916,0,1,8992.383,-0.065188296,5,1,false,false,-6.3172975,2.9576292,8.24875,-3.0713136,-0.07130777,3
68.81387,0.45673388,43.7989042714082,-87.99712171976914,0,1,9016.645,-0.054836564,5,1,false,false,-6.15172,3.0524435,9.6695595,-3.0725982,-0.082198985,3
68.87616,0.4569126,43.79889824121024,-87.99713327558871,0,1,9036.323,-0.043366175,5,1,false,false,-5.865447,3.6679904,10.384302,-3.0740137,-0.08680161,3
68.95016,0.45709148,43.79889221097795,-87.99714483121869,0,1,9033.422,-0.027699035,5,1,false,false,-5.910176,4.42118,9.554117,-3.0753982,-0.078857854,3
69.029335,0.45727056,43.79888618077998,-87.99715651122507,0,1,9003.303,-0.0036384622,5,1,false,false,-5.455108,4.3960066,8.777452,-3.0765357,-0.056946415,3
69.10416,0.45744985,43.79888024057012,-87.99716806685505,0,1,8978.321,0.020142987,5,1,false,false,-4.4526267,3.8763022,12.361539,-3.077253,-0.028169092,3
69.168365,0.45762932,43.79887421033783,-87.99717974686143,0,1,8988.748,0.032733165,5,1,false,false,-3.049852,3.3206363,10.6816025,-3.0775094,-0.0034214817,3
69.22638,0.45780894,43.79886818013986,-87.99719142686781,0,1,9025.989,0.040285975,5,1,false,false,-2.469371,3.2060268,12.387704,-3.077409,0.012208305,3
69.287964,0.45798874,43.79886214990757,-87.99720310687421,0,1,9048.561,0.04979921,5,1,false,false,-1.8363304,3.5968914,16.184822,-3.077104,0.022649327,3
69.35034,0.45816866,43.79885620969771,-87.99721478688059,0,1,9039.814,0.056793757,5,1,false,false,-0.415402,3.5517602,16.40609,-3.0765655,0.03848076,3
69.41847,0.4583488,43.798850179499745,-87.99722659107378,0,1,9030.937,0.05343549,5,1,false,false,-0.2110844,3.8711681,14.747182,-3.0757415,0.05184341,3
69.487755,0.4585291,43.798844149301786,-87.99723827108016,0,1,9030.546,0.042524453,5,1,false,false,0.25095662,4.054327,14.2315035,-3.074786,0.056030888,3
69.5572,0.45870963,43.798838119069494,-87.99725007527336,0,1,9027.619,0.008672578,5,1,false,false,0.56268454,3.8348746,9.923864,-3.0738804,0.048435267,3
69.62116,0.4588903,43.798832088871535,-87.99726175527974,0,1,9028.197,-0.029377086,5,1,false,false,0.5661536,3.3050456,7.7495036,-3.0732424,0.028606553,3
69.67656,0.4590711,43.79882605863924,-87.99727355947293,0,1,9048.181,-0.059871785,5,1,false,false,-0.000208918,2.6673672,5.2890816,-3.0729938,0.0045519257,3
69.722984,0.4592521,43.79881993841886,-87.99728523947931,0,1,9091.018,-0.06910587,5,1,false,false,-0.44000605,2.2548418,5.162535,-3.073121,-0.015464837,3
69.764305,0.45943314,43.7988139082209,-87.9972970436725,0,1,9140.003,-0.05651569,5,1,false,false,-1.1446615,2.1316502,5.315393,-3.0735729,-0.03585928,3
69.80903,0.45961428,43.7988078779886,-87.9973088478657,0,1,9175.84,-0.031615548,5,1,false,false,-0.8321132,2.6302042,5.003724,-3.0742936,-0.046817318,3
69.871124,0.45979556,43.79880184779064,-87.99732065205889,0,1,9190.726,-0.008953882,5,1,false,false,-0.6249862,3.8914392,5.8312693,-3.075043,-0.04224679,3
69.94335,0.45997703,43.79879572757026,-87.99733245644168,0,1,9170.195,0.012029749,5,1,false,false,-0.5155809,4.0665197,9.015415,-3.075656,-0.030228825,3
70.01726,0.46015868,43.798789697337966,-87.99734426063488,0,1,9137.327,0.02350015,5,1,false,false,-0.46654952,4.014667,11.376883,-3.0760252,-0.014142221,3
70.08579,0.4603405,43.798783577117575,-87.99735606482807,0,1,9126.665,0.030773833,5,1,false,false,-0.09021058,3.6216903,11.860109,-3.0761125,0.0031280217,3
70.150696,0.46052247,43.79877754691962,-87.99736786902126,0,1,9142.013,0.03105404,5,1,false,false,0.025690235,3.5482657,9.902498,-3.0759203,0.017699087,3
70.21299,0.46070465,43.79877142669923,-87.99737979759087,0,1,9152.862,0.029655136,5,1,false,false,0.36248162,3.325256,10.205016,-3.0755641,0.024208501,3
70.274216,0.46088699,43.798765396501274,-87.99739160178406,0,1,9151.206,0.029095784,5,1,false,false,0.60149336,3.3130167,10.223158,-3.0751417,0.02655851,3
70.33083,0.46106946,43.79875927628088,-87.99740353016405,0,1,9154.789,0.032452952,5,1,false,false,1.1163313,2.9474664,9.193826,-3.074684,0.02926682,3
70.38708,0.46125206,43.7987531560605,-87.99741533454684,0,1,9177.561,0.0383288,5,1,false,false,1.5374224,3.189901,11.201871,-3.0741606,0.033334658,3
70.44478,0.46143487,43.79874703584011,-87.99742726292685,0,1,9196.45,0.049239848,5,1,false,false,2.022447,3.2596087,9.406305,-3.0735605,0.038513917,3
70.50584,0.46161777,43.798740915619724,-87.99743906712004,0,1,9196.235,0.05931135,5,1,false,false,2.0786996,3.3712478,8.35752,-3.0728693,0.04375157,3
70.56819,0.46180087,43.79873479539934,-87.99745099568963,0,1,9187.446,0.06966306,5,1,false,false,2.9022925,3.3986702,10.676591,-3.072101,0.049970012,3
70.62648,0.4619841,43.79872867517895,-87.99746292425924,0,1,9191.208,0.07190047,5,1,false,false,3.3919504,3.0784497,10.924831,-3.0711799,0.060811453,3
70.68166,0.4621675,43.798722554958566,-87.99747485263924,0,1,9211.773,0.07497846,5,1,false,false,3.6907384,3.0362954,10.778824,-3.0700824,0.06986673,3
70.73797,0.46235102,43.79871634475008,-87.99748665683244,0,1,9230.445,0.07609718,5,1,false,false,3.816742,3.0872111,9.389763,-3.0688567,0.07491281,3
70.796036,0.46253473,43.798710134524434,-87.99749858540203,0,1,9229.884,0.07301916,5,1,false,false,4.155808,3.27134,10.107986,-3.0676134,0.07399481,3
70.855316,0.46271855,43.79870401430405,-87.99751051378203,0,1,9222.93,0.06490698,5,1,false,false,4.2778935,3.1386163,11.368122,-3.0663896,0.07320379,3
70.91138,0.46290258,43.7986978040784,-87.99752244235164,0,1,9228.931,0.060710266,5,1,false,false,4.3352942,2.9670353,9.23905,-3.0651777,0.07157053,3
70.96614,0.4630867,43.79869159386992,-87.99753437092123,0,1,9248.812,0.060149834,5,1,false,false,4.2681127,2.9837174,10.092158,-3.0640168,0.06706133,3
71.02257,0.46327096,43.79868529363901,-87.99754617511442,0,1,9260.944,0.058750924,5,1,false,false,4.2705092,3.15253,8.16964,-3.0629451,0.061299253,3
71.07571,0.4634554,43.79867908341337,-87.99755810349443,0,1,9258.124,0.05539485,5,1,false,false,3.9666266,2.6785948,8.886585,-3.061961,0.057718858,3
71.12955,0.46363994,43.79867278319963,-87.99757003206403,0,1,9264.876,0.052597027,5,1,false,false,3.5967553,2.810966,8.476146,-3.0610416,0.05311325,3
71.1794,0.46382466,43.79866657297398,-87.99758196044402,0,1,9286.526,0.05259702,5,1,false,false,3.8235896,2.618987,7.4364605,-3.0601652,0.05343365,3
71.23139,0.46400946,43.79866027274307,-87.99759388901363,0,1,9308.393,0.048120078,5,1,false,false,3.7150283,2.8045876,8.828554,-3.0592518,0.055127352,3
71.2863,0.46419445,43.79865397252933,-87.99760581758322,0,1,9311.138,0.04532227,5,1,false,false,3.5200899,3.0853834,8.648476,-3.0583603,0.051868226,3
71.34355,0.46437955,43.79864767229842,-87.99761762177641,0,1,9305.805,0.043364003,5,1,false,false,3.6438696,2.999926,9.492591,-3.0575187,0.04939319,3
71.39893,0.46456477,43.798641282079416,-87.99762955015642,0,1,9306.895,0.039727714,5,1,false,false,3.5187259,3.0163639,10.571409,-3.0567074,0.047554474,3
71.45338,0.46475017,43.79863498184851,-87.99764147872602,0,1,9311.044,0.03357164,5,1,false,false,3.2877781,2.8897398,10.177283,-3.0559325,0.044883575,3
71.507095,0.46493572,43.79862868163477,-87.99765340710603,0,1,9309.963,0.024899058,5,1,false,false,3.4865434,2.8088758,7.4090476,-3.0552368,0.038453095,3
71.472916,0.46512133,43.7986222913986,-87.99766533548602,0,1,9305.961,0.017345168,0,1,false,false,2.7890394,-5.926074,9.405562,-3.0546825,0.024972506,3
71.42232,0.46530673,43.7986159011796,-87.99767726424523,0,1,8722.004,0.026578182,6,1,false,false,2.6070635,1.9827548,9.725546,-3.0543916,0.013166662,3
71.54957,0.46549225,43.79860960094869,-87.99768919262522,0,1,7636.383,0.038887065,6,1,false,false,2.5719597,8.854219,9.0886135,-3.0540159,0.030098459,3
71.63685,0.46567813,43.79860321072969,-87.99770099700801,0,1,7725.257,0.044762913,6,1,false,false,2.3436046,1.1778781,7.751722,-3.053458,0.035507802,3
71.618774,0.465864,43.79859682049352,-87.99771292538802,0,1,8157.6826,0.048679434,6,1,false,false,2.551758,-1.6475931,8.184388,-3.0528572,0.035962127,3
71.63941,0.4660499,43.79859043026593,-87.99772485376802,0,1,8144.7847,0.032733157,6,1,false,false,2.4067917,2.9256139,9.326285,-3.0522344,0.037799988,3
71.71888,0.46623594,43.79858404003835,-87.99773678214802,0,1,7867.3657,0.016785823,6,1,false,false,2.41261,4.6770105,9.617177,-3.051605,0.037365895,3
71.783104,0.46642217,43.79857764981077,-87.99774871090722,0,1,7842.8613,0.004475858,6,1,false,false,1.9326667,2.355681,9.48058,-3.051024,0.030998183,3
71.80651,0.4666085,43.7985711695865,-87.99776063928722,0,1,8017.222,-0.00056042953,6,1,false,false,1.7412964,0.717957,10.871183,-3.0506167,0.018489009,3
71.83384,0.4667949,43.79856477935892,-87.99777256766721,0,1,8067.662,-0.0044769407,6,1,false,false,1.6650485,1.9605563,12.304745,-3.0503922,0.009969656,3
71.88834,0.46698144,43.79855829912607,-87.99778449642642,0,1,7967.0566,-0.0064362776,6,1,false,false,1.3290538,3.557043,11.206803,-3.0502744,0.004775981,3
71.94768,0.46716812,43.79855190889849,-87.99779642480642,0,1,7918,-0.006156063,6,1,false,false,0.9885374,3.1342514,9.557234,-3.0502386,-0.00029814837,3
71.98767,0.46735492,43.79854542866564,-87.99780835318641,0,1,7968.8467,-0.0030780314,6,1,false,false,0.85424095,1.4776472,10.143197,-3.0503063,-0.006727517,3
72.018074,0.4675418,43.79853903843806,-87.99782028156642,0,1,8017.0405,0.0022373882,6,1,false,false,0.58185166,1.6088924,9.577397,-3.0503922,-0.003842283,3
72.05561,0.46772876,43.79853255821379,-87.99783221032563,0,1,8012.4756,0.0058747684,6,1,false,false,0.6325605,2.167445,8.324018,-3.0504146,0.0008234044,3
72.10361,0.46791586,43.798526077980945,-87.99784413870562,0,1,7994.8564,0.007833024,6,1,false,false,0.61176205,2.618337,8.407846,-3.050372,0.0039778827,3
72.14763,0.46810308,43.79851959775239,-87.99785619146203,0,1,7997.92,0.008113236,6,1,false,false,0.7361881,2.0913372,10.040824,-3.0502899,0.0060655493,3
72.187416,0.46829042,43.79851311751955,-87.99786811984202,0,1,8015.737,0.010071496,6,1,false,false,0.7251901,1.9356318,8.554333,-3.0501592,0.009015456,3
72.227264,0.46847782,43.79850672729196,-87.99788004860123,0,1,8025.593,0.013707792,6,1,false,false,0.8884768,2.164667,8.84939,-3.0499861,0.011834712,3
72.27186,0.46866533,43.79850024706341,-87.99789210097845,0,1,8022.055,0.016505608,6,1,false,false,1.0654451,2.3524299,9.076228,-3.0497613,0.014246248,3
72.316666,0.46885297,43.798493676829594,-87.99790402973764,0,1,8019.158,0.02098255,6,1,false,false,0.94621193,2.2257006,9.683555,-3.0495162,0.014638707,3
72.35698,0.4690407,43.79848719660104,-87.99791608249404,0,1,8027.1675,0.024339713,6,1,false,false,1.2787762,2.0381713,9.6665535,-3.0492375,0.01986356,3
72.396965,0.46922857,43.79848071636819,-87.99792801087405,0,1,8040.2017,0.022101242,6,1,false,false,1.6353626,2.1402016,7.618318,-3.0488472,0.025794663,3
72.44047,0.46941653,43.79847423613964,-87.99794006363045,0,1,8042.569,0.020702338,6,1,false,false,1.136082,2.2063434,6.985291,-3.0484166,0.023731135,3
72.48486,0.4696046,43.798467755907865,-87.99795199201046,0,1,8036.473,0.023500148,6,1,false,false,1.6044668,2.1881237,8.867066,-3.0480464,0.019967379,3
72.52422,0.46979278,43.79846118567512,-87.99796404476687,0,1,8043.2036,0.023500152,6,1,false,false,1.8239421,1.9043746,9.554557,-3.0476866,0.022711916,3
72.561775,0.46998107,43.79845470544442,-87.99797609752328,0,1,8062.997,0.026578188,6,1,false,false,1.5717131,2.010911,7.2473116,-3.047279,0.025680827,3
72.60332,0.47016945,43.79844813521101,-87.99798802590328,0,1,8070.8813,0.030214477,6,1,false,false,1.7687308,2.174075,8.803637,-3.0468473,0.025808249,3
72.648346,0.47035795,43.798441654980444,-87.99800007865969,0,1,8060.8813,0.031613387,6,1,false,false,2.1021898,2.3669732,9.627106,-3.046388,0.028875876,3
72.69151,0.47054663,43.79843508474717,-87.99801213141609,0,1,8058.3823,0.03161339,6,1,false,false,1.8433582,2.0924695,7.501744,-3.0458908,0.02980343,3
72.73163,0.47073537,43.79842851451443,-87.99802418417251,0,1,8070.262,0.032172743,6,1,false,false,2.4079432,2.055653,9.582418,-3.0453782,0.031728365,3
72.771675,0.4709242,43.79842194428061,-87.9980361129317,0,1,8081.9023,0.029655132,6,1,false,false,2.1478202,2.0272362,8.953755,-3.0448222,0.033355817,3
72.8124,0.47111312,43.7984153740468,-87.99804816568812,0,1,8081.935,0.03105404,6,1,false,false,2.3630621,2.086708,8.313209,-3.044278,0.031934258,3
72.8549,0.4713022,43.79840880381298,-87.99806021844452,0,1,8082.2554,0.032733172,6,1,false,false,2.435183,2.1546338,9.608683,-3.043743,0.03153445,3
72.89536,0.47149137,43.79840223357917,-87.99807227082174,0,1,8087.1675,0.035810106,6,1,false,false,2.5173502,1.8080257,9.256248,-3.043208,0.032648098,3
72.93501,0.47168064,43.79839566334535,-87.99808432357814,0,1,8097.603,0.036929894,6,1,false,false,2.7352571,2.1184561,10.555145,-3.0426252,0.037181515,3
72.9767,0.47187,43.79838909311154,-87.99809625233733,0,1,8101.672,0.03357164,6,1,false,false,2.686753,2.1355326,8.281389,-3.041997,0.03859741,3
73.02011,0.47205952,43.79838243287675,-87.99810830509375,0,1,8096.55,0.027696878,6,1,false,false,2.613706,2.2164526,9.443115,-3.0413795,0.03446992,3
73.06278,0.4722491,43.798375862642935,-87.99812035785015,0,1,8094.159,0.020982549,6,1,false,false,2.5836766,2.0247962,9.657368,-3.0408401,0.029147519,3
73.10091,0.4724388,43.79836920240815,-87.99813241060656,0,1,8104.1006,0.016225394,6,1,false,false,2.3808522,1.7926011,8.602085,-3.0403838,0.024824807,3
73.139275,0.4726286,43.79836254217337,-87.99814446336298,0,1,8119.892,0.015386913,6,1,false,false,2.10332,1.9098877,9.083339,-3.0399997,0.02072629,3
73.17949,0.47281852,43.798355971935266,-87.99815651611938,0,1,8123.24,0.017066034,6,1,false,false,2.2029314,2.0077186,8.884608,-3.0396807,0.017629743,3
73.22103,0.4730085,43.798349311700484,-87.9981685684966,0,1,8120.5303,0.019863851,6,1,false,false,1.8582424,2.1000056,9.531896,-3.0393987,0.01630555,3
73.26135,0.47319862,43.798342651465695,-87.998180621253,0,1,8123.7554,0.023780372,6,1,false,false,2.110571,2.010848,8.301849,-3.0391223,0.018013177,3
73.30198,0.47338888,43.79833599122233,-87.99819267400942,0,1,8133.291,0.024618847,6,1,false,false,1.9666929,2.113266,8.032686,-3.0387976,0.019832365,3
73.34277,0.47357917,43.79832933098755,-87.99820472676582,0,1,8135.177,0.025179273,6,1,false,false,1.7906549,2.1369867,10.861719,-3.0384674,0.018608594,3
73.38234,0.4737696,43.79832267075276,-87.99821677952222,0,1,8133.2627,0.024339711,6,1,false,false,1.8807495,1.9453751,9.261749,-3.0381382,0.020905139,3
73.42056,0.47396013,43.79831592051272,-87.99822883227864,0,1,8142.134,0.020982549,6,1,false,false,1.9224224,2.0218225,10.082851,-3.0377665,0.023773104,3
73.46024,0.47415078,43.79830926027793,-87.99824088503505,0,1,8152.27,0.018744078,6,1,false,false,1.8636929,1.982877,11.294037,-3.03738,0.022641666,3
73.50009,0.47434148,43.79830260004315,-87.99825293779145,0,1,8151.9004,0.019023208,6,1,false,false,1.9120048,2.0669868,10.596748,-3.0370312,0.020762406,3
73.54105,0.47453237,43.798295849803104,-87.99826499054787,0,1,8150.468,0.021541895,6,1,false,false,1.9249533,2.0946505,8.844102,-3.0367074,0.019597754,3
73.58252,0.4747233,43.79828918956832,-87.99827704330427,0,1,8153.5317,0.026017755,6,1,false,false,1.9268895,2.126409,9.19719,-3.0363832,0.018911518,3
73.62211,0.47491434,43.798282439328275,-87.99828922043709,0,1,8156.85,0.033291437,6,1,false,false,2.048736,1.8629366,7.620159,-3.0360448,0.019867016,3
73.65862,0.4751055,43.798275689088236,-87.99830127319349,0,1,8165.133,0.04084641,6,1,false,false,2.0465152,1.7571839,7.6934557,-3.0356557,0.024113407,3
73.69395,0.47529674,43.798269028853454,-87.99831332594991,0,1,8179.285,0.04979921,6,1,false,false,1.9965392,1.7277051,8.064505,-3.0351963,0.029280568,3
73.72934,0.47548807,43.79826227861341,-87.99832537870631,0,1,8189.856,0.056793757,6,1,false,false,2.8350646,1.7153167,11.419729,-3.0346174,0.0411318,3
73.76726,0.4756795,43.79825552837336,-87.99833755545994,0,1,8195.079,0.054275066,6,1,false,false,3.2385843,2.0412438,10.092896,-3.0338137,0.0566486,3
73.809204,0.475871,43.79824877813332,-87.99834960821634,0,1,8192.838,0.045881603,6,1,false,false,2.8861346,2.2698815,8.811354,-3.0328546,0.058423657,3
73.856964,0.4760627,43.798242027893274,-87.99836166097275,0,1,8181.252,0.033012304,6,1,false,false,3.2329247,2.3995304,9.225288,-3.0319636,0.047519136,3
73.89753,0.4762544,43.79823518764797,-87.99837371372917,0,1,8173.6475,0.021541901,6,1,false,false,3.2768073,1.806695,11.476038,-3.031237,0.037969373,3
73.93101,0.47644627,43.79822843740792,-87.99838589086198,0,1,8190.2744,0.022940803,6,1,false,false,3.164322,1.5169954,10.822472,-3.0306504,0.033926763,3
73.96548,0.47663826,43.79822168716788,-87.99839794361839,0,1,8214.576,0.037209023,6,1,false,false,3.2283757,1.9203293,10.039386,-3.030121,0.032675587,3
74.00684,0.4768303,43.798214846922576,-87.99840999637479,0,1,8210.808,0.05623331,6,1,false,false,3.54948,2.2162623,10.880282,-3.0295796,0.034564096,3
74.04904,0.47702244,43.79820800667727,-87.99842204913121,0,1,8191.6006,0.07525761,6,1,false,false,4.2248383,2.0377073,9.747436,-3.0289228,0.04542644,3
74.08644,0.47721472,43.798201256437224,-87.99843422588482,0,1,8198.176,0.08672911,6,1,false,false,4.4820995,1.8174913,10.274211,-3.0280292,0.061462976,3
74.12161,0.47740707,43.79819441619192,-87.99844627864123,0,1,8220.408,0.09064561,6,1,false,false,4.553847,1.7362026,8.190388,-3.0269022,0.072079904,3
74.1578,0.4775995,43.79818757594661,-87.99845833139764,0,1,8225.712,0.08700822,6,1,false,false,4.7122483,1.85428,7.6549087,-3.025633,0.07755939,3
74.196144,0.47779205,43.79818064571322,-87.99847038415405,0,1,8220.275,0.07665651,6,1,false,false,4.590146,1.8596339,6.431762,-3.0243053,0.07740057,3
74.23076,0.47798467,43.79817380546791,-87.99848243691045,0,1,8227.891,0.06266853,6,1,false,false,4.389833,1.5296681,7.8205037,-3.0230074,0.07452547,3
74.263054,0.47817737,43.798166965222606,-87.99849461404327,0,1,8249.084,0.048400283,6,1,false,false,4.3268743,1.48807,8.737591,-3.0217874,0.070444964,3
74.297195,0.47837013,43.79816003498921,-87.99850666679968,0,1,8261.126,0.032452952,6,1,false,false,4.3061466,1.8113927,9.757067,-3.0206556,0.065655224,3
74.33739,0.478563,43.798153104738645,-87.99851871955609,0,1,8255.265,0.012308881,6,1,false,false,3.9025702,2.1467133,9.480633,-3.0196712,0.05250683,3
74.38074,0.478756,43.79814617448808,-87.99853077231249,0,1,8243.774,-0.0061560646,6,1,false,false,3.1874478,2.2371101,8.076009,-3.0189815,0.029726515,3
74.42206,0.47894913,43.79813924423751,-87.99854282506891,0,1,8240.985,-0.018466027,6,1,false,false,2.5604692,1.9283125,9.449642,-3.0186718,0.0066050272,3
74.45752,0.4791423,43.79813231398695,-87.99855487782531,0,1,8251.361,-0.023222098,6,1,false,false,1.6682186,1.4868197,8.42871,-3.0186815,-0.009044183,3
74.48975,0.4793356,43.798125383736384,-87.99856693058173,0,1,8268.306,-0.019584725,6,1,false,false,1.0400491,1.5881951,6.843193,-3.018916,-0.018371718,3
74.526276,0.47952896,43.79811845348582,-87.99857898295893,0,1,8276.748,-0.0117517,6,1,false,false,0.7652932,2.0053098,9.324769,-3.0192504,-0.020996671,3
74.56568,0.47972244,43.79811152323525,-87.99859103571535,0,1,8271.636,-0.006436277,6,1,false,false,0.45002893,1.9948435,9.472774,-3.0195985,-0.01989938,3
74.60316,0.479916,43.79810459301902,-87.99860308847175,0,1,8267.08,-0.0047571543,6,1,false,false,0.27586475,1.8249707,7.5320606,-3.0198915,-0.014956667,3
74.64148,0.48010966,43.79809757274602,-87.99861526560457,0,1,8275.706,-0.0064362795,6,1,false,false,-0.097062424,1.8436292,8.704144,-3.0201051,-0.011823454,3
74.67875,0.48030347,43.79809064249546,-87.99862731836097,0,1,8281.761,-0.0047571543,6,1,false,false,-0.08617468,1.6933124,6.8939176,-3.020286,-0.01088976,3
74.71444,0.4804973,43.798083712244896,-87.99863937111739,0,1,8284.271,-0.0022395528,6,1,false,false,-0.086881295,1.680846,6.0244308,-3.0204237,-0.008303148,3
74.7495,0.48069125,43.798076692006234,-87.99865154825021,0,1,8291.791,0.0036362973,6,1,false,false,-0.08304098,1.5235255,7.820371,-3.0205183,-0.006022207,3
74.78291,0.48088527,43.79806976175567,-87.99866360100661,0,1,8304.58,0.01063084,6,1,false,false,0.085411385,1.4854362,7.97103,-3.0205805,-0.0021341795,3
74.81674,0.48107937,43.798062741517015,-87.99867577776023,0,1,8315.494,0.011749535,6,1,false,false,0.31217155,1.7425715,7.554942,-3.0205731,0.0031664371,3
74.85645,0.4812736,43.798055811266444,-87.99868783051664,0,1,8315.247,0.005874766,6,1,false,false,0.22064404,2.0118098,8.233508,-3.020489,0.0057035126,3
74.8977,0.48146787,43.79804879102779,-87.99870000764946,0,1,8305.884,-0.0005604292,6,1,false,false,0.04005453,1.9285917,9.038081,-3.020389,0.0049605356,3
74.93511,0.48166227,43.798041860777225,-87.99871206040586,0,1,8305.196,-0.0061560646,6,1,false,false,0.040577576,1.7398186,9.411286,-3.020337,0.000581439,3
74.97121,0.48185676,43.79803484053856,-87.99872423715948,0,1,8318.339,-0.0069945445,6,1,false,false,0.17536299,1.7305722,7.274629,-3.0203462,-0.0021939715,3
75.006905,0.48205137,43.798027910288,-87.9987364142923,0,1,8326.967,-0.002518685,6,1,false,false,-0.24575515,1.6247925,8.298029,-3.0204103,-0.0068038027,3
75.04444,0.48224604,43.798020890015,-87.99874846704871,0,1,8322.687,0.007552809,6,1,false,false,0.42763716,1.6774309,6.599819,-3.0205088,-0.004413121,3
75.08005,0.48244083,43.79801386977635,-87.99876064418153,0,1,8325.463,0.012869311,6,1,false,false,0.21365695,1.6432443,7.707895,-3.0205278,0.000101266014,3
75.11569,0.48263568,43.79800693952578,-87.99877282093514,0,1,8337.043,0.019303428,6,1,false,false,0.31760353,1.5812869,8.557354,-3.0204835,0.0039825123,3
75.1498,0.4828306,43.79799991928712,-87.99878499806796,0,1,8345.851,0.018744074,6,1,false,false,0.28034782,1.5602524,7.854673,-3.0203555,0.010135078,3
75.18583,0.48302564,43.79799289904846,-87.99879717520078,0,1,8347.884,0.012869312,6,1,false,false,0.42848405,1.6689242,10.31739,-3.0201542,0.013884612,3
75.22488,0.4832208,43.79798587877547,-87.99880935195439,0,1,8347.562,0,6,1,false,false,0.45045012,1.8902534,9.015013,-3.0199122,0.015041262,3
75.26297,0.48341602,43.79797885853681,-87.99882152908721,0,1,8347.066,-0.015108863,6,1,false,false,-0.08595854,1.8959459,11.468411,-3.0197318,0.005984711,3
75.302574,0.48361138,43.797971838298146,-87.99883370584082,0,1,8344.626,-0.024340793,6,1,false,false,0.1476425,1.7751592,8.007309,-3.019724,-0.0041998615,3
75.338745,0.48380682,43.79796481802516,-87.99884588297364,0,1,8346.013,-0.030496856,6,1,false,false,-0.34008312,1.6271929,10.067811,-3.0198586,-0.013482952,3
75.37467,0.48400232,43.797957797786495,-87.99885806010646,0,1,8352.129,-0.026019918,6,1,false,false,-0.68853045,1.4896493,11.2716255,-3.0201735,-0.02409513,3
75.40734,0.48419794,43.79795077754784,-87.99887023686009,0,1,8361.009,-0.015388,6,1,false,false,-0.361356,1.5854197,10.437563,-3.0206137,-0.025640003,3
75.44228,0.48439366,43.797943757274844,-87.9988825383693,0,1,8368.526,-0.0064362795,6,1,false,false,-0.44975024,1.7032032,11.466889,-3.0210123,-0.01994535,3
75.4811,0.48458946,43.79793673703619,-87.99889471512293,0,1,8364.621,-0.000840643,6,1,false,false,-0.47060862,1.8208382,12.696848,-3.02132,-0.014839663,3
75.518166,0.48478538,43.797929716797526,-87.99890701663215,0,1,8359.213,-0.0013989089,6,1,false,false,-0.31255606,1.777044,12.571093,-3.021543,-0.009206899,3
75.55349,0.4849814,43.79792269652453,-87.99891919338576,0,1,8363.655,-0.003358247,6,1,false,false,-0.22443205,1.6854584,12.93494,-3.021688,-0.005916619,3
75.588806,0.48517752,43.797915676285875,-87.99893149489499,0,1,8370.086,-0.0013989082,6,1,false,false,-0.11891356,1.6110548,15.209953,-3.0217998,-0.00452891,3
75.62463,0.4853737,43.79790865604721,-87.9989436716486,0.014399908,1,8369.886,0.007273676,6,1,false,false,0.04412122,1.8631792,12.054307,-3.0218844,-0.002771399,3
75.65573,0.48557,43.797901635774224,-87.99895597315783,0.03371056,1,8366.253,0.020702334,6,1,false,false,0.4308441,1.2088614,9.973132,-3.0218978,0.0023857164,3
75.67624,0.4857664,43.79789452554747,-87.99896827428786,0.07506982,1,8366.568,0.034690343,6,1,false,false,0.90595734,0.2023887,11.366698,-3.0217783,0.010974619,3
75.67745,0.4859628,43.797887505274474,-87.99898045142068,0.15827748,0.92219377,8371.478,0.041126613,6,1,false,false,1.2931232,-0.68657684,9.29393,-3.0214946,0.022826595,3
75.64567,0.48615915,43.79788048503582,-87.9989927525507,0.24766478,0.77624506,8341.5625,0.03720903,6,1,false,false,1.4159447,-3.3007398,7.336801,-3.021026,0.031152435,3
75.566025,0.48635536,43.797873464797156,-87.99900492930432,0.31195837,0.5951849,8250.64,0.025458403,6,1,false,false,1.2205173,-6.662957,10.720477,-3.0204916,0.030090844,3
75.4228,0.48655125,43.79786635453607,-87.99901723081355,0.3552084,0.4602105,8175.3804,0.009231933,6,1,false,false,1.1405448,-10.714656,9.659231,-3.0200043,0.026768742,3
75.21977,0.48674673,43.797859334297414,-87.99902940756716,0.37616345,0.2797053,8146.518,-0.010072577,6,1,false,false,0.5989966,-13.898437,8.046007,-3.0196292,0.0149698295,3
74.972725,0.4869416,43.79785240401251,-87.99904158469998,0.40169355,0.14362125,8124.647,-0.020424282,6,1,false,false,0.055262625,-16.174911,11.514893,-3.0195253,-0.003263296,3
74.68926,0.48713577,43.797845383773854,-87.99905363745638,0.4270571,0.043218948,8103.067,-0.024901226,6,1,false,false,-0.2965994,-18.134071,9.672712,-3.0196834,-0.016151255,3
74.38274,0.48732919,43.797838453557624,-87.9990658145892,0.48340634,0,8065.789,-0.027138611,6,1,false,false,-0.74882513,-19.143787,9.236284,-3.0200517,-0.02860353,3
74.058174,0.48752177,43.79783152327272,-87.9990777429692,0.50972736,0,8019.9146,-0.026859485,6,1,false,false,-0.9445478,-20.457481,8.776214,-3.020609,-0.03774301,3
73.712166,0.4877135,43.797824683078915,-87.99908979572561,0.5681323,0,7975.0605,-0.02965622,6,1,false,false,-1.5402938,-21.663754,7.527869,-3.0212557,-0.04232967,3
73.34324,0.48790428,43.79781784281644,-87.99910172410561,0.5702822,0,7929.7266,-0.031615555,6,1,false,false,-1.7281971,-23.087706,8.521286,-3.0220015,-0.050433535,3
72.95759,0.48809406,43.79781100255398,-87.99911352848841,0.6016432,0,7884.881,-0.0358112,6,1,false,false,-2.2655976,-24.255062,10.375984,-3.0228765,-0.05748339,3
72.55229,0.48828283,43.79780425231393,-87.999125332492,0.63543963,0,7840.002,-0.039728787,6,1,false,false,-2.670661,-24.89587,10.0681715,-3.0239289,-0.06748125,3
72.13517,0.48847052,43.797797502073884,-87.99913701249838,0.6377784,0,7795.826,-0.04308705,6,1,false,false,-3.2566044,-26.05997,12.356942,-3.0251112,-0.071647935,3
71.69832,0.48865712,43.79779084185627,-87.99914869250476,0.67066437,0,7751.4233,-0.03804967,6,1,false,false,-3.539121,-26.84666,15.414547,-3.026388,-0.07699388,3
71.2524,0.48884258,43.79778427159241,-87.99916037251116,0.6743354,0,7707.4116,-0.024901228,6,1,false,false,-3.4583771,-27.397036,14.617586,-3.0277169,-0.07333624,3
70.80454,0.4890269,43.79777770139722,-87.99917192814112,0.6774146,0,7664.765,-0.0041967267,6,1,false,false,-3.5539062,-27.275152,14.429,-3.028873,-0.055825356,3
70.35818,0.48921007,43.797771131133366,-87.9991833597739,0.7131234,0,7621.2715,0.01958364,6,1,false,false,-2.5669665,-26.818008,12.962719,-3.0296478,-0.03299413,3
69.915344,0.48939207,43.797764650891935,-87.99919479140665,0.71378064,0,7578.124,0.03357165,6,1,false,false,-1.2329344,-27.324139,12.353369,-3.0299697,-0.0057148905,3
69.454865,0.4895729,43.797758260672936,-87.99920622266023,0.71633923,0,7535.7964,0.040006846,6,1,false,false,-0.73748475,-28.517036,14.596631,-3.0298502,0.014840966,3
68.99595,0.48975256,43.797751870453936,-87.99921740554018,0.7202036,0,7492.728,0.040006842,6,1,false,false,0.39697665,-27.348269,10.317902,-3.0295072,0.029089302,3
68.55106,0.48993102,43.79774548023493,-87.99922871279654,0.725364,0,7450.8984,0.03245296,6,1,false,false,0.50555503,-27.218407,9.050243,-3.0289004,0.044240907,3
68.09592,0.49010834,43.797739180038356,-87.99923977167927,0.7623621,0,7356.005,0.03469034,6,1,false,false,1.3043065,-28.034111,12.1205,-3.028134,0.045567837,3
67.62471,0.49028447,43.797732879773115,-87.99925083018282,0.7630552,0.5208334,7521.326,0.04588161,0,1,false,false,2.0753682,-29.213936,12.476129,-3.027374,0.05132378,3
67.155014,0.49045935,43.797726669598966,-87.99926176468915,0.76438946,0.5416666,8107.361,0.05735201,0,1,false,false,2.1387076,-28.525394,9.50221,-3.0263736,0.07145955,3
66.66009,0.490633,43.79772054937858,-87.99927269919549,0.7664207,0,8264.027,0.06658503,5,1,false,false,3.4344983,-30.708393,13.77184,-3.0251746,0.07105974,3
66.1503,0.49080533,43.797714339135766,-87.99928350932541,0.76778626,0,8241.801,0.06574545,5,1,false,false,4.853996,-31.134613,16.022411,-3.0239837,0.07607365,3
65.63749,0.49097636,43.79770821891538,-87.99929419545813,0.7711685,0,8310.974,0.05791243,5,1,false,false,4.3698745,-30.853033,14.007977,-3.0225558,0.10029654,3
65.13542,0.49114606,43.79770218871742,-87.99930488121164,0.7732141,0,8287.436,0.04867943,5,1,false,false,3.9251292,-30.481777,14.303595,-3.0208147,0.10871268,3
64.63378,0.4913145,43.797696158519464,-87.99931544296795,0.7759394,0,8239.49,0.033291437,5,1,false,false,4.735797,-29.394573,13.910852,-3.0192606,0.07846142,3
64.16522,0.4914817,43.79769012825284,-87.99932588034785,0.7786726,0,8191.35,0.012869316,5,1,false,false,4.4888277,-28.479044,12.761071,-3.0182595,0.046957508,3
63.687855,0.49164763,43.797684188077305,-87.99933619335135,0.7828001,0,8146.1763,-0.011191271,5,1,false,false,2.897332,-29.559757,12.60793,-3.0175211,0.043705095,3
63.205864,0.49181235,43.79767833785553,-87.99934650673404,0.78626233,0,8061.1177,-0.022103405,5,1,false,false,1.7861289,-28.753227,11.880689,-3.0168552,0.03187276,3
62.748238,0.4919758,43.79767239761133,-87.99935669574032,0.7876285,0,7850.916,-0.018745158,5,1,false,false,2.2547386,-27.65511,9.937586,-3.0165622,0.0062462664,3
62.284264,0.4921381,43.79766654745823,-87.9993667603702,0.7911076,0,7713.8325,-0.013709954,5,1,false,false,1.959416,-28.711458,11.793311,-3.0165303,0.002556119,3
61.796494,0.4922991,43.797660787258884,-87.99937682500007,0.79248095,0,7671.435,-0.001398908,5,1,false,false,1.6981655,-30.137377,13.365047,-3.0165029,0.001828046,3
61.305122,0.49245888,43.797655026990874,-87.99938676525355,0.7966665,0,7627.7656,0.0055945534,5,1,false,false,1.9165871,-29.456915,12.399279,-3.0165267,-0.0014581381,3
60.819557,0.49261734,43.797649356813956,-87.99939670588621,0.80015,0.5208334,7777.6646,0.0036362973,0,1,false,false,1.7027292,-29.827278,11.858199,-3.0165339,0.004502149,3
60.315784,0.49277458,43.79764368663704,-87.99940652176326,0.8029785,0.75,8354.718,-0.0030780318,0,1,false,false,1.3852513,-30.114065,13.5779505,-3.0165286,0.0016191774,3
59.810097,0.49293044,43.79763801639145,-87.99941621364312,0.8064841,0.12499997,8682.538,-0.011191269,4,1,false,false,1.2606995,-30.181152,15.073847,-3.0165613,-0.002258466,3
59.321533,0.49308503,43.79763243623697,-87.99942578152576,0.8100297,0,8640.149,-0.012031914,4,1,false,false,1.2481922,-30.271454,13.815456,-3.0165992,0.002281211,3
58.821404,0.49323836,43.79762694603623,-87.9994353490292,0.81212944,0,8670.096,-0.0061560655,4,1,false,false,1.4686837,-30.714165,15.071797,-3.016534,0.011134537,3
58.3211,0.49339035,43.797621455835504,-87.99944479253544,0.81426173,0,8696.086,0.016785825,4,1,false,false,1.7384303,-29.321827,11.6705885,-3.0162625,0.026210975,3
57.863216,0.49354115,43.7976160556572,-87.99945423566247,0.81569517,0,8649.384,0.040285975,4,1,false,false,1.7210802,-26.468208,8.626649,-3.015668,0.045987573,3
57.393322,0.4936907,43.7976106554789,-87.9994635547923,0.8171021,0,8599.408,0.05427506,4,1,false,false,2.3759947,-30.373045,11.696418,-3.0147846,0.052044563,3
56.901905,0.49383903,43.79760525523193,-87.9994727499249,0.8185399,0,8543.431,0.055114616,4,1,false,false,2.8330343,-29.235939,10.8483515,-3.0139053,0.057978164,3
56.43961,0.4939861,43.79759994507606,-87.99948194467834,0.8192451,0,8385.467,0.04756074,4,1,false,false,2.4116573,-27.236574,7.415715,-3.0128021,0.071839176,3
55.980507,0.49413195,43.797594634851514,-87.99949101543454,0.81997937,0,8206.753,0.047560733,4,1,false,false,2.7825072,-28.370125,12.011121,-3.011629,0.06671123,3
55.486816,0.49427658,43.79758941471807,-87.99949996181434,0.81997925,0,8122.3784,0.05175638,4,1,false,false,3.410246,-30.54184,13.922114,-3.0105262,0.068717435,3
55.011818,0.49441996,43.797584194515956,-87.99950890819414,0.81997925,0,8077.481,0.060149837,4,1,false,false,3.0377278,-27.88761,10.827398,-3.009185,0.09593964,3
54.540783,0.4945621,43.79757906433627,-87.99951773019752,0.81997925,0,8026.643,0.071061954,4,1,false,false,3.5125105,-29.249737,11.885984,-3.0075448,0.09898257,3
54.057987,0.494703,43.79757393415658,-87.99952642782452,0.81997925,0,7910.091,0.06154875,4,1,false,false,4.3200965,-29.056526,12.160122,-3.0059934,0.0907592,3
53.577393,0.49484265,43.797568803976894,-87.99953500145429,0.81997925,0,7804.5576,0.0408464,4,1,false,false,4.192367,-28.922367,12.587557,-3.0045164,0.08805186,3
53.10024,0.49498105,43.797563763750965,-87.99954357508406,0.81924504,0,7756.056,0.027416669,4,1,false,false,3.875902,-29.0422,12.622541,-3.0030935,0.0839575,3
52.621075,0.4951182,43.79755872359371,-87.99955214871385,0.81924516,0,7712.6475,0.02853644,4,1,false,false,3.638556,-28.897995,11.100984,-3.0017076,0.08397865,3
52.143253,0.4952541,43.79755377345887,-87.99956047396999,0.8185399,0,7646.72,0.04644204,4,1,false,false,3.8536475,-28.894453,11.388375,-3.0002983,0.086674295,3
51.671127,0.4953888,43.797548823255376,-87.99956879884697,0.8171022,0,7532.3677,0.07637739,4,1,false,false,4.5878677,-27.969696,12.049671,-2.99882,0.092109315,3
51.199387,0.49552226,43.797543963074304,-87.99957699972671,0.81499225,0,7422.2524,0.10575232,4,1,false,false,5.4216146,-28.592798,12.410202,-2.9972045,0.10512476,3
50.726723,0.49565446,43.79753910289323,-87.99958520060646,0.81285834,0,7349.325,0.123099096,4,1,false,false,5.691037,-28.333805,10.821497,-2.995288,0.1248826,3
50.262856,0.49578547,43.79753424271216,-87.9995932771098,0.8086045,0.5208334,7500.6978,0.13624756,0,1,false,false,5.744688,-27.907028,10.858469,-2.9930975,0.13738836,3
49.795322,0.49591532,43.797529472553514,-87.99960122961593,0.76642084,0.75,8072.455,0.14408058,0,1,false,false,6.3700743,-28.604763,12.028586,-2.9907537,0.14430255,3
49.32679,0.49604395,43.797524702394874,-87.99960905774566,0.7637218,0.12499997,8395.53,0.15107514,3,1,false,false,7.196188,-27.990053,12.152917,-2.988259,0.15738219,3
48.872543,0.4961714,43.79751993223623,-87.99961688549618,0.75901055,0,8361.034,0.16338511,3,1,false,false,7.6676636,-27.040638,11.192767,-2.9854777,0.17783996,3
48.420517,0.49629766,43.79751525203134,-87.9996245896287,0.7221163,0,8401.253,0.18660505,3,1,false,false,7.962052,-27.622828,11.323975,-2.9823227,0.20252803,3
47.964725,0.49642265,43.797510571895124,-87.99963216900561,0.6835811,0,8434.64,0.21737942,3,1,false,false,8.783121,-27.110998,10.940611,-2.978702,0.23338889,3
47.530155,0.49654645,43.79750598171267,-87.99963974876172,0.6495944,0,8396.448,0.25095153,3,1,false,false,9.9538965,-25.400534,10.625711,-2.9745624,0.26306638,3
47.125076,0.49666917,43.79750130157645,-87.99964707976501,0.64839613,0,8348.89,0.286481,3,1,false,false,11.199817,-23.859688,10.505093,-2.9699397,0.29268882,3
46.735287,0.49679083,43.797496711394,-87.99965453476551,0.6454425,0,8301.506,0.3169746,3,1,false,false,12.204825,-23.137249,10.370141,-2.9647992,0.32367697,3
46.36096,0.4969114,43.79749212121154,-87.99966174177159,0.6135113,0,8253.99,0.34159398,3,1,false,false,12.736168,-22.117973,9.883609,-2.9591873,0.34870628,3
46.004894,0.49703106,43.797487531097744,-87.99966894839848,0.6106566,0,8206.6875,0.36033756,3,1,false,false,13.494385,-21.015808,9.435656,-2.953178,0.373267,3
45.653984,0.4971498,43.79748303093772,-87.99967603102816,0.5464032,0,8135.8037,0.37348533,3,1,false,false,14.208573,-20.987778,10.177571,-2.946696,0.40469506,3
45.32067,0.4972676,43.79747844075526,-87.99968298928142,0.51171345,0,7998.9478,0.38439643,3,1,false,false,15.466467,-19.031517,9.712207,-2.939682,0.43634704,3
45.020653,0.49738455,43.79747385057281,-87.99968994753469,0.5102185,0,7890.146,0.39614594,3,1,false,false,16.189522,-17.273083,9.332285,-2.932208,0.45733678,3
44.736313,0.49750072,43.797469350412776,-87.99969678179075,0.48340636,0,7842.299,0.41041318,3,1,false,false,16.549402,-16.728092,8.771389,-2.9245124,0.4656656,3
44.45877,0.4976162,43.79746476023032,-87.99970361566761,0.45668224,0,7797.979,0.4227225,3,1,false,false,16.959381,-16.38268,8.687409,-2.9166455,0.4788312,3
44.18435,0.4977309,43.79746026007029,-87.99971020117084,0.42881125,0,7754.3184,0.42943734,3,1,false,false,17.223127,-16.122309,8.744261,-2.9085386,0.4939056,3
43.91815,0.4978449,43.7974556699565,-87.9997169110505,0.42617312,0,7710.626,0.43447208,3,1,false,false,17.67083,-15.372093,8.875308,-2.90017,0.5103674,3
43.661263,0.4979582,43.79745107977404,-87.99972337217733,0.40044713,0,7667.1855,0.4403468,3,1,false,false,17.961843,-14.991848,8.500514,-2.8915322,0.52542746,3
43.41342,0.49807087,43.79744657961401,-87.99972983368336,0.3769763,0,7623.9873,0.4465018,3,1,false,false,18.16919,-14.227541,8.217928,-2.8826482,0.5407734,3
43.172394,0.49818286,43.797441989431555,-87.99973617043379,0.35249823,0,7581.3037,0.45013818,3,1,false,false,18.52375,-14.028932,8.741047,-2.8734798,0.5601859,3
42.934807,0.49829423,43.797437399317765,-87.99974250756341,0.33054137,0,7538.7573,0.4504178,3,1,false,false,19.391174,-13.612301,8.889995,-2.863971,0.57978207,3
42.709618,0.498405,43.79743280913531,-87.99974872031663,0.30802593,0,7496.3813,0.4470611,3,1,false,false,19.788628,-12.535049,8.325856,-2.854183,0.59368235,3
42.496353,0.49851522,43.79742821895285,-87.99975480869344,0.2888681,0,7454.258,0.43922874,3,1,false,false,20.353092,-12.043811,9.02846,-2.8442032,0.6037137,3
42.28453,0.4986249,43.797423628770396,-87.99976089744945,0.2881933,0,7426.064,0.4269193,3,1,false,false,21.674238,-12.392971,10.302666,-2.8340082,0.6214693,3
42.058426,0.49873397,43.79741903865661,-87.99976686144986,0.24798638,0,7428.544,0.4115323,3,1,false,false,22.789595,-12.890016,10.724707,-2.8234744,0.64051926,3
41.842,0.49884248,43.79741435845172,-87.99977270145304,0.22809985,0,7430.259,0.4000625,3,1,false,false,23.461542,-11.421561,10.07044,-2.812692,0.6517136,3
41.65546,0.49895042,43.7974096783155,-87.99977854145624,0.22630665,0,7417.8936,0.39082995,3,1,false,false,22.817856,-9.61659,8.641596,-2.8018334,0.64844275,3
41.486126,0.49905798,43.79740508813305,-87.99978425708302,0.21024251,0,7390.076,0.38327727,3,1,false,false,23.28995,-9.183653,9.4967,-2.7911663,0.6288674,3
41.3144,0.49916506,43.79740040799683,-87.9997898487126,0.19367652,0,7356.5874,0.37656292,3,1,false,false,24.543943,-9.264729,10.824794,-2.7808728,0.6073699,3
41.14458,0.49927166,43.797395637838186,-87.99979531596576,0.19230956,0,7334.9604,0.375164,3,1,false,false,25.003342,-9.134178,10.932987,-2.7708604,0.59576553,3
40.976143,0.49937785,43.7973909576333,-87.99980078321893,0.17674142,0,7325.795,0.37963983,3,1,false,false,24.232315,-8.816354,9.453876,-2.7609413,0.5960111,3
40.822178,0.4994836,43.79738618747466,-87.99980612609569,0.17569269,0,7312.9077,0.388313,3,1,false,false,23.77991,-7.7518935,9.207939,-2.75097,0.6000374,3
40.678295,0.49958903,43.79738141731601,-87.99981146897244,0.16052859,0,7289.5747,0.3930685,3,1,false,false,25.070583,-7.7363462,10.781488,-2.7409878,0.5973067,3
40.52516,0.4996943,43.797376647157364,-87.99981668785199,0.14622791,0,7264.8843,0.38747337,3,1,false,false,24.733055,-7.665566,9.698494,-2.7309597,0.6038646,3
40.399345,0.49979922,43.79737187693006,-87.99982178235514,0.14478876,0,7247.026,0.37404585,3,1,false,false,24.392294,-6.034619,9.7534275,-2.7210605,0.5814289,3
40.283863,0.4999039,43.79736701681765,-87.99982687685828,0.13019483,0,7236.567,0.36257488,3,1,false,false,23.110994,-5.900127,8.054752,-2.7115247,0.5618657,3
40.171234,0.50000834,43.79736215663658,-87.9998317226086,0.12950346,0,7224.8174,0.35194454,3,1,false,false,22.832327,-5.7117596,8.48197,-2.7023208,0.54257536,3
40.057026,0.50011253,43.79735729645551,-87.99983669273534,0.12766401,0,7209.915,0.3460698,3,1,false,false,24.378021,-5.789287,10.121014,-2.6935499,0.5053493,3
39.9495,0.50021654,43.79735243627444,-87.99984141448846,0.11489975,0,7196.5137,0.34662858,3,1,false,false,22.971224,-5.5735235,9.432199,-2.6851845,0.5114086,3
39.841118,0.5003204,43.79734748607093,-87.99984613624157,0.11336677,0,7182.272,0.35026604,3,1,false,false,23.98757,-5.377575,9.467162,-2.6764126,0.541502,3
39.738777,0.5004241,43.7973425359361,-87.99985085799469,0.10073155,0,7169.1494,0.3499863,3,1,false,false,22.60173,-5.230628,8.489619,-2.6670697,0.57623124,3
39.640106,0.5005276,43.797337585732606,-87.99985545537139,0.09968897,0,7155.487,0.34886712,3,1,false,false,22.159286,-4.9895215,8.931484,-2.6573467,0.5869988,3
39.541183,0.5006307,43.79733263559777,-87.9998599287509,0.098855875,0,7142.7217,0.3505456,3,1,false,false,23.919344,-5.0390463,10.546812,-2.647564,0.58493954,3
39.44085,0.50073355,43.79732768539427,-87.99986427737478,0.09823054,0,7132.498,0.36005783,3,1,false,false,25.246998,-4.9650917,10.809166,-2.6379673,0.5639669,3
39.337563,0.5008364,43.79732264523701,-87.99986862637788,0.0974015,0,7123.2773,0.3835568,3,1,false,false,24.827291,-5.8272133,10.511078,-2.628735,0.5493792,3
39.218906,0.5009391,43.79731760501109,-87.99987285100457,0.09615825,0,7111.31,0.4199253,3,1,false,false,24.60717,-6.440422,11.615018,-2.6194913,0.5625775,3
39.094807,0.50104165,43.797312564853826,-87.99987707563125,0.09492024,0,7093.141,0.46860197,3,1,false,false,25.051178,-6.4617014,11.064191,-2.6099477,0.5776075,3
38.98369,0.5011441,43.79730752469656,-87.99988117626071,0.09389792,0,7071.2485,0.5183974,3,1,false,false,25.104958,-5.312429,10.831242,-2.6004567,0.55563325,3
38.86723,0.50124645,43.79730248447064,-87.99988515251378,0.093072966,0,7049.2515,0.57406825,3,1,false,false,26.45714,-6.857635,13.389626,-2.5913253,0.54674673,3
38.723984,0.5013486,43.79729735435962,-87.99988900439044,0.0928711,0,7029.906,0.6244218,3,1,false,false,27.765099,-7.945964,14.571323,-2.5820081,0.5740538,3
38.57775,0.5014506,43.79729231420236,-87.99989285626711,0.0924598,0,7011.439,0.6943574,3,1,false,false,29.41043,-7.6723385,14.777704,-2.5721138,0.61169153,3
38.45549,0.50155294,43.797287183954005,-87.99989645939095,0.09205711,0,6993.4443,0.7662507,3,1,false,false,27.14113,-5.479664,10.9643545,-2.561688,0.6361123,3
38.36274,0.5016551,43.79728205370565,-87.99990006289399,0.09164691,0,6972.424,0.84149975,3,1,false,false,25.93041,-4.76429,10.482805,-2.5509932,0.64218915,3
38.269497,0.5017572,43.79727692359463,-87.99990366639703,0.091646925,0,6950.512,0.89744717,3,1,false,false,26.586609,-4.743647,11.213453,-2.540504,0.606523,3
38.178574,0.5018593,43.79727170339252,-87.99990702114725,0.09245981,0,6932.5127,0.9455605,3,1,false,false,25.79208,-4.6734295,11.148247,-2.530864,0.55086887,3
38.088787,0.5019618,43.7972665732815,-87.99991037627667,0.0936874,0,6917.5747,0.986121,3,1,false,false,25.192345,-4.770621,10.393915,-2.5220828,0.50626415,3
37.999348,0.50206476,43.797261353079385,-87.9999136066505,0.09450602,0,6901.2095,1.0163319,3,1,false,false,23.329954,-4.826043,9.419507,-2.5137753,0.49862713,3
37.909546,0.5021676,43.79725613287727,-87.99991683740352,0.0957423,0,6880.8794,1.0476617,3,1,false,false,22.272629,-4.9653573,8.966024,-2.5052915,0.52422684,3
37.79146,0.50227034,43.79725091267515,-87.99991994378013,0.096158266,0,6858.954,1.0756329,3,1,false,false,21.766777,-7.732386,10.95995,-2.4960787,0.59160006,3
37.649803,0.502373,43.79724569247304,-87.99992292578033,0.09656666,0,6836.831,1.1052841,3,1,false,false,21.771772,-7.8902855,10.079385,-2.4854863,0.6783558,3
37.52794,0.5024766,43.79724047227093,-87.99992590815972,0.09677921,0,6812.432,1.1427677,3,1,false,false,22.762178,-5.713926,9.507828,-2.4736576,0.72885716,3
37.435158,0.50258005,43.797235252068816,-87.99992876578352,0.096779205,0,6787.06,1.1743752,3,1,false,false,24.062708,-4.915947,10.00097,-2.461467,0.72807133,3
37.340805,0.5026834,43.7972300318667,-87.9999314994101,0.09656664,0,6764.9775,1.1864023,3,1,false,false,25.447731,-5.1106834,11.1463,-2.4494355,0.7126313,3
37.243626,0.5027867,43.797224721710826,-87.99993410866027,0.096158236,0,6748.916,1.1936758,3,1,false,false,25.93386,-5.1486006,11.005542,-2.437748,0.69347215,3
37.145332,0.5028904,43.79721950150871,-87.99993671828965,0.09533501,0,6735.9004,1.1959133,3,1,false,false,25.510712,-5.2119017,10.52809,-2.4261384,0.70790696,3
37.04638,0.50299454,43.797214281306594,-87.99993920316342,0.093897894,0,6719.7373,1.1922777,3,1,false,false,25.085646,-5.2120814,9.805062,-2.4139712,0.7540969,3
36.948093,0.5030985,43.797208971150724,-87.99994168841638,0.092459805,0,6697.9062,1.1844454,3,1,false,false,24.88628,-5.1139035,9.753295,-2.4009655,0.8030415,3
36.849674,0.5032022,43.797203750948604,-87.99994404929294,0.08166435,0,6674.156,1.1780121,3,1,false,false,24.67211,-5.005225,9.801215,-2.3873057,0.8334297,3
36.75569,0.50330585,43.797198440792734,-87.99994628579309,0.08107523,0,6653.9844,1.176053,3,1,false,false,23.926262,-4.834508,8.716121,-2.3730812,0.8756569,3
36.66003,0.5034095,43.797193130636856,-87.99994839829603,0.068815745,0,6640.084,1.1760533,3,1,false,false,23.919626,-4.744654,9.014579,-2.3582315,0.8968243,3
36.56751,0.50351286,43.797187910434744,-87.99995051041978,0.06806904,0,6630.009,1.1788507,3,1,false,false,23.080082,-4.4098754,8.315494,-2.3433518,0.8845063,3
36.475437,0.503616,43.797182600278866,-87.9999524985463,0.058172956,0,6621.403,1.1872419,3,1,false,false,24.622484,-4.369823,9.866327,-2.328846,0.8485049,3
36.38262,0.5037188,43.79717728998566,-87.99995436229644,0.047436476,0,6610.891,1.2003889,3,1,false,false,26.946308,-4.15997,11.902995,-2.315152,0.79336625,3
36.291832,0.50382096,43.797171979829784,-87.99995610204935,0.036654554,0,6597.7666,1.2177315,3,1,false,false,28.167496,-4.0923014,12.246904,-2.302147,0.7814284,3
36.1976,0.503922,43.79716666967391,-87.99995784142307,0.035997815,0,6584.2583,1.2305992,3,1,false,false,30.516161,-4.149041,13.639052,-2.288964,0.8043187,3
36.084644,0.5040227,43.797161449471794,-87.99995945679957,0.02587979,0,6573.0356,1.2336751,3,1,false,false,33.50981,-6.372268,18.049948,-2.275288,0.8434611,3
35.965942,0.50412303,43.79715613931592,-87.99996094779968,0.016949391,0,6561.2456,1.2283602,3,1,false,false,31.296274,-5.055397,14.396303,-2.260511,0.9355413,3
35.87247,0.504223,43.797150829160046,-87.99996231480256,0.01664542,0,6548.4473,1.2149342,3,1,false,false,30.103529,-3.722585,11.715867,-2.2440572,1.0185593,3
35.790874,0.504322,43.797145518866834,-87.99996355742906,0.01574201,0,6537.483,1.1847241,3,1,false,false,27.83922,-3.009269,10.962287,-2.2270832,0.9901851,3
35.722218,0.5044204,43.797140208710964,-87.99996479967633,0.014547313,0.0004161597,6520.644,1.153956,3,1,false,false,21.896687,-2.5951412,8.362687,-2.211141,0.9271859,3
35.65548,0.50451845,43.797134898555086,-87.9999657939292,0.0066416003,0.024013998,6500.7,1.1363333,3,1,false,false,21.548977,-2.575303,7.3983126,-2.1959336,0.89330006,3
35.589363,0.5046163,43.797129678352974,-87.99996691217927,0.006357888,0.054748114,6496.3604,1.1293395,3,1,false,false,22.278667,-2.317153,8.130496,-2.1814075,0.8345199,3
35.524696,0.5047139,43.797124368197096,-87.99996778205573,0.0054977727,0.08930475,6512.966,1.1340961,3,1,false,false,21.672651,-2.2688491,8.531146,-2.168072,0.7745033,3
35.457848,0.5048106,43.797119058041226,-87.99996865193219,0.004781878,0.111253306,6551.4897,1.1522769,3,1,false,false,21.53133,-2.4154668,8.290892,-2.1552467,0.76534873,3
35.385868,0.50490683,43.797113747748014,-87.99996952142945,0.0039339922,0.15405609,6621.718,1.1615078,3,1,false,false,24.169714,-3.0133953,11.214661,-2.1425898,0.7487323,3
35.282684,0.50500274,43.7971085275459,-87.99997014293228,0.0027997252,0.1930055,6730.8423,1.1570327,3,1,false,false,24.904066,-4.465429,19.056517,-2.13013,0.7483487,3
35.169643,0.5050982,43.797103217390024,-87.99997076405593,0.0018159082,0.23360413,6798.161,1.1402493,3,1,false,false,28.342735,-4.3081436,16.20828,-2.1174326,0.77329624,3
35.090313,0.5051934,43.79709799718791,-87.99997126118237,0.00055569573,0.27640697,6720.942,1.1024865,3,1,false,false,34.559353,0.33120215,17.895292,-2.1041498,0.78459746,3
35.07041,0.5052881,43.7970927769858,-87.99997163393239,0,0.31920964,6626.5786,1.052137,3,1,false,false,35.15149,-0.65217084,17.490774,-2.0915382,0.7217601,3
34.984314,0.50538254,43.79708746682992,-87.99997188230601,0,0.35980833,6592.1133,0.99395365,3,1,false,false,35.689247,-3.4726932,20.308382,-2.079428,0.7270899,3
34.907673,0.50547665,43.79708224662781,-87.99997213105883,0,0.3861496,6625.9785,0.95535016,3,1,false,false,35.04576,-1.1216955,17.686935,-2.0672843,0.70707023,3
34.890736,0.5055706,43.7970770264257,-87.99997213105883,0,0.419612,6680.2173,0.9466789,3,1,false,false,30.493189,2.0022748,12.825723,-2.0561647,0.6082153,3
34.88463,0.5056645,43.79707180636092,-87.99997200668241,0,0.4453984,6723.105,0.93548965,3,1,false,false,25.246805,1.8281877,10.171031,-2.04674,0.5161735,3
34.89355,0.50575846,43.7970665861588,-87.99997188230601,0,0.46076554,6781.8936,0.9201056,3,1,false,false,20.82192,1.9198505,7.682042,-2.0389667,0.42359266,3
34.929512,0.50585234,43.797061275865595,-87.99997163393239,0,0.46844125,6868.951,0.9167477,3,1,false,false,21.7911,3.5510092,8.678592,-2.0325806,0.3571754,3
34.95838,0.50594616,43.79705605580081,-87.99997126118237,0,0.47502273,6903.8457,0.9298963,3,1,false,false,18.162954,1.5175207,7.924382,-2.0266554,0.3770277,3
34.97002,0.50604,43.7970508355987,-87.99997088843234,0,0.48545766,6897.46,0.94276327,3,1,false,false,16.021143,2.0216897,6.6128,-2.0197191,0.44878253,3
35.02547,0.50613385,43.797045615396584,-87.99997039130591,0,0.4991755,6957.155,0.9198247,3,1,false,false,17.412035,5.173397,8.37947,-2.0119352,0.4726927,3
35.08451,0.5062282,43.79704039519447,-87.99996989417947,0,0.5167314,7042.066,0.8882158,3,1,false,false,18.025463,4.4799137,8.456062,-2.0039668,0.48131996,3
35.155254,0.5063226,43.797035085038594,-87.99996939743224,0,0.5408683,7088.609,0.85157025,3,1,false,false,18.460915,5.8481426,9.170332,-1.9959121,0.48060018,3
35.254738,0.50641704,43.79702986483648,-87.9999687759294,0,0.5639112,7071.6426,0.8188416,3,1,false,false,19.160593,7.4151692,10.41035,-1.98798,0.47324064,3
35.368423,0.5065116,43.797024554680604,-87.99996803042934,0,0.5754405,6996.703,0.78555346,3,1,false,false,18.7383,7.635655,10.0855465,-1.980092,0.47567216,3
35.48239,0.50660634,43.7970192443874,-87.9999672849293,0,0.5847657,6922.58,0.7598173,3,1,false,false,19.817266,7.5100446,10.849352,-1.9720378,0.4942808,3
35.592,0.5067008,43.79701402418528,-87.99996641505284,0,0.5886036,6907,0.74471116,3,1,false,false,20.70814,7.298714,11.54959,-1.9635862,0.5191137,3
35.694805,0.50679547,43.79700871402941,-87.99996554555558,0,0.5886035,6941.848,0.7444315,3,1,false,false,19.07003,6.590528,9.6375265,-1.9548795,0.52179545,3
35.792843,0.5068902,43.79700340387353,-87.99996455130271,0,0.5886035,6987.77,0.75450194,3,1,false,false,18.870983,6.6581287,9.273322,-1.9462566,0.51183456,3
35.89216,0.50698507,43.79699800362656,-87.99996343305264,0,0.58750916,7013.987,0.7749225,3,1,false,false,18.139446,6.6399097,8.843487,-1.93779,0.5064489,3
35.99633,0.50708,43.79699269347069,-87.99996231480256,0,0.5864148,7013.12,0.8031758,3,1,false,false,18.256071,7.1746993,9.539891,-1.9293646,0.5043312,3
36.1086,0.5071747,43.796987383314814,-87.99996107217608,0,0.5853051,7000.1973,0.837024,3,1,false,false,19.775599,7.630237,10.949431,-1.9209652,0.50389534,3
36.21478,0.50726956,43.79698207315894,-87.9999598295496,0,0.58092767,6983.431,0.86779505,3,1,false,false,19.699377,6.418556,9.992323,-1.9125394,0.51328576,3
36.302753,0.5073645,43.796976672911974,-87.9999584629259,0,0.57653487,6991.2417,0.891292,3,1,false,false,19.50481,5.886855,9.471727,-1.9037236,0.54499674,3
36.390194,0.5074597,43.796971362756096,-87.99995709592302,0,0.57049274,7045.011,0.90975493,3,1,false,false,18.840313,5.798218,8.954706,-1.8944242,0.5699039,3
36.473972,0.50755495,43.79696596250913,-87.99995560492292,0,0.5666548,7110.284,0.9226219,3,1,false,false,18.045164,5.745607,8.630377,-1.8847225,0.5915305,3
36.568165,0.5076502,43.79696056239949,-87.99995411392281,0,0.5633719,7144.9966,0.9279374,3,1,false,false,18.534857,6.6462145,9.164537,-1.8748404,0.59035265,3
36.670677,0.50774556,43.79695525210629,-87.9999524985463,0,0.5633719,7131.6523,0.92737806,3,1,false,false,19.35938,7.1020713,9.706694,-1.8650677,0.5804717,3
36.775772,0.5078411,43.79694985199665,-87.99995075917259,0,0.5633719,7093.5576,0.924301,3,1,false,false,19.654083,7.014747,9.597883,-1.8555183,0.56639856,3
36.876816,0.5079369,43.79694445174968,-87.99994901941967,0,0.5633719,7075.828,0.92066437,3,1,false,false,18.960936,6.6293406,8.650115,-1.8462311,0.5477194,3
36.96605,0.50803274,43.7969391415938,-87.99994728004596,0,0.5622622,7099.064,0.91898626,3,1,false,false,19.129824,5.4761004,8.553453,-1.8372204,0.54036105,3
37.036636,0.50812864,43.796933741346834,-87.99994529191942,0,0.5622622,7156.1235,0.91618884,3,1,false,false,19.064245,5.0180497,8.678626,-1.8280381,0.56098706,3
37.112377,0.5082246,43.7969283412372,-87.99994330379289,0,0.5622622,7225.42,0.90751755,3,1,false,false,18.130402,5.0666924,7.925618,-1.8186525,0.56643003,3
37.19406,0.50832075,43.796922940990235,-87.99994131566636,0,0.5622622,7274.0425,0.8938103,3,1,false,false,17.54001,5.893435,7.584884,-1.8091832,0.5664159,3
37.282486,0.508417,43.79691763083436,-87.99993920316342,0,0.5622622,7286.3467,0.88234144,3,1,false,false,15.349691,5.9464674,6.00287,-1.7998477,0.55481666,3
37.3758,0.50851333,43.79691223058739,-87.99993709103967,0,0.5622622,7281.8735,0.8694736,3,1,false,false,15.807841,6.6253605,6.8318233,-1.7907084,0.54120374,3
37.46699,0.50860983,43.79690683047775,-87.99993485453952,0,0.5622622,7281.989,0.85716486,3,1,false,false,21.861917,5.739664,10.417948,-1.7815601,0.5717386,3
37.528465,0.50870645,43.79690143023078,-87.99993261766018,0,0.5622622,7287.7837,0.8493328,3,1,false,false,21.292213,4.007148,10.356643,-1.7714564,0.6432512,3
37.580204,0.5088031,43.79689612007491,-87.99993025678361,0,0.5622622,7340.8774,0.831709,3,1,false,false,21.95758,4.035124,10.679003,-1.760204,0.70462096,3
37.628304,0.50889987,43.79689071982794,-87.99992777190985,0,0.5622622,7439.6777,0.81520534,3,1,false,false,22.505512,3.9775922,10.21891,-1.7479804,0.762775,3
37.685173,0.5089967,43.796885409672065,-87.99992528665688,0,0.5622622,7530.131,0.8037364,3,1,false,false,22.418062,5.617639,10.269005,-1.7348487,0.80139625,3
37.783974,0.5090937,43.796880009425095,-87.9999226774067,0,0.5622622,7548.248,0.79142755,3,1,false,false,24.758827,7.880493,12.280245,-1.721818,0.7503764,3
37.898453,0.5091909,43.796874699269225,-87.99992006815653,0,0.5633719,7459.956,0.7849927,3,1,false,false,25.54066,8.575929,12.743882,-1.7099353,0.6766631,3
38.019257,0.5092885,43.79686938911335,-87.99991721015354,0,0.5633719,7330.664,0.79114795,3,1,false,false,25.71609,8.574167,12.333029,-1.699199,0.6154702,3
38.129917,0.50938624,43.796864078957476,-87.99991435215055,0,0.5655606,7255.2427,0.8000989,3,1,false,false,24.091246,7.4376607,10.438631,-1.6893479,0.5671248,3
38.214966,0.50948435,43.796858768664265,-87.99991137015034,0,0.5699533,7278.722,0.8048544,3,1,false,false,21.754425,5.5190506,8.68056,-1.6802138,0.532886,3
38.277584,0.50958264,43.79685345850839,-87.99990838815015,0,0.57762915,7380.372,0.8009385,3,1,false,false,19.902554,4.4291387,7.506454,-1.6714308,0.5246284,3
38.3325,0.509681,43.79684814835252,-87.99990528177354,0,0.58750904,7496.8657,0.786112,3,1,false,false,18.386435,4.2109756,6.780345,-1.6626538,0.53026474,3
38.388462,0.5097795,43.7968429281504,-87.99990217539693,0,0.599023,7574.59,0.75841844,3,1,false,false,19.535942,4.5030894,7.832528,-1.6536528,0.5561671,3
38.454037,0.5098781,43.79683761799453,-87.99989894464392,0,0.6072537,7602.1665,0.71058285,3,1,false,false,19.018946,5.4260855,8.747709,-1.644036,0.5964963,3
38.541885,0.5099771,43.796832397792414,-87.99989558989368,0,0.61274064,7598.752,0.6350526,3,1,false,false,19.95534,6.933004,9.804905,-1.6338603,0.61957383,3
38.644653,0.5100762,43.79682708763654,-87.99989223476426,0,0.62097156,7587.6963,0.55504483,3,1,false,false,20.61054,7.399891,9.987842,-1.6235315,0.6167785,3
38.74887,0.5101757,43.796821867434424,-87.99988875563763,0,0.6302966,7583.2446,0.4593705,3,1,false,false,21.706148,7.4787436,10.69175,-1.6133349,0.606226,3
38.852375,0.51027536,43.79681664723231,-87.999885276511,0,0.6379876,7585.3906,0.37460455,3,1,false,false,21.413004,7.34434,10.158017,-1.6033686,0.58814156,3
38.953163,0.5103753,43.79681142703019,-87.99988167338715,0,0.657732,7596.6997,0.29459414,3,1,false,false,20.582792,7.3074546,9.769807,-1.5937515,0.56436104,3
39.054646,0.5104756,43.79680620682808,-87.99987806988412,0,0.6687063,7621.677,0.23948121,3,1,false,false,20.36284,7.15661,9.447029,-1.584595,0.53537023,3
39.15164,0.51057607,43.79680098662597,-87.99987434200466,0,0.6857227,7656.4443,0.19611718,3,1,false,false,19.821606,7.0099506,9.411699,-1.5758212,0.51790667,3
39.25036,0.5106768,43.79679585651495,-87.999870490128,0,0.7131585,7700.859,0.17429614,3,1,false,false,19.582172,7.1055984,9.713735,-1.5673301,0.50196874,3
39.351665,0.5107778,43.79679063631283,-87.99986663825135,0,0.7433222,7749.424,0.16562356,3,1,false,false,18.955116,7.300626,9.763387,-1.5590765,0.4885109,3
39.455963,0.5108789,43.796785416110716,-87.99986266199828,0,0.7844759,7798.264,0.16450435,3,1,false,false,18.257906,7.3322377,9.5019655,-1.5510285,0.4781749,3
39.56542,0.51098037,43.796780285999695,-87.999858561748,0,0.83660364,7854.302,0.16646205,3,1,false,false,18.551636,8.009534,10.103092,-1.5431074,0.4723577,3
39.683216,0.51108205,43.79677515575134,-87.99985458549494,0,0.9035437,7910.453,0.1678609,3,1,false,false,18.182024,8.251582,10.026811,-1.5352849,0.46718025,3
39.806744,0.511184,43.79677002564032,-87.99985036086825,0,0.9891336,7952.9424,0.16646206,3,1,false,false,18.575619,8.563766,10.491304,-1.5274839,0.47155735,3
39.93542,0.51128626,43.796764895391966,-87.99984613624157,0,0.9999999,7978.2144,0.1583488,3,1,false,false,18.167578,9.062706,10.249471,-1.5194719,0.48875478,3
40.07598,0.51138896,43.79675976514361,-87.99984178723848,0,1,8004.8125,0.14184318,3,1,false,false,17.468163,9.690143,9.678386,-1.5113095,0.48610076,3
40.21813,0.5114919,43.79675463503259,-87.99983743823539,0,1,8036.1367,0.119182065,3,1,false,false,19.241873,9.510091,10.405923,-1.5032003,0.49161428,3
40.3588,0.51159525,43.796749504784245,-87.9998330896115,0,1,8066.9785,0.08952585,3,1,false,false,18.525688,9.8926735,10.204523,-1.4948666,0.5027589,3
40.508614,0.51169896,43.796744374673224,-87.99982849185558,0,1,8095.8745,0.0523168,3,1,false,false,17.951193,10.272713,9.5303755,-1.486587,0.484766,3
40.6456,0.5118031,43.79673924442487,-87.99982401885529,0,1,8117.266,0.0036362987,3,1,false,false,17.557728,8.387226,9.183846,-1.4786319,0.47767684,3
40.767845,0.5119075,43.79673420426761,-87.99981929710216,0,1,8160.8438,-0.04644312,3,1,false,false,16.223503,9.027836,9.019341,-1.4705226,0.4915749,3
40.917747,0.5120122,43.79672907415659,-87.99981457534905,0,1,8235.565,-0.100161016,3,1,false,false,17.002693,10.164046,9.4836035,-1.462459,0.4712603,3
41.051838,0.5121173,43.796724033999325,-87.99980985359593,0,1,8280.559,-0.15471733,3,1,false,false,17.219887,8.270225,9.464956,-1.4547397,0.4642166,3
41.175686,0.51222277,43.79671890375097,-87.99980500784561,0,1,8303.559,-0.20423853,3,1,false,false,15.668639,9.221322,9.39691,-1.4468395,0.47821158,3
41.326397,0.51232857,43.796713863593716,-87.99980003771887,0,1,8341.584,-0.25124207,3,1,false,false,15.7011795,10.067706,9.268344,-1.4390516,0.4520996,3
41.46677,0.5124348,43.796708823436454,-87.99979506759215,0,1,8374.791,-0.29964665,3,1,false,false,15.993409,8.880477,9.585394,-1.43171,0.43405414,3
41.608246,0.51254123,43.7967037832792,-87.9997900970862,0,1,8404.382,-0.34888864,3,1,false,false,15.588803,10.359151,9.902246,-1.4245763,0.41582057,3
41.77226,0.51264817,43.7966987429846,-87.99978500258307,0,1,8423.905,-0.39953077,3,1,false,false,15.81086,10.578795,9.793239,-1.418122,0.35565948,3
41.91261,0.5127556,43.79669361287358,-87.99977978408272,0,1,8417.519,-0.4535309,3,1,false,false,14.475388,8.909216,8.853618,-1.4125808,0.3155142,3
42.051384,0.5128633,43.796688662670086,-87.99977456520317,0,1,8437.128,-0.4941026,3,1,false,false,13.8911915,9.567161,9.224735,-1.407582,0.28188747,3
42.19332,0.5129714,43.79668362251282,-87.99976934670282,0,1,8496.116,-0.52404,3,1,false,false,14.313807,8.6666975,9.756083,-1.4032855,0.23590182,3
42.307472,0.51307976,43.79667858235556,-87.99976400382606,0,1,8564.579,-0.534672,3,1,false,false,12.40334,7.1090374,9.756506,-1.3995678,0.21519443,3
42.42347,0.51318854,43.796673542198306,-87.9997586605701,0,1,8653.695,-0.5324347,3,1,false,false,12.894955,8.27024,9.08092,-1.3961372,0.19398889,3
42.551216,0.5132976,43.79666850190371,-87.99975319331693,0,1,8745.882,-0.52991587,3,1,false,false,14.055246,8.552708,11.978249,-1.393266,0.15043087,3
42.689064,0.5134071,43.79666355183755,-87.99974772606377,0,1,8802.324,-0.52739716,3,1,false,false,13.592203,9.95552,13.043912,-1.3911204,0.11059835,3
42.867756,0.51351696,43.79665851154295,-87.99974213481339,0,1,8798.625,-0.51956415,3,1,false,false,14.343217,12.46754,13.271088,-1.3897959,0.046062365,3
43.064396,0.5136274,43.79665356147679,-87.99973654318381,0,1,8716.304,-0.5061324,3,1,false,false,12.68746,12.579347,11.767537,-1.3897252,-0.030750161,3
43.270737,0.5137384,43.796648521319526,-87.99973082755703,0,1,8606.365,-0.47871348,3,1,false,false,9.508987,13.911064,10.691154,-1.3907677,-0.091845825,3
43.516197,0.51385003,43.79664348102493,-87.99972511193025,0,1,8510.956,-0.41939664,3,1,false,false,8.301481,15.286373,8.8517065,-1.392989,-0.17469989,3
43.732227,0.51396227,43.796638440867675,-87.99971939592426,0,1,8404.331,-0.3491679,3,1,false,false,7.5826974,11.516089,8.520756,-1.3963815,-0.22270055,3
43.914856,0.514075,43.79663340071041,-87.99971355592108,0,1,8332.091,-0.26355317,3,1,false,false,7.731594,11.004037,10.834279,-1.4000208,-0.21039754,3
44.085403,0.5141884,43.79662836055316,-87.99970771629708,0,1,8345.617,-0.18045703,3,1,false,false,6.548783,9.624126,14.061584,-1.4032276,-0.17800532,3
44.20923,0.51430225,43.796623320395895,-87.99970175191748,0,1,8430.128,-0.12058418,3,1,false,false,4.7538013,6.7767396,10.585858,-1.4059683,-0.14848484,3
44.330242,0.51441634,43.79661828023863,-87.99969578753789,0,1,8566.285,-0.071903676,3,1,false,false,3.2502248,8.178419,10.686732,-1.408162,-0.11467405,3
44.49378,0.5145308,43.796613239944044,-87.99968982353748,0,1,8671.031,-0.045044214,3,1,false,false,2.164394,10.209681,9.768573,-1.4098967,-0.08881107,3
44.684517,0.51464605,43.79660810983302,-87.99968385915788,0,1,8644.285,-0.03301339,3,1,false,false,2.137569,11.810904,12.456596,-1.4112284,-0.065432645,3
44.88134,0.51476175,43.79660297958467,-87.99967777078108,0,1,8504.265,-0.022103406,3,1,false,false,1.4809492,12.350289,14.517788,-1.4122218,-0.051738653,3
45.08171,0.51487803,43.79659784947365,-87.99967180640147,0,1,8373.883,0.0022373898,3,1,false,false,0.8488452,11.727254,16.953018,-1.4130368,-0.04380023,3
45.25543,0.5149948,43.796592719225295,-87.99966571802466,0,1,8350.396,0.041126624,3,1,false,false,0.45668203,10.205112,14.352684,-1.4137452,-0.037027527,3
45.416794,0.5151123,43.796587589114274,-87.99965962926865,0,1,8434.755,0.08113346,3,1,false,false,0.62250197,9.036042,11.164227,-1.414217,-0.014643529,3
45.549995,0.5152302,43.79658236891216,-87.99965341651544,0,1,8541.797,0.108270444,3,1,false,false,1.1095223,7.7555485,9.518995,-1.4142606,0.008845201,3
45.681736,0.51534843,43.79657714871004,-87.99964732813862,0,1,8615.787,0.12589636,3,1,false,false,1.2641813,8.213185,8.357116,-1.4139488,0.025695225,3
45.818127,0.51546705,43.79657201859902,-87.99964111538542,0,1,8648.603,0.13177167,3,1,false,false,1.0070249,8.123883,7.1278358,-1.4133838,0.037775517,3
45.938347,0.515586,43.79656679839691,-87.99963502700861,0,1,8673.318,0.13121128,3,1,false,false,1.7860547,6.4502,7.834626,-1.4125853,0.05588273,3
46.052856,0.51570535,43.7965614881037,-87.99962881425539,0,1,8748.867,0.12197988,3,1,false,false,2.6810038,7.2891808,11.538846,-1.4113542,0.09013253,3
46.17248,0.5158249,43.79655626803892,-87.99962247712575,0,1,8878.928,0.10351491,3,1,false,false,2.600645,7.205657,9.272121,-1.4095725,0.122276254,3
46.29015,0.5159448,43.79655104783681,-87.99961626437255,0,1,8998.116,0.08756865,3,1,false,false,1.9269371,7.213435,7.86779,-1.4074345,0.13350242,3
46.451973,0.5160651,43.796545737543596,-87.99961005161933,0,1,9049.069,0.07078174,3,1,false,false,3.233789,11.479179,11.636082,-1.4052283,0.13635221,3
46.648144,0.5161858,43.79654051747882,-87.99960371448971,0,1,8980.56,0.055114612,3,1,false,false,4.90559,12.285853,14.381202,-1.4030899,0.124644086,3
46.85315,0.5163071,43.79653520718561,-87.99959737773928,0,1,8830.973,0.040006835,3,1,false,false,4.903767,12.406239,13.279444,-1.4012145,0.10317185,3
47.04546,0.51642895,43.796529897029735,-87.99959091623325,0,1,8714.872,0.03944749,3,1,false,false,3.588031,11.942703,10.191492,-1.3997856,0.07010296,3
47.22333,0.51655126,43.796524496782766,-87.99958457948281,0,1,8708.537,0.053435504,3,1,false,false,3.9816198,9.803525,10.707324,-1.398857,0.044756345,3
47.363495,0.51667404,43.79651918662689,-87.99957811797678,0,1,8788.965,0.06518612,3,1,false,false,4.9380655,7.8498,14.00642,-1.3980982,0.04654335,3
47.484833,0.5167971,43.79651387647102,-87.99957165684995,0,1,8902.549,0.07357956,3,1,false,false,4.9327283,7.1998987,12.8888445,-1.3971903,0.061378967,3
47.589817,0.5169205,43.79650847622405,-87.99956507134671,0,1,8999.701,0.079454325,3,1,false,false,3.358122,5.929267,10.486094,-1.3960799,0.06970445,3
47.71397,0.51704425,43.79650316606817,-87.99955861021988,0,1,9076.119,0.08169174,3,1,false,false,3.3250635,8.543524,10.365044,-1.3948969,0.07717461,3
47.868587,0.51716834,43.79649776595854,-87.99955202471664,0,1,9109.2705,0.07945432,3,1,false,false,3.6702821,9.554,9.250095,-1.3935897,0.082585715,3
48.02655,0.51729286,43.79649236571157,-87.99954543883419,0,1,9088.796,0.069103695,3,1,false,false,3.6442344,9.709177,8.687982,-1.3922564,0.078935154,3
48.18886,0.5174178,43.7964869654646,-87.99953885333095,0,1,9056.581,0.06574545,3,1,false,false,3.2572384,10.183967,9.221576,-1.391031,0.06705016,3
48.350777,0.5175432,43.796481565354966,-87.99953214383049,0,1,9047.954,0.07357957,3,1,false,false,3.2159808,9.380965,9.45008,-1.3900323,0.05329816,3
48.495697,0.517669,43.796476165108,-87.99952543395085,0,1,9072.011,0.0867291,3,1,false,false,3.5514822,8.537222,10.138808,-1.3891387,0.053185675,3
48.63066,0.51779515,43.79647076499836,-87.99951884844761,0,1,9126.22,0.09204452,3,1,false,false,3.7598722,8.013719,9.3890705,-1.3881652,0.061855607,3
48.75667,0.51792175,43.79646527479763,-87.99951201457074,0,1,9192.658,0.09120494,3,1,false,false,3.3306468,7.5400243,7.801062,-1.3870438,0.06969032,3
48.882847,0.5180486,43.79645987455066,-87.9995053046911,0,1,9254.84,0.08672911,3,1,false,false,3.1862044,7.910001,7.965629,-1.3858409,0.07259666,3
49.01588,0.51817584,43.796454384349936,-87.99949847043504,0,1,9299.511,0.07721588,3,1,false,false,3.164155,8.155795,7.541939,-1.3846098,0.07291829,3
49.14732,0.5183034,43.796448984102966,-87.99949176093459,0,1,9308.937,0.06966308,3,1,false,false,2.9175465,7.9645634,6.9131784,-1.3833886,0.07159183,3
49.194023,0.5184313,43.79644349390224,-87.99948492667853,0,1,9304.634,0.06574547,0,1,false,false,3.5664713,-0.8037271,8.362945,-1.382234,0.063799486,3
49.18266,0.51855916,43.79643800383884,-87.99947796842527,0,1,8875.581,0.06546634,4,1,false,false,3.7719395,3.0382178,10.85889,-1.381184,0.06221279,3
49.319595,0.51868725,43.79643251363811,-87.9994711345484,0,1,7896.4062,0.06574546,4,1,false,false,3.1338584,10.337248,10.772518,-1.3800521,0.076345414,3
49.509655,0.5188158,43.79642702343738,-87.99946430029235,0,1,7485.608,0.06182895,4,1,false,false,2.7067654,12.049505,9.241511,-1.3786787,0.089935765,3
49.70276,0.51894486,43.79642153323665,-87.99945734203908,0,1,7700.525,0.053435493,4,1,false,false,3.048194,10.680092,8.661337,-1.3771918,0.0874017,3
49.824493,0.5190743,43.79641604303592,-87.99945038378581,0,1,7956.0835,0.043364007,4,1,false,false,3.8399642,5.76443,9.572529,-1.3758904,0.067624755,3
49.931957,0.51920414,43.79641055283519,-87.99944342553255,0,1,7931.73,0.033571642,4,1,false,false,3.7308948,7.5751734,10.869754,-1.3748827,0.0546308,3
50.07385,0.5193342,43.79640497254337,-87.99943646727928,0,1,7763.393,0.024899058,4,1,false,false,3.5328903,9.122935,12.783154,-1.3739784,0.05411556,3
50.222637,0.51946473,43.79639948234264,-87.9994293846496,0,1,7686.151,0.019583639,4,1,false,false,3.2182045,8.84884,11.056141,-1.3730826,0.05356912,3
50.354134,0.5195957,43.79639390218815,-87.99942230239913,0,1,7754.8955,0.014826486,4,1,false,false,2.8901854,7.382278,9.505065,-1.3722479,0.046642575,3
50.46427,0.5197269,43.79638841198742,-87.99941521976945,0,1,7858.3984,0.00811324,4,1,false,false,2.5810328,6.5100307,8.23608,-1.3715696,0.03510659,3
50.575058,0.5198585,43.79638283183293,-87.99940813713978,0,1,7900.4766,-0.00056042895,4,1,false,false,2.3214216,6.984224,8.918122,-1.3710713,0.024055125,3
50.693127,0.5199904,43.79637725167844,-87.9994010545101,0,1,7883.5254,-0.012311047,4,1,false,false,1.9840195,7.3110924,9.704724,-1.3707213,0.016584227,3
50.81364,0.5201225,43.796371671386616,-87.99939384788321,0,1,7871.988,-0.01986494,4,1,false,false,1.443243,7.314976,10.204401,-1.3705013,0.008821143,3
50.93233,0.52025527,43.79636609123213,-87.99938664087713,0,1,7902.357,-0.021823196,4,1,false,false,1.1941082,7.2203298,10.103619,-1.3704407,-0.0006157147,3
51.049313,0.5203884,43.79636051107764,-87.99937955862666,0,1,7949.307,-0.02546057,4,1,false,false,1.0504894,7.1387544,10.569734,-1.3705217,-0.0075462726,3
51.168407,0.5205218,43.79635484083205,-87.99937235162058,0,1,7972.991,-0.03245403,4,1,false,false,0.5952783,7.416375,9.269622,-1.370717,-0.014867076,3
51.29346,0.5206555,43.796349260677566,-87.99936502061729,0,1,7967.075,-0.038890306,4,1,false,false,0.13577646,7.712509,8.285594,-1.371042,-0.023790754,3
51.4176,0.5207896,43.79634359043198,-87.9993578139904,0,1,7956.5117,-0.042805735,4,1,false,false,-0.10877977,7.444031,9.11981,-1.3714852,-0.029992897,3
51.53756,0.52092403,43.796337920186396,-87.99935060698432,0,1,7968.076,-0.046723332,4,1,false,false,-0.5059437,7.161756,9.846385,-1.3720043,-0.034216158,3
51.647068,0.5210587,43.796332250078144,-87.99934327598102,0,1,8001.2676,-0.04952115,4,1,false,false,-1.0149548,6.287033,8.995794,-1.3726076,-0.040640373,3
51.750683,0.5211937,43.79632657983256,-87.99933606935414,0,1,8048.896,-0.05343767,4,1,false,false,-1.2194828,6.397877,9.951539,-1.3733419,-0.04753777,3
51.860355,0.521329,43.79632090958698,-87.99932873835084,0,1,8093.7188,-0.0629509,4,1,false,false,-1.6401523,6.918829,9.341358,-1.3741807,-0.052613355,3
51.976154,0.5214645,43.79631514938763,-87.99932140696836,0,1,8109.1753,-0.07302241,4,1,false,false,-2.0220995,7.1280475,8.259907,-1.3751059,-0.057774626,3
52.09726,0.52160037,43.79630947914205,-87.99931407596506,0,1,8102.155,-0.0830939,4,1,false,false,-2.3768752,7.623511,9.632328,-1.3761163,-0.06258874,3
52.2217,0.52173656,43.7963037189427,-87.99930674496177,0,1,8096.401,-0.09764232,4,1,false,false,-2.804292,7.4804654,10.408312,-1.3771808,-0.06587755,3
52.340378,0.5218731,43.79629795874336,-87.99929941395848,0,1,8102.8125,-0.10883357,4,1,false,false,-3.2152073,7.003751,9.497416,-1.3783392,-0.07399214,3
52.45296,0.5220099,43.79629210859026,-87.9992920829552,0,1,8125.398,-0.10631598,4,1,false,false,-3.5342977,6.8927755,8.980762,-1.3796661,-0.08491628,3
52.564873,0.52214706,43.796286348390915,-87.99928475195189,0,1,8157.0474,-0.10743469,4,1,false,false,-3.695649,6.8259287,9.55659,-1.3811336,-0.09127023,3
52.67707,0.52228457,43.796280498237806,-87.9992772965722,0,1,8179.434,-0.11722706,4,1,false,false,-3.9415932,6.680816,9.292717,-1.382678,-0.09481893,3
52.78665,0.52242225,43.79627464794737,-87.9992699655689,0,1,8190.1133,-0.12674026,4,1,false,false,-3.9830287,6.68921,7.339363,-1.3842782,-0.09862354,3
52.89413,0.5225603,43.79626879779426,-87.99926263456561,0,1,8209.314,-0.12897767,4,1,false,false,-4.374513,6.508619,7.843781,-1.3859802,-0.107967876,3
53.005405,0.52269864,43.79626294750383,-87.99925530356232,0,1,8242.3125,-0.132615,4,1,false,false,-4.604192,6.6747823,7.3913436,-1.3878473,-0.11567158,3
53.1097,0.5228372,43.79625700739696,-87.99924784818262,0,1,8269.33,-0.13541284,4,1,false,false,-4.9811516,6.1135297,9.222426,-1.3897995,-0.12246239,3
53.211803,0.5229761,43.79625115710652,-87.99924051717933,0,1,8295.078,-0.13653152,4,1,false,false,-5.644204,6.4735007,10.118738,-1.3919803,-0.14066087,3
53.32297,0.5231153,43.796245216862324,-87.99923306179963,0,1,8322.726,-0.13513374,4,1,false,false,-6.6465716,6.728607,10.781063,-1.394495,-0.16018437,3
53.433613,0.52325475,43.796239186664366,-87.99922573079634,0,1,8336.991,-0.1323359,4,1,false,false,-6.604812,7.183606,9.293724,-1.3972851,-0.16947411,3
53.558567,0.52339447,43.7962332465575,-87.99921839979304,0,1,8334.329,-0.13289523,4,1,false,false,-6.7588186,7.5484557,8.64088,-1.4000218,-0.15600115,3
53.68247,0.5235346,43.796227216222206,-87.99921094441335,0,1,8315.156,-0.13737114,4,1,false,false,-7.5336437,7.6147738,10.3192215,-1.4024765,-0.1392967,3
53.80209,0.523675,43.79622118602425,-87.99920361341005,0,1,8302.41,-0.14492501,4,1,false,false,-7.8810525,7.0077434,10.191103,-1.4046981,-0.12981077,3
53.909695,0.52381575,43.79621515582628,-87.99919628240676,0,1,8318.795,-0.15723607,4,1,false,false,-7.870247,6.329439,9.840435,-1.4068675,-0.13304459,3
54.01022,0.5239567,43.796209035674565,-87.99918895140347,0,1,8366.104,-0.1712251,4,1,false,false,-8.275039,6.1343865,10.332576,-1.4091895,-0.14722696,3
54.1112,0.52409804,43.796202915385514,-87.99918149602377,0,1,8415.703,-0.18045712,4,1,false,false,-8.827696,6.231317,11.197916,-1.4117957,-0.16538516,3
54.215733,0.52423954,43.79619679523379,-87.99917416502048,0,1,8438.958,-0.18689223,4,1,false,false,-8.771968,6.5636654,9.68635,-1.4146737,-0.17849614,3
54.326572,0.52438134,43.796190584990974,-87.99916683401719,0,1,8438.229,-0.19192962,4,1,false,false,-8.739701,7.0182023,9.757452,-1.4177054,-0.18371262,3
54.44163,0.5245235,43.796184374748165,-87.9991595026347,0,1,8434.613,-0.19836372,4,1,false,false,-9.304028,7.2764115,10.251453,-1.4207919,-0.18600851,3
54.556877,0.5246659,43.79617816450535,-87.9991521716314,0,1,8438.668,-0.209555,4,1,false,false,-9.8052225,6.818241,10.5693865,-1.423863,-0.18343398,3
54.66538,0.5248085,43.79617195426253,-87.99914496500452,0,1,8452.416,-0.22634189,4,1,false,false,-10.218258,6.60744,10.687204,-1.4269444,-0.18777472,3
54.77197,0.5249515,43.79616565406596,-87.99913763400123,0,1,8475.51,-0.2464871,4,1,false,false,-10.900212,6.5002604,10.411815,-1.4301522,-0.19835451,3
54.87631,0.52509475,43.796159353869385,-87.99913030299793,0,1,8499.786,-0.2643937,4,1,false,false,-11.194127,6.4081097,9.571922,-1.4335742,-0.21190798,3
54.9807,0.5252382,43.79615296358172,-87.99912309599185,0,1,8519.891,-0.27950156,4,1,false,false,-11.346303,6.428685,9.51567,-1.4372028,-0.22314668,3
55.08448,0.52538204,43.79614657343138,-87.99911588936496,0,1,8536.113,-0.28985432,4,1,false,false,-11.746996,6.386409,10.096026,-1.4410206,-0.2355378,3
55.18645,0.5255262,43.79614018328105,-87.99910868235888,0,1,8553.499,-0.29796642,4,1,false,false,-12.6435995,6.3401923,10.744602,-1.445113,-0.25745907,3
55.290154,0.5256706,43.79613379285605,-87.99910147573199,0,1,8576.02,-0.3044027,4,1,false,false,-12.918277,6.463814,9.451698,-1.4495857,-0.27649727,3
55.394314,0.52581525,43.796127312614615,-87.99909426872591,0,1,8597.419,-0.31139725,4,1,false,false,-13.147014,6.464107,9.1753435,-1.4542463,-0.28151038,3
55.500065,0.5259601,43.796120832373184,-87.99908706209904,0,1,8611.34,-0.31979084,4,1,false,false,-14.081638,6.6765294,10.901852,-1.4589529,-0.28293926,3
55.60312,0.5261052,43.79611426231533,-87.99907997946936,0,1,8618.12,-0.3329414,4,1,false,false,-14.794372,6.3714128,11.08885,-1.463729,-0.29338938,3
55.704178,0.52625054,43.796107691982805,-87.99907277284247,0,1,8631.837,-0.35280633,4,1,false,false,-15.9692545,6.373063,11.465843,-1.4687994,-0.3162966,3
55.806618,0.52639604,43.79610112192495,-87.9990656902128,0,1,8656.032,-0.37267128,4,1,false,false,-16.88882,6.4623785,11.25516,-1.474236,-0.33405325,3
55.908646,0.5265417,43.79609446150133,-87.99905873195952,0,1,8676.123,-0.39281642,4,1,false,false,-17.421942,6.456749,10.332461,-1.4798826,-0.34247863,3
56.01152,0.5266876,43.796087801352385,-87.99905164932986,0,1,8685.101,-0.40904394,4,1,false,false,-17.76517,6.4728365,10.314965,-1.4856094,-0.34465313,3
56.112186,0.5268338,43.79608105111234,-87.99904469107659,0,1,8690.722,-0.4235935,4,1,false,false,-18.126778,6.3652973,10.097325,-1.4914119,-0.35280836,3
56.21186,0.52698004,43.79607430087229,-87.99903773282333,0,1,8705.418,-0.43758368,4,1,false,false,-18.603476,6.2816277,10.459046,-1.497377,-0.3628873,3
56.30679,0.5271266,43.79606746054115,-87.99903089894646,0,1,8729.238,-0.45129257,4,1,false,false,-19.402777,5.9801054,10.925421,-1.5035461,-0.3788176,3
56.400253,0.52727336,43.79606062048469,-87.99902394069319,0,1,8755.096,-0.46276504,4,1,false,false,-19.623997,6.008094,9.638904,-1.5100079,-0.3949714,3
56.493114,0.52742034,43.79605378015355,-87.99901723081355,0,1,8776.544,-0.4678003,4,1,false,false,-19.304955,5.9664087,8.787284,-1.5166792,-0.40464842,3
56.58742,0.5275675,43.79604685000598,-87.99901039655748,0,1,8794.84,-0.46528262,4,1,false,false,-19.357439,6.0886655,9.11674,-1.5234618,-0.40846887,3
56.680088,0.52771485,43.79603991958375,-87.99900368705704,0,1,8813.373,-0.45940685,4,1,false,false,-19.506313,5.924958,8.996718,-1.5303084,-0.4137183,3
56.770866,0.5278624,43.79603289934509,-87.99899697717738,0,1,8836.4795,-0.45521006,4,1,false,false,-20.050772,5.893797,9.557337,-1.5372691,-0.42244372,3
56.86085,0.52801025,43.79602587910643,-87.99899039167414,0,1,8862.475,-0.4549299,4,1,false,false,-20.551748,5.960628,9.036292,-1.544407,-0.43316287,3
56.95234,0.52815825,43.796018768776676,-87.9989838061709,0,1,8884.038,-0.45940685,4,1,false,false,-20.604576,6.0497684,8.535421,-1.5516433,-0.43384704,3
57.042667,0.5283064,43.79601165872159,-87.99897722066765,0,1,8898.9375,-0.46584305,4,1,false,false,-21.583178,6.0105352,9.946728,-1.5588943,-0.43855596,3
57.133247,0.52845484,43.79600445830074,-87.99897075916162,0,1,8911.8125,-0.47255632,4,1,false,false,-22.95551,5.9724913,10.602815,-1.566304,-0.45224944,3
57.21953,0.52860343,43.795997258154564,-87.99896429803479,0,1,8926.611,-0.47759372,4,1,false,false,-23.36394,5.825826,9.883389,-1.5740217,-0.47397226,3
57.309517,0.5287523,43.79599005773372,-87.99895796090517,0,1,8946.382,-0.47619486,4,1,false,false,-23.821392,6.231147,9.891298,-1.5820158,-0.4806208,3
57.403385,0.5289014,43.79598276749644,-87.99895162415474,0,1,8959.906,-0.46724194,4,1,false,false,-23.22918,6.422376,8.651071,-1.5899276,-0.4620003,3
57.495064,0.52905065,43.79597538744274,-87.99894541140152,0,1,8962.094,-0.456609,4,1,false,false,-24.837088,6.0804186,11.420168,-1.5974416,-0.44577324,3
57.58212,0.52920026,43.79596800711437,-87.9989391986483,0,1,8965.874,-0.44625622,4,1,false,false,-24.671349,5.9209485,9.445536,-1.6048944,-0.44958162,3
57.668888,0.5293499,43.795960626786005,-87.9989331098923,0,1,8983.468,-0.4389826,4,1,false,false,-23.194946,5.5820656,7.765999,-1.612357,-0.44511434,3
57.756287,0.5294999,43.79595315664121,-87.99892702151548,0,1,9012.58,-0.43366605,4,1,false,false,-23.658766,6.415404,9.813805,-1.6196839,-0.42910334,3
57.84554,0.5296501,43.79594568622174,-87.99892105713589,0,1,9030.142,-0.43254632,4,1,false,false,-23.813608,5.8602896,8.836028,-1.6266311,-0.40879732,3
57.92978,0.52980053,43.795938125985856,-87.9989150931355,0,1,9034.356,-0.43730342,4,1,false,false,-23.383186,5.7746925,8.677114,-1.6333872,-0.40464514,3
58.01253,0.5299511,43.79593056574996,-87.9989092531323,0,1,9045.598,-0.44373858,4,1,false,false,-24.116095,5.6485443,9.947717,-1.6401951,-0.41550305,3
58.095478,0.5301019,43.795922915422985,-87.9989034131291,0,1,9068.52,-0.44737604,4,1,false,false,-24.02418,5.857012,9.49079,-1.6472577,-0.42883238,3
58.183193,0.530253,43.795915265096,-87.99889769750231,0,1,9089.171,-0.44821444,4,1,false,false,-21.49381,5.981332,6.004955,-1.6542858,-0.40922529,3
58.27402,0.53040415,43.79590752495259,-87.99889198149634,0,1,9100.551,-0.44877487,4,1,false,false,-20.836643,6.234787,7.3983703,-1.6607451,-0.3658111,3
58.36751,0.53055567,43.79589978453451,-87.99888639024596,0,1,9104.469,-0.4554892,4,1,false,false,-21.891613,6.112703,8.108791,-1.6664876,-0.33091342,3
58.436222,0.53070736,43.7958920443911,-87.99888079861638,0,1,9113.152,-0.46724194,4,1,false,false,-21.524939,3.7791352,6.916427,-1.6721379,-0.36944526,3
58.49314,0.5308592,43.795884214156594,-87.99887520736601,0,1,9166.515,-0.48430908,4,1,false,false,-22.219196,4.6502438,8.648904,-1.6790069,-0.45201844,3
58.570877,0.5310111,43.79587638392209,-87.99886986411006,0,1,9236.105,-0.49773878,4,1,false,false,-23.905306,5.667068,9.420423,-1.6869569,-0.49265397,3
58.655617,0.53116316,43.79586846359649,-87.99886439685689,0,1,9242.84,-0.4946608,4,1,false,false,-25.529387,6.1645837,11.223428,-1.6952957,-0.50352764,3
58.74891,0.53131545,43.79586054327089,-87.99885905398013,0,1,9194.363,-0.47367615,4,1,false,false,-26.271404,6.577142,10.169811,-1.7036816,-0.5006956,3
58.84201,0.53146785,43.7958526229453,-87.99885383547978,0,1,9157.142,-0.44625625,4,1,false,false,-26.356571,6.3874702,9.767199,-1.7119944,-0.4952864,3
58.93122,0.5316204,43.79584461280327,-87.99884874097664,0,1,9167.648,-0.4149198,4,1,false,false,-27.229605,6.113417,11.109497,-1.7201251,-0.47749808,3
58.927956,0.5317731,43.79583660238658,-87.99884364647349,0,1,9303.291,-0.39561415,0,1,false,false,-28.449024,-2.2334046,10.52787,-1.7277316,-0.43351004,3
58.883995,0.53192556,43.795828502153455,-87.99883867634676,0,1,8781.062,-0.38050532,5,1,false,false,-26.969925,1.6497339,9.912286,-1.7346036,-0.4015756,3
58.998657,0.532078,43.79582040192034,-87.99883370584082,0,1,7714.875,-0.37295043,5,1,false,false,-23.822384,10.012645,9.619401,-1.7416432,-0.45274225,3
59.141426,0.53223085,43.795812301412546,-87.9988288600905,0,1,7510.522,-0.37099218,5,1,false,false,-24.646347,8.167524,9.469446,-1.7495657,-0.4837648,3
59.205482,0.53238386,43.795804111363005,-87.99882413833738,0,1,7885.9316,-0.3679151,5,1,false,false,-27.040014,2.7576637,9.988173,-1.7574431,-0.45499244,3
59.232246,0.5325369,43.79579592103879,-87.99881941658427,0,1,8053.6904,-0.36931401,5,1,false,false,-27.531174,3.1921325,11.015516,-1.7647158,-0.4209398,3
59.29907,0.53269,43.79578764062348,-87.99881494358397,0,1,7887.0454,-0.37574816,5,1,false,false,-27.635994,6.1187124,12.45018,-1.7716558,-0.41699108,3
59.395733,0.53284335,43.79577936048284,-87.99881034620726,0,1,7726.6455,-0.38330203,5,1,false,false,-28.339819,6.7345595,12.432784,-1.7787527,-0.43261275,3
59.478863,0.5329968,43.79577108006753,-87.99880599720417,0,1,7766.8486,-0.38554156,5,1,false,false,-27.276077,5.1675653,10.1586895,-1.7859589,-0.4222118,3
59.540207,0.53315043,43.7957627098358,-87.99880164820108,0,1,7879.014,-0.38358343,5,1,false,false,-26.254694,4.3226867,9.549034,-1.7926576,-0.37777367,3
59.606976,0.53330415,43.795754339604066,-87.99879729919799,0,1,7899.675,-0.38358337,5,1,false,false,-23.527193,5.0675554,7.1417227,-1.7984161,-0.31263942,3
59.68446,0.53345805,43.795745879281235,-87.99879319894771,0,1,7843.5317,-0.39533395,5,1,false,false,-20.290995,5.196993,5.575924,-1.803072,-0.25881025,3
59.759724,0.53361213,43.7957374189584,-87.99878897432103,0,1,7828.267,-0.42079568,5,1,false,false,-18.68001,4.7777953,4.9311976,-1.8071474,-0.24323626,3
59.82019,0.5337663,43.79572895863558,-87.99878499806796,0,1,7888.8027,-0.4608058,5,1,false,false,-16.736486,3.4393578,3.3833976,-1.811194,-0.25590992,3
59.86113,0.53392065,43.79572049831275,-87.9987808974385,0,1,7965.559,-0.5072521,5,1,false,false,-19.26202,2.7531338,6.7051945,-1.8158652,-0.32056206,3
59.9109,0.53407496,43.79571194789882,-87.99877704556182,0,1,8000.683,-0.56349194,5,1,false,false,-20.687365,4.1443806,7.900496,-1.8218726,-0.39855132,3
59.983383,0.5342295,43.79570339775957,-87.99877306968796,0,1,7983.626,-0.601825,5,1,false,false,-22.934883,5.2024503,9.381664,-1.8289948,-0.4515679,3
60.06579,0.5343842,43.79569484734564,-87.9987692178113,0,1,7944.666,-0.6107779,5,1,false,false,-25.01744,5.623847,10.5113125,-1.836839,-0.4828423,3
60.143963,0.5345391,43.795686207115295,-87.99876548993186,0,1,7924.7744,-0.5995866,5,1,false,false,-25.778753,4.9944744,9.554506,-1.8449907,-0.4932291,3
60.21157,0.5346942,43.79567765670137,-87.99876188642881,0,1,7937.695,-0.57356447,5,1,false,false,-26.067064,4.682337,9.312217,-1.8532612,-0.49666595,3
60.27476,0.53484946,43.79566892637993,-87.99875828330497,0,1,7960.96,-0.5520195,5,1,false,false,-26.78239,4.3741775,10.83455,-1.8614793,-0.492412,3
60.334583,0.53500485,43.79566028614958,-87.99875480417833,0,1,7969.8555,-0.5321531,5,1,false,false,-26.98411,4.3053727,10.286538,-1.8696758,-0.49572518,3
60.39455,0.5351604,43.79565155582814,-87.99875144904891,0,1,7973.392,-0.51844436,5,1,false,false,-26.52709,4.328799,9.5200815,-1.8779895,-0.50423914,3
60.455883,0.5353162,43.79564282550669,-87.99874809429868,0,1,7985.975,-0.5106092,5,1,false,false,-27.894266,4.3940897,10.949826,-1.886388,-0.50779504,3
60.511684,0.53547215,43.79563409518525,-87.99874486354567,0,1,8002.9775,-0.5066918,5,1,false,false,-27.68746,4.44495,9.603392,-1.8950928,-0.5319792,3
60.572838,0.53562826,43.79562527477271,-87.99874175716906,0,1,8016.7056,-0.50389504,5,1,false,false,-25.47364,4.7391715,7.7483416,-1.903932,-0.5184035,3
60.637634,0.53578466,43.79561645463484,-87.99873865079245,0,1,8023.724,-0.49913776,5,1,false,false,-25.671827,5.275884,8.1438055,-1.9122897,-0.48112434,3
60.70911,0.5359412,43.7956076342223,-87.99873566879225,0,1,8017.8555,-0.50025755,5,1,false,false,-27.287653,4.436198,10.213823,-1.9197683,-0.43362913,3
60.76346,0.53609794,43.795598723993336,-87.99873281078926,0,1,8013.1562,-0.51256853,5,1,false,false,-26.268173,3.8117638,8.349603,-1.927004,-0.4458121,3
60.812443,0.5362549,43.79558981376437,-87.99873007716268,0,1,8045.3,-0.5254389,5,1,false,false,-29.109993,3.6505997,11.666389,-1.9347975,-0.4967248,3
60.86104,0.5364119,43.79558090326074,-87.99872734353609,0,1,8084.817,-0.53439295,5,1,false,false,-32.138718,4.228374,13.272325,-1.9436857,-0.5624958,3
60.91532,0.536569,43.79557199303177,-87.99872473428591,0,1,8086.622,-0.5360709,5,1,false,false,-29.879448,4.3951573,10.003377,-1.9533774,-0.5861571,3
60.984646,0.53672606,43.795562992711716,-87.99872224941215,0,1,8065.8916,-0.5299158,5,1,false,false,-29.493246,5.6645894,9.7091055,-1.9628838,-0.5385731,3
61.063293,0.5368833,43.79555408248275,-87.99871988853559,0,1,8044.37,-0.51928294,5,1,false,false,-29.661514,5.561237,10.166401,-1.9711301,-0.45202568,3
61.125294,0.53704065,43.7955449920716,-87.99871765165624,0,1,8035.504,-0.5240401,5,1,false,false,-29.529718,4.365477,10.821247,-1.9781958,-0.41378137,3
61.174156,0.53719795,43.795535991751535,-87.99871541515608,0,1,8059.698,-0.54978216,5,1,false,false,-29.547132,3.7798052,10.629703,-1.9851873,-0.43467253,3
61.223324,0.53735536,43.79552690134039,-87.99871330303235,0,1,8098.636,-0.58447653,5,1,false,false,-29.364517,3.8993225,9.787913,-1.9926579,-0.4604752,3
61.273952,0.5375129,43.795517901020325,-87.99871131490582,0,1,8113.691,-0.6146955,5,1,false,false,-29.983675,4.162819,11.196857,-2.0005481,-0.48610747,3
61.329807,0.53767043,43.79550881088384,-87.99870945077649,0,1,8104.8657,-0.63819873,5,1,false,false,-30.529161,4.2685065,11.222016,-2.008834,-0.5081845,3
61.384277,0.537828,43.79549963038159,-87.99870771140277,0,1,8101.047,-0.65134954,5,1,false,false,-30.728037,4.1801558,10.385782,-2.0175576,-0.5354985,3
61.44082,0.53798586,43.79549053997044,-87.99870597164985,0,1,8114.3926,-0.6516298,5,1,false,false,-31.018427,4.397533,10.900115,-2.0266047,-0.54204375,3
61.495655,0.53814363,43.79548135974286,-87.99870448064976,0,1,8125.057,-0.64211637,5,1,false,false,-31.802362,4.452257,12.154186,-2.0356016,-0.5341152,3
61.55152,0.5383016,43.79547217951528,-87.99870298964966,0,1,8121.814,-0.6286857,5,1,false,false,-32.229618,4.4123406,12.275488,-2.044406,-0.52348727,3
61.605267,0.5384597,43.79546299901303,-87.99870162302597,0,1,8117.931,-0.6158142,5,1,false,false,-32.105927,4.2317243,11.37105,-2.0531173,-0.5229796,3
61.659172,0.5386179,43.795453818785454,-87.99870038039948,0,1,8127.1675,-0.60826033,5,1,false,false,-31.897156,4.2353854,10.872465,-2.0618033,-0.5177673,3
61.711094,0.5387762,43.795444638557875,-87.9986992621494,0,1,8141.2515,-0.6026634,5,1,false,false,-31.682154,4.1176157,10.6659975,-2.0703948,-0.5125685,3
61.762657,0.53893465,43.7954353682392,-87.99869826789654,0,1,8149.107,-0.6021042,5,1,false,false,-31.936335,4.0266476,11.397921,-2.078909,-0.51077354,3
61.813198,0.53909326,43.795426097920526,-87.99869727402287,0,1,8151.887,-0.6026635,5,1,false,false,-31.98298,4.152958,11.756454,-2.0874937,-0.51881975,3
61.86366,0.539252,43.79541682760185,-87.99869652852283,0,1,8158.867,-0.6032239,5,1,false,false,-32.256084,4.0125213,12.368998,-2.0962152,-0.52868456,3
61.913757,0.5394108,43.79540755728318,-87.99869578302277,0,1,8170.256,-0.60294354,5,1,false,false,-33.476227,4.200844,13.20835,-2.1051722,-0.5433584,3
61.962612,0.53956985,43.79539828668984,-87.99869528589635,0,1,8177.574,-0.5993063,5,1,false,false,-34.16675,4.156806,13.634872,-2.1143987,-0.56042147,3
62.012726,0.539729,43.79538901637116,-87.99869478876991,0,1,8180.201,-0.59091175,5,1,false,false,-34.98995,4.3963223,14.120543,-2.1238885,-0.57050425,3
62.066566,0.5398883,43.79537974605249,-87.99869441601989,0,1,8178.6914,-0.5791612,5,1,false,false,-34.702976,4.4599547,12.955826,-2.1333787,-0.56009895,3
62.12272,0.5400478,43.79537038591739,-87.99869429202268,0,1,8175.26,-0.5679689,5,1,false,false,-34.80688,4.5279074,13.410301,-2.142509,-0.53149736,3
62.17734,0.5402075,43.79536111559871,-87.99869416764626,0,1,8173.1304,-0.5601336,5,1,false,false,-34.730495,4.395806,12.927979,-2.1511776,-0.50661826,3
62.22999,0.54036736,43.795351755188946,-87.99869416764626,0,1,8176.279,-0.5570566,5,1,false,false,-33.879303,4.1465693,12.124732,-2.1594603,-0.48776224,3
62.279648,0.5405274,43.795342394779176,-87.99869441601989,0,1,8186.3447,-0.5567764,5,1,false,false,-34.16097,4.095215,13.633126,-2.1675668,-0.48551744,3
62.329807,0.5406876,43.795333034369406,-87.9986946647727,0,1,8196.683,-0.5584556,5,1,false,false,-33.51103,3.991671,12.233612,-2.1757352,-0.49205488,3
62.38143,0.540848,43.795323764050735,-87.99869503752272,0,1,8203.647,-0.5595743,5,1,false,false,-32.0832,4.0591927,11.468372,-2.1839912,-0.4913766,3
62.437595,0.54100865,43.79531440391563,-87.99869553426996,0,1,8207.956,-0.5562162,5,1,false,false,-31.972301,4.350664,11.709857,-2.1920824,-0.47539076,3
62.49421,0.54116946,43.79530504350586,-87.99869615577279,0,1,8208.218,-0.5489412,5,1,false,false,-31.505003,4.1702695,11.936718,-2.1998818,-0.4614238,3
62.547756,0.5413306,43.79529568309609,-87.99869690127285,0,1,8211.006,-0.54474455,5,1,false,false,-30.97326,3.972918,12.37652,-2.207556,-0.46179247,3
62.600636,0.5414918,43.795286322961,-87.9986976467729,0,1,8222.414,-0.5416676,5,1,false,false,-30.778187,4.1399436,12.007448,-2.2153413,-0.46980664,3
62.656433,0.5416532,43.795276872460136,-87.99869864064657,0,1,8235.309,-0.5357918,5,1,false,false,-29.4614,4.248468,10.724277,-2.223112,-0.45888472,3
62.712585,0.5418151,43.795267512050366,-87.99869975889663,0,1,8240.313,-0.52851695,5,1,false,false,-29.898857,4.025399,11.886032,-2.230672,-0.45210382,3
62.766594,0.5419771,43.79525815191526,-87.99870087752592,0,1,8242.06,-0.5220808,5,1,false,false,-29.821302,3.8566139,12.238303,-2.238284,-0.46301916,3
62.81563,0.54213923,43.79524879150549,-87.9987021197732,0,1,8254.009,-0.5153663,5,1,false,false,-29.725168,3.8153262,11.681798,-2.246274,-0.49256065,3
62.87059,0.5423016,43.79523943109573,-87.9987034867761,0,1,8274.431,-0.5019357,5,1,false,false,-29.530962,4.2684145,11.657842,-2.254627,-0.49809015,3
62.929554,0.542464,43.79523007096063,-87.99870497777619,0,1,8279.984,-0.48486853,5,1,false,false,-29.043344,4.378987,10.837672,-2.2627902,-0.47685412,3
62.992794,0.5426267,43.795220620459766,-87.99870646877629,0,1,8269.736,-0.46947938,5,1,false,false,-28.874142,4.5434327,11.071044,-2.2704391,-0.43986145,3
63.051716,0.54278934,43.795211260049996,-87.99870820852921,0,1,8264.133,-0.46080568,5,1,false,false,-29.216516,4.1404123,12.41888,-2.2775898,-0.42398524,3
63.106285,0.5429522,43.79520189991489,-87.99870994790292,0,1,8276.5,-0.4602464,5,1,false,false,-29.507341,3.8950386,11.902696,-2.2847173,-0.43205062,3
63.15766,0.5431152,43.79519253950512,-87.99871181165305,0,1,8298.014,-0.46416402,5,1,false,false,-28.574986,4.045502,12.1379175,-2.2920477,-0.4432311,3
63.214672,0.5432783,43.79518317909536,-87.99871379977958,0,1,8310.649,-0.46584305,5,1,false,false,-27.968128,4.2321873,10.915731,-2.2994256,-0.4368796,3
63.27474,0.5434415,43.79517381896026,-87.99871591228252,0,1,8306.45,-0.4624848,5,1,false,false,-27.589445,4.310329,10.716234,-2.306598,-0.4240189,3
63.334705,0.5436049,43.79516445855049,-87.99871802440627,0,1,8304.514,-0.4585683,5,1,false,false,-26.296,4.2918644,9.479528,-2.3135731,-0.41207737,3
63.392883,0.5437684,43.79515509814072,-87.99872038528282,0,1,8316.872,-0.45856833,5,1,false,false,-26.115618,3.871103,9.347187,-2.320321,-0.40239072,3
63.448425,0.54393214,43.795145737730955,-87.99872274615939,0,1,8335.264,-0.4658432,5,1,false,false,-26.77862,4.050763,11.570375,-2.3270526,-0.40807965,3
63.502514,0.544096,43.79513637759585,-87.99872510703594,0,1,8346.88,-0.48263106,5,1,false,false,-26.444,3.7672293,9.82464,-2.333959,-0.42160222,3
63.558933,0.54425997,43.79512701718608,-87.99872771628611,0,1,8353.498,-0.5072521,5,1,false,false,-26.059961,4.2159567,9.635585,-2.3411026,-0.43177575,3
63.620094,0.54442424,43.79511765677631,-87.99873032591549,0,1,8358.2,-0.52767766,5,1,false,false,-26.161764,4.2996407,9.701277,-2.348248,-0.4246991,3
63.67787,0.54458857,43.79510829664122,-87.99873305954208,0,1,8360.734,-0.5511808,5,1,false,false,-26.51331,3.9764497,9.528158,-2.3552876,-0.42383525,3
63.732388,0.54475313,43.79509902632254,-87.99873591716587,0,1,8369.202,-0.57160497,5,1,false,false,-26.337898,3.8269138,10.160129,-2.3624005,-0.43492618,3
63.78324,0.5449179,43.79508966591277,-87.99873877516886,0,1,8386.337,-0.59007233,5,1,false,false,-27.337069,3.58723,9.636966,-2.3698487,-0.46108323,3
63.833908,0.54508275,43.79508030550301,-87.99874188154547,0,1,8402.462,-0.60154355,5,1,false,false,-27.307102,3.769098,10.412636,-2.3777452,-0.48539358,3
63.884018,0.5452478,43.79507103518433,-87.99874498792208,0,1,8412.75,-0.60350317,5,1,false,false,-27.901367,3.6019635,9.79942,-2.3860312,-0.5069579,3
63.937435,0.5454131,43.79506176486566,-87.99874821867509,0,1,8418.332,-0.5945492,5,1,false,false,-28.4229,4.048817,10.544008,-2.3945866,-0.51749307,3
63.98931,0.5455785,43.79505240445589,-87.99875144904891,0,1,8422.347,-0.57860076,5,1,false,false,-29.354723,3.7544649,10.973508,-2.4032865,-0.5264235,3
64.040146,0.5457441,43.79504313413722,-87.99875492817554,0,1,8429.192,-0.5592953,5,1,false,false,-29.884905,4.033747,11.3029375,-2.4121368,-0.5333782,3
64.089806,0.54590994,43.79503386381854,-87.99875840730218,0,1,8438.742,-0.5391489,5,1,false,false,-30.294512,3.7921615,10.624482,-2.421092,-0.53736824,3
64.14082,0.54607594,43.79502468359096,-87.99876201080522,0,1,8445.321,-0.5226412,5,1,false,false,-31.007517,4.099814,11.7762575,-2.4300215,-0.53057355,3
64.1908,0.5462421,43.79501541327229,-87.99876573868467,0,1,8447.575,-0.5094894,5,1,false,false,-30.276983,3.8398042,10.5231,-2.4387913,-0.5198024,3
64.24351,0.54640853,43.79500614295361,-87.99876959056132,0,1,8451.786,-0.49857834,5,1,false,false,-29.709097,4.177535,10.043264,-2.4472706,-0.49604282,3
64.29637,0.5465752,43.794996962451364,-87.99877356643519,0,1,8459.553,-0.48794544,5,1,false,false,-28.971739,3.9554007,9.5531025,-2.4552712,-0.46689206,3
64.34623,0.546742,43.794987782223785,-87.99877754268826,0,1,8468.557,-0.48291022,5,1,false,false,-29.294876,3.7689478,10.14698,-2.4628794,-0.45293215,3
64.39119,0.5469091,43.794978601996206,-87.99878164331773,0,1,8480.6875,-0.4848684,5,1,false,false,-30.095018,3.623622,11.502424,-2.4705377,-0.47087547,3
64.437416,0.54707634,43.79496942149396,-87.99878586794442,0,1,8494.786,-0.49130362,5,1,false,false,-29.70919,3.7579036,9.7978945,-2.4785917,-0.4898379,3
64.48985,0.54724383,43.79496033135747,-87.99879021656831,0,1,8502.1,-0.49773884,5,1,false,false,-28.283936,4.40641,9.13031,-2.4866886,-0.47201553,3
64.54859,0.5474116,43.794951150855226,-87.99879468994781,0,1,8497.802,-0.4999773,5,1,false,false,-28.128267,4.3115506,8.860752,-2.4941697,-0.42672548,3
64.60064,0.5475797,43.79494206071874,-87.99879928732452,0,1,8489.96,-0.5072522,5,1,false,false,-29.915937,3.7352161,11.593921,-2.5010862,-0.41881406,3
64.6425,0.5477479,43.794932970307585,-87.99880388470123,0,1,8501.165,-0.52599823,5,1,false,false,-30.677147,3.459933,11.948402,-2.508387,-0.46251017,3
64.68188,0.5479163,43.79492387989643,-87.99880860645435,0,1,8532.328,-0.5534184,5,1,false,false,-31.873842,3.4024084,12.865031,-2.5166008,-0.517026,3
64.7275,0.5480848,43.794914879576375,-87.99881345258387,0,1,8548.119,-0.5799997,5,1,false,false,-34.34409,3.8878357,14.638049,-2.525573,-0.5490167,3
64.77715,0.5482535,43.79490578943989,-87.9988184227106,0,1,8529.909,-0.6071404,5,1,false,false,-34.453472,4.373171,13.298888,-2.5348914,-0.5587199,3
64.83178,0.54842216,43.794896789119825,-87.99882351721374,0,1,8509.219,-0.6306438,5,1,false,false,-34.141747,4.5138197,12.679116,-2.5441067,-0.534987,3
64.88521,0.548591,43.794887878616194,-87.9988287357141,0,1,8506.407,-0.64659226,5,1,false,false,-34.42469,4.009942,13.018395,-2.5526834,-0.49510702,3
64.92961,0.54875994,43.79487887829614,-87.99883395459365,0,1,8515.78,-0.65946364,5,1,false,false,-34.833153,3.4440129,12.944562,-2.5607758,-0.48424217,3
64.96701,0.5489289,43.794869968067175,-87.99883942184681,0,1,8530.427,-0.6720551,5,1,false,false,-34.596096,3.3563442,13.345799,-2.5690072,-0.50635827,3
65.006065,0.54909813,43.794861057838204,-87.99884501309718,0,1,8546.209,-0.6804496,5,1,false,false,-33.75029,3.4488113,11.492704,-2.577696,-0.5278287,3
65.05029,0.5492673,43.794852237425665,-87.99885060472677,0,1,8553.113,-0.6846463,5,1,false,false,-32.97222,3.5564837,11.130056,-2.586514,-0.52522105,3
65.095795,0.5494367,43.79484341701313,-87.99885644472995,0,1,8551.154,-0.6868858,5,1,false,false,-33.1644,3.6755447,12.027147,-2.5952237,-0.52047175,3
65.13889,0.5496062,43.79483459687526,-87.99886228473315,0,1,8553.82,-0.69080114,5,1,false,false,-32.755383,3.7036364,11.53525,-2.6039386,-0.52630854,3
65.18174,0.5497758,43.794825866553815,-87.99886824911275,0,1,8568.683,-0.69639814,5,1,false,false,-31.6202,3.723936,10.161053,-2.612756,-0.52644295,3
65.22658,0.54994553,43.794817136232375,-87.99887433748955,0,1,8582.61,-0.7036728,5,1,false,false,-30.607553,3.6263683,9.208363,-2.6213949,-0.5074783,3
65.272964,0.55011547,43.79480840591093,-87.99888042586636,0,1,8585.032,-0.7182232,5,1,false,false,-29.371952,3.5121806,8.2059965,-2.6295907,-0.48023698,3
65.31703,0.5502855,43.79479976568058,-87.998886762996,0,1,8588.0205,-0.7380903,5,1,false,false,-29.080334,3.4596813,8.939075,-2.6374552,-0.47152963,3
65.355934,0.55045575,43.794791125175564,-87.99889310012561,0,0.9831071,8605.017,-0.7635521,5,1,false,false,-29.509474,3.1241446,8.839528,-2.6454067,-0.4909291,3
65.39081,0.5506261,43.79478248494521,-87.99889956125244,0,0.8612958,8621.031,-0.7876158,5,1,false,false,-28.973007,3.1634247,7.949836,-2.6538463,-0.5210549,3
65.426926,0.55079657,43.79477384471486,-87.99890614675569,0,0.69121003,8585.911,-0.8069228,5,1,false,false,-27.92847,3.180807,7.14365,-2.6626437,-0.5307199,3
65.46009,0.5509672,43.79476529430094,-87.99891273225893,0,0.49587712,8486.102,-0.8147579,5,1,false,false,-27.614784,2.4585862,6.8889112,-2.6712806,-0.50759995,3
65.465996,0.55113804,43.79475683397811,-87.99891944213859,0,0.3685785,8413.538,-0.81671613,5,1,false,false,-29.135984,0.2566065,7.382208,-2.679518,-0.4921889,3
65.43111,0.5513088,43.79474828383886,-87.99892627601544,0,0.1650303,8382.524,-0.81727535,5,1,false,false,-29.7332,-2.1108596,7.29914,-2.6876793,-0.49616867,3
65.360725,0.5514796,43.79473991333245,-87.9989332342687,0,0.09260321,8387.282,-0.8181151,5,1,false,false,-28.858187,-3.903474,6.7853003,-2.6959279,-0.4932205,3
65.27053,0.5516502,43.794731453009625,-87.99894019252197,0,0.021270394,8371.589,-0.81895465,5,1,false,false,-29.008032,-4.605951,7.2053423,-2.7039669,-0.48119047,3
65.17395,0.5518207,43.794723082777885,-87.99894727515165,0,-2.3283064e-09,8326.264,-0.82315236,5,1,false,false,-28.996706,-4.760858,7.213778,-2.7119024,-0.4815523,3
65.075005,0.5519909,43.79471480263725,-87.99895435778133,0,0,8279.005,-0.8270687,5,1,false,false,-29.131369,-4.962534,7.1596003,-2.719993,-0.49951032,3
64.97501,0.5521611,43.794706612313036,-87.9989615644082,0,0,8231.683,-0.8295876,5,1,false,false,-29.72077,-4.9346027,6.9086013,-2.72841,-0.5156349,3
64.866035,0.55233103,43.79469842198882,-87.9989687714143,0,0,8291.559,-0.8298665,5,1,false,false,-29.326385,-6.048257,6.838601,-2.7369497,-0.51279104,3
64.73965,0.5525007,43.7946902316646,-87.99897610241759,0,0,8378.7705,-0.8262303,5,1,false,false,-30.185644,-6.50703,6.7434173,-2.7454638,-0.51283044,3
64.621185,0.55267024,43.79468222124791,-87.99898355779729,0,0,8361.435,-0.8220325,5,1,false,false,-30.28737,-5.4696255,7.3853216,-2.7540376,-0.52478814,3
64.51496,0.5528395,43.79467412101479,-87.99899101279779,0,0.013594569,8314.88,-0.81475765,5,1,false,false,-31.319838,-5.012197,7.9575863,-2.7630372,-0.5542092,3
64.412766,0.5530087,43.79466620068919,-87.99899859255389,0,0.027312458,8272.94,-0.801606,5,1,false,false,-31.035366,-4.763372,6.9454083,-2.7724304,-0.5717875,3
64.31156,0.5531778,43.79465828063827,-87.99900629630721,0,0.052004583,8248.974,-0.7803401,5,1,false,false,-31.405973,-4.7401447,8.33408,-2.7819946,-0.57154214,3
64.20737,0.5533466,43.79465045012909,-87.99901400006053,0,0.06791109,8272.557,-0.7579565,5,1,false,false,-31.030886,-5.0338607,8.056337,-2.791322,-0.54969835,3
64.101135,0.5535154,43.79464261989459,-87.99902170381385,0,0.07888539,8286.249,-0.73976856,5,1,false,false,-32.150917,-4.934373,8.773141,-2.8003263,-0.5371073,3
63.99735,0.55368394,43.79463487975118,-87.99902965631998,0,0.09753549,8295.55,-0.7296959,5,1,false,false,-32.47702,-4.741493,7.9236283,-2.8092601,-0.53576213,3
63.894768,0.55385226,43.794627229424194,-87.99903760844691,0,0.116740465,8322.304,-0.72745645,5,1,false,false,-31.825344,-4.683419,8.023754,-2.818171,-0.53077555,3
63.79221,0.55402005,43.79461957909721,-87.99904556095305,0,0.13813412,8366.692,-0.7294158,5,1,false,false,-33.61729,-4.6832223,10.16437,-2.8269155,-0.522818,3
63.689922,0.55418766,43.79461201886132,-87.99905363745638,0,0.16008273,8392.057,-0.7366906,5,1,false,false,-34.389545,-4.4758224,10.669015,-2.8355947,-0.52596176,3
63.607506,0.5543549,43.79460454871653,-87.99906183833613,0,0.18038201,8247.309,-0.743686,5,1,false,false,-32.625103,-2.9122915,8.249004,-2.844476,-0.5379389,3
63.542828,0.5545218,43.79459716838816,-87.9990701632131,0,0.19246599,8153.865,-0.7464838,5,1,false,false,-32.114033,-2.450023,8.038445,-2.8533976,-0.5260343,3
63.469044,0.5546886,43.79458978805979,-87.99907848846925,0,0.20562896,8199.567,-0.74648386,5,1,false,false,-31.996109,-3.309157,8.083094,-2.861826,-0.48088235,3
63.384495,0.554855,43.79458249782251,-87.99908681372541,0,0.2105613,8258.907,-0.7478829,5,1,false,false,-31.76367,-3.7405767,8.841695,-2.8695128,-0.4491661,3
63.30584,0.5550211,43.79457520758524,-87.99909538735518,0,0.211671,8234.0205,-0.7585158,5,1,false,false,-31.636068,-3.0687258,8.588085,-2.876869,-0.44019362,3
63.237873,0.55518705,43.79456800743906,-87.99910396060577,0,0.211671,8174.096,-0.77222687,5,1,false,false,-31.010254,-2.6818655,8.099336,-2.8841333,-0.43416572,3
63.170284,0.5553527,43.79456089710931,-87.99911253423554,0,0.21276534,8154.885,-0.7839785,5,1,false,false,-32.035645,-2.924986,9.827428,-2.8913813,-0.43653032,3
63.093716,0.55551815,43.794553876870644,-87.99912123224172,0,0.21714279,8174.981,-0.79461044,5,1,false,false,-34.350307,-3.5592902,11.603485,-2.89876,-0.45957497,3
63.010727,0.5556834,43.79454685663199,-87.99913005424511,0,0.22702268,8188.6533,-0.7932128,5,1,false,false,-35.79451,-3.5307715,12.586048,-2.9068763,-0.51108646,3
62.93523,0.5558483,43.79453992620975,-87.99913887662771,0,0.24457842,8179.892,-0.77642345,5,1,false,false,-33.49933,-2.9782538,9.466879,-2.9156606,-0.5257721,3
62.87173,0.55601305,43.79453308615329,-87.99914782262832,0,0.26708183,8164.142,-0.74340594,5,1,false,false,-32.714294,-2.3336575,9.86432,-2.9240289,-0.4677682,3
62.81603,0.5561777,43.79452624582215,-87.99915676900811,0,0.29286826,8153.935,-0.70647043,5,1,false,false,-32.881516,-2.0832174,9.562385,-2.9312148,-0.40016323,3
62.761475,0.5563421,43.7945194955821,-87.99916583976432,0,0.31809986,8150.7754,-0.69052213,5,1,false,false,-32.810043,-2.2767737,11.09513,-2.9376674,-0.39175093,3
62.707176,0.5565064,43.79451283543315,-87.99917503451773,0,0.333467,8152.074,-0.6938792,5,1,false,false,-32.82747,-2.1668959,11.234316,-2.9445064,-0.4320297,3
62.65816,0.5566706,43.79450626510063,-87.99918422965035,0,0.3576042,8158.0015,-0.70143527,5,1,false,false,-31.54776,-1.8004684,9.861946,-2.9520206,-0.46125048,3
62.61804,0.5568347,43.794499694768106,-87.99919354878017,0,0.38066262,8163.8306,-0.7067518,5,1,false,false,-30.146076,-1.3432351,9.010757,-2.959637,-0.44507575,3
62.585056,0.5569987,43.794493214526675,-87.99920299190721,0,0.4025957,8158.521,-0.71066856,5,1,false,false,-30.526358,-1.0423129,10.105022,-2.9668434,-0.4250007,3
62.556923,0.55716264,43.79448682437634,-87.99921243541344,0,0.42344987,8150.209,-0.71794325,5,1,false,false,-30.1242,-0.87411344,8.953867,-2.973888,-0.4246465,3
62.529736,0.55732656,43.794480434226,-87.99922187891967,0,0.4432097,8150.5034,-0.7252191,5,1,false,false,-30.672344,-0.7739775,10.969632,-2.981135,-0.4460136,3
62.506504,0.55749047,43.794474133892095,-87.99923144642312,0,0.45856148,8156.598,-0.7305344,5,1,false,false,-31.264097,-0.54555255,11.470712,-2.9887333,-0.46274507,3
62.486042,0.5576543,43.794467833832854,-87.99924113830298,0,0.47338903,8155.995,-0.7294157,5,1,false,false,-31.28162,-0.40264583,10.82689,-2.9965663,-0.47506556,3
62.470123,0.55781823,43.79446162359004,-87.99925083018282,0,0.48545754,8149.526,-0.7213015,5,1,false,false,-32.101368,-0.16785677,11.9058695,-3.0045526,-0.4818121,3
62.450104,0.5579821,43.79445550343832,-87.99926052206267,0,0.4958771,8145.257,-0.7106684,5,1,false,false,-34.909126,-0.35785124,15.78402,-3.0129716,-0.5309152,3
62.434364,0.55814606,43.79444947310303,-87.99927046269534,0,0.5013641,8148.0166,-0.6983574,5,1,false,false,-31.994476,0.06650302,10.545342,-3.02211,-0.5473775,3
62.42779,0.55831003,43.79444344276774,-87.9992804029488,0,0.50850064,8150.805,-0.68240786,5,1,false,false,-28.987183,0.61070895,8.83388,-3.030897,-0.49308082,3
62.433582,0.558474,43.7944375027982,-87.99929034320228,0,0.5123385,8137.7427,-0.6798901,5,1,false,false,-28.226645,0.9028622,9.17812,-3.03816,-0.38049555,3
62.431297,0.5586382,43.79443165237043,-87.99930040821134,0,0.51617646,8116.341,-0.7095497,5,1,false,false,-27.513248,0.12903143,8.718269,-3.04399,-0.34906808,3
62.419495,0.55880237,43.794425802217326,-87.99931047284122,0,0.5183804,8123.0522,-0.7655102,5,1,false,false,-28.339624,-0.37182164,10.448779,-3.0501678,-0.40661627,3
62.402,0.5589665,43.794420042155316,-87.9993206614683,0,0.5183804,8154.655,-0.84133923,5,1,false,false,-29.387966,-0.53315467,10.898234,-3.0576208,-0.48716497,3
62.388683,0.5591307,43.79441437190973,-87.99933097485099,0,0.51947474,8172.6685,-0.9034581,5,1,false,false,-30.077263,0.029190153,10.768602,-3.066246,-0.5339968,3
62.384426,0.55929494,43.794408701664146,-87.99934116385728,0,0.5194748,8158.133,-0.9527067,5,1,false,false,-27.770489,0.5523779,7.9635124,-3.075168,-0.52254236,3
62.38697,0.5594591,43.79440312150966,-87.99935160123718,0,0.5194748,8133.586,-0.98516494,5,1,false,false,-27.2523,0.755001,8.2080765,-3.0834975,-0.47575215,3
62.38694,0.55962276,43.79439754135517,-87.99936203861708,0,0.5194748,8124.7837,-1.0069914,5,1,false,false,-27.58252,0.5177849,8.678137,-3.0910954,-0.44261956,3
62.378994,0.55978644,43.794392051017105,-87.99937247599698,0,0.5194748,8134.043,-1.0251796,5,1,false,false,-26.78278,-0.20684066,7.4713483,-3.0983253,-0.43881354,3
62.36446,0.55995,43.794386650770136,-87.99938291337689,0,0.51838046,8149.1895,-1.0369325,5,1,false,false,-28.789513,-0.37753302,9.930687,-3.1058714,-0.47711664,3
62.346684,0.5601134,43.79438134061426,-87.99939347513319,0,0.5172707,8156.511,-1.0405693,5,1,false,false,-29.62452,-0.48798043,9.835132,-3.114324,-0.5390494,3
62.329712,0.5602767,43.79437603045839,-87.99940416088671,0,0.5172707,8158.6694,-1.0383308,5,1,false,false,-28.89747,-0.25487363,8.039723,-3.1237583,-0.5849702,3
62.320118,0.5604398,43.79437072030251,-87.99941484701942,0,0.5172707,8159.3237,-1.0187445,5,1,false,false,-27.683615,0.33345622,7.65368,-3.1335757,-0.57850343,3
62.31815,0.56060284,43.794365590054156,-87.99942553277295,0,0.5183804,8152.558,-0.99551904,5,1,false,false,-26.443377,0.56470674,6.3682866,3.140477,-0.5156736,3
62.31454,0.5607658,43.7943604598058,-87.99943634290287,0,0.5183804,8140.394,-0.9818067,5,1,false,false,-27.55722,0.27082056,7.5592356,3.1324422,-0.4641827,3
62.303165,0.56092876,43.794355329832115,-87.99944715341199,0,0.5183804,8137.077,-0.9868443,5,1,false,false,-28.400768,-0.226761,8.30683,3.1247737,-0.47129703,3
62.284737,0.5610915,43.794350379491284,-87.99945808753913,0,0.5183804,8152.352,-0.9974782,5,1,false,false,-27.720146,-0.4354549,7.024522,3.1166275,-0.50976413,3
62.26742,0.5612542,43.79434542942512,-87.99946902204546,0,0.5172707,8170.424,-1.0005562,5,1,false,false,-29.174307,-0.10895303,9.300998,3.1078475,-0.541946,3
62.254498,0.5614168,43.79434056917538,-87.9994799565518,0,0.5183804,8170.241,-0.9994364,5,1,false,false,-28.066385,0.16006728,7.7363396,3.0987356,-0.544548,3
62.245872,0.5615793,43.794335708925644,-87.99949101543454,0,0.5183804,8155.6533,-0.98908377,5,1,false,false,-26.672112,0.30463773,6.0115933,3.0898716,-0.5186503,3
62.240993,0.56174177,43.794330938767,-87.99950207393807,0,0.5183804,8147.66,-0.9736924,5,1,false,false,-26.683472,0.55565107,7.101807,3.0815513,-0.4812092,3
62.232983,0.5619042,43.79432625869945,-87.99951325681803,0,0.5183804,8149.1714,-0.9652978,5,1,false,false,-26.66232,0.15296236,6.6250257,3.0738273,-0.45309883,3
62.21965,0.56206656,43.794321578631894,-87.99952444007718,0,0.5183804,8152.856,-0.9680967,5,1,false,false,-28.615513,-0.11985016,8.958923,3.0663705,-0.45441845,3
62.199688,0.56222886,43.79431698838077,-87.99953562295713,0,0.5183804,8155.414,-0.9728529,5,1,false,false,-31.013027,-0.3100952,10.886118,3.0584564,-0.5017002,3
62.179108,0.5623911,43.79431248822074,-87.99954680583708,0,0.51947474,8157.812,-0.9689354,5,1,false,false,-31.627018,-0.21314913,10.412407,3.0496335,-0.55258334,3
62.16149,0.5625532,43.79430807815181,-87.99955811309344,0,0.52056915,8157.274,-0.95018804,5,1,false,false,-33.33957,0.16655517,12.15465,3.0401325,-0.57648844,3
62.14765,0.56271535,43.79430366780821,-87.99956954434701,0,0.52605623,8147.561,-0.9149308,5,1,false,false,-34.658936,0.37216774,12.290277,3.0305147,-0.56967145,3
62.134434,0.5628775,43.79429943764679,-87.99958097597978,0,0.5326377,8133.743,-0.87575686,5,1,false,false,-34.55137,0.5026927,12.012439,3.0211496,-0.548073,3
62.127167,0.5630396,43.794295207485376,-87.99959240723335,0,0.54196286,8127.471,-0.83238524,5,1,false,false,-32.13567,0.722541,9.501192,3.012478,-0.48759076,3
62.123802,0.56320167,43.79429106741505,-87.99960396324252,0,0.54965395,8126.962,-0.79629064,5,1,false,false,-29.984259,0.78142,8.044846,3.0049388,-0.41950893,3
62.122643,0.56336385,43.79428701743583,-87.99961551887249,0,0.55568075,8125.921,-0.78621703,5,1,false,false,-29.180569,0.7398206,7.8876657,2.9984617,-0.36689886,3
62.118206,0.563526,43.794282967181935,-87.99962707450247,0,0.5600734,8126.8125,-0.8021665,5,1,false,false,-26.271984,0.3074065,5.3209457,2.99255,-0.35548267,3
62.11142,0.5636881,43.794279097110234,-87.99963875450885,0,0.56391144,8140.7373,-0.83378434,5,1,false,false,-27.553602,0.23461556,9.074526,2.9864345,-0.3898747,3
62.105614,0.5638502,43.794275227038526,-87.99965043451523,0,0.56665504,8157.0986,-0.87016,5,1,false,false,-29.79698,0.4084456,11.038793,2.9795268,-0.44232702,3
62.100155,0.5640124,43.79427135669215,-87.99966211452163,0,0.5715873,8159.6973,-0.89758235,5,1,false,false,-29.394041,0.47966948,9.012329,2.971687,-0.4916382,3
62.103157,0.5641746,43.79426766652797,-87.9996739189044,0,0.5776293,8153.571,-0.89926136,5,1,false,false,-28.955162,1.0650083,8.938995,2.9633367,-0.49791715,3
62.11169,0.56433696,43.794263976638454,-87.99968572290801,0,0.5831163,8145.117,-0.87855476,5,1,false,false,-29.504969,1.279057,9.210528,2.955231,-0.47230646,3
62.121307,0.56449926,43.794260376290694,-87.99969752729079,0,0.5891585,8137.0474,-0.8491745,5,1,false,false,-29.629822,1.2499821,8.939898,2.9475825,-0.44552568,3
62.129738,0.5646617,43.7942568663087,-87.9997094556708,0,0.5935357,8133.74,-0.82595,5,1,false,false,-28.499826,1.1100843,8.731361,2.9404163,-0.41916305,3
62.137264,0.56482416,43.79425335605203,-87.9997213840508,0,0.59573984,8137.3867,-0.8083216,5,1,false,false,-28.640253,1.0275432,9.279014,2.9335833,-0.40884057,3
62.14393,0.56498665,43.79424993588647,-87.99973331281,0,0.59573984,8143.039,-0.8004873,5,1,false,false,-28.032536,0.89711666,8.261907,2.9267452,-0.41595408,3
62.15002,0.5651492,43.79424660581199,-87.99974536556641,0,0.6001326,8150.65,-0.8058028,5,1,false,false,-26.505955,0.9365745,7.0501695,2.9197185,-0.42821807,3
62.157475,0.56531173,43.79424336582861,-87.99975741832282,0,0.6056197,8161.518,-0.8155961,5,1,false,false,-28.075499,1.0243869,9.740377,2.9124339,-0.4501313,3
62.167587,0.5654743,43.79424012557056,-87.99976947070003,0,0.6127409,8167.686,-0.83154684,5,1,false,false,-27.88223,1.1284345,8.59646,2.9048,-0.46550775,3
62.179153,0.5656367,43.794236975678274,-87.99978152345643,0,0.6204319,8167.8657,-0.84665585,5,1,false,false,-28.495125,1.1988698,8.874954,2.8969316,-0.48075607,3
62.194313,0.56579906,43.794233915327744,-87.99979370058925,0,0.62426996,8167.2466,-0.86148655,5,1,false,false,-29.60984,1.5242444,10.695696,2.888843,-0.48676452,3
62.208267,0.56596136,43.79423094534298,-87.99980587772207,0,0.6264585,8162.3916,-0.876037,5,1,false,false,-30.965668,1.4280235,11.178823,2.8806746,-0.49401143,3
62.221146,0.5661236,43.79422797535822,-87.99981805447568,0,0.6264585,8159.127,-0.8886285,5,1,false,false,-31.019354,1.4519814,11.22809,2.872334,-0.50471395,3
62.234074,0.5662858,43.79422509518988,-87.99983035598491,0,0.6253642,8159.744,-0.898981,5,1,false,false,-31.50627,1.350773,10.990897,2.8638904,-0.5057614,3
62.2476,0.566448,43.79422230511263,-87.99984265711494,0,0.6264585,8161.31,-0.9076558,5,1,false,false,-29.889938,1.4828099,9.271255,2.855495,-0.49577218,3
62.263897,0.5666101,43.79421960485181,-87.99985495824497,0,0.6264585,8162.1963,-0.9146504,5,1,false,false,-28.828138,1.5365193,8.41167,2.847481,-0.46471265,3
62.280106,0.56677216,43.794216994956756,-87.99986725975418,0,0.6264585,8160.607,-0.9222053,5,1,false,false,-29.420385,1.4550396,9.330472,2.8399692,-0.44410846,3
62.293236,0.5669343,43.79421438478703,-87.99987968526062,0,0.6264585,8162.2354,-0.9347979,5,1,false,false,-27.461407,1.204879,7.912196,2.8326082,-0.44296896,3
62.303314,0.56709623,43.7942118647084,-87.99989211076705,0,0.62755287,8173.001,-0.942912,5,1,false,false,-28.903511,1.0946202,9.23513,2.8250942,-0.46224794,3
62.313717,0.5672582,43.7942094344462,-87.99990453627349,0,0.6275529,8184.981,-0.94515157,5,1,false,false,-29.096977,1.1462708,9.959178,2.817219,-0.48321688,3
62.324665,0.5674201,43.79420709454976,-87.99991708577713,0,0.6275529,8188.485,-0.93731636,5,1,false,false,-30.155481,1.308929,9.932468,2.8089538,-0.5045911,3
62.335995,0.5675821,43.794204844469746,-87.99992951128357,0,0.6275529,8185.501,-0.921367,5,1,false,false,-30.179718,1.271754,10.536497,2.8003473,-0.5270128,3
62.349358,0.5677439,43.79420259438973,-87.99994206116641,0,0.6275529,8185.474,-0.8987019,5,1,false,false,-30.289696,1.4504861,10.136996,2.7914252,-0.53664553,3
62.363144,0.5679058,43.79420043412614,-87.99995461104925,0,0.6275529,8186.7007,-0.87463725,5,1,false,false,-31.34947,1.3930495,11.634989,2.7824671,-0.53552186,3
62.37582,0.56806767,43.794198364228315,-87.9999671605529,0,0.6275529,8185.3013,-0.8578479,5,1,false,false,-32.507454,1.469348,12.331739,2.7735183,-0.53523844,3
62.387947,0.56822956,43.794196384146915,-87.99997983481214,0,0.6275529,8181.9414,-0.8505732,5,1,false,false,-32.33484,1.493819,11.010183,2.7645802,-0.5334329,3
62.40177,0.56839144,43.79419449415661,-87.99999238431579,0,0.6275529,8180.6753,-0.8505733,5,1,false,false,-31.736073,1.6518853,11.964797,2.7557774,-0.5171392,3
62.41579,0.5685534,43.79419269398273,-88.00000505857503,0,0.629757,8181.3477,-0.85756886,5,1,false,false,-32.713467,1.5053549,12.597535,2.7473755,-0.4949879,3
62.425266,0.5687153,43.79419089380885,-88.00001773245509,0,0.63250077,8181.317,-0.8701603,5,1,false,false,-33.57597,1.2471157,11.986889,2.7390356,-0.50501823,3
62.435028,0.5688773,43.79418927381716,-88.00003040633514,0,0.63524425,8184.362,-0.8802338,5,1,false,false,-33.46592,1.4472125,12.055962,2.730478,-0.5147837,3
62.447426,0.5690393,43.794187653825475,-88.0000432049708,0,0.6390822,8188.334,-0.8821922,5,1,false,false,-31.936155,1.5383502,11.05428,2.7219582,-0.5017117,3
62.465885,0.5692013,43.794186213741305,-88.00005600322726,0,0.6401764,8186.5435,-0.87323815,5,1,false,false,-31.593922,1.6715229,10.103682,2.7138543,-0.47049287,3
62.482838,0.5693634,43.79418477365713,-88.00006867710731,0,0.64292014,8181.0654,-0.8598064,5,1,false,false,-31.996351,1.5476683,11.349367,2.7061582,-0.45695028,3
62.496956,0.5695256,43.79418342366406,-88.00008147536376,0,0.6451241,8182.5454,-0.8455359,5,1,false,false,-33.147026,1.307502,12.555939,2.6984875,-0.46697545,3
62.50719,0.5696878,43.794182163487406,-88.00009427362022,0,0.6451241,8190.4014,-0.8301479,5,1,false,false,-33.151962,1.2536407,12.393604,2.6904001,-0.49920216,3
62.524,0.5698501,43.79418099367652,-88.00010719625308,0,0.6462184,8198.459,-0.8153171,5,1,false,false,-29.939764,1.7630833,9.263023,2.681975,-0.49600625,3
62.550423,0.5700125,43.79417991340739,-88.00011999450955,0,0.6484071,8197.929,-0.80384445,5,1,false,false,-27.712645,2.2009695,8.720389,2.6741314,-0.4372529,3
62.582027,0.570175,43.794178833412936,-88.00013279276601,0,0.6511508,8187.4033,-0.80412495,5,1,false,false,-26.521177,2.1493335,8.055635,2.6674707,-0.36707982,3
62.603146,0.5703377,43.794177843509566,-88.00014571539887,0,0.6560831,8183.902,-0.83322495,5,1,false,false,-29.191227,1.1425841,10.824587,2.6615398,-0.37184703,3
62.615337,0.57050043,43.79417694342263,-88.00015863765255,0,0.66047573,8206.037,-0.88079333,5,1,false,false,-27.778055,1.202583,9.088088,2.654755,-0.43905535,3
62.6314,0.5706632,43.79417613342678,-88.00017156028541,0,0.66377413,8238.283,-0.9336792,5,1,false,false,-25.653694,1.3722401,7.4662046,2.6470914,-0.4727143,3
62.658516,0.5708263,43.794175413247366,-88.00018448291827,0,0.66486853,8246.194,-0.9790088,5,1,false,false,-28.129095,2.2738252,10.456865,2.6392398,-0.46500626,3
62.68456,0.5709895,43.79417469334261,-88.00019740517195,0,0.66486853,8220.584,-1.0184639,5,1,false,false,-28.542141,1.54611,9.254464,2.6315312,-0.47085264,3
62.70405,0.5711527,43.79417406325429,-88.00021032780481,0,0.6659629,8209.691,-1.0562402,5,1,false,false,-28.75533,1.5859826,10.319203,2.6233377,-0.5096779,3
62.720367,0.57131624,43.79417352325706,-88.00022325043767,0,0.6670572,8232.423,-1.0828233,5,1,false,false,-32.470074,1.5160513,15.0141115,2.6144855,-0.5514499,3
62.739185,0.57147986,43.794173073350926,-88.00023617307055,0,0.6670572,8249.89,-1.0956953,5,1,false,false,-30.721693,1.8862644,10.44672,2.6053207,-0.5363246,3
62.75841,0.5716435,43.79417271326121,-88.00024921970062,0,0.66816694,8238.711,-1.0973744,5,1,false,false,-30.288857,1.7585317,9.836273,2.5965207,-0.5217518,3
62.785484,0.57180697,43.794172353171504,-88.00026214233348,0,0.668167,8223.3955,-1.0982138,5,1,false,false,-30.496048,2.1387358,10.939671,2.5880644,-0.49122077,3
62.80337,0.5719706,43.79417217326398,-88.00027506458716,0,0.668167,8224.502,-1.0996134,5,1,false,false,-28.105225,1.5769475,8.588741,2.5799868,-0.4816462,3
62.827854,0.57213414,43.794171993356464,-88.00028811159643,0,0.668167,8243.748,-1.1046491,5,1,false,false,-27.832363,1.5350807,7.5343194,2.5722966,-0.44796637,3
62.845566,0.57229763,43.794171903265365,-88.0003011582265,0,0.6593815,8250.772,-1.1161222,5,1,false,false,-27.497128,1.5501423,8.820579,2.5649354,-0.44040772,3
62.862198,0.5724612,43.79417181317427,-88.00031408085937,0,0.6215265,8235.904,-1.1337521,5,1,false,false,-26.283354,1.3615477,7.38159,2.5575285,-0.45136252,3
62.873104,0.5726246,43.794171903265365,-88.00032712748946,0,0.5298942,8200.808,-1.151939,5,1,false,false,-27.860327,0.9641621,9.10511,2.5497437,-0.48502496,3
62.876404,0.57278806,43.794171993356464,-88.00034005012232,0,0.37901333,8138.3296,-1.1648116,5,1,false,false,-28.712399,0.31821293,8.943204,2.54143,-0.50743824,3
62.859135,0.57295144,43.79417217326398,-88.00035309675239,0,0.19356036,8053.9316,-1.1678909,5,1,false,false,-28.816992,-1.432905,8.689462,2.5329158,-0.5141194,3
62.812065,0.5731147,43.794172443262596,-88.00036614376167,0,0.04156977,8004.624,-1.1653724,5,1,false,false,-29.629536,-3.3010328,8.982702,2.5244942,-0.4914814,3
62.731956,0.5732777,43.79417280335231,-88.00037906639453,0,0,7969.4253,-1.1620147,5,1,false,false,-30.759638,-4.5660768,9.846138,2.5163448,-0.48682833,3
62.644993,0.5734405,43.79417316316735,-88.0003919886482,0,0,7924.413,-1.1628532,5,1,false,false,-29.942024,-4.7196817,9.017417,2.5082722,-0.48226908,3
62.55492,0.57360303,43.79417370343925,-88.00040491128107,0,0,7910.461,-1.1653719,5,1,false,false,-29.993143,-5.277081,10.154398,2.500276,-0.4820851,3
62.441578,0.5737653,43.79417424343648,-88.00041783391393,0,0,8032.8066,-1.1704082,5,1,false,false,-31.196869,-6.9460983,10.262868,2.4922264,-0.49204227,3
62.317795,0.57392716,43.794174873250135,-88.00043063217039,0,0,8095.2363,-1.1782434,5,1,false,false,-31.328054,-6.5575056,9.715107,2.4837132,-0.52888703,3
62.21237,0.57408875,43.79417559342955,-88.00044355442407,0,0,8052.2886,-1.1821625,5,1,false,false,-31.794022,-5.288201,10.31725,2.4745715,-0.561748,3
62.117275,0.5742501,43.794176403425396,-88.00045635268052,0,0.040475428,8013.4136,-1.1748867,5,1,false,false,-33.115997,-5.0276737,12.4307575,2.4650593,-0.57326984,3
62.021545,0.5744112,43.79417721342124,-88.00046915131618,0,0.19684348,8053.545,-1.1597753,5,1,false,false,-35.44472,-5.0389767,13.360827,2.4553702,-0.59016675,3
61.929634,0.5745721,43.79417820359928,-88.00048182519623,0,0.38503993,8252.406,-1.1427064,5,1,false,false,-31.931726,-4.6299143,8.860542,2.445451,-0.5838615,3
61.855206,0.5747328,43.794179283593735,-88.00049449907628,0,0.6110915,8461.326,-1.1242368,5,1,false,false,-29.650368,-2.5143466,8.692412,2.4362087,-0.5179941,3
61.85442,0.57489336,43.7941803635882,-88.00050729733275,0,0.8750137,8312.253,-1.1119244,5,1,false,false,-33.66541,2.790345,13.784946,2.4279962,-0.48902735,3
61.895676,0.57505405,43.79418153367375,-88.00051997159198,0,0.9999999,8090.6914,-1.1082871,5,1,false,false,-34.239883,3.519713,13.558914,2.4189427,-0.60723656,3
61.949104,0.5752149,43.794182793575736,-88.00053264547203,0,1,8105.3926,-1.1116455,5,1,false,false,-26.53344,3.878278,6.3148203,2.408184,-0.64116466,3
62.00082,0.5753759,43.794184143568806,-88.00054531935209,0,1,8271.542,-1.1040903,5,1,false,false,-26.86032,3.658106,7.3542504,2.3982575,-0.5226719,3
62.057713,0.5755372,43.794185583652975,-88.00055799361134,0,1,8302.112,-1.0945755,5,1,false,false,-29.88237,3.8493917,10.928205,2.3910186,-0.3658095,3
62.094505,0.57569855,43.794187113828244,-88.00057066749139,0,1,8196.412,-1.0998926,5,1,false,false,-25.398579,1.9383397,6.843184,2.3850493,-0.38580203,3
62.118053,0.5758601,43.79418864372884,-88.00058334137144,0,1,8211.9,-1.1236773,5,1,false,false,-26.784283,2.3887858,7.061702,2.3776166,-0.50534767,3
62.17576,0.57602185,43.7941902639952,-88.00059589125428,0,1,8351.283,-1.1575363,5,1,false,false,-31.538036,5.2430725,10.89005,2.368716,-0.5278846,3
62.24392,0.57618374,43.79419197407798,-88.00060856513434,0,1,8340.112,-1.1799227,5,1,false,false,-29.040157,4.496892,12.174516,2.3605785,-0.44426134,3
62.311653,0.5763459,43.79419377397719,-88.00062123939358,0,1,8202.329,-1.1754459,5,1,false,false,-29.604958,4.878283,10.755913,2.3535235,-0.40978786,3
62.379086,0.5765084,43.7941956639675,-88.00063378927642,0,1,8166.189,-1.1547377,5,1,false,false,-28.412867,4.3438773,8.564925,2.346844,-0.39076814,3
62.432785,0.576671,43.79419755423247,-88.00064646315647,0,1,8257.162,-1.1320723,5,1,false,false,-26.617939,3.0865076,6.9235315,2.3405879,-0.36291435,3
62.476425,0.57683384,43.79419962413029,-88.00065901303932,0,1,8323.447,-1.1247964,5,1,false,false,-28.759346,2.820468,10.340104,2.3346527,-0.36328095,3
62.521374,0.576997,43.79420169430279,-88.00067168691938,0,1,8297.572,-1.1320717,5,1,false,false,-29.158737,3.3972163,10.741397,2.3282704,-0.40682456,3
62.572075,0.5771602,43.79420385429171,-88.00068423680221,0,1,8261.107,-1.1312338,5,1,false,false,-28.48011,3.591437,9.756606,2.3209562,-0.46786535,3
62.628906,0.5773236,43.7942060145553,-88.00069678630585,0,1,8284.428,-1.1228379,5,1,false,false,-28.820568,4.2403173,10.27281,2.3127687,-0.49945235,3
62.688583,0.5774873,43.79420835445174,-88.00070933618869,0,1,8317.821,-1.1077267,5,1,false,false,-28.934254,3.8891764,10.140429,2.3045177,-0.4849397,3
62.74691,0.5776511,43.79421069462285,-88.00072188607153,0,1,8306.886,-1.0926172,5,1,false,false,-29.855011,4.0589256,11.433674,2.2965858,-0.46679607,3
62.80388,0.5778149,43.79421312461039,-88.00073443557518,0,1,8280.847,-1.0828236,5,1,false,false,-31.45138,3.8913088,12.704811,2.288759,-0.4758051,3
62.856293,0.57797873,43.79421564468902,-88.00074698545802,0,1,8283.852,-1.0794654,5,1,false,false,-32.283398,3.576263,13.049642,2.280605,-0.50021434,3
62.90368,0.5781427,43.79421825485874,-88.00075941096446,0,1,8309.426,-1.0755478,5,1,false,false,-33.058914,3.4484744,13.321511,2.2720132,-0.524763,3
62.951557,0.5783067,43.794220955119556,-88.0007719608473,0,1,8322.882,-1.0696712,5,1,false,false,-33.938072,3.559897,14.04557,2.2630842,-0.5404243,3
63.00155,0.57847065,43.7942237451968,-88.00078438635373,0,1,8314.477,-1.0556804,5,1,false,false,-34.901863,3.7712367,14.744112,2.253925,-0.55258745,3
63.054054,0.5786348,43.79422653527405,-88.00079681186017,0,1,8304.2295,-1.0293771,5,1,false,false,-34.991013,3.8945465,13.605732,2.2446039,-0.55693954,3
63.10912,0.57879883,43.79422950525881,-88.0008091129902,0,1,8306.631,-0.99999595,5,1,false,false,-34.13107,4.027514,13.026634,2.2354236,-0.53464144,3
63.166317,0.57896304,43.794232565334674,-88.00082153849662,0,1,8313.839,-0.96529806,5,1,false,false,-32.771255,4.179912,12.159532,2.2268314,-0.4886964,3
63.225616,0.5791274,43.79423562541053,-88.00083383962665,0,1,8314.985,-0.93983513,5,1,false,false,-31.670929,3.96671,11.654304,2.2191563,-0.43633437,3
63.278564,0.57929176,43.79423886566858,-88.00084614113588,0,1,8316.667,-0.92500323,5,1,false,false,-32.018814,3.5812802,12.903467,2.2120154,-0.42837,3
63.32966,0.5794562,43.79424210565196,-88.00085844226591,0,1,8330.687,-0.9272427,5,1,false,false,-30.109198,3.4260492,9.785708,2.2047713,-0.4387628,3
63.382973,0.5796207,43.79424543572644,-88.00087074339594,0,1,8352.252,-0.93647677,5,1,false,false,-28.862822,3.7098017,10.634266,2.1974404,-0.4361861,3
63.441196,0.57978535,43.79424885589201,-88.00088292014955,0,1,8363.908,-0.9451515,5,1,false,false,-29.596796,3.942482,11.19322,2.1902037,-0.43063554,3
63.497585,0.57995003,43.79425236614867,-88.00089522203797,0,1,8359.271,-0.9535462,5,1,false,false,-29.984343,3.5379534,11.46467,2.182991,-0.43925425,3
63.550217,0.5801149,43.79425587613066,-88.00090739879158,0,1,8360.06,-0.9599813,5,1,false,false,-30.868929,3.617635,13.208433,2.1754012,-0.46955192,3
63.60316,0.5802798,43.79425956629485,-88.0009194511688,0,1,8374.088,-0.9574626,5,1,false,false,-31.731998,3.5242827,13.390973,2.1672816,-0.49892822,3
63.655792,0.5804449,43.79426325645903,-88.00093162868082,0,1,8385.412,-0.9462704,5,1,false,false,-32.247883,3.664278,13.346436,2.1587543,-0.5163618,3
63.710873,0.58061004,43.79426703671431,-88.00094368105802,0,1,8385.187,-0.9255637,5,1,false,false,-32.397175,3.8777509,13.601398,2.1500492,-0.5204069,3
63.76812,0.5807753,43.79427090678602,-88.00095573419362,0,1,8381.209,-0.9026197,5,1,false,false,-32.524426,3.9139266,13.378948,2.1413724,-0.51501447,3
63.82531,0.5809407,43.79427486694882,-88.00096778657084,0,1,8383.41,-0.883591,5,1,false,false,-32.730354,3.8714855,13.222053,2.1328287,-0.5056113,3
63.880413,0.58110636,43.79427891692804,-88.00097971533005,0,1,8391.216,-0.86652285,5,1,false,false,-32.869183,3.7740176,13.230203,2.124428,-0.4982595,3
63.935837,0.5812721,43.794282967181935,-88.00099164333085,0,1,8398.251,-0.85533047,5,1,false,false,-32.236496,3.7177176,12.676647,2.1162043,-0.48645887,3
63.990646,0.58143795,43.79428719734335,-88.00100357209004,0,1,8403.315,-0.8497336,5,1,false,false,-31.862646,3.7676642,12.585578,2.1081266,-0.48091847,3
64.04671,0.58160406,43.79429142750477,-88.00101550084923,0,1,8409.934,-0.8463767,5,1,false,false,-31.123272,3.6492789,11.746988,2.1001556,-0.47485346,3
64.10053,0.5817703,43.794295747757275,-88.00102730523203,0,1,8420.327,-0.8438578,5,1,false,false,-30.941133,3.6469102,11.944379,2.0921946,-0.47873107,3
64.15397,0.58193666,43.79430015782621,-88.00103910885643,0,1,8432.699,-0.84022045,5,1,false,false,-30.890018,3.4921176,12.325756,2.0841343,-0.48775944,3
64.20569,0.5821033,43.79430465798624,-88.00105078886281,0,1,8443.793,-0.83630306,5,1,false,false,-31.494501,3.5259306,13.3281355,2.075817,-0.5071343,3
64.25834,0.58227,43.79430924823736,-88.0010624688692,0,1,8452.191,-0.827349,5,1,false,false,-31.931414,3.5966463,12.968686,2.0671527,-0.52612096,3
64.31304,0.582437,43.79431383821382,-88.00107414887557,0,1,8457.765,-0.81056094,5,1,false,false,-32.304863,3.8081172,13.4442005,2.0582778,-0.53160805,3
64.37014,0.58260417,43.79431851855604,-88.00108582888197,0,1,8460.315,-0.78789604,5,1,false,false,-32.99803,3.956658,14.343896,2.0494134,-0.5247374,3
64.42518,0.58277154,43.79432337853111,-88.00109738451194,0,1,8461.287,-0.76327205,5,1,false,false,-33.82372,3.8611107,14.993062,2.0406432,-0.52297276,3
64.479256,0.58293915,43.79432823878085,-88.0011088165239,0,1,8464.975,-0.74116725,5,1,false,false,-34.07929,3.8336017,14.665457,2.0318925,-0.52134764,3
64.53192,0.58310705,43.79433318884701,-88.00112037215388,0,1,8471.457,-0.7190617,5,1,false,false,-34.416348,3.8171246,15.535819,2.0231295,-0.522664,3
64.586975,0.583275,43.79433813918784,-88.00113180340745,0,1,8477.125,-0.70199364,5,1,false,false,-34.536488,3.8975275,15.330729,2.0144355,-0.5128945,3
64.64341,0.58344334,43.7943432694362,-88.00114311028462,0,1,8478.045,-0.68380684,5,1,false,false,-34.182323,4.1328087,14.087927,2.0059304,-0.49773237,3
64.7083,0.5836119,43.794348489500976,-88.00115441792016,0,1,8477.048,-0.6700967,5,1,false,false,-30.217302,4.389472,11.351439,1.9981111,-0.42947537,3
64.7708,0.5837806,43.79435370956576,-88.00116572479733,0,1,8477.79,-0.65722644,5,1,false,false,-30.907553,4.1025367,13.5763855,1.9913722,-0.384484,3
64.82941,0.5839492,43.7943590199963,-88.00117690805648,0,1,8482.593,-0.6575054,5,1,false,false,-29.561054,3.4533837,11.70021,1.9851042,-0.376328,3
64.87527,0.5841179,43.7943644199686,-88.00118809055724,0,1,8504.982,-0.66869783,5,1,false,false,-28.45588,3.593059,12.05418,1.9784701,-0.41882414,3
64.93061,0.58428675,43.79436982021557,-88.00119914943997,0,1,8537.187,-0.6784911,5,1,false,false,-29.218706,3.5191486,13.683061,1.9712398,-0.4454819,3
64.98408,0.5844557,43.794375400370065,-88.00121033269912,0,1,8544.044,-0.6815683,5,1,false,false,-30.560831,3.5588512,13.662359,1.9634974,-0.48120683,3
65.04192,0.58462477,43.79438098079922,-88.00122126720545,0,1,8535.453,-0.6740134,5,1,false,false,-30.35953,3.933663,12.867397,1.9551727,-0.5074347,3
65.10356,0.5847939,43.794386650770136,-88.00123232608819,0,1,8534.863,-0.65554607,5,1,false,false,-30.843794,4.1756124,13.948778,1.9466288,-0.5067609,3
65.167,0.5849632,43.79439232101572,-88.00124325983613,0,1,8540.723,-0.6342813,5,1,false,false,-31.26324,4.0272593,13.610009,1.9383718,-0.47912437,3
65.22642,0.5851327,43.79439817116882,-88.00125407072444,0,1,8543.636,-0.6107779,5,1,false,false,-31.383133,3.9381142,13.908199,1.9305538,-0.45827731,3
65.28497,0.5853022,43.7944040215966,-88.00126488085438,0,1,8546.814,-0.5995866,5,1,false,false,-30.818892,3.9228873,13.313932,1.9229809,-0.44925222,3
65.34073,0.58547187,43.79440996156613,-88.0012756909843,0,1,8556.671,-0.5990272,5,1,false,false,-30.505096,3.8799422,13.906474,1.915444,-0.4525229,3
65.397194,0.5856417,43.794415901810325,-88.00128637673782,0,1,8569.662,-0.6026636,5,1,false,false,-30.618395,3.8274028,14.105836,1.9078525,-0.45586473,3
65.45272,0.58581156,43.794422022236716,-88.00129693811493,0,1,8577.875,-0.60937905,5,1,false,false,-30.81053,3.7366712,14.145319,1.9001368,-0.46674302,3
65.5097,0.58598155,43.79442814238843,-88.00130762462685,0,1,8581.903,-0.6158141,5,1,false,false,-30.988743,3.7250893,13.261282,1.8922457,-0.47519422,3
65.56712,0.5861517,43.79443435263125,-88.00131806162754,0,1,8585.859,-0.6166538,5,1,false,false,-31.265282,3.9253545,15.252939,1.8842407,-0.4786044,3
65.62615,0.58632195,43.794440562874065,-88.00132862376306,0,1,8591.973,-0.6127362,5,1,false,false,-30.45075,4.0468597,12.669395,1.8762755,-0.46848524,3
65.68774,0.5864924,43.794446862933306,-88.00133893638736,0,1,8596.508,-0.60881865,5,1,false,false,-28.551422,4.0893326,10.861553,1.8686907,-0.4364322,3
65.75031,0.58666295,43.794453253358306,-88.00134937414644,0,1,8600.025,-0.6090996,5,1,false,false,-27.972305,4.0598674,11.943558,1.8617492,-0.39912885,3
65.80701,0.5868336,43.79445973359974,-88.00135968752913,0,1,8606.377,-0.6191724,5,1,false,false,-27.419434,3.4577477,11.1878805,1.8552159,-0.39364305,3
65.85825,0.5870045,43.794466213566494,-88.00136987577703,0,1,8624.704,-0.6342811,5,1,false,false,-26.334589,3.2904625,9.689082,1.8484828,-0.4170549,3
65.911964,0.58717537,43.79447278389902,-88.0013800647833,0,1,8652.295,-0.65162975,5,1,false,false,-25.027943,3.6890965,9.114956,1.8413904,-0.42779896,3
65.969,0.5873465,43.79447944404797,-88.0013902537896,0,1,8668.213,-0.6608628,5,1,false,false,-24.16445,3.7399294,8.117262,1.8343177,-0.42072928,3
66.0276,0.58751774,43.79448610447159,-88.00140031841947,0,1,8669.915,-0.6622617,5,1,false,false,-23.95974,3.5746353,8.361408,1.8274125,-0.41460925,3
66.0818,0.58768916,43.794492854711635,-88.00141038304935,0,1,8679.008,-0.65862525,5,1,false,false,-24.046217,3.582715,8.518906,1.8203893,-0.43086186,3
66.13376,0.58786064,43.794499604951675,-88.00142032330281,0,1,8704.027,-0.65414715,5,1,false,false,-24.889376,3.2059197,9.400625,1.8130454,-0.45447177,3
66.18476,0.58803236,43.79450635519172,-88.00143026431468,0,1,8728.338,-0.6496705,5,1,false,false,-26.288744,3.60448,10.650078,1.8052118,-0.48209873,3
66.237526,0.5882042,43.794513285339285,-88.00144020456814,0,1,8735.928,-0.64295584,5,1,false,false,-26.88712,3.6286182,10.278995,1.7969942,-0.5011096,3
66.294586,0.5883762,43.79452021548685,-88.0014500204452,0,1,8733.4795,-0.633722,5,1,false,false,-28.043175,4.055253,11.57531,1.7885692,-0.50477594,3
66.35315,0.5885484,43.794527145909086,-88.00145983708066,0,1,8731.59,-0.6242086,5,1,false,false,-28.316174,4.1036887,10.475343,1.7802228,-0.49311075,3
66.41051,0.5887208,43.79453425623884,-88.00146952858131,0,1,8734.864,-0.61609447,5,1,false,false,-27.809927,3.8874795,9.651702,1.7722074,-0.4670988,3
66.46431,0.58889335,43.794541276477496,-88.00147922084035,0,1,8742.782,-0.6124569,5,1,false,false,-28.614508,3.724832,10.622061,1.7646208,-0.44732353,3
66.5167,0.58906615,43.794548476623675,-88.0014887879646,0,1,8751.935,-0.6107779,5,1,false,false,-27.317774,3.660653,8.547953,1.7572886,-0.43214813,3
66.567795,0.5892391,43.79455567676986,-88.00149823147083,0,1,8763.816,-0.6132966,5,1,false,false,-26.592989,3.5588193,8.489579,1.7502338,-0.4175407,3
66.619835,0.5894122,43.79456296700713,-88.00150779935348,0,1,8776.734,-0.61861193,5,1,false,false,-27.212648,3.496735,9.246933,1.7433724,-0.4095854,3
66.66597,0.5895856,43.79457025751908,-88.0015171184833,0,1,8787.728,-0.6233691,5,1,false,false,-26.964273,3.3162487,8.825907,1.7364539,-0.42481548,3
66.71476,0.5897592,43.79457763757277,-88.00152643761312,0,1,8802.457,-0.6228087,5,1,false,false,-27.070494,3.5964189,8.755444,1.7291998,-0.44249865,3
66.76574,0.58993304,43.79458501790114,-88.00153575674295,0,1,8813.33,-0.6180526,5,1,false,false,-27.90167,3.689432,11.014818,1.7217633,-0.44875014,3
66.81513,0.5901072,43.7945924883206,-88.00154495149637,0,1,8814.901,-0.6096591,5,1,false,false,-29.728638,3.6179562,12.174376,1.7141516,-0.4663882,3
66.86529,0.59028155,43.7946000485565,-88.00155414624979,0,1,8814.532,-0.592591,5,1,false,false,-30.595852,3.704117,11.745872,1.7061865,-0.48515886,3
66.91742,0.59045607,43.79460760879238,-88.0015632166268,0,1,8816.9795,-0.5685283,5,1,false,false,-30.719936,4.0277805,12.015829,1.6980299,-0.48459256,3
66.97405,0.5906307,43.79461525911937,-88.0015721633858,0,1,8816.847,-0.5408281,5,1,false,false,-30.189016,4.1537595,10.700219,1.690177,-0.4508013,3
67.03106,0.5908056,43.794622909171686,-88.00158110938641,0,1,8809.938,-0.5159257,5,1,false,false,-29.551407,4.067227,10.660209,1.6830472,-0.40545017,3
67.08403,0.59098035,43.79463064958976,-88.00158993176899,0,1,8808.148,-0.4980179,5,1,false,false,-30.71093,3.6490204,12.589951,1.676553,-0.38321704,3
67.128716,0.59115535,43.794638479824265,-88.00159875415159,0,1,8818.819,-0.49382123,5,1,false,false,-31.92217,3.2736344,14.415996,1.6700042,-0.40709743,3
67.17192,0.59133047,43.79464631005877,-88.00160732778136,0,1,8836.113,-0.49885866,5,1,false,false,-32.80725,3.24201,14.565074,1.6628762,-0.44307068,3
67.22125,0.59150565,43.794654230384374,-88.00161602502915,0,1,8842.114,-0.5005367,5,1,false,false,-33.393604,3.9769077,14.591357,1.6552072,-0.46161056,3
67.2788,0.59168094,43.79466224080107,-88.00162447504091,0,1,8829.147,-0.4904641,5,1,false,false,-33.03582,4.3872375,15.106572,1.6475677,-0.44153506,3
67.33953,0.5918564,43.79467025094309,-88.00163292429427,0,1,8809.945,-0.46892008,5,1,false,false,-33.504116,4.357216,16.03449,1.640475,-0.40529263,3
67.39708,0.5920321,43.79467835117621,-88.00164124917123,0,1,8803.187,-0.44961333,5,1,false,false,-32.812164,3.9440491,15.5509815,1.633944,-0.37720427,3
67.45012,0.59220785,43.794686541500425,-88.0016495740482,0,1,8813.345,-0.4370231,5,1,false,false,-31.676153,3.476814,14.316462,1.6277783,-0.36244893,3
67.503525,0.59238386,43.794694731824634,-88.00165777530714,0,1,8825.999,-0.43282643,5,1,false,false,-31.521177,3.651176,16.133102,1.6217599,-0.3569857,3
67.5586,0.59256005,43.79470292214885,-88.00166585143128,0,1,8828.961,-0.43506488,5,1,false,false,-30.42913,3.8649175,15.039991,1.6157665,-0.35657012,3
67.616356,0.5927365,43.79471129238058,-88.00167380393742,0,1,8826.135,-0.43758368,5,1,false,false,-29.33083,3.9115844,15.413376,1.6097895,-0.35576323,3
67.67613,0.5929131,43.794719662612316,-88.00168175644355,0,1,8826.715,-0.43562436,5,1,false,false,-28.482391,3.8914547,14.823513,1.6038562,-0.3516801,3
67.73417,0.59308994,43.79472803311872,-88.00168958457327,0,1,8833.356,-0.4300276,5,1,false,false,-27.43476,3.783962,14.5255995,1.5979782,-0.34963024,3
67.79237,0.593267,43.79473649344155,-88.001697412703,0,1,8843.134,-0.42555168,5,1,false,false,-26.686424,3.7427545,14.416664,1.5921441,-0.34725675,3
67.85064,0.5934444,43.79474495348971,-88.00170511645632,0,1,8850.682,-0.42499238,5,1,false,false,-25.662134,3.8338325,13.895627,1.5863428,-0.34516928,3
67.90858,0.59362197,43.794753503903635,-88.00171282020963,0,1,8856.17,-0.42918915,5,1,false,false,-25.458382,3.6366043,15.031636,1.5805668,-0.34847137,3
67.96423,0.5937999,43.79476214413398,-88.00172039958655,0,1,8863.7,-0.43646395,5,1,false,false,-26.568161,3.5780232,16.569744,1.5745541,-0.37239912,3
68.019035,0.5939779,43.794770784639,-88.00172785458705,0,1,8875.274,-0.44681558,5,1,false,false,-26.196976,3.6051593,14.344193,1.5680903,-0.395586,3
68.07687,0.5941564,43.794779424869354,-88.00173531034595,0,1,8885.79,-0.4529716,5,1,false,false,-25.321812,3.9322867,13.964034,1.5614184,-0.39336497,3
68.14006,0.594335,43.794788155190794,-88.00174264097004,0,1,8886.469,-0.4546507,5,1,false,false,-24.802862,3.9325097,13.164564,1.5551353,-0.3599101,3
68.19925,0.5945139,43.79479688551224,-88.00174997235253,0,1,8883.15,-0.45744848,5,1,false,false,-24.5553,3.6913223,13.591585,1.54928,-0.34711674,3
68.25222,0.59469324,43.79480570565011,-88.0017571793586,0,1,8893.902,-0.4680805,5,1,false,false,-23.859056,3.075792,12.462246,1.5434217,-0.36036652,3
68.302,0.59487265,43.794814526062645,-88.00176438560631,0,1,8922.166,-0.4817905,5,1,false,false,-24.210726,3.3378692,12.939247,1.5371585,-0.38764772,3
68.35303,0.59505236,43.794823346475184,-88.00177146823597,0,1,8945.064,-0.49382123,5,1,false,false,-25.079472,3.397042,13.935374,1.5305012,-0.40881485,3
68.40706,0.5952324,43.794832256704154,-88.00177855086565,0,1,8948.299,-0.5005367,5,1,false,false,-25.692476,3.6656308,13.060677,1.5235156,-0.42537326,3
68.463936,0.5954126,43.79484116693312,-88.00178550911892,0,1,8944.108,-0.5005367,5,1,false,false,-25.93129,3.8374557,12.317926,1.5163548,-0.42867726,3
68.52053,0.5955933,43.79485016725317,-88.00179234299577,0,1,8946.486,-0.49605972,5,1,false,false,-26.72201,3.6936889,14.303308,1.5092472,-0.4224229,3
68.57255,0.59577405,43.79485925766433,-88.00179917763103,0,1,8956.332,-0.49130365,5,1,false,false,-27.79347,3.463485,14.929211,1.502189,-0.42474666,3
68.62218,0.5959551,43.79486825798439,-88.00180588713148,0,1,8967.979,-0.48822558,5,1,false,false,-28.163008,3.5614665,14.379219,1.4950026,-0.43428272,3
68.67484,0.59613645,43.79487734839554,-88.00181247225552,0,1,8975.772,-0.4848684,5,1,false,false,-27.62086,3.7949166,12.769684,1.4877758,-0.42487934,3
68.73113,0.596318,43.79488652862312,-88.00181905813797,0,1,8975.874,-0.47899264,5,1,false,false,-26.640764,3.8473122,11.476647,1.480947,-0.3917071,3
68.78577,0.59649974,43.7948957088507,-88.001825519644,0,1,8974.756,-0.47311682,5,1,false,false,-26.960745,3.592608,13.879697,1.4746367,-0.37162918,3
68.8347,0.59668165,43.79490488935295,-88.00183198039164,0,1,8983.821,-0.47199813,5,1,false,false,-26.149336,3.2529502,11.064752,1.4683857,-0.380812,3
68.882034,0.59686375,43.79491415967162,-88.00183831752126,0,1,9005.775,-0.47255635,5,1,false,false,-24.674278,3.3651247,10.526643,1.4619464,-0.3871775,3
68.934135,0.5970456,43.7949234299903,-88.00184453027448,0,1,9022.738,-0.47059923,5,1,false,false,-24.65605,3.6131918,11.102233,1.4555744,-0.37658492,3
68.98451,0.5972276,43.79493279040006,-88.00185074302769,0,1,9022.899,-0.46696067,5,1,false,false,-25.065516,3.296329,11.887213,1.4493006,-0.38106772,3
69.0325,0.5974096,43.794942150535164,-88.00185683140451,0,1,9026.174,-0.46276504,5,1,false,false,-24.851503,3.3868895,10.353852,1.4427857,-0.39774087,3
69.083,0.59759164,43.794951510944934,-88.00186292053971,0,1,9041.414,-0.45437157,5,1,false,false,-23.754963,3.6481078,8.804588,1.4361272,-0.3945371,3
69.13661,0.59777373,43.79496096117113,-88.00186888454012,0,1,9053.311,-0.44178027,5,1,false,false,-23.746363,3.7159846,10.270059,1.4297535,-0.36814165,3
69.1868,0.5979558,43.79497041167199,-88.00187472416411,0,1,9053.006,-0.43170777,5,1,false,false,-23.102608,3.2775462,9.046896,1.4238414,-0.3486782,3
69.23272,0.59813786,43.794979861898184,-88.0018805645465,0,1,9061.22,-0.42275384,5,1,false,false,-21.854856,3.2117083,7.1658707,1.4180064,-0.35365748,3
69.28275,0.59831995,43.79498940221548,-88.00188640417049,0,1,9086.773,-0.41603962,5,1,false,false,-20.444445,3.30752,4.953865,1.4122142,-0.33913437,3
69.33176,0.5985019,43.794998942532764,-88.00189212017646,0,1,9105.272,-0.40988356,5,1,false,false,-19.900206,3.197956,5.882899,1.4067777,-0.31776866,3
69.37654,0.598684,43.79500848285005,-88.00189771180604,0,1,9113.395,-0.4096033,5,1,false,false,-21.476206,2.8522553,8.138628,1.4014701,-0.33114153,3
69.414505,0.598866,43.795018113258436,-88.00190330343561,0,1,9129.668,-0.41547912,5,1,false,false,-23.558722,2.7103186,11.183203,1.395457,-0.39617696,3
69.45683,0.5990479,43.79502774366682,-88.0019087699304,0,1,9157.662,-0.41967592,5,1,false,false,-25.324142,3.395886,11.036736,1.3883092,-0.45347497,3
69.51089,0.5992299,43.7950373740752,-88.00191423718356,0,1,9162.499,-0.41268137,5,1,false,false,-26.653715,4.208659,11.144705,1.3806034,-0.4569767,3
69.57232,0.5994118,43.79504709430001,-88.00191958081871,0,1,9129.152,-0.39533406,5,1,false,false,-27.047142,4.3271236,10.423972,1.373323,-0.4121206,3
69.632935,0.59959376,43.79505681479949,-88.00192479931906,0,1,9097.13,-0.37602836,5,1,false,false,-26.615086,4.219818,10.060066,1.3669193,-0.356705,3
69.68395,0.5997758,43.7950665350243,-88.00193001781942,0,1,9101.104,-0.36259872,5,1,false,false,-26.084763,3.3659015,10.3934765,1.3613313,-0.32040933,3
69.72738,0.59995776,43.795076345340206,-88.00193511270176,0,1,9130.68,-0.36427772,5,1,false,false,-24.813406,2.994501,8.29736,1.3561461,-0.3054011,3
69.768005,0.60013986,43.79508615565611,-88.0019400824493,0,1,9154.996,-0.37211198,5,1,false,false,-23.501713,2.979574,7.8158054,1.3510845,-0.3045568,3
69.81371,0.60032177,43.79509596597201,-88.00194505295522,0,1,9162.681,-0.37938672,5,1,false,false,-22.505817,3.273076,7.09801,1.3459991,-0.3051662,3
69.86123,0.6005038,43.79510586637901,-88.00194989832634,0,1,9163.902,-0.38190418,5,1,false,false,-21.48506,3.2473972,6.0779867,1.3409084,-0.30679446,3
69.91064,0.60068595,43.79511576678601,-88.00195474445587,0,1,9173.067,-0.3782668,5,1,false,false,-20.693241,3.3281126,5.6364365,1.3358113,-0.30400833,3
69.95836,0.600868,43.795125667193005,-88.00195946620899,0,1,9187.511,-0.37351078,5,1,false,false,-21.031853,3.208181,8.058303,1.3307648,-0.30426526,3
70.00412,0.6010502,43.795135567600006,-88.0019641879621,0,1,9199.245,-0.37434927,5,1,false,false,-21.343822,3.082087,7.772009,1.3255994,-0.31815255,3
70.04967,0.6012324,43.79514555782343,-88.00196878533882,0,1,9209.131,-0.37938663,5,1,false,false,-21.524048,3.2764945,7.2382503,1.3201327,-0.33653063,3
70.10007,0.6014147,43.795155548321524,-88.00197325833912,0,1,9215.754,-0.38162398,5,1,false,false,-21.729885,3.3418412,8.472482,1.3145201,-0.33497983,3
70.14625,0.60159713,43.79516553854495,-88.00197773209781,0,1,9215.46,-0.37910634,5,1,false,false,-23.705187,3.1018407,11.528453,1.3088751,-0.3454849,3
70.18612,0.6017796,43.79517552904304,-88.00198220509812,0,1,9216.251,-0.3732306,5,1,false,false,-22.878338,2.6982942,9.230291,1.3029999,-0.35831755,3
70.22834,0.60196215,43.79518560935756,-88.001986553722,0,1,9221.72,-0.36092067,5,1,false,false,-22.549595,3.275433,7.4785366,1.2971104,-0.33917144,3
70.27008,0.60214484,43.795195689672084,-88.00199077872789,0,1,9220.689,-0.34385353,5,1,false,false,-21.4337,2.9744349,8.815895,1.2918565,-0.29151577,3
70.30677,0.60232764,43.7952057699866,-88.00199500297538,0,1,9222.229,-0.32678643,5,1,false,false,-21.033758,2.3082414,10.033784,1.2872496,-0.26789656,3
70.33686,0.6025106,43.79521594039221,-88.00199910360485,0,1,9248.583,-0.31111816,5,1,false,false,-20.966599,2.0803044,8.121766,1.2827339,-0.27705655,3
70.36826,0.6026937,43.795226020706735,-88.00200307985791,0,1,9289.284,-0.30160493,5,1,false,false,-20.977762,2.5241835,8.640468,1.2779379,-0.29784852,3
70.40789,0.6028768,43.795236191112345,-88.00200705611098,0,1,9306.481,-0.28341812,5,1,false,false,-21.310692,2.9686277,9.280097,1.2728857,-0.30656356,3
70.45639,0.6030602,43.79524636151796,-88.00201103236405,0,1,9296.622,-0.2590772,5,1,false,false,-21.415262,3.6038938,7.6957293,1.2677666,-0.30177617,3
70.51013,0.60324365,43.7952565316489,-88.00201488424071,0,1,9278.975,-0.2243826,5,1,false,false,-21.816359,3.7095428,10.135049,1.2629457,-0.27622706,3
70.565094,0.6034273,43.79526679214561,-88.00201861174097,0,1,9270.938,-0.18885055,5,1,false,false,-20.899261,3.7827766,8.06518,1.2586646,-0.23252916,3
70.614716,0.6036109,43.79527705264232,-88.00202233924121,0,1,9270.433,-0.14912173,5,1,false,false,-19.307297,3.1595938,8.065244,1.255183,-0.18677975,3
70.66735,0.6037946,43.79528731286436,-88.00202606674146,0,1,9275.378,-0.12310287,5,1,false,false,-17.86595,3.187136,8.109008,1.2524971,-0.1345668,3
70.71228,0.6039784,43.79529757336107,-88.0020296706237,0,1,9279.309,-0.11107206,5,1,false,false,-17.679272,3.1077113,9.426214,1.2504045,-0.12073116,3
70.76281,0.60416234,43.79530783358311,-88.00203314937114,0,1,9285.313,-0.10939295,5,1,false,false,-16.49849,2.7805796,10.935583,1.2485013,-0.11250472,3
70.816605,0.6043464,43.79531818389624,-88.00203662887697,0,1,9291.938,-0.109953344,5,1,false,false,-16.142944,4.1425653,9.267734,1.2466207,-0.11093639,3
70.87615,0.6045306,43.795328534209375,-88.00204010762441,0,1,9279.202,-0.1130303,5,1,false,false,-14.988139,3.2542973,12.708327,1.2449561,-0.09554922,3
70.943306,0.604715,43.79533888479718,-88.00204346275383,0,1,9259.209,-0.11918527,5,1,false,false,-13.638545,4.4009604,10.78293,1.243556,-0.07325171,3
71.00091,0.6048995,43.795349235110315,-88.00204681788325,0,1,9247.59,-0.13793045,5,1,false,false,-12.278206,3.6170902,10.991782,1.2424015,-0.06871403,3
71.06036,0.6050841,43.79535958542345,-88.00205004863626,0,1,9254.103,-0.16450971,5,1,false,false,-11.329256,2.9280806,11.691702,1.2412698,-0.07197434,3
71.02382,0.60526884,43.79537002582768,-88.0020534030073,0,1,9314.881,-0.19640549,0,1,false,false,-10.385779,-5.5874944,8.404541,1.2398428,-0.093684964,3
70.971794,0.6054533,43.79538037614081,-88.0020566337603,0,1,8705.21,-0.23109798,6,1,false,false,-9.805489,2.1506987,8.944376,1.2380558,-0.12599295,3
71.11323,0.60563797,43.79539081654504,-88.00205986451333,0,1,7613.1816,-0.25264096,6,1,false,false,-8.344264,9.884019,5.201551,1.2356219,-0.16111767,3
71.19129,0.60582286,43.79540125694927,-88.00206297088994,0,1,7706.828,-0.25851786,6,1,false,false,-9.2372875,1.9064072,4.5869246,1.2327974,-0.17272504,3
71.18193,0.6060079,43.7954116072624,-88.00206620164295,0,1,8128.7837,-0.25236186,6,1,false,false,-9.286301,-1.4003669,2.792296,1.2300452,-0.15881003,3
71.18818,0.6061928,43.795422047666634,-88.00206930801956,0,1,8088.079,-0.25068384,6,1,false,false,-9.462062,2.1029468,4.378692,1.2271637,-0.18718974,3
71.24391,0.60637784,43.79543248807086,-88.00207241439617,0,1,7855.878,-0.2487256,6,1,false,false,-11.027257,2.7888095,8.101391,1.223675,-0.2363643,3
71.30338,0.60656303,43.795443018291515,-88.00207539639636,0,1,7899.6035,-0.21710892,6,1,false,false,-12.720358,3.6377685,7.158846,1.2192876,-0.27707386,3
71.33588,0.60674834,43.79545345869575,-88.00207837839658,0,1,8031.949,-0.16311085,6,1,false,false,-14.660852,1.7847182,12.08898,1.2146592,-0.27767807,3
71.382645,0.6069337,43.79546389909997,-88.00208136039677,0,1,7998.416,-0.1009995,6,1,false,false,-15.998172,3.3366585,15.6571045,1.2103163,-0.2428419,3
71.43776,0.60711926,43.795474429595295,-88.00208434239697,0,1,7900.198,-0.03441229,6,1,false,false,-15.910341,4.3604693,13.635665,1.206599,-0.2013467,3
71.4974,0.60730493,43.79548495981595,-88.00208720077916,0,1,7893.8994,0.0036362968,6,1,false,false,-13.7686205,2.4686391,11.211826,1.2040879,-0.10493831,3
71.54443,0.6074907,43.795495490311275,-88.00208993402654,0,1,7937.5093,-0.006436279,6,1,false,false,-10.545893,2.835059,7.0337887,1.2031904,-0.0029456427,3
71.58273,0.6076767,43.79550602053193,-88.00209279165034,0,1,7940.6094,-0.08253453,6,1,false,false,-6.3990297,1.8430017,5.4085293,1.2036483,0.043261144,3
71.62071,0.6078627,43.79551655102725,-88.00209552565612,0,1,7937.6113,-0.15387888,6,1,false,false,-5.2909245,1.3734834,4.280934,1.204287,0.026048228,3
71.6437,0.60804874,43.795527171339,-88.0020982589035,0,1,7980.4644,-0.17765926,6,1,false,false,-6.244165,1.782209,4.4306383,1.2042046,-0.038129814,3
71.66508,0.60823494,43.79553770183432,-88.00210099290929,0,1,8034.6025,-0.1745823,6,1,false,false,-6.8835764,0.26828718,7.229957,1.2029446,-0.11186748,3
71.70903,0.60842115,43.795548322146075,-88.00210372615668,0,1,8058.5083,-0.14548543,6,1,false,false,-7.0979095,4.004551,6.981611,1.2005838,-0.16448738,3
71.76907,0.60860753,43.7955588526414,-88.00210646016245,0,1,8011.4272,-0.09484452,6,1,false,false,-7.5393786,3.8244088,12.876066,1.197711,-0.17448877,3
71.83883,0.60879403,43.79556947295315,-88.00210906979183,0,1,7949.167,-0.040847473,6,1,false,false,-7.2218204,3.8388176,13.586102,1.19506,-0.1390707,3
71.89391,0.6089808,43.795580093264896,-88.0021116786628,0,1,7939.667,0.00027913507,6,1,false,false,-6.8320055,3.2691343,14.439013,1.1931939,-0.08404357,3
71.94015,0.60916764,43.795590713576644,-88.00211428829218,0,1,7961.071,0.029095791,6,1,false,false,-5.196815,2.2269967,14.493069,1.1922988,-0.02750092,3
71.98116,0.60935456,43.79560133416306,-88.00211689716316,0,1,7972.408,0.04504313,6,1,false,false,-3.1713734,2.4764407,11.228215,1.1922001,0.013283727,3
72.01997,0.6095416,43.79561195447481,-88.00211950679252,0,1,7973.8706,0.048400294,6,1,false,false,-1.6292311,2.24891,6.659114,1.192616,0.035235293,3
72.057755,0.6097288,43.79562257478656,-88.0021221164219,0,1,7984.946,0.055953104,6,1,false,false,-0.38042283,1.8220023,4.345025,1.1932918,0.046868045,3
72.08642,0.60991603,43.79563319509831,-88.00212472529289,0,1,8009.7485,0.05931134,6,1,false,false,0.99225336,1.3873478,4.656538,1.1941571,0.059122965,3
72.11173,0.61010337,43.79564390550115,-88.00212733492225,0,1,8048.2266,0.060430054,6,1,false,false,1.2306335,1.2845662,3.3059068,1.1952207,0.06883374,3
72.14329,0.61029077,43.7956545258129,-88.00212994455163,0,1,8080.8643,0.07301913,6,1,false,false,1.5879596,2.2762525,4.2861457,1.1963968,0.07262203,3
72.188866,0.6104782,43.79566514639932,-88.00213255342261,0,1,8076.377,0.08588847,6,1,false,false,3.1607203,2.7777576,7.5064836,1.1976855,0.0842776,3
72.235794,0.6106658,43.79567585680216,-88.00213516305197,0,1,8049.9453,0.085609324,6,1,false,false,3.8795505,2.595067,8.426875,1.1992391,0.10140947,3
72.28424,0.6108535,43.79568647711391,-88.00213777268135,0,1,8046.5205,0.082252175,6,1,false,false,4.709673,2.8425763,9.833125,1.2010199,0.11030561,3
72.33324,0.61104137,43.79569718751676,-88.00214038155234,0,1,8054.377,0.07553782,6,1,false,false,5.493552,2.7962842,10.57932,1.2028775,0.11023242,3
72.3803,0.6112293,43.7957078979196,-88.00214311555811,0,1,8042.2505,0.0637872,6,1,false,false,6.0718517,2.606016,11.827688,1.2046478,0.101786084,3
72.42518,0.6114174,43.79571851823135,-88.0021458488055,0,1,8031.021,0.051756382,6,1,false,false,6.2994385,2.4741828,11.881925,1.2062633,0.092290856,3
72.467735,0.6116056,43.795729228634194,-88.00214858281127,0,1,8041.8657,0.04308379,6,1,false,false,6.2124147,2.4273655,11.349763,1.207717,0.081260905,3
72.50997,0.6117939,43.795739939037034,-88.00215131605867,0,1,8055.06,0.035530984,6,1,false,false,5.7152696,2.4619644,11.315004,1.2089722,0.06732598,3
72.55422,0.6119823,43.79575064943988,-88.00215405006445,0,1,8048.8667,0.031893596,6,1,false,false,5.2940784,2.5632236,11.150917,1.2099621,0.051217202,3
72.599075,0.6121709,43.79576126975163,-88.00215678331183,0,1,8040.26,0.029655134,6,1,false,false,4.7732477,2.6575034,10.535404,1.2107188,0.039919324,3
72.64115,0.6123595,43.79577198015447,-88.00215964093563,0,1,8047.966,0.027696876,6,1,false,false,4.1657887,2.2936502,10.393378,1.2113035,0.031147545,3
72.68047,0.6125483,43.79578269055732,-88.00216249931782,0,1,8062.3267,0.03077383,6,1,false,false,3.708946,2.1238575,10.330548,1.2117704,0.02659513,3
72.71842,0.6127371,43.79579340096016,-88.0021652325652,0,1,8071.6226,0.03581012,6,1,false,false,3.4725032,2.2716162,11.363881,1.2122318,0.029222215,3
72.75962,0.61292607,43.795804111363005,-88.0021680909474,0,1,8074.7256,0.040566187,6,1,false,false,3.2131186,2.4949627,11.46626,1.2127666,0.033845495,3
72.8032,0.61311513,43.79581482149118,-88.00217094857118,0,1,8074.1484,0.04252445,6,1,false,false,2.955586,2.5829499,9.771881,1.2133709,0.036883388,3
72.84578,0.6133043,43.79582562198512,-88.00217393057139,0,1,8073.7344,0.040285967,6,1,false,false,2.7872033,2.4187663,9.623619,1.2139946,0.03751536,3
72.887215,0.6134936,43.795836332387964,-88.00217678819517,0,1,8077.9683,0.035250776,6,1,false,false,2.651321,2.3076556,9.224888,1.214618,0.037297785,3
72.92564,0.613683,43.795847042790804,-88.00217964657736,0,1,8088.8013,0.029095791,6,1,false,false,2.268485,2.3217564,8.61851,1.2152336,0.036083486,3
72.96418,0.6138725,43.79585775319365,-88.00218250420116,0,1,8099.085,0.021541893,6,1,false,false,2.0427213,2.2456577,10.177664,1.2158004,0.032463115,3
73.003716,0.61406213,43.795868553412916,-88.00218548620136,0,1,8103.6113,0.012308884,6,1,false,false,2.0259104,2.3117862,10.213373,1.216296,0.027981233,3
73.04264,0.6142518,43.79587926381576,-88.00218834382515,0,1,8108.4795,0.00447586,6,1,false,false,1.8498734,2.0482194,8.704228,1.2167165,0.022554439,3
73.083145,0.61444163,43.7958899742186,-88.00219132658374,0,1,8117.3013,0.0069934614,6,1,false,false,1.6507022,2.2396376,9.7488365,1.2170315,0.014996017,3
73.124596,0.61463153,43.79590077471254,-88.00219430858395,0,1,8120.034,0.018184733,6,1,false,false,1.7886124,2.3234992,10.116032,1.217261,0.013240722,3
73.167435,0.6148215,43.79591148511539,-88.00219716620774,0,1,8118.0063,0.019583639,6,1,false,false,1.7208196,2.5114405,10.397069,1.2175134,0.016053291,3
73.21001,0.61501163,43.795922285334655,-88.00220014820795,0,1,8115.9893,0.020982547,6,1,false,false,1.7840571,2.4976368,10.387871,1.2177843,0.016419511,3
73.250694,0.6152019,43.795933085828594,-88.00220313020814,0,1,8118.6714,0.027416665,6,1,false,false,1.6650664,2.188524,11.034047,1.2180606,0.017820729,3
73.28883,0.61539227,43.79594388632253,-88.00220611296673,0,1,8126.936,0.03944749,6,1,false,false,1.8903561,2.1273637,7.995216,1.2183969,0.023313588,3
73.326004,0.6155827,43.79595459672538,-88.00220909496694,0,1,8137.872,0.044203565,6,1,false,false,2.0182905,2.0897057,11.138346,1.218865,0.032257687,3
73.36588,0.6157732,43.795965396944645,-88.00221207696714,0,1,8144.476,0.042804662,6,1,false,false,1.9954815,2.412767,9.693722,1.2194616,0.037890285,3
73.40356,0.6159639,43.795976197438584,-88.00221505896734,0,1,8144.742,0.038048588,6,1,false,false,2.1534681,2.321181,8.176524,1.2201159,0.0406842,3
73.445656,0.6161546,43.795986997657856,-88.00221804096755,0,1,8148.1943,0.03189361,6,1,false,false,2.2560294,2.2218983,9.092784,1.2207706,0.038661804,3
73.482704,0.61634547,43.795997798151795,-88.00222102296775,0,1,8153.5273,0.03581012,6,1,false,false,2.3470733,1.9509586,8.131461,1.2213752,0.036007054,3
73.51933,0.6165364,43.796008598645734,-88.00222412934436,0,1,8167.1787,0.043364,6,1,false,false,2.4708943,2.1508446,9.806519,1.2219894,0.0381321,3
73.55771,0.6167274,43.796019398865,-88.00222711210294,0,1,8176.501,0.04392336,6,1,false,false,2.6408684,2.2600338,10.246009,1.222674,0.04294612,3
73.5986,0.6169186,43.79603019935894,-88.00223021847955,0,1,8173.4155,0.036649674,6,1,false,false,2.7412455,2.399226,10.2833,1.2234296,0.04571253,3
73.641426,0.61710984,43.79604099957821,-88.00223320047975,0,1,8167.881,0.030214477,6,1,false,false,2.439575,2.4479685,11.179471,1.2241658,0.041523296,3
73.68194,0.6173012,43.79605189016324,-88.00223630685636,0,1,8168.1826,0.026297964,6,1,false,false,2.9019492,2.166738,12.463276,1.2248206,0.037748452,3
73.720245,0.61749274,43.79606269038251,-88.00223941323297,0,1,8177.1143,0.020142991,6,1,false,false,2.5638478,2.2027574,11.212487,1.2254381,0.034188535,3
73.75937,0.6176843,43.79607349087645,-88.00224251960958,0,1,8182.062,0.022381458,6,1,false,false,2.2130435,2.361505,9.723489,1.2259568,0.026963545,3
73.801056,0.617876,43.796084381186816,-88.00224562598619,0,1,8177.8755,0.023780365,6,1,false,false,2.1606982,2.4223144,11.197384,1.2263651,0.022512052,3
73.83876,0.6180678,43.796095181680755,-88.0022487323628,0,1,8176.4233,0.019303424,6,1,false,false,1.8290074,2.0132513,8.955705,1.2267226,0.020920917,3
73.87354,0.61825967,43.79610607199112,-88.00225183873941,0,1,8192.012,0.016505614,6,1,false,false,1.5066303,1.9715265,8.726376,1.2270528,0.019391397,3
73.90928,0.61845165,43.79611687248505,-88.00225494511602,0,1,8208.771,0.0123088835,6,1,false,false,1.3416272,2.0339358,10.757619,1.2273448,0.01673973,3
73.945915,0.61864376,43.79612776279542,-88.00225805149263,0,1,8209.582,0.0078330245,6,1,false,false,1.3094025,2.1977232,8.843155,1.2276008,0.014194937,3
73.98358,0.6188359,43.796138563014686,-88.00226115786923,0,1,8208.691,0.010350629,6,1,false,false,1.0073307,2.1632729,8.815357,1.2278181,0.011381088,3
74.02443,0.6190282,43.796149453462384,-88.00226438862225,0,1,8213.688,0.011190186,6,1,false,false,0.8886702,2.2373104,10.466629,1.2280096,0.010917089,3
74.062965,0.61922055,43.79616034391009,-88.00226749499886,0,1,8215.962,0.0036362968,6,1,false,false,0.55422014,2.3176646,11.168015,1.2281848,0.008995714,3
74.09999,0.619413,43.796171234357786,-88.00227060137547,0,1,8217.038,-0.006994543,6,1,false,false,0.59090126,2.0884588,10.985832,1.2283108,0.0061098537,3
74.1378,0.6196056,43.79618212466815,-88.00227383137009,0,1,8224.166,-0.018466027,6,1,false,false,-0.14303222,2.252145,11.59861,1.2283672,-0.0008157939,3
74.17535,0.6197983,43.796192925024755,-88.0022769377467,0,1,8227.553,-0.018745158,6,1,false,false,-0.016440079,2.091475,10.002421,1.2282766,-0.009405889,3
74.213615,0.6199911,43.79620381547245,-88.00228016849971,0,1,8228.694,-0.01790668,6,1,false,false,-0.5308985,2.168554,8.63033,1.2280859,-0.013968661,3
74.25206,0.620184,43.79621479587391,-88.00228327487632,0,1,8229.819,-0.016786903,6,1,false,false,-0.49157786,2.104127,9.338718,1.2278254,-0.015855333,3
74.28722,0.62037694,43.79622568618427,-88.00228650562934,0,1,8236.722,-0.021542976,6,1,false,false,-0.7092915,1.7713889,7.2214775,1.2275555,-0.016210066,3
74.32066,0.62057006,43.79623657663197,-88.00228961200594,0,1,8249.576,-0.017346248,6,1,false,false,-0.8778608,1.9423541,7.151338,1.227235,-0.020128893,3
74.35611,0.6207632,43.79624746694233,-88.00229271838255,0,1,8259.966,-0.0053165006,6,1,false,false,-0.41480607,1.8272214,8.588229,1.2269017,-0.017173601,3
74.3908,0.6209565,43.79625835739004,-88.00229594913557,0,1,8265.85,-0.0011197757,6,1,false,false,-0.6297968,1.9744073,8.54825,1.2266507,-0.013054575,3
74.42767,0.6211498,43.79626933779149,-88.00229905551218,0,1,8270.901,0.008672586,6,1,false,false,-0.44144827,2.2665353,8.209191,1.226455,-0.009890538,3
74.46747,0.6213432,43.79628022810186,-88.00230228626519,0,1,8271.826,0.019303428,6,1,false,false,-0.4969343,2.3253164,7.7161546,1.226364,-0.001383615,3
74.5072,0.6215368,43.79629120850332,-88.0023053926418,0,1,8267.572,0.021262757,6,1,false,false,-0.2238708,2.192808,6.2070165,1.2264144,0.008019197,3
74.544876,0.62173045,43.79630209895102,-88.00230862339482,0,1,8269.228,0.012308882,6,1,false,false,0.15935192,2.0120301,6.5644093,1.2265664,0.0128146345,3
74.57932,0.62192416,43.79631307935247,-88.00231172977142,0,1,8281.321,0.00475499,6,1,false,false,0.26514757,1.8321383,4.6405554,1.2267348,0.011060717,3
74.60791,0.622118,43.796323969662836,-88.00231495976605,0,1,8299.224,0.01650561,6,1,false,false,0.072253585,1.4996961,3.081983,1.2268541,0.0074337022,3
74.63515,0.62231183,43.7963349500643,-88.00231806614266,0,1,8319.44,0.027416667,6,1,false,false,0.07198654,1.3129609,5.303836,1.2269871,0.010736722,3
74.66891,0.6225058,43.796345930465755,-88.00232129689567,0,1,8335.681,0.0151066985,6,1,false,false,0.2896917,1.6961747,5.4595814,1.2272224,0.017074227,3
74.71135,0.62269986,43.79635691086722,-88.00232440327228,0,1,8335.128,-0.008673668,6,1,false,false,0.2595259,2.8681543,6.018028,1.2275176,0.015771097,3
74.75823,0.62289405,43.79636789126867,-88.00232763402529,0,1,8312.327,0.00027913298,6,1,false,false,0.09911221,2.759625,7.8938575,1.227682,0.0050656814,3
74.80106,0.62308836,43.79637887167013,-88.0023307404019,0,1,8296.262,0.030494697,6,1,false,false,0.7525258,2.3472738,15.752753,1.2277334,0.005488127,3
74.83742,0.62328273,43.79638976211783,-88.00233397115493,0,1,8309.204,0.038607933,6,1,false,false,1.2949884,2.2763238,10.096355,1.2279824,0.021640114,3
74.87593,0.6234772,43.79640083247305,-88.00233720190793,0,1,8322.604,0.017624304,6,1,false,false,1.1102468,2.3577607,14.884336,1.2284597,0.029656498,3
74.922455,0.6236718,43.79641181287451,-88.00234030828454,0,1,8299.653,0.0055945516,6,1,false,false,0.59824646,2.459575,14.00538,1.2288973,0.020255495,3
74.95583,0.62386656,43.796422793275966,-88.00234353903757,0,1,8278.964,0.022381458,6,1,false,false,1.2535692,1.6355932,9.29661,1.2291812,0.016947003,3
74.99516,0.62406135,43.79643377367743,-88.00234676903219,0,1,8308.975,0.031054046,6,1,false,false,1.3921027,1.7536002,10.447096,1.229509,0.02119997,3
75.02705,0.6242563,43.796444754078884,-88.0023499997852,0,1,8324.713,0.024339713,6,1,false,false,1.4373714,1.6680781,10.029472,1.2298793,0.023383874,3
75.06119,0.6244513,43.796455824434105,-88.00235323053822,0,1,8317.739,0.01342758,6,1,false,false,1.2377734,1.984965,11.159858,1.2302905,0.025046263,3
75.096275,0.62464637,43.79646680483556,-88.00235646129123,0,1,8319.816,0.009511066,6,1,false,false,0.75948167,2.0062625,9.779484,1.230683,0.020572701,3
75.131584,0.6248415,43.79647778523702,-88.00235969204425,0,1,8332.561,0.010071496,6,1,false,false,1.1311684,2.0806253,10.0015135,1.2309849,0.016121967,3
75.16688,0.6250368,43.79648885559224,-88.00236292279726,0,1,8338.2295,0.0030769496,6,1,false,false,0.77587575,1.881091,9.263279,1.2312161,0.0116848815,3
75.20065,0.6252321,43.7964998359937,-88.00236615279188,0,1,8336.155,0.0039165122,6,1,false,false,0.8841431,1.7642615,10.529673,1.2313646,0.008125314,3
75.23597,0.62542754,43.796510906348914,-88.0023693835449,0,1,8344.69,0.010350628,6,1,false,false,0.8825962,1.9785317,9.02244,1.2315099,0.008840387,3
75.270294,0.62562305,43.796521976704135,-88.00237273867432,0,1,8354.196,0.016225392,6,1,false,false,0.7366721,2.065556,8.674713,1.2316691,0.009612154,3
75.30713,0.62581867,43.7965329571056,-88.00237596942733,0,1,8351.573,0.0142682195,6,1,false,false,0.7747777,2.0545423,8.916239,1.2318345,0.011310547,3
75.34213,0.62601435,43.796544027598145,-88.00237920018036,0,1,8348.852,0.006153901,6,1,false,false,0.7807553,1.8706691,10.051634,1.2320254,0.012899729,3
75.373795,0.62621015,43.796555097953366,-88.00238243093337,0,1,8362.027,0.00027913298,6,1,false,false,0.18060263,1.7350327,7.778799,1.2321979,0.008068088,3
75.40533,0.626406,43.79656616830859,-88.0023857853044,0,1,8377.673,0.0047549913,6,1,false,false,0.49264663,1.6272216,8.432682,1.2322866,0.004899311,3
75.44098,0.62660193,43.79657723866381,-88.00238901605742,0,1,8380.964,-0.0002802146,6,1,false,false,0.2608229,1.9535966,8.923192,1.2323751,0.0052118516,3
75.47583,0.626798,43.796588219065264,-88.00239237118684,0,1,8376.519,-0.0050373697,6,1,false,false,0.0823271,2.029009,11.60768,1.2324398,0.0020798864,3
75.51212,0.6269941,43.79659928955782,-88.00239560193985,0,1,8379.656,-0.009234095,6,1,false,false,-0.13354704,2.0432665,10.986566,1.2324595,-0.0017215293,3
75.54785,0.62719035,43.79661035991304,-88.00239883193447,0,1,8384.787,-0.012311048,6,1,false,false,-0.3988865,2.015825,12.979676,1.2324153,-0.0058507705,3
75.585175,0.6273866,43.79662152035935,-88.00240218706391,0,1,8380.956,-0.013989086,6,1,false,false,-0.5302074,2.0855641,10.859728,1.2322991,-0.009752585,3
75.62129,0.627583,43.796632590714566,-88.00240541781692,0,1,8374.674,-0.015668212,6,1,false,false,-0.5977001,1.6527338,7.006586,1.2321218,-0.011940048,3
75.658424,0.62777954,43.79664366106979,-88.00240877294634,0,1,8377.517,-0.0142693,6,1,false,false,-0.5154251,1.9394966,8.643365,1.2318996,-0.012708021,3
75.688866,0.6279761,43.79665473142501,-88.00241200294096,0,1,8386.0205,-0.00979236,6,1,false,false,-0.52916044,1.5463964,8.979034,1.2316562,-0.013378203,3
75.716576,0.6281728,43.79666589187132,-88.00241535807038,0,1,8402.885,0.0019571758,6,1,false,false,-0.46344072,1.551408,8.52953,1.231428,-0.011680359,3
75.745895,0.62836957,43.79667696222654,-88.0024185888234,0,1,8418.944,0.014547354,6,1,false,false,-0.32609475,1.8470677,8.040739,1.2312882,-0.0047538998,3
75.781296,0.6285664,43.79668803271909,-88.00242194395283,0,1,8418.452,0.022381458,6,1,false,false,-0.067347825,1.9533579,6.2811036,1.2312912,0.005321201,3
75.81822,0.62876326,43.79669919302807,-88.00242517394744,0,1,8408.337,0.021262765,6,1,false,false,0.027789414,2.0230384,9.197277,1.2314262,0.012612126,3
75.85068,0.62896025,43.79671026338329,-88.00242852907687,0,1,8411.386,0.019583644,6,1,false,false,0.40744218,1.503556,7.5776663,1.2316642,0.017794777,3
75.881165,0.62915736,43.7967214238296,-88.00243175982989,0,1,8431.826,0.022940805,6,1,false,false,0.45331353,1.68861,8.799514,1.231981,0.020283073,3
75.91442,0.6293545,43.796732584275915,-88.00243511495931,0,1,8441.441,0.028256228,6,1,false,false,0.7613517,1.9806657,11.497407,1.2323471,0.023357151,3
75.950966,0.6295517,43.796743654631136,-88.00243834571232,0,1,8429.981,0.02210125,6,1,false,false,1.0238861,2.217144,11.336081,1.2327954,0.027890993,3
75.98731,0.6297491,43.79675481507745,-88.00244170008335,0,1,8422.093,0.008672586,6,1,false,false,0.58786345,2.0321252,10.581961,1.2332838,0.02659915,3
76.023506,0.62994653,43.79676597538643,-88.00244505521277,0,1,8426.875,-0.0013989089,6,1,false,false,0.4134744,1.8379686,9.449851,1.2336717,0.01888317,3
76.05742,0.63014406,43.79677713583274,-88.0024482859658,0,1,8430.876,-0.008114321,6,1,false,false,0.4994899,1.8323933,9.614906,1.2339016,0.010386439,3
76.0882,0.63034165,43.796788296279054,-88.00245164033682,0,1,8433.502,-0.012311044,6,1,false,false,0.2964181,1.5454943,9.332566,1.2339935,0.002692982,3
76.11939,0.63053936,43.79679945658803,-88.00245499546624,0,1,8443.799,-0.006436277,6,1,false,false,0.32615697,1.7787356,8.258452,1.2339715,-0.0035465225,3
76.150024,0.6307371,43.796810617034346,-88.00245835059567,0,1,8454.164,0.0016780423,6,1,false,false,0.33232236,1.8002627,8.725333,1.233902,-0.0032720545,3
76.183174,0.63093495,43.79682177748066,-88.00246170496669,0,1,8455.491,0.002796736,6,1,false,false,0.21731879,1.7090198,6.6820993,1.2338529,-0.0007604927,3
76.2149,0.6311329,43.796832937789645,-88.00246493571971,0,1,8456.077,0.0030769496,6,1,false,false,0.060251027,1.6630132,7.212748,1.2338526,0.0025516981,3
76.24681,0.6313309,43.79684409823596,-88.00246829084914,0,1,8465.562,0.0050352057,6,1,false,false,0.24582493,1.4876246,5.4589067,1.2338868,0.004201391,3
76.27755,0.631529,43.79685525854494,-88.00247164597856,0,1,8476.464,0.00839237,6,1,false,false,0.45912975,1.5510324,6.1093616,1.2339499,0.006258161,3
76.30861,0.6317271,43.79686641899125,-88.00247500034959,0,1,8482.547,0.017066037,6,1,false,false,0.6024438,1.6749107,8.846877,1.2340564,0.008918527,3
76.33951,0.63192534,43.79687766939132,-88.00247835547901,0,1,8487.644,0.03161339,6,1,false,false,0.9113871,1.9796052,9.630165,1.2342557,0.015723906,3
76.374435,0.6321237,43.796888829837634,-88.00248171060844,0,1,8489.73,0.040846404,6,1,false,false,1.2849534,2.1409316,12.09496,1.2346288,0.02730516,3
76.4117,0.6323222,43.79689999014661,-88.00248506497947,0,1,8482.814,0.04000685,6,1,false,false,1.5941379,2.0504658,13.03903,1.2352027,0.03804153,3
76.448,0.63252074,43.79691124054669,-88.00248842010889,0,1,8474.23,0.038048584,6,1,false,false,1.9203748,1.9452438,10.81228,1.2359033,0.042494796,3
76.484474,0.6327194,43.796922400993004,-88.00249177523831,0,1,8472.24,0.038048588,6,1,false,false,2.2092743,1.828038,10.557956,1.2366178,0.041705616,3
76.51754,0.6329181,43.796933651393076,-88.00249525398574,0,1,8474.698,0.039727718,6,1,false,false,2.535128,1.6339561,9.639773,1.2373035,0.041407462,3
76.54729,0.63311696,43.79694481183939,-88.00249860911516,0,1,8481.876,0.04280465,6,1,false,false,2.506452,1.5849878,9.639209,1.2379905,0.042367563,3
76.575745,0.63331586,43.79695606223946,-88.00250196424459,0,1,8493.716,0.0458816,6,1,false,false,2.6607418,1.7043601,10.579179,1.2387179,0.045407075,3
76.604645,0.6335148,43.79696722254844,-88.00250544299203,0,1,8502.103,0.046442036,6,1,false,false,2.8988364,1.6332382,11.769921,1.2395201,0.050231487,3
76.6367,0.6337139,43.79697847294852,-88.00250892249785,0,1,8503.749,0.04280465,6,1,false,false,3.0748827,1.8217144,11.289806,1.2404085,0.053490177,3
76.670364,0.63391304,43.79698972334859,-88.00251227686888,0,1,8501.113,0.039727718,6,1,false,false,3.0934632,1.7558935,10.621424,1.2412947,0.050418008,3
76.70427,0.6341123,43.7970008837949,-88.00251575637472,0,1,8497.904,0.03776838,6,1,false,false,3.2882085,1.8294309,13.834992,1.2421081,0.046467092,3
76.73628,0.6343116,43.79701213419498,-88.00251923512215,0,1,8500.589,0.03608924,6,1,false,false,3.2258444,1.7607553,12.502953,1.2428848,0.04486854,3
76.76703,0.634511,43.79702338459505,-88.00252271462799,0,1,8508.068,0.031613402,6,1,false,false,2.8808618,1.8150353,12.544638,1.2436455,0.04285031,3
76.79891,0.6347105,43.79703463499512,-88.00252619337543,0,1,8507.986,0.02433971,6,1,false,false,2.8662763,1.849988,13.487969,1.2443372,0.03871679,3
76.83028,0.63491005,43.79704579544144,-88.00252967288125,0,1,8505.387,0.007833019,6,1,false,false,2.092777,1.6150614,10.127733,1.2449418,0.03127623,3
76.8612,0.6351097,43.79705704584151,-88.0025332760051,0,1,8509.367,-0.0030780323,6,1,false,false,1.7721429,1.5754883,9.183704,1.2453593,0.019018767,3
76.8907,0.6353094,43.797068296241584,-88.00253675551093,0,1,8519.047,-0.010072576,6,1,false,false,1.2989357,1.4872772,5.9843407,1.2455635,0.0073393947,3
76.91786,0.63550925,43.79707954664166,-88.00254035863477,0,1,8526.557,-0.005037371,6,1,false,false,1.0244987,1.5132254,8.243315,1.2455847,-0.00013852716,3
76.944664,0.6357091,43.79709079704173,-88.0025438381406,0,1,8536.63,0.0053154207,6,1,false,false,0.90054256,1.4419441,6.532404,1.2455401,-0.0015305851,3
76.96961,0.635909,43.79710204730447,-88.00254744126445,0,1,8552.059,0.017904518,6,1,false,false,0.9346285,1.4752374,7.6580386,1.2455218,0.0022565266,3
76.99906,0.636109,43.79711329770455,-88.00255092077028,0,1,8562.858,0.029374918,6,1,false,false,1.096011,1.4684196,8.407031,1.2455922,0.00882493,3
77.030426,0.636309,43.79712454810462,-88.00255452389412,0,1,8561.798,0.035530988,6,1,false,false,1.4512908,1.7464786,5.2017455,1.2458172,0.019059721,3
77.06323,0.6365092,43.79713579850469,-88.00255800264156,0,1,8557.995,0.035810113,6,1,false,false,1.6356748,1.6630592,9.002602,1.2462173,0.028851056,3
77.09711,0.6367094,43.79714713899586,-88.0025616065238,0,1,8557.585,0.03916728,6,1,false,false,1.6515535,1.6353579,9.992145,1.2467396,0.033518977,3
77.12806,0.63690966,43.79715838939594,-88.00256520964764,0,1,8560.684,0.03804858,6,1,false,false,1.8628817,2.031765,10.099596,1.2473757,0.03963388,3
77.162155,0.63711005,43.79716963979601,-88.00256881352988,0,1,8559.398,0.028536446,6,1,false,false,1.7485373,1.7903749,8.828327,1.2480296,0.03666395,3
77.19328,0.6373105,43.79718089019608,-88.00257241665372,0,1,8551.068,0.014547355,6,1,false,false,1.8319087,1.7021945,9.749846,1.2485832,0.031556446,3
77.22176,0.6375111,43.79719223054992,-88.00257601977756,0,1,8557.613,-0.0016791234,6,1,false,false,1.1819232,1.1998638,6.9613643,1.2490124,0.021352744,3
77.248695,0.63771164,43.79720348094999,-88.0025796236598,0,1,8575.897,-0.0008406437,6,1,false,false,1.0046675,1.4788761,5.920233,1.2492521,0.010654033,3
77.27655,0.63791233,43.79721473135007,-88.00258322678364,0,1,8586.283,-0.0036384612,6,1,false,false,0.73133767,1.4092227,7.3399887,1.2493498,0.004357681,3
77.30634,0.638113,43.79722607184123,-88.0025868299075,0,1,8586.174,-0.008114319,6,1,false,false,0.33498487,1.4731531,6.3551564,1.2493585,-0.00077760464,3
77.33573,0.63831383,43.79723732224131,-88.00259043378973,0,1,8591.722,-0.010072578,6,1,false,false,-0.04013543,1.7515429,9.041913,1.2492896,-0.0063639972,3
77.368355,0.6385147,43.79724866259514,-88.00259403691358,0,1,8599.997,-0.013989087,6,1,false,false,-0.47638756,1.6113048,9.273209,1.24914,-0.011919758,3
77.399445,0.6387157,43.797259912995216,-88.00259764003742,0,1,8599.026,-0.02797817,6,1,false,false,-1.0050349,1.7088022,11.374666,1.2489241,-0.016049845,3
77.430916,0.6389167,43.79727125334905,-88.00260124391966,0,1,8592.319,-0.046723332,6,1,false,false,-1.7523221,1.7059166,11.508586,1.2486131,-0.024290858,3
77.46335,0.6391178,43.797282593840215,-88.00260497141991,0,1,8588.959,-0.067426756,6,1,false,false,-2.2685912,1.8069268,12.161433,1.2481319,-0.036153648,3
77.49386,0.63931894,43.79729393419405,-88.00260857454376,0,1,8586.773,-0.084213674,6,1,false,false,-2.9270532,1.3881843,11.856593,1.2474071,-0.052107897,3
77.5188,0.6395202,43.79730518459412,-88.00261217842599,0,1,8585.929,-0.09316647,6,1,false,false,-3.7039375,1.3174651,11.207535,1.2464083,-0.06833038,3
77.544426,0.63972163,43.797316525016626,-88.00261578154984,0,1,8591.496,-0.08841036,6,1,false,false,-4.084461,1.3641254,11.871442,1.2451739,-0.079401664,3
77.57013,0.639923,43.79732786537046,-88.00261926105567,0,1,8596.48,-0.085332364,6,1,false,false,-4.1966033,1.3712502,8.487221,1.2438005,-0.08398797,3
77.596886,0.6401245,43.79733920579296,-88.00262286417951,0,1,8598.677,-0.080576256,6,1,false,false,-4.6180353,1.4179368,10.145328,1.2423878,-0.08551113,3
77.62414,0.64032614,43.79735054621546,-88.00262646730336,0,1,8601.791,-0.06910589,6,1,false,false,-4.913906,1.2178559,10.489236,1.2409881,-0.08207608,3
77.64955,0.6405277,43.797361886637965,-88.00262994680918,0,1,8608.105,-0.05707397,6,1,false,false,-4.7133813,1.581952,10.131564,1.2396367,-0.077403724,3
77.67094,0.64072937,43.79737331701423,-88.00263354993302,0,1,8615.944,-0.048122246,6,1,false,false,-4.833873,1.0597787,10.23359,1.2384071,-0.07073745,3
77.70124,0.6409311,43.79738465743672,-88.00263702943886,0,1,8625.062,-0.03553207,6,1,false,false,-4.730546,1.4929671,10.239765,1.2373036,-0.061278936,3
77.73075,0.64113295,43.79739599779056,-88.00264050818629,0,1,8623.52,-0.02741883,6,1,false,false,-4.2438097,1.7281401,6.761949,1.2363758,-0.049230188,3
77.76051,0.6413349,43.79740742823549,-88.00264398769212,0,1,8617.357,-0.02154298,6,1,false,false,-4.428336,1.376462,10.642906,1.2356532,-0.039306693,3
77.791306,0.6415368,43.79741876865799,-88.00264746643956,0,1,8621.397,-0.017906684,6,1,false,false,-3.8936567,1.3631411,7.461195,1.2350674,-0.031216599,3
77.81732,0.64173883,43.79743019903425,-88.00265094594539,0,1,8636.101,-0.026579268,6,1,false,false,-4.2417564,1.9814395,10.494781,1.234603,-0.02689374,3
77.845825,0.64194095,43.797441629410514,-88.00265442469284,0,1,8636.438,-0.038329888,6,1,false,false,-4.3484163,1.4096622,12.768039,1.2341425,-0.03016165,3
77.87811,0.64214313,43.79745296983302,-88.00265790419866,0,1,8629.691,-0.05287832,6,1,false,false,-4.25316,2.1504004,12.16468,1.233609,-0.034731466,3
77.9044,0.6423454,43.797464400277946,-88.00266125856969,0,1,8629.657,-0.07442129,6,1,false,false,-4.530766,1.5431774,11.349579,1.2329121,-0.050203744,3
77.931564,0.64254767,43.79747583065421,-88.00266473807552,0,1,8638.36,-0.089809306,6,1,false,false,-5.6808515,1.0266651,13.532687,1.231943,-0.07005777,3
77.96346,0.64275,43.79748726103047,-88.00266809320495,0,1,8643.8955,-0.09904123,6,1,false,false,-5.976817,1.7845207,12.331943,1.2306517,-0.08545129,3
77.992256,0.64295256,43.7974986914754,-88.00267144757598,0,1,8634.817,-0.112470955,6,1,false,false,-7.1752977,1.6499249,13.550104,1.229131,-0.1001253,3
78.0241,0.6431551,43.79751012185166,-88.0026748027054,0,1,8625.683,-0.12645896,6,1,false,false,-7.849386,1.2240196,15.425765,1.2273738,-0.11470533,3
78.05257,0.6433577,43.79752155229659,-88.00267815783482,0,1,8633.797,-0.14408654,6,1,false,false,-8.747623,1.8962749,12.608614,1.2253424,-0.1290638,3
78.0775,0.6435604,43.79753307269527,-88.00268151220585,0,1,8639.093,-0.16255148,6,1,false,false,-9.552958,1.5658296,14.983427,1.2230865,-0.14323519,3
78.10611,0.6437632,43.797544503071535,-88.00268474295886,0,1,8636.09,-0.17654052,6,1,false,false,-10.607051,1.3499383,14.227385,1.2206482,-0.15306403,3
78.131065,0.64396596,43.79755602353889,-88.00268797371187,0,1,8638.8125,-0.18409446,6,1,false,false,-11.415579,1.7280488,13.302866,1.2179532,-0.16864298,3
78.15268,0.64416885,43.79756745391515,-88.0026912044649,0,1,8648.624,-0.19164835,6,1,false,false,-12.625071,1.0485315,14.146513,1.2150007,-0.1894958,3
78.1777,0.64437187,43.797578974313836,-88.0026943108415,0,1,8658.33,-0.20060226,6,1,false,false,-13.93048,1.1494813,13.693857,1.2117561,-0.20323278,3
78.20185,0.6445749,43.79759049471253,-88.00269741721812,0,1,8657.284,-0.20899566,6,1,false,false,-14.762865,1.9434795,13.916686,1.2082326,-0.21722591,3
78.22599,0.64477795,43.79760201511122,-88.00270052359473,0,1,8650.912,-0.22438261,6,1,false,false,-16.069138,1.2575774,15.809176,1.2045783,-0.22703989,3
78.25384,0.6449811,43.79761353557857,-88.00270350559492,0,1,8650.389,-0.2428486,6,1,false,false,-17.047264,1.4640355,14.275881,1.2008002,-0.2273958,3
78.27608,0.64518434,43.797625055977264,-88.00270648759512,0,1,8653.037,-0.2579575,6,1,false,false,-16.933828,1.7258149,12.709299,1.1969515,-0.23050772,3
78.29751,0.64538753,43.797636666398375,-88.00270946959532,0,1,8655.144,-0.27138823,6,1,false,false,-17.590458,1.3290625,14.658377,1.193105,-0.2370741,3
78.31989,0.6455909,43.79764818679707,-88.0027123279775,0,1,8660.387,-0.28034115,6,1,false,false,-17.942707,1.3994104,13.825313,1.1891074,-0.24185929,3
78.33649,0.6457943,43.79765979721818,-88.0027150612249,0,1,8667.4795,-0.28929394,6,1,false,false,-18.049097,1.5974959,12.255795,1.1849213,-0.25837445,3
78.35417,0.64599764,43.797671317616874,-88.00271779523068,0,1,8674.768,-0.30076534,6,1,false,false,-17.608356,0.9854475,11.780895,1.1805602,-0.26828626,3
78.37382,0.6462012,43.797682928037986,-88.00272052847806,0,1,8681.026,-0.3111182,6,1,false,false,-18.230059,1.2573439,10.900724,1.1760647,-0.270092,3
78.390564,0.6464046,43.797694538459105,-88.00272313810744,0,1,8685.655,-0.3161534,6,1,false,false,-19.258587,1.3333378,10.985653,1.1714557,-0.2833576,3
78.40195,0.6466082,43.79770614881156,-88.0027256233604,0,1,8693.174,-0.31475452,6,1,false,false,-22.41401,0.6658951,19.12413,1.166487,-0.32060456,3
78.412735,0.64681166,43.79771775923267,-88.00272810785498,0,1,8702.402,-0.30747977,6,1,false,false,-24.922743,1.1267595,18.593119,1.1608258,-0.3578549,3
78.42415,0.64701533,43.79772945967621,-88.00273046873153,0,1,8696.427,-0.3002061,6,1,false,false,-23.619543,1.436475,14.801627,1.1549447,-0.33935326,3
78.44329,0.647219,43.79774107009733,-88.00273282960809,0,1,8673.425,-0.29544994,6,1,false,false,-22.696508,1.6365639,12.992076,1.1498824,-0.26978293,3
78.4553,0.6474228,43.79775277047221,-88.00273494249022,0,1,8661.118,-0.3055215,6,1,false,false,-21.335976,0.7385559,12.531165,1.1457887,-0.2300648,3
78.46122,0.6476265,43.79776438089332,-88.00273717899037,0,1,8685.1045,-0.34161398,6,1,false,false,-19.57199,0.4635698,7.296337,1.141974,-0.23059672,3
78.46616,0.6478303,43.79777608133686,-88.00273929111412,0,1,8718.916,-0.3995307,6,1,false,false,-19.467508,0.69752,7.7973943,1.137976,-0.25171912,3
78.470375,0.64803386,43.79778778171174,-88.00274127886146,0,1,8727.467,-0.4594069,6,1,false,false,-21.471802,0.66565347,10.054867,1.1333504,-0.31447688,3
78.476265,0.64823747,43.79779939213286,-88.0027432673672,0,1,8732.046,-0.49997738,6,1,false,false,-24.15396,0.7573267,10.073809,1.1274154,-0.39887103,3
78.49057,0.648441,43.7978110925764,-88.00274513073812,0,1,8742.315,-0.51844454,6,1,false,false,-27.070902,1.8845874,9.233496,1.1202254,-0.44897032,3
78.50868,0.6486445,43.79782279301995,-88.00274687049104,0,1,8728.668,-0.50977093,6,1,false,false,-27.664242,1.5766702,10.335652,1.1127746,-0.43908417,3
78.52584,0.64884806,43.79783458341725,-88.00274848586754,0,1,8706.621,-0.4792718,6,1,false,false,-28.809278,1.3843867,9.547501,1.1055963,-0.42231753,3
78.535774,0.6490516,43.797846283792126,-88.00275010124405,0,1,8709.518,-0.44373858,6,1,false,false,-29.433477,1.0005352,11.994955,1.0986192,-0.4147669,3
78.54622,0.6492552,43.79785798423567,-88.00275159224415,0,1,8729.035,-0.4196758,6,1,false,false,-24.933184,1.2124412,3.9420464,1.0919517,-0.37212807,3
78.55317,0.64945877,43.79786977463297,-88.00275295886784,0,1,8732.064,-0.40484717,6,1,false,false,-29.115036,0.85827255,16.44602,1.0859383,-0.36950278,3
78.55633,0.6496624,43.797881475076515,-88.00275432624993,0,1,8727.328,-0.4062461,6,1,false,false,-25.68051,0.245157,5.723906,1.0795891,-0.39958647,3
78.56637,0.649866,43.79789326550815,-88.00275544412081,0,1,8752.884,-0.41240108,6,1,false,false,-27.320295,2.5512364,7.539365,1.0727371,-0.39761963,3
78.58718,0.6500697,43.79790496591736,-88.00275656275008,0,1,8744.302,-0.410444,6,1,false,false,-24.54286,1.3862661,4.957822,1.066786,-0.3225268,3
78.5978,0.65027356,43.79791675631467,-88.00275768062096,0,1,8717.843,-0.41268128,6,1,false,false,-25.724808,0.9597075,8.256644,1.0615988,-0.31248254,3
78.60166,0.65047735,43.797928546746306,-88.00275855049742,0,1,8738.344,-0.42779022,6,1,false,false,-27.379314,0.6428908,10.75902,1.0561212,-0.35145494,3
78.60288,0.6506813,43.79794033717794,-88.00275942037388,0,1,8773.411,-0.44457814,6,1,false,false,-28.873562,0.7882433,11.20063,1.0498517,-0.3979476,3
78.61084,0.65088534,43.79795212757524,-88.00276016587392,0,1,8765.056,-0.4496134,6,1,false,false,-30.122967,1.3007394,11.337732,1.0429918,-0.41990575,3
78.62567,0.6510895,43.797963918006886,-88.00276078699757,0,1,8733.042,-0.43954188,6,1,false,false,-31.49043,1.7065022,12.131469,1.0359585,-0.4194854,3
78.639175,0.65129375,43.79797570843852,-88.0027614088796,0,1,8724.735,-0.4219144,6,1,false,false,-32.383514,1.4985006,12.950405,1.0291103,-0.40000913,3
78.64816,0.6514981,43.79798749883582,-88.00276178125043,0,1,8735.917,-0.3956142,6,1,false,false,-31.811764,1.1535282,11.357638,1.022674,-0.3700938,3
78.656494,0.6517025,43.797999289267466,-88.00276215437965,0,1,8737.815,-0.37323064,6,1,false,false,-30.242119,1.1627102,9.732699,1.0167661,-0.33937204,3
78.66621,0.65190715,43.79801107966477,-88.00276227799766,0,1,8729.368,-0.36483598,6,1,false,false,-29.203915,0.9619113,10.3347645,1.0113196,-0.31971082,3
78.673676,0.65211177,43.7980228700964,-88.00276240237407,0,1,8730.811,-0.36931407,6,1,false,false,-28.249428,0.92298526,10.5852995,1.0059983,-0.32102314,3
78.68081,0.6523167,43.79803466052804,-88.00276240237407,0,1,8744.683,-0.38162398,6,1,false,false,-27.533209,1.1721585,9.35789,1.0005922,-0.32739297,3
78.692215,0.6525216,43.79804645092535,-88.00276227799766,0,1,8748.663,-0.39533406,6,1,false,false,-27.055397,1.3107738,10.58297,0.99516106,-0.32280508,3
78.703255,0.6527267,43.79805824135698,-88.00276215437965,0,1,8739.027,-0.41184282,6,1,false,false,-27.265715,1.178035,10.594669,0.9897725,-0.32702008,3
78.713875,0.6529319,43.79807003178862,-88.00276190562684,0,1,8738.7705,-0.4328265,6,1,false,false,-27.337982,1.0426613,9.167211,0.98421305,-0.34026548,3
78.72365,0.6531373,43.79808191220835,-88.00276153249762,0,1,8746.986,-0.4610848,6,1,false,false,-28.225616,1.0088282,11.797897,0.97844404,-0.35233682,3
78.73255,0.6533428,43.798093702605655,-88.00276103575038,0,1,8748.044,-0.49018505,6,1,false,false,-29.57499,1.0430963,11.912751,0.9724342,-0.36986285,3
78.74198,0.65354836,43.79810549303729,-88.00276041462674,0,1,8742.434,-0.51368725,6,1,false,false,-29.465876,1.127449,11.164921,0.9661054,-0.38786015,3
78.75011,0.65375406,43.798117283468926,-88.00275979350309,0,1,8740.451,-0.5341128,6,1,false,false,-30.289644,0.86383444,11.658391,0.9595033,-0.40496948,3
78.755775,0.65395975,43.798129073866235,-88.00275904800304,0,1,8744.334,-0.55118084,6,1,false,false,-30.519405,0.7680447,10.256957,0.9526166,-0.42028096,3
78.7622,0.6541656,43.79814086429787,-88.00275817812658,0,1,8749.26,-0.5646105,6,1,false,false,-30.835484,0.9958901,10.439723,0.94555277,-0.42473117,3
78.76734,0.65437156,43.79815265469517,-88.00275718387373,0,1,8748.528,-0.57552254,6,1,false,false,-30.884964,0.8705037,9.848696,0.93846434,-0.42773512,3
78.771675,0.6545775,43.798164445126815,-88.00275606524445,0,1,8749.098,-0.5883941,6,1,false,false,-29.846182,0.8192413,6.7565117,0.9313002,-0.43007222,3
78.775,0.65478355,43.798176235541284,-88.00275482299716,0,1,8756.381,-0.6026636,6,1,false,false,-30.126457,0.6357391,9.078884,0.9241562,-0.4302768,3
78.7764,0.6549894,43.79818802597292,-88.00275358074988,0,1,8762.833,-0.61077774,6,1,false,false,-30.44136,0.6509578,8.030911,0.9168816,-0.4459206,3
78.77476,0.6551953,43.79819981638739,-88.00275221336778,0,1,8770.079,-0.61637473,6,1,false,false,-30.817566,0.60294056,9.253321,0.90925556,-0.46934685,3
78.777176,0.655401,43.798211606801864,-88.00275059799128,0,1,8775.217,-0.6124571,6,1,false,false,-31.290102,1.0196106,8.822947,0.90132356,-0.4782474,3
78.78046,0.6556066,43.79822330722824,-88.00274898337317,0,1,8773.31,-0.5970679,6,1,false,false,-30.089594,1.015841,6.06311,0.8934257,-0.46539462,3
78.78671,0.65581226,43.79823509764271,-88.00274736799666,0,1,8770.968,-0.5772017,6,1,false,false,-28.91135,1.067028,5.7079344,0.88595974,-0.4300524,3
78.79049,0.6560177,43.79824679805192,-88.00274550386735,0,1,8774.539,-0.56265247,6,1,false,false,-28.716057,0.746147,5.1110783,0.87910336,-0.40170398,3
78.7866,0.6562231,43.79825858846639,-88.00274351612,0,1,8786.331,-0.5612533,6,1,false,false,-30.561415,0.46467653,9.428008,0.8723379,-0.42202303,3
78.779564,0.65642846,43.798270288892766,-88.00274152761428,0,1,8800.867,-0.5707667,6,1,false,false,-30.239164,0.46500263,5.8975344,0.8649724,-0.46104357,3
78.780396,0.6566337,43.79828198930198,-88.00273941549052,0,1,8806.288,-0.5791613,6,1,false,false,-30.794119,1.0769384,8.510709,0.85719156,-0.4673042,3
78.78296,0.65683883,43.798293689728354,-88.00273717899037,0,1,8793.515,-0.57468307,6,1,false,false,-32.52201,0.9378692,9.297911,0.8494056,-0.4701377,3
78.78201,0.6570439,43.798305390137564,-88.00273481811382,0,1,8786.721,-0.55761504,6,1,false,false,-33.199913,1.0135059,9.581443,0.8415126,-0.47677803,3
78.78349,0.6572489,43.79831709055536,-88.00273233286086,0,1,8793.527,-0.5273972,6,1,false,false,-33.34736,1.1065091,8.879408,0.83367276,-0.45860168,3
78.78362,0.6574538,43.79832879097315,-88.00272972323148,0,1,8791.622,-0.48850596,6,1,false,false,-34.09704,1.0461136,10.6478195,0.8262372,-0.43703315,3
78.78217,0.65765864,43.79834040138568,-88.0027271143605,0,1,8783.625,-0.4560497,6,1,false,false,-34.799152,1.0165975,11.41648,0.8190018,-0.43472996,3
78.780556,0.65786344,43.798352011798215,-88.00272425597832,0,1,8784.452,-0.42555168,6,1,false,false,-34.59808,1.0486648,11.320809,0.8117187,-0.43580118,3
78.78367,0.6580682,43.798363712207426,-88.00272139835452,0,1,8786.372,-0.40092957,6,1,false,false,-35.232235,1.3904502,10.623365,0.80461764,-0.41027245,3
78.79005,0.65827286,43.79837532261996,-88.00271829197791,0,1,8775.024,-0.38162398,6,1,false,false,-33.642433,1.4686462,9.328959,0.79812557,-0.3665304,3
78.80012,0.6584776,43.79838684303152,-88.0027150612249,0,1,8762.009,-0.36427784,6,1,false,false,-31.401705,1.4920511,7.564008,0.7924413,-0.31628764,3
78.80966,0.6586822,43.79839845344406,-88.00271183047188,0,1,8762.499,-0.35728222,6,1,false,false,-29.530767,1.0658752,7.4176836,0.7876627,-0.26493835,3
78.809814,0.65888697,43.798410063856586,-88.00270847610085,0,1,8770.923,-0.35924143,6,1,false,false,-29.449791,0.73365366,12.68771,0.78324926,-0.27703878,3
78.80818,0.65909153,43.79842158426815,-88.00270499659503,0,1,8782.054,-0.37351084,6,1,false,false,-29.824244,0.5976853,12.3604145,0.7782667,-0.32677925,3
78.81357,0.6592962,43.7984331046765,-88.00270139347117,0,1,8784.207,-0.3855416,6,1,false,false,-30.261879,1.4600158,12.575736,0.7724285,-0.36060885,3
78.821846,0.65950084,43.798444625086454,-88.00269778958894,0,1,8767.227,-0.3902977,6,1,false,false,-32.42269,1.6499714,14.677418,0.7661815,-0.38184282,3
78.83646,0.65970546,43.79845614549587,-88.00269393771228,0,1,8750.326,-0.39645374,6,1,false,false,-34.359562,1.2779188,15.182336,0.7599595,-0.36646625,3
78.84623,0.6599102,43.79846766590475,-88.00269008583562,0,1,8743.488,-0.40316805,6,1,false,false,-34.15777,1.5741688,15.050634,0.75399286,-0.34367922,3
78.84984,0.66011494,43.79847909631213,-88.00268598596455,0,1,8743.418,-0.41240117,6,1,false,false,-33.166748,1.1309509,15.764689,0.7483119,-0.33985782,3
78.85683,0.66031975,43.79849052671843,-88.00268188533506,0,1,8746.532,-0.41995603,6,1,false,false,-32.158203,0.8650205,14.168124,0.74275994,-0.33105922,3
78.86557,0.66052455,43.798501957124735,-88.00267766032918,0,1,8748.345,-0.42639124,6,1,false,false,-29.98642,1.4655484,9.827162,0.73725677,-0.3199254,3
78.87169,0.6607294,43.79851338753104,-88.0026733117053,0,1,8746.594,-0.4297485,6,1,false,false,-28.4654,0.96747786,12.341684,0.7318618,-0.32851827,3
78.87942,0.6609343,43.79852472793637,-88.00266883870499,0,1,8752.165,-0.4378627,6,1,false,false,-28.978697,0.4402791,12.289137,0.72635096,-0.34359387,3
78.886406,0.66113937,43.79853615833838,-88.0026643649463,0,1,8762.478,-0.4445781,6,1,false,false,-28.097898,1.2042838,9.639818,0.72039783,-0.3607652,3
78.88986,0.6613444,43.798547498743716,-88.00265976756958,0,1,8761.912,-0.44905514,6,1,false,false,-28.400053,0.80375475,13.677656,0.71417505,-0.3855484,3
78.90193,0.66154945,43.798558749143794,-88.00265504581647,0,1,8756.734,-0.453531,6,1,false,false,-30.743788,0.7153488,12.237246,0.7078139,-0.38356543,3
78.911575,0.6617545,43.79857008954912,-88.00265020044534,0,1,8752.626,-0.45129257,6,1,false,false,-30.445698,1.589403,12.021412,0.70138556,-0.37420693,3
78.91366,0.66195947,43.79858142994588,-88.0026452299394,0,1,8751.304,-0.4487748,6,1,false,false,-29.042868,0.49491277,12.200081,0.6951131,-0.38334057,3
78.92358,0.6621644,43.79859268034595,-88.00264026019187,0,1,8757.333,-0.45213214,6,1,false,false,-29.807213,0.7006688,12.271018,0.6888313,-0.3672778,3
78.93448,0.6623693,43.79860393075461,-88.00263516530954,0,1,8755.963,-0.4585683,6,1,false,false,-25.946556,1.8209748,7.5964994,0.6831204,-0.30274385,3
78.94025,0.6625742,43.79861509114942,-88.00262994680918,0,1,8751.606,-0.46835965,6,1,false,false,-25.699026,0.4415437,11.326162,0.67832243,-0.29918212,3
78.93467,0.662779,43.79862634154949,-88.00262460393242,0,1,8771.777,-0.49186295,6,1,false,false,-32.515865,-1.4107479,15.5262165,0.672898,-0.39257163,3
78.9144,0.6629837,43.798637501944306,-88.00261913667926,0,1,8818.037,-0.5131279,6,1,false,false,-39.84387,1.1248358,19.739073,0.66443276,-0.5957438,3
78.91467,0.66318846,43.79864866233912,-88.0026136694261,0,1,8808.828,-0.51816404,6,1,false,false,-34.951904,0.93770754,14.40306,0.6534401,-0.6641763,3
78.939964,0.66339314,43.79865973272867,-88.00260795342011,0,1,8732.37,-0.5027762,6,1,false,false,-41.53123,1.7372721,20.767633,0.6434518,-0.5003207,3
78.94936,0.6635979,43.79867080311823,-88.00260223741412,0,1,8682.562,-0.47143877,6,1,false,false,-38.758324,1.5114188,22.292055,0.6358893,-0.40391427,3
78.94136,0.6638026,43.79868187352494,-88.00259627341373,0,1,8734.869,-0.43590447,6,1,false,false,-38.412243,1.1690131,23.96455,0.6290369,-0.40782,3
78.94178,0.66400725,43.79869285390924,-88.00259018503692,0,1,8773.597,-0.39505482,6,1,false,false,-35.985046,0.90032554,25.998589,0.6228951,-0.32609367,3
78.94607,0.664212,43.798703834293526,-88.0025840966601,0,1,8743.075,-0.35308543,6,1,false,false,-28.538996,1.3120706,13.433103,0.61772275,-0.29241368,3
78.95547,0.6644166,43.798714724689724,-88.00257775953048,0,1,8735.132,-0.31615338,6,1,false,false,-23.583382,1.5856868,6.6517262,0.6130023,-0.2757831,3
78.972305,0.6646214,43.79872570507402,-88.00257142240086,0,1,8762.988,-0.2862158,6,1,false,false,-19.141907,0.1435718,2.1537883,0.6088946,-0.22705697,3
78.964066,0.6648262,43.79873659547022,-88.00256508527123,0,1,8766.665,-0.26747078,6,1,false,false,-14.3469715,-0.1560881,1.1231811,0.6052329,-0.22166106,3
78.9565,0.6650311,43.79874748584925,-88.0025586245236,0,1,8784.46,-0.2839774,6,1,false,false,-16.999035,-0.18178828,14.680034,0.60138965,-0.26650372,3
78.961235,0.6652359,43.79875837622828,-88.00255216301757,0,1,8832.1455,-0.3276248,6,1,false,false,-19.806345,0.6961554,7.6310906,0.59665245,-0.30209425,3
78.975266,0.66544086,43.79876917661922,-88.00254557713512,0,1,8838.638,-0.35756242,6,1,false,false,-20.1186,3.8565092,3.8797174,0.59118015,-0.31991968,3
79.00095,0.6656459,43.79878006699825,-88.00253899201108,0,1,8784.294,-0.36455685,6,1,false,false,-16.132109,0.780679,2.676264,0.5864055,-0.2675246,3
79.02883,0.66585106,43.79879086738919,-88.00253228251063,0,1,8771.579,-0.35112727,6,1,false,false,-18.720486,1.979823,1.3980129,0.5822504,-0.22492994,3
79.0387,0.66605633,43.798801667780126,-88.00252557225178,0,1,8795.996,-0.3340601,6,1,false,false,-19.999615,0.7042033,8.1023445,0.57857347,-0.23509204,3
79.04173,0.6662616,43.79881246817106,-88.00251873837492,0,1,8814.115,-0.34832942,6,1,false,false,-22.048456,0.6991334,10.081046,0.57428974,-0.2837007,3
79.05326,0.6664671,43.79882317853957,-88.00251190449806,0,1,8810.157,-0.3751899,6,1,false,false,-22.797684,1.3983738,9.696049,0.5692148,-0.3215543,3
79.07108,0.6666725,43.79883397893051,-88.0025049462448,0,1,8793.719,-0.37798768,6,1,false,false,-23.098686,1.6009246,8.254443,0.56373745,-0.3291704,3
79.08668,0.6668781,43.79884468929902,-88.00249786361512,0,1,8784.793,-0.36203825,6,1,false,false,-23.236633,1.214616,6.503111,0.558278,-0.3252421,3
79.09592,0.66708374,43.79885530967943,-88.00249078098544,0,1,8793.152,-0.33853707,6,1,false,false,-24.275225,0.8015989,10.953984,0.5528877,-0.32571408,3
79.104195,0.66728944,43.798866020047946,-88.00248357397936,0,1,8804.045,-0.31727317,6,1,false,false,-24.238665,1.1506348,7.536101,0.54741895,-0.3267395,3
79.11696,0.66749525,43.79887664042836,-88.00247636773167,0,1,8799.988,-0.29964674,6,1,false,false,-23.489868,1.4395877,8.939402,0.54212743,-0.30439532,3
79.13383,0.66770107,43.798887260808776,-88.00246903634918,0,1,8787.394,-0.28509712,6,1,false,false,-22.804634,1.275296,6.7425146,0.5373646,-0.27047977,3
79.1454,0.66790706,43.79889788118919,-88.00246170496669,0,1,8787.899,-0.27530372,6,1,false,false,-21.456717,1.0194142,5.323188,0.5330357,-0.25181195,3
79.155876,0.668113,43.798908411581515,-88.00245424996619,0,1,8804.638,-0.27166736,6,1,false,false,-20.90037,0.88123107,5.676927,0.5289679,-0.2402858,3
79.16439,0.6683189,43.79891903196193,-88.00244667058928,0,1,8813.809,-0.27530378,6,1,false,false,-20.460226,0.78785056,6.559144,0.52496386,-0.244296,3
79.17547,0.66852486,43.79892956231992,-88.00243909121237,0,1,8814.134,-0.28173995,6,1,false,false,-20.984,1.085724,7.9252243,0.52079415,-0.25767455,3
79.19011,0.6687308,43.79894000268982,-88.00243138670066,0,1,8812.832,-0.2862159,6,1,false,false,-20.784872,1.3033351,6.4131556,0.51641876,-0.26413342,3
79.20661,0.6689367,43.79895053308214,-88.00242368294735,0,1,8809.955,-0.28117958,6,1,false,false,-20.745476,1.348434,8.137889,0.51206094,-0.25765288,3
79.22298,0.6691427,43.79896097345203,-88.00241597919403,0,1,8805.418,-0.26747066,6,1,false,false,-20.955853,1.1878538,7.5812664,0.5078396,-0.25100812,3
79.23643,0.6693487,43.79897141382193,-88.0024080274463,0,1,8807.459,-0.24928497,6,1,false,false,-21.176546,1.1334163,9.236645,0.5036774,-0.2493108,3
79.25085,0.6695547,43.79898185419182,-88.00240019931657,0,1,8814.182,-0.23193753,6,1,false,false,-21.179848,1.400462,8.890247,0.49952927,-0.24676472,3
79.266365,0.6697607,43.798992204539296,-88.00239212243403,0,1,8811.527,-0.21627042,6,1,false,false,-20.593708,1.2569423,9.809765,0.49549076,-0.23651557,3
79.282425,0.66996676,43.799002554921096,-88.0023841699279,0,1,8804.411,-0.2123528,6,1,false,false,-20.729536,1.0787438,10.571452,0.49166223,-0.22636299,3
79.29724,0.6701728,43.79901290526856,-88.00237596942733,0,1,8803.797,-0.21543084,6,1,false,false,-20.507717,1.3387986,9.33935,0.48789656,-0.22458795,3
79.31493,0.6703789,43.79902325565036,-88.0023678925448,0,1,8806.378,-0.21822868,6,1,false,false,-20.360884,1.4465783,10.865224,0.48425034,-0.21123603,3
79.3329,0.6705851,43.79903351604407,-88.00235956766784,0,1,8799.699,-0.21710894,6,1,false,false,-20.197405,1.3316457,11.947811,0.48084792,-0.19940083,3
79.34836,0.67079127,43.799043776403444,-88.0023513671673,0,1,8796.686,-0.21627045,6,1,false,false,-19.571798,1.1757051,10.191678,0.47753733,-0.19918445,3
79.36473,0.67099744,43.79905403676282,-88.00234291715553,0,1,8802.257,-0.21738909,6,1,false,false,-18.598516,1.2526039,8.834216,0.4742226,-0.19629106,3
79.38359,0.6712037,43.79906429712219,-88.00233459227856,0,1,8803.633,-0.22438255,6,1,false,false,-14.377089,1.3299335,1.2889845,0.4711272,-0.16613516,3
79.40058,0.67141,43.799074467459135,-88.00232601864879,0,1,8798.603,-0.2355749,6,1,false,false,-16.255247,0.7463768,11.073134,0.4686117,-0.15097143,3
79.40856,0.6716163,43.79908463786475,-88.00231756939542,0,1,8806.347,-0.25935638,6,1,false,false,-18.21739,0.20390783,12.814382,0.46571442,-0.20985407,3
79.410736,0.67182267,43.7990948082017,-88.00230899576565,0,1,8843.226,-0.28201908,6,1,false,false,-20.222425,1.4746417,13.8276205,0.46143457,-0.29337466,3
79.43175,0.67202896,43.799104978538644,-88.00230042213587,0,1,8842.591,-0.28006095,6,1,false,false,-21.74962,1.6798999,14.94736,0.45634004,-0.30771282,3
79.4584,0.67223537,43.79911514894426,-88.00229172412969,0,1,8789.04,-0.2573982,6,1,false,false,-22.022423,2.2627933,13.379299,0.45137548,-0.2817157,3
79.48203,0.6724419,43.79912522925878,-88.0022829025055,0,1,8765.902,-0.22018588,6,1,false,false,-21.198288,1.40911,14.010809,0.44702774,-0.23974569,3
79.4943,0.6726485,43.79913530964196,-88.0022740801229,0,1,8793.175,-0.19304727,6,1,false,false,-20.074593,0.8319119,13.841082,0.44330487,-0.20968354,3
79.50268,0.672855,43.79914530000272,-88.00226525774032,0,1,8818.045,-0.18745162,6,1,false,false,-18.660429,0.84447896,12.890169,0.43993798,-0.19587198,3
79.51701,0.67306167,43.79915529036348,-88.00225631173971,0,1,8810.694,-0.19444618,6,1,false,false,-17.732256,1.2588979,12.329683,0.43670413,-0.19303644,3
79.53541,0.6732683,43.799165370678004,-88.0022472413627,0,1,8795.401,-0.20144072,6,1,false,false,-16.845196,1.2293204,10.557899,0.4334929,-0.19088908,3
79.55167,0.673475,43.799175271085,-88.0022382946037,0,1,8798.9,-0.20311984,6,1,false,false,-16.05155,0.95463765,11.361019,0.43036827,-0.1841091,3
79.56598,0.6736818,43.79918526137709,-88.0022292242267,0,1,8811.524,-0.1961264,6,1,false,false,-15.224654,0.94016916,9.638676,0.42734388,-0.17830136,3
79.5799,0.6738887,43.79919516178409,-88.00222002947328,0,1,8816.425,-0.18913178,6,1,false,false,-14.107674,0.8674987,9.915383,0.42445132,-0.16990386,3
79.596054,0.67409563,43.79920515214485,-88.00221083396146,0,1,8815.809,-0.18409444,6,1,false,false,-13.774274,1.0389122,9.812079,0.42166808,-0.16602524,3
79.60966,0.6743025,43.79921505248318,-88.00220163920804,0,1,8820.37,-0.18269557,6,1,false,false,-13.2581,0.9669174,9.921002,0.41887358,-0.1701936,3
79.62545,0.6745095,43.799224862799086,-88.00219232007822,0,1,8831.629,-0.18297574,6,1,false,false,-10.806306,1.2373433,2.6428993,0.41604188,-0.16191952,3
79.64503,0.67471665,43.79923476313741,-88.0021831253248,0,1,8833.994,-0.18073727,6,1,false,false,-11.733325,1.0535599,6.1970463,0.41371885,-0.12665632,3
79.65758,0.6749237,43.79924457352199,-88.00217380619497,0,1,8828.949,-0.17989774,6,1,false,false,-13.916655,0.5825532,13.272916,0.411457,-0.15511449,3
79.65146,0.67513084,43.799254473860316,-88.00216436268875,0,1,8861.593,-0.184934,6,1,false,false,-15.320432,1.0526637,13.121474,0.40819195,-0.23683141,3
79.67512,0.67533803,43.79926428424489,-88.00215504355891,0,1,8888.128,-0.16842733,6,1,false,false,-17.222525,1.4955273,15.5861225,0.4040217,-0.2545537,3
79.70269,0.6755453,43.79927409456079,-88.00214547643468,0,1,8827.872,-0.12226222,6,1,false,false,-16.716814,2.5646985,15.097975,0.4000704,-0.21358603,3
79.734634,0.6757525,43.79928381492294,-88.00213603292843,0,1,8776.508,-0.06798609,6,1,false,false,-14.78278,1.9025933,12.942012,0.39713174,-0.1376848,3
79.75302,0.6759597,43.79929362523884,-88.00212646504579,0,1,8794.045,-0.027138606,6,1,false,false,-11.648876,0.87141556,12.743197,0.39545777,-0.06700293,3
79.760506,0.6761671,43.79930334560098,-88.00211689716316,0,1,8835.723,-0.027418826,6,1,false,false,-8.939823,0.53625953,11.701316,0.39469978,-0.029628173,3
79.769165,0.67637444,43.799313065963126,-88.0021072056625,0,1,8846.797,-0.062950894,6,1,false,false,-7.101301,0.88070816,8.549773,0.39429906,-0.023424275,3
79.78512,0.67658174,43.79932278632527,-88.00209763777987,0,1,8837.166,-0.10435772,6,1,false,false,-6.706426,1.0828123,6.1611238,0.3937927,-0.03882751,3
79.80118,0.6767891,43.79933250661875,-88.0020879462792,0,1,8837.067,-0.12981722,6,1,false,false,-6.392737,0.9027939,7.1242857,0.39296585,-0.060418863,3
79.815674,0.6769965,43.7993422269809,-88.00207825402016,0,1,8852.529,-0.15191951,6,1,false,false,-7.320655,0.83766055,9.163302,0.39172125,-0.08964843,3
79.828514,0.6772039,43.79935194734304,-88.00206856251951,0,1,8864.059,-0.15807557,6,1,false,false,-7.8622394,1.1136575,8.5555725,0.38995102,-0.12114054,3
79.848076,0.6774114,43.79936157768275,-88.00205887026046,0,1,8860.104,-0.14968216,6,1,false,false,-8.114203,1.3119065,10.975816,0.38776535,-0.13814187,3
79.867714,0.67761886,43.799371298044896,-88.0020491787598,0,1,8848.177,-0.13205458,6,1,false,false,-9.128702,1.1293949,12.355553,0.38540667,-0.14482135,3
79.88449,0.6778263,43.799380928384615,-88.00203936212435,0,1,8847.926,-0.106035754,6,1,false,false,-9.078392,1.1173131,11.257066,0.38295805,-0.14688502,3
79.90112,0.6780338,43.79939064867809,-88.00202954624729,0,1,8858.126,-0.080576286,6,1,false,false,-8.536033,1.0739561,8.807906,0.38065556,-0.12719534,3
79.92105,0.6782414,43.79940027901781,-88.00201973037024,0,1,8854.749,-0.05987177,6,1,false,false,-8.079068,1.2283348,10.187804,0.37879303,-0.09562315,3
79.93704,0.678449,43.79940990935752,-88.00200991373478,0,1,8846.098,-0.045324415,6,1,false,false,-7.256919,0.8912722,9.472305,0.3774004,-0.072731294,3
79.95055,0.67865664,43.79941953976591,-88.0019999734813,0,1,8857.911,-0.043366168,6,1,false,false,-6.5483165,0.76316935,8.058055,0.37631786,-0.058580853,3
79.96662,0.67886424,43.799429170105626,-88.00199015760424,0,1,8874.29,-0.04840137,6,1,false,false,-5.983861,0.9882413,5.6667857,0.3754377,-0.047134597,3
79.98446,0.6790719,43.79943871042291,-88.00198021659239,0,1,8867.8545,-0.05455745,6,1,false,false,-5.0873656,1.2277521,6.4265637,0.37472323,-0.03728768,3
80.002335,0.6792796,43.79944834076263,-88.00197027633892,0,1,8859.047,-0.06406851,6,1,false,false,-5.001113,0.9275362,7.9028773,0.37411147,-0.03638787,3
80.01367,0.67948735,43.79945797110235,-88.00196033608545,0,1,8873.884,-0.069385,6,1,false,false,-5.3447957,0.6786121,9.663725,0.37337717,-0.052058384,3
80.0268,0.6796951,43.799467511419635,-88.00195039583198,0,1,8896.789,-0.06770697,6,1,false,false,-5.5412846,1.1203724,11.283308,0.3723836,-0.06747494,3
80.04776,0.6799029,43.799477141759354,-88.0019404555785,0,1,8889.505,-0.059871785,6,1,false,false,-5.6654253,1.5898123,11.31715,0.37122202,-0.07149138,3
80.072075,0.68011075,43.79948668214531,-88.00193039094863,0,1,8859.67,-0.049800284,6,1,false,false,-5.526706,1.6517007,13.320425,0.37007943,-0.06598734,3
80.0927,0.68031865,43.799496312485026,-88.00192044993678,0,1,8851.633,-0.042526603,6,1,false,false,-5.167685,1.1604103,12.0920515,0.36906967,-0.05614465,3
80.10771,0.6805266,43.79950585280231,-88.0019103853069,0,1,8869.557,-0.038890317,6,1,false,false,-5.0430484,0.9906029,10.450974,0.36821827,-0.046815004,3
80.121765,0.6807346,43.799515393119606,-88.00190032067702,0,1,8879,-0.04028922,6,1,false,false,-4.3627243,1.0075008,11.60712,0.36749944,-0.03918346,3
80.13663,0.6809426,43.79952502345932,-88.00189025604715,0,1,8873.999,-0.049240936,6,1,false,false,-4.25611,1.0332645,10.201481,0.3668654,-0.03793422,3
80.15142,0.6811507,43.79953456384528,-88.00188019141727,0,1,8875.641,-0.059033304,6,1,false,false,-4.2211475,0.9044761,10.08402,0.3661984,-0.04290229,3
80.167625,0.6813588,43.799544104162564,-88.0018701267874,0,1,8884.971,-0.066587195,6,1,false,false,-3.9565313,1.1215522,9.620984,0.36543655,-0.04829663,3
80.183784,0.68156695,43.79955364447985,-88.00186006215752,0,1,8888.441,-0.066866316,6,1,false,false,-4.106897,1.1874366,8.322059,0.3645836,-0.052549493,3
80.19922,0.6817753,43.79956318486581,-88.00184987315124,0,1,8885.941,-0.059592653,6,1,false,false,-3.7585194,0.9539999,7.2373114,0.3636787,-0.053181473,3
80.21496,0.6819835,43.7995727251831,-88.00183980852137,0,1,8891.814,-0.05147941,6,1,false,false,-3.7837124,0.9819968,7.959504,0.36277252,-0.054124583,3
80.229866,0.68219185,43.79958226550039,-88.00182961951508,0,1,8903.222,-0.044485953,6,1,false,false,-3.884971,1.0655162,7.816407,0.3618654,-0.05276284,3
80.24464,0.6824002,43.799591805886344,-88.0018195548852,0,1,8908.577,-0.0436453,6,1,false,false,-4.8028145,1.1060407,11.997997,0.36099178,-0.053860668,3
80.26186,0.68260866,43.79960134620363,-88.00180936587893,0,1,8903.697,-0.046443116,6,1,false,false,-4.6266446,1.2202004,9.7998705,0.36008805,-0.05597808,3
80.28273,0.6828172,43.799610886520924,-88.00179917763103,0,1,8898.336,-0.062111333,6,1,false,false,-5.539646,1.2744908,10.883477,0.35919222,-0.0556743,3
80.30396,0.6830258,43.79962042683821,-88.00178898862475,0,1,8887.213,-0.07749827,6,1,false,false,-6.0067906,1.1648631,10.201629,0.3582512,-0.058943562,3
80.322105,0.68323433,43.79962987720174,-88.00177879961846,0,1,8881.287,-0.09316646,6,1,false,false,-5.674246,1.0031599,7.7879615,0.35723704,-0.061320897,3
80.33653,0.683443,43.79963941751903,-88.00176861061219,0,1,8889.218,-0.10995337,6,1,false,false,-5.9378834,0.8734009,12.012488,0.356136,-0.07031162,3
80.34536,0.68365175,43.79964886788256,-88.00175829722949,0,1,8904.565,-0.12170398,6,1,false,false,-6.599446,0.40495104,8.24433,0.35478678,-0.09216575,3
80.357216,0.6838604,43.799658408199846,-88.00174810822321,0,1,8916.406,-0.1191853,6,1,false,false,-6.4310293,1.219774,10.727436,0.3530615,-0.11073417,3
80.37424,0.68406916,43.799667858563375,-88.00173779559891,0,1,8912.522,-0.108274244,6,1,false,false,-6.9201064,1.0249199,8.159225,0.35118812,-0.11287904,3
80.39216,0.6842779,43.79967739888067,-88.00172748221622,0,1,8902.173,-0.08645107,6,1,false,false,-6.5508466,1.2799044,7.334785,0.349333,-0.10549284,3
80.40697,0.68448675,43.799686849244196,-88.00171716883354,0,1,8905.175,-0.06490915,6,1,false,false,-6.068671,0.8770641,9.054888,0.34767017,-0.09185411,3
80.4195,0.6846956,43.799696299607724,-88.00170685545085,0,1,8918.886,-0.05847288,6,1,false,false,-5.9480906,0.55616,7.1708846,0.34627444,-0.07705385,3
80.43299,0.6849045,43.79970574997125,-88.00169654282655,0,1,8928.617,-0.053437673,6,1,false,false,-6.603842,1.2471561,11.4173765,0.3450172,-0.07280405,3
80.448166,0.6851135,43.79971520019745,-88.00168610506745,0,1,8922.415,-0.054557443,6,1,false,false,-6.026768,0.98863757,12.614222,0.34389073,-0.06453364,3
80.46466,0.68532246,43.79972456060722,-88.00167579168476,0,1,8920.056,-0.069664136,6,1,false,false,-7.2878885,1.0882202,11.43686,0.3428512,-0.06770776,3
80.484604,0.68553144,43.799734010970745,-88.00166535468405,0,1,8916.34,-0.07665867,6,1,false,false,-7.491794,1.308716,12.772483,0.34169266,-0.07350335,3
80.503784,0.6857406,43.79974346119694,-88.00165491692495,0,1,8904.834,-0.085332364,6,1,false,false,-7.2013197,1.1841414,12.688379,0.3404963,-0.072215945,3
80.52123,0.68594974,43.79975282160671,-88.00164447992425,0,1,8899.359,-0.092886254,6,1,false,false,-7.799242,1.0963553,15.671423,0.3392766,-0.07674493,3
80.53272,0.6861589,43.79976227197024,-88.00163391778875,0,1,8906.519,-0.094285145,6,1,false,false,-7.3934007,0.8135446,10.696116,0.3379131,-0.087773606,3
80.54588,0.6863681,43.79977163224267,-88.00162348078804,0,1,8917.159,-0.09260712,6,1,false,false,-6.326594,1.2247754,8.165351,0.3364526,-0.08461414,3
80.56318,0.6865774,43.7997809925151,-88.00161291865254,0,1,8911.125,-0.08617191,6,1,false,false,-5.9018717,1.0628302,9.0455265,0.3351418,-0.069469355,3
80.571724,0.68678665,43.79979035292487,-88.00160235727543,0,1,8909.996,-0.085332334,6,1,false,false,-6.4033074,0.41790798,10.6725,0.3339631,-0.07380609,3
80.57531,0.686996,43.7997998032884,-88.00159179589832,0,1,8940.942,-0.08896974,6,1,false,false,-6.9353046,0.5251739,10.244087,0.33258125,-0.09360282,3
80.588776,0.68720526,43.79980907360707,-88.0015812337628,0,1,8959.785,-0.09428515,6,1,false,false,-6.731058,1.2296324,10.464704,0.33096856,-0.099466115,3
80.60881,0.6874146,43.79981843387951,-88.0015706723857,0,1,8932.9,-0.10267859,6,1,false,false,-7.722246,1.4404985,13.834118,0.32935846,-0.096557274,3
80.62699,0.68762404,43.79982779428928,-88.0015601102502,0,1,8908.494,-0.102958806,6,1,false,false,-8.394195,1.1396092,14.638445,0.32770446,-0.105154045,3
80.640175,0.68783355,43.799837154561715,-88.00154942449667,0,1,8924.583,-0.10072034,6,1,false,false,-8.606514,0.9101863,11.922142,0.32592624,-0.11020116,3
80.65408,0.688043,43.799846424880386,-88.00153873874315,0,1,8939.257,-0.09540385,6,1,false,false,-8.512477,1.1157703,12.821573,0.3241591,-0.10195327,3
80.66954,0.6882526,43.799855695199064,-88.00152805298964,0,1,8924.038,-0.08980929,6,1,false,false,-8.263375,1.0250224,12.191622,0.3225452,-0.09240499,3
80.68342,0.68846214,43.79986505560883,-88.00151736647773,0,1,8913.942,-0.08980929,6,1,false,false,-7.4287605,0.92392904,10.428667,0.3210544,-0.08691959,3
80.6942,0.6886717,43.799874325927505,-88.0015066807242,0,1,8930.431,-0.09316644,6,1,false,false,-7.15926,0.73147666,7.988329,0.31962985,-0.08405947,3
80.70438,0.6888814,43.799883596246175,-88.00149587059428,0,1,8944.624,-0.09456536,6,1,false,false,-6.621869,0.7774204,8.230303,0.31823382,-0.0821652,3
80.716606,0.6890911,43.79989286656485,-88.00148518484076,0,1,8942.725,-0.09316646,6,1,false,false,-6.42527,0.8667458,7.131617,0.31686085,-0.081265725,3
80.72837,0.6893007,43.799902136883524,-88.00147437471084,0,1,8942.418,-0.08784996,6,1,false,false,-6.186233,0.8844484,6.205299,0.31547636,-0.08225109,3
80.73981,0.68951046,43.79991131724844,-88.00146356458092,0,1,8953.053,-0.08309387,6,1,false,false,-5.9480886,0.7566036,5.3808656,0.3141061,-0.07961064,3
80.75101,0.6897202,43.799920587567115,-88.00145275445098,0,1,8962.519,-0.0811356,6,1,false,false,-5.9974422,0.686937,6.581732,0.31277213,-0.0786538,3
80.763054,0.68992996,43.79992976793203,-88.00144194432106,0,1,8965.196,-0.0830939,6,1,false,false,-6.20928,0.8942534,6.931201,0.31146115,-0.07802297,3
80.777374,0.6901397,43.7999390382507,-88.00143100981472,0,1,8966.678,-0.08673127,6,1,false,false,-6.679244,1.068277,7.250663,0.31013045,-0.08131882,3
80.792305,0.6903496,43.79994821847828,-88.0014201996848,0,1,8965.357,-0.09372579,6,1,false,false,-6.998796,1.1562585,11.1169,0.30875143,-0.0844218,3
80.807236,0.6905594,43.79995739884319,-88.00140926517847,0,1,8965.054,-0.10351819,6,1,false,false,-7.6272187,1.0766312,8.826212,0.3072857,-0.092576005,3
80.8223,0.6907692,43.79996666916187,-88.00139845504854,0,1,8963.115,-0.10491707,6,1,false,false,-7.6395817,1.3569322,9.771108,0.30566794,-0.099447876,3
80.83929,0.690979,43.79997584952678,-88.00138752054221,0,1,8958.196,-0.10435774,6,1,false,false,-7.596588,0.97845167,7.872237,0.3040145,-0.09790353,3
80.85383,0.69118893,43.7999849398006,-88.00137646165946,0,1,8956.042,-0.10072034,6,1,false,false,-7.8839173,0.8394913,8.181852,0.3023749,-0.09829313,3
80.86641,0.6913989,43.799994120165515,-88.00136552715313,0,1,8961.956,-0.096802756,6,1,false,false,-7.3109646,0.8527776,7.613845,0.30074176,-0.09601435,3
80.87765,0.69160885,43.80000330053043,-88.00135446827039,0,1,8971.044,-0.09876211,6,1,false,false,-7.561523,0.8716903,7.389402,0.29915783,-0.093914896,3
80.88976,0.69181883,43.80001239080425,-88.00134353376406,0,1,8973.41,-0.09960055,6,1,false,false,-7.421907,0.93325275,8.245798,0.29757756,-0.09443428,3
80.90229,0.6920289,43.80002157116916,-88.00133247563971,0,1,8974.891,-0.10379729,6,1,false,false,-7.5568337,0.8557756,7.973447,0.29598546,-0.09657374,3
80.91535,0.6922389,43.80003066144298,-88.00132141675697,0,1,8978.682,-0.105756655,6,1,false,false,-7.39412,0.93061054,6.9397273,0.29433155,-0.10068149,3
80.93082,0.6924491,43.8000397517168,-88.00131035787423,0,1,8980.05,-0.10323795,6,1,false,false,-7.448804,0.968157,6.8473487,0.29265022,-0.0992482,3
80.94553,0.6926592,43.80004884212796,-88.00129917461508,0,1,8975.763,-0.09540384,6,1,false,false,-7.302199,0.8852572,7.5288367,0.2910084,-0.096210286,3
80.95841,0.6928694,43.80005793240177,-88.00128811649074,0,1,8978.142,-0.08309389,6,1,false,false,-7.47104,0.8049542,9.430803,0.28942245,-0.094084345,3
80.97023,0.6930796,43.80006702267559,-88.0012769332316,0,1,8987.848,-0.07134433,6,1,false,false,-7.523033,0.9010268,9.880713,0.2878675,-0.0924084,3
80.983955,0.6932898,43.800076113086746,-88.00126574997245,0,1,8991.749,-0.064909145,6,1,false,false,-7.2548094,1.0228407,9.499105,0.28639454,-0.084315985,3
81.00076,0.6935001,43.8000851134068,-88.00125456747169,0,1,8983.884,-0.06295088,6,1,false,false,-7.7810416,1.13287,12.460659,0.2850712,-0.076541446,3
81.017365,0.69371045,43.80009420368062,-88.00124338421254,0,1,8975.65,-0.06323002,6,1,false,false,-6.9865093,1.0526674,6.6738863,0.2838168,-0.07110052,3
81.03308,0.6939208,43.800103204000685,-88.00123220171179,0,1,8976.29,-0.067986116,6,1,false,false,-6.732505,0.84783727,11.739255,0.2827312,-0.060891066,3
81.04683,0.69413126,43.80011220432074,-88.00122089407623,0,1,8975.661,-0.07246195,6,1,false,false,-6.428004,-0.30032218,8.802945,0.28174412,-0.060759578,3
81.05758,0.69434166,43.800121294731895,-88.00120958719907,0,1,8985.353,-0.07134436,6,1,false,false,-6.0195384,1.1780373,11.017725,0.28067467,-0.06595851,3
81.07266,0.6945522,43.80013029505196,-88.00119840393992,0,1,8996.082,-0.071344346,6,1,false,false,-5.8771844,0.94636375,8.595275,0.27958557,-0.064780325,3
81.087906,0.6947627,43.80013929537201,-88.00118709706275,0,1,8987.859,-0.06630805,6,1,false,false,-5.6548214,1.1245037,8.906604,0.27849388,-0.06515179,3
81.10443,0.6949733,43.800148205600976,-88.00117578942721,0,1,8980.045,-0.05763439,6,1,false,false,-5.1744394,0.98543674,9.053055,0.27741924,-0.062815644,3
81.118385,0.6951839,43.80015720592104,-88.00116435817364,0,1,8986.771,-0.04812225,6,1,false,false,-5.1466513,0.79818726,10.7133045,0.27639836,-0.059733666,3
81.13139,0.6953945,43.800166206241094,-88.00115305129647,0,1,8995.315,-0.03553207,6,1,false,false,-4.575168,0.99893516,8.383868,0.27544925,-0.053208135,3
81.14795,0.6956053,43.80017520656116,-88.00114174366091,0,1,8992.936,-0.023502313,6,1,false,false,-4.1972795,1.0869272,5.657341,0.2746727,-0.038793348,3
81.16415,0.695816,43.800184116927454,-88.00113031240734,0,1,8983.125,-0.014828646,6,1,false,false,-3.94985,0.9029308,13.682805,0.27410227,-0.029127413,3
81.17372,0.69602674,43.80019311724751,-88.0011190047718,0,1,8989.6875,-0.021823192,6,1,false,false,-3.7533653,0.40129238,11.8827715,0.27367476,-0.025807293,3
81.18696,0.6962376,43.80020202747648,-88.00110757351823,0,1,9008.674,-0.033852942,6,1,false,false,-4.292274,1.243725,12.215243,0.2732238,-0.031597354,3
81.20721,0.69644845,43.800211027796536,-88.00109614226466,0,1,8992.633,-0.036650755,6,1,false,false,-3.5529718,1.452717,11.885227,0.27271786,-0.029688083,3
81.22658,0.6966594,43.80021993816283,-88.00108471101109,0,1,8962.947,-0.040568348,6,1,false,false,-3.4437883,1.1453713,11.364128,0.27223524,-0.02874826,3
81.2379,0.6968704,43.80022884852914,-88.00107327899913,0,1,8969.431,-0.040568355,6,1,false,false,-3.159703,0.4018678,9.617597,0.2717244,-0.032283194,3
81.247185,0.69708145,43.80023784884919,-88.00106184774555,0,1,9000.746,-0.036930967,6,1,false,false,-3.3589406,0.4676566,10.131995,0.27116492,-0.0352756,3
81.25751,0.69729245,43.800246759078156,-88.00105041649198,0,1,9006.751,-0.031895775,6,1,false,false,-3.2608273,1.0009898,11.837173,0.2705639,-0.036407553,3
81.270424,0.6975035,43.800255669444454,-88.00103898448002,0,1,8992.447,-0.031895768,6,1,false,false,-2.6516597,1.0735205,9.673419,0.2699802,-0.03331235,3
81.28423,0.6977146,43.80026457981076,-88.00102755322645,0,1,8991.371,-0.039728798,6,1,false,false,-2.9606123,0.8189636,7.263115,0.26942855,-0.033281222,3
81.29797,0.6979258,43.80027358013081,-88.00101599759648,0,1,9000.976,-0.042526603,6,1,false,false,-2.7707582,0.5618079,6.6717787,0.26885766,-0.034269694,3
81.31018,0.6981369,43.80028249035978,-88.00100456634291,0,1,9005.524,-0.043645315,6,1,false,false,-3.0826209,0.7170076,8.137375,0.26827624,-0.035222095,3
81.31929,0.6983482,43.800291400726074,-88.00099301071293,0,1,9007.925,-0.045603562,6,1,false,false,-3.0751224,0.8812418,10.208923,0.2676711,-0.0370847,3
81.329056,0.69855946,43.80030031109238,-88.00098157870097,0,1,9017.458,-0.050360724,6,1,false,false,-3.2453952,0.9195871,9.370481,0.267016,-0.041567456,3
81.34181,0.69877076,43.80030922132134,-88.00097002307099,0,1,9023.301,-0.05063984,6,1,false,false,-3.3054078,0.9142034,7.607178,0.2662841,-0.045501627,3
81.357376,0.69898206,43.80031813168764,-88.00095846744102,0,1,9016.227,-0.04840137,6,1,false,false,-3.2622075,1.0000299,9.093052,0.26550946,-0.046393346,3
81.37205,0.6991934,43.8003270419166,-88.00094703618744,0,1,9009.956,-0.04392553,6,1,false,false,-3.1001792,0.7831156,6.980372,0.2647487,-0.043972448,3
81.38355,0.69940484,43.80033586232914,-88.00093548055747,0,1,9017.2705,-0.037210114,6,1,false,false,-3.1608791,0.6764939,7.9291124,0.2640251,-0.0418961,3
81.39467,0.6996164,43.800344772558105,-88.00092392492749,0,1,9027.068,-0.026300132,6,1,false,false,-2.8392837,0.66794634,8.329795,0.26334465,-0.0385325,3
81.40606,0.6998278,43.8003536829244,-88.00091236929752,0,1,9029.503,-0.016507769,6,1,false,false,-2.5934901,0.883042,8.563534,0.2627497,-0.032004725,3
81.4206,0.7000393,43.80036259329071,-88.00090081290915,0,1,9026.904,-0.0072747595,6,1,false,false,-2.327213,1.0380028,7.8148026,0.2622896,-0.022836544,3
81.434685,0.7002509,43.800371413565905,-88.00088925727917,0,1,9023.578,0.00083847996,6,1,false,false,-1.9624875,0.80859846,8.413246,0.26198447,-0.012496845,3
81.44739,0.7004625,43.80038032393221,-88.00087757727279,0,1,9026.345,0.003916512,6,1,false,false,-1.7302035,0.6392039,9.682352,0.2618478,-0.0038574557,3
81.457245,0.7006742,43.80038923416117,-88.0008660216428,0,1,9034.087,0.0033560824,6,1,false,false,-1.2646946,0.25306952,7.22091,0.26183435,0.0019818277,3
81.47194,0.70088583,43.80039805457371,-88.00085446601284,0,1,9040.087,-0.0013989088,6,1,false,false,-1.2254412,0.99884397,7.5761833,0.26190457,0.0058890176,3
81.485565,0.70109755,43.800406964802676,-88.00084278600646,0,1,9033.618,-0.0041967263,6,1,false,false,-0.711475,0.79469305,7.227769,0.26198122,0.0049654143,3
81.499344,0.70130926,43.80041587516897,-88.00083123037648,0,1,9031.893,-0.005595635,6,1,false,false,-0.86951315,0.909117,9.118737,0.26204202,0.0027460884,3
81.513435,0.70152104,43.80042478539794,-88.0008196747465,0,1,9038.989,-0.0025186844,6,1,false,false,-0.5562089,0.8219998,6.028801,0.26206213,0.0014898914,3
81.524605,0.7017329,43.800433605810476,-88.00080799474011,0,1,9043.115,-0.0025186848,6,1,false,false,-0.4653942,0.83240056,7.358585,0.26207647,0.0014880572,3
81.53647,0.70194477,43.80044251603944,-88.00079643911015,0,1,9043.326,-0.008673667,6,1,false,false,-0.59014475,0.59711564,6.910021,0.26208317,2.7677483e-05,3
81.550316,0.7021566,43.800451426405736,-88.00078488310096,0,1,9046.818,-0.020983633,6,1,false,false,-0.71184826,0.74463165,7.153664,0.262062,-0.003025845,3
81.56392,0.7023685,43.80046024668094,-88.00077320309458,0,1,9049.185,-0.03189577,6,1,false,false,-1.0027716,1.029719,10.282349,0.2619475,-0.010650948,3
81.57689,0.70258045,43.800469157047246,-88.00076164746461,0,1,9047.344,-0.03469358,6,1,false,false,-1.3389801,0.80426985,9.460262,0.26168725,-0.020640513,3
81.59136,0.70279247,43.80047806741354,-88.00074996745822,0,1,9045.673,-0.032174904,6,1,false,false,-1.3072594,0.8581345,10.299903,0.26128244,-0.027773485,3
81.60746,0.70300454,43.80048688768875,-88.00073828745184,0,1,9043.101,-0.024901219,6,1,false,false,-1.4881364,0.8996601,11.771692,0.2608041,-0.029671896,3
81.62227,0.7032166,43.80049579791771,-88.00072673182187,0,1,9038.626,-0.012870396,6,1,false,false,-1.500142,0.9932225,10.502924,0.26032624,-0.0273478,3
81.63572,0.70342875,43.80050470828401,-88.00071505181548,0,1,9036.877,0.0016780421,6,1,false,false,-1.1158584,0.84361345,10.481539,0.259937,-0.018436462,3
81.649155,0.7036408,43.800513528559215,-88.0007033718091,0,1,9039.647,0.013427578,6,1,false,false,-0.80134946,0.64444053,9.291839,0.2597238,-0.0061761457,3
81.66004,0.703853,43.80052243892551,-88.00069181617913,0,1,9044.306,0.018464945,6,1,false,false,-0.44707873,0.61889,9.496036,0.25971854,0.005255502,3
81.67207,0.70406526,43.80053134929181,-88.00068013617273,0,1,9049.22,0.015946263,6,1,false,false,-0.12885685,0.82480085,10.740303,0.2598884,0.014341224,3
81.68315,0.7042776,43.800540169567014,-88.00066845616635,0,1,9051.257,0.010071492,6,1,false,false,0.10926382,0.74626184,9.0449915,0.26015553,0.01728825,3
81.69708,0.7044898,43.80054907993331,-88.00065677615997,0,1,9051.206,0.007833023,6,1,false,false,0.18240312,0.8567704,10.904292,0.26045224,0.01705739,3
81.71222,0.70470214,43.800557990162275,-88.00064522052999,0,1,9048.279,0.010071495,6,1,false,false,0.5308472,0.91487783,11.542066,0.26073283,0.015970465,3
81.72405,0.70491445,43.80056690052858,-88.00063354052361,0,1,9047.769,0.014826486,6,1,false,false,0.81274927,0.88637227,10.782275,0.26100054,0.0166468,3
81.73774,0.7051269,43.80057572080378,-88.00062186051723,0,1,9051.98,0.020982547,6,1,false,false,0.7961849,0.7448831,11.508692,0.26129842,0.017723735,3
81.7525,0.7053393,43.80058463117008,-88.00061018051085,0,1,9050.287,0.03329143,6,1,false,false,1.6889673,0.8704595,11.923795,0.26163432,0.022746984,3
81.76481,0.7055518,43.800593541399046,-88.00059850050447,0,1,9048.259,0.03748815,6,1,false,false,1.4046993,0.99744064,10.289777,0.26208103,0.029570049,3
81.776566,0.7057643,43.80060245176534,-88.00058694487448,0,1,9049.587,0.037768364,6,1,false,false,1.8610315,0.52869534,10.752992,0.26261768,0.035184592,3
81.791466,0.70597684,43.80061136213164,-88.0005752648681,0,1,9053.778,0.026857318,6,1,false,false,1.8127654,0.7214907,10.534314,0.26324567,0.037740927,3
81.80248,0.7061894,43.800620272360604,-88.00056358486172,0,1,9052.99,0.019303422,6,1,false,false,1.817474,0.9686811,8.340049,0.2638472,0.033867415,3
81.81512,0.70640194,43.80062918272691,-88.00055202923174,0,1,9054.756,0.012308884,6,1,false,false,1.6165215,0.5630784,8.578837,0.26434922,0.026683459,3
81.82899,0.7066146,43.800638093093205,-88.00054034922536,0,1,9057.943,0.016785825,6,1,false,false,1.5790839,0.72762525,7.029621,0.26470912,0.019113414,3
81.83807,0.7068273,43.80064700332217,-88.00052866921898,0,1,9062.555,0.023780365,6,1,false,false,1.6495748,0.6853517,8.502863,0.2650005,0.018874234,3
81.847755,0.70703995,43.800656003642224,-88.000517113589,0,1,9070.75,0.02657818,6,1,false,false,1.6084404,0.45252752,9.76209,0.2653279,0.02168958,3
81.85851,0.7072527,43.80066491400853,-88.00050543358262,0,1,9076.696,0.03077383,6,1,false,false,1.7232342,0.7654621,8.991929,0.2657301,0.02548782,3
81.871574,0.7074654,43.800673824374826,-88.00049387795264,0,1,9072.814,0.029655134,6,1,false,false,1.9000603,1.0013127,11.487552,0.26621214,0.030491158,3
81.886795,0.7076782,43.80068282469488,-88.00048219794625,0,1,9064.091,0.020982547,6,1,false,false,1.7935255,0.8714685,12.51872,0.2667461,0.031338632,3
81.900635,0.707891,43.80069173492385,-88.00047064231627,0,1,9061.715,0.014826488,6,1,false,false,1.6248633,0.9325801,12.801425,0.26725534,0.027722955,3
81.91272,0.70810384,43.80070073524391,-88.00045896230989,0,1,9063.407,0.00811324,6,1,false,false,1.8545506,0.774804,11.532424,0.26769337,0.023988973,3
81.92372,0.70831674,43.800709645610205,-88.00044740667992,0,1,9064.463,0.0019571744,6,1,false,false,1.4982287,0.63219833,14.427038,0.26805484,0.018417343,3
81.9348,0.7085296,43.80071864593027,-88.00043572667353,0,1,9064.784,0.002237388,6,1,false,false,1.4379681,0.6814805,8.7958355,0.26831445,0.01208737,3
81.94504,0.70874256,43.80072755615923,-88.00042417066436,0,1,9067.047,0.006993462,6,1,false,false,1.558258,0.69759697,12.64926,0.26850617,0.010977835,3
81.95537,0.7089556,43.800736556479286,-88.00041261503439,0,1,9067.79,0.016785823,6,1,false,false,1.6451482,0.45471865,10.199196,0.2686951,0.012546398,3
81.964584,0.7091685,43.80074555679935,-88.000400935028,0,1,9072.162,0.028815575,6,1,false,false,1.701079,0.6903687,10.57944,0.26895645,0.018435627,3
81.975876,0.7093816,43.800754557119404,-88.00038937939803,0,1,9074.275,0.046161823,6,1,false,false,2.2643483,0.8123792,14.138717,0.26934397,0.028498173,3
81.98589,0.7095946,43.80076355743947,-88.00037782376805,0,1,9072.54,0.05651354,6,1,false,false,2.849171,0.76010704,10.9405365,0.26996422,0.044296328,3
81.996864,0.7098077,43.8007724679431,-88.00036614376167,0,1,9072.109,0.057072885,6,1,false,false,3.2065594,0.7346649,12.839398,0.27081951,0.056131944,3
82.00879,0.71002084,43.80078146826316,-88.00035458813169,0,1,9071.175,0.057912435,6,1,false,false,3.6072638,0.7675003,11.151273,0.27179787,0.06035201,3
82.01631,0.710234,43.800790468583216,-88.00034303212252,0,1,9071.904,0.059031144,6,1,false,false,4.3325214,0.7149242,11.650108,0.27285507,0.066103324,3
82.02517,0.7104472,43.8007995587197,-88.00033147649253,0,1,9076.497,0.06014984,6,1,false,false,4.495712,0.53161734,10.176461,0.27397433,0.06742284,3
82.03363,0.71066034,43.80080855903976,-88.00031992086257,0,1,9079.378,0.0688224,6,1,false,false,4.999618,0.6064378,9.441268,0.27509058,0.067252524,3
82.040794,0.7108736,43.80081755935982,-88.00030836523258,0,1,9082.968,0.08337192,6,1,false,false,5.3489485,0.6021406,6.6369343,0.2762262,0.07046591,3
82.0464,0.71108687,43.800826649770976,-88.00029693359983,0,1,9090.536,0.106592394,6,1,false,false,5.89238,0.20034362,7.604587,0.2774407,0.07927214,3
82.054886,0.7113001,43.80083565009103,-88.00028537796985,0,1,9099.903,0.13764647,6,1,false,false,6.6955924,0.43099728,7.5288877,0.27888367,0.09645164,3
82.06169,0.7115134,43.800844740502185,-88.00027382233986,0,1,9104.703,0.16478397,6,1,false,false,7.966969,0.8580669,9.45248,0.28071165,0.12326767,3
82.07149,0.71172667,43.80085383063867,-88.0002623907071,0,1,9102.462,0.1709384,6,1,false,false,9.188913,0.684191,11.491995,0.28302312,0.15267688,3
82.08387,0.71194,43.80086292104983,-88.00025095907434,0,1,9096.557,0.16786095,6,1,false,false,10.487084,0.8269531,12.512174,0.28575775,0.17211565,3
82.09488,0.7121534,43.800872011460974,-88.00023952782077,0,1,9092.186,0.1600279,6,1,false,false,11.139916,0.9429074,11.505925,0.2887394,0.18026742,3
82.10512,0.7123668,43.80088119168856,-88.00022809618801,0,1,9088.886,0.14352177,6,1,false,false,11.806629,0.77840245,11.746184,0.2917411,0.17668475,3
82.11579,0.7125802,43.80089037191614,-88.00021678893164,0,1,9087.081,0.11918205,6,1,false,false,11.70944,0.71430534,13.123314,0.294575,0.16197053,3
82.12354,0.71279365,43.800899552418386,-88.00020535767807,0,1,9087.125,0.097919285,6,1,false,false,11.2300625,0.6768896,13.881944,0.29711655,0.14233968,3
82.13044,0.71300715,43.800908732645965,-88.00019405042171,0,1,9091.032,0.08728737,6,1,false,false,11.007981,0.67953354,13.931983,0.29936188,0.1262306,3
82.13841,0.7132207,43.800917912873544,-88.00018286754177,0,1,9093.268,0.08365108,6,1,false,false,10.485079,0.80838305,13.649425,0.301358,0.11138755,3
82.148186,0.7134343,43.80092718319222,-88.00017156028541,0,1,9087.687,0.09036647,6,1,false,false,10.120959,0.7451674,11.975725,0.30310374,0.09834647,3
82.15889,0.71364784,43.80093645351089,-88.00016037740545,0,1,9081.845,0.099877544,6,1,false,false,10.327554,0.6378881,15.284618,0.3047036,0.09516568,3
82.1662,0.71386147,43.80094572410423,-88.00014907014909,0,1,9084.622,0.11498531,6,1,false,false,9.916134,0.5557579,13.948903,0.30635074,0.102497846,3
82.17202,0.71407497,43.80095499442291,-88.00013788726915,0,1,9091.077,0.13205135,6,1,false,false,10.201867,0.68428457,12.328691,0.3081873,0.1165947,3
82.18034,0.71428865,43.80096435455801,-88.00012682838641,0,1,9089.812,0.13820578,6,1,false,false,9.962747,0.62432295,11.321217,0.3102353,0.12717144,3
82.18834,0.71450216,43.80097362487668,-88.00011564550645,0,1,9083.424,0.13680694,6,1,false,false,10.017508,0.5925824,10.174651,0.31240258,0.13257755,3
82.19424,0.71471584,43.80098298528645,-88.00010458662372,0,1,9087.996,0.13065247,6,1,false,false,9.716927,0.43863255,7.95806,0.31463188,0.13387848,3
82.19931,0.71492934,43.80099234569622,-88.00009340374376,0,1,9099.865,0.12953326,6,1,false,false,9.456072,0.3622892,7.907535,0.31682557,0.13038504,3
82.20257,0.715143,43.80100170583132,-88.00008234524022,0,1,9107.993,0.13652726,6,1,false,false,9.75652,0.3740313,7.5282774,0.31899533,0.13258545,3
82.20559,0.71535665,43.80101115633218,-88.00007141073388,0,1,9113.821,0.15359323,6,1,false,false,10.225352,0.39447954,8.701526,0.321259,0.1415696,3
82.21197,0.7155703,43.80102051674195,-88.00006035185115,0,1,9117.233,0.17569502,6,1,false,false,11.453193,0.53328174,9.13057,0.323732,0.15679811,3
82.21946,0.7157839,43.801029966968144,-88.00004941772401,0,1,9117.088,0.19695728,6,1,false,false,11.963016,0.6580275,7.0126076,0.32649887,0.17299923,3
82.229385,0.7159975,43.80103941719434,-88.00003848321768,0,1,9112.094,0.20954692,6,1,false,false,12.521298,0.7038669,7.150649,0.32945514,0.18085091,3
82.237045,0.7162112,43.8010488676952,-88.00002754871134,0,1,9110.082,0.21066503,6,1,false,false,13.229422,0.47818252,8.397092,0.33251587,0.1894009,3
82.23876,0.71642494,43.801058408012494,-88.00001661420501,0,1,9119.679,0.2064683,6,1,false,false,14.48716,0.23917958,10.58411,0.335803,0.20853768,3
82.240105,0.7166386,43.80106785823869,-88.00000580407509,0,1,9130.616,0.20506945,6,1,false,false,15.740284,0.58171344,10.290604,0.33948958,0.23164847,3
82.246826,0.71685237,43.801077398555975,-87.99999499394515,0,1,9128.6,0.20227215,6,1,false,false,16.542166,0.8292883,12.058106,0.343438,0.23745292,3
82.25626,0.7170661,43.80108702896436,-87.99998430781244,0,1,9113.168,0.2000342,6,1,false,false,17.52666,0.7626873,12.621926,0.34734946,0.23058283,3
82.26252,0.7172799,43.80109656928165,-87.99997362205892,0,1,9106.299,0.19723694,6,1,false,false,18.191662,0.6532358,12.903472,0.35119206,0.22890237,3
82.26918,0.7174938,43.80110619969003,-87.9999629359262,0,1,9112.064,0.18940283,6,1,false,false,17.742535,0.65409976,10.024173,0.35496727,0.21885906,3
82.27626,0.71770763,43.80111591991484,-87.99995225017268,0,1,9111.388,0.17793246,6,1,false,false,16.80433,0.6256463,9.578623,0.35842118,0.19418685,3
82.28072,0.7179215,43.80112555032323,-87.99994168841638,0,1,9104.973,0.16702245,6,1,false,false,16.411463,0.31949902,10.801972,0.36150545,0.1808801,3
82.28265,0.7181354,43.801135270822705,-87.99993125103649,0,1,9111.899,0.16226582,6,1,false,false,15.589597,0.19529916,9.377051,0.36453244,0.18313523,3
82.285805,0.7183493,43.801144991047515,-87.99992068928017,0,1,9122.869,0.16674173,6,1,false,false,15.726604,0.55678284,12.098815,0.367604,0.1834882,3
82.29057,0.7185633,43.80115480136342,-87.99991037627667,0,1,9120.622,0.17261752,6,1,false,false,15.665123,0.6341161,10.454965,0.37069944,0.18612507,3
82.29834,0.71877724,43.801164521862894,-87.99989993851759,0,1,9111.349,0.17625383,6,1,false,false,15.104589,0.90064406,8.485645,0.37379885,0.18187329,3
82.30795,0.7189912,43.8011743321788,-87.99988962551409,0,1,9106.262,0.17289723,6,1,false,false,14.257512,0.7575027,7.3758283,0.37669852,0.16506569,3
82.314384,0.7192053,43.80118423231113,-87.9998793125106,0,1,9107.403,0.16674173,6,1,false,false,14.016632,0.447994,9.786736,0.37929797,0.15325047,3
82.31367,0.71941936,43.801194042901706,-87.9998689991279,0,1,9120.773,0.16534284,6,1,false,false,14.284342,0.14296617,11.907605,0.38192272,0.1670826,3
82.31116,0.7196334,43.80120394303403,-87.99985881012162,0,1,9136.153,0.17177796,6,1,false,false,14.879099,0.31340766,12.188185,0.3849749,0.19701704,3
82.31875,0.7198475,43.80121384344103,-87.99984862149454,0,1,9135.798,0.17093846,6,1,false,false,15.505523,0.9645506,15.423296,0.38843852,0.20950775,3
82.33019,0.72006166,43.80122374384803,-87.99983843248825,0,1,9112.729,0.15834877,6,1,false,false,15.728014,1.1398829,12.538371,0.39192256,0.20018318,3
82.340324,0.7202758,43.80123373407145,-87.99982836785837,0,1,9096.578,0.1303728,6,1,false,false,14.769144,0.8248186,11.674059,0.3950347,0.16876054,3
82.347305,0.72049,43.801243724569545,-87.9998183032285,0,1,9100.659,0.09680006,6,1,false,false,12.99947,0.49727356,11.565282,0.39754027,0.13415578,3
82.34812,0.72070414,43.80125371479297,-87.99980823859863,0,1,9113.964,0.077776305,6,1,false,false,11.16761,0.28466594,8.370661,0.39957035,0.112137586,3
82.35139,0.7209183,43.80126370529106,-87.99979829796597,0,1,9123.902,0.07329933,6,1,false,false,9.839786,0.41406858,7.8813133,0.40127906,0.09430635,3
82.35689,0.7211325,43.80127369551449,-87.99978823333609,0,1,9122.665,0.080013685,6,1,false,false,9.328856,0.45046955,10.045987,0.40274593,0.08488958,3
82.36167,0.72134656,43.80128377610368,-87.99977829308261,0,1,9122.829,0.09176377,6,1,false,false,8.84217,0.4729701,7.816319,0.4041637,0.08662217,3
82.36888,0.72156066,43.801293766327106,-87.99976847682636,0,1,9128.808,0.10966934,6,1,false,false,8.885274,0.6127205,8.705996,0.40564784,0.09173688,3
82.37734,0.7217748,43.80130384664162,-87.99975853657288,0,1,9127.104,0.12113978,6,1,false,false,8.90667,0.52222466,5.7492957,0.40722063,0.09752081,3
82.385414,0.721989,43.80131392695614,-87.99974872031663,0,1,9122.874,0.12757495,6,1,false,false,8.449323,0.573192,4.8249307,0.40887147,0.10203776,3
82.391945,0.7222031,43.801324007545325,-87.99973878006317,0,1,9127.482,0.13400905,6,1,false,false,8.102941,0.24695264,4.8299875,0.41056046,0.10512673,3
82.39295,0.72241724,43.801334177676274,-87.9997289638069,0,1,9141.009,0.1468784,6,1,false,false,8.98444,0.07924978,5.983943,0.41238844,0.120538004,3
82.393936,0.72263134,43.80134425826546,-87.99971914755065,0,1,9157.317,0.16002792,6,1,false,false,9.630524,0.41202945,6.0362725,0.41459206,0.14463231,3
82.39994,0.72284544,43.80135442839641,-87.9997094556708,0,1,9160.775,0.1742961,6,1,false,false,10.9967375,0.8613727,10.440074,0.41718367,0.16643006,3
82.40906,0.7230596,43.80136459880202,-87.99969963941454,0,1,9148.694,0.18240882,6,1,false,false,12.470288,0.87851983,9.529263,0.4201557,0.18857557,3
82.41935,0.72327363,43.801374769207634,-87.99968994753469,0,1,9139.427,0.18212916,6,1,false,false,13.614155,0.89944375,10.978158,0.42344904,0.20208107,3
82.43043,0.72348785,43.80138493961325,-87.99968038003125,0,1,9135.087,0.17065878,6,1,false,false,14.447539,0.80549973,10.918636,0.42682716,0.1993933,3
82.43821,0.723702,43.80139511001886,-87.9996706881514,0,1,9130.625,0.15051574,6,1,false,false,14.276494,0.69266677,11.475936,0.43006733,0.18775612,3
82.445114,0.7239162,43.8014053702409,-87.99966112064796,0,1,9129.032,0.12505677,6,1,false,false,13.579319,0.56867313,8.40826,0.4330695,0.1706852,3
82.451675,0.72413033,43.80141563073761,-87.99965155276531,0,1,9131.598,0.10127644,6,1,false,false,12.1493225,0.5245515,6.96551,0.43568248,0.14270979,3
82.45668,0.72434455,43.80142589095965,-87.99964210925909,0,1,9135.421,0.090366475,6,1,false,false,11.381917,0.39506012,8.554526,0.4378183,0.11848769,3
82.458664,0.7245587,43.80143615145636,-87.99963254175563,0,1,9142.55,0.09484232,6,1,false,false,10.64147,0.24867603,5.5851145,0.43968788,0.109978504,3
82.463554,0.7247729,43.80144650176949,-87.9996230982494,0,1,9152.954,0.11218751,6,1,false,false,10.623757,0.62551486,8.859208,0.44150656,0.10925247,3
82.47174,0.72498703,43.8014567622662,-87.99961365512237,0,1,9151.053,0.1323305,6,1,false,false,10.461581,0.6351026,5.9774585,0.4433476,0.11228005,3
82.48061,0.7252013,43.80146711257933,-87.99960433599254,0,1,9143.238,0.14519982,6,1,false,false,10.740485,0.6332233,10.580576,0.44528562,0.121957585,3
82.48838,0.7254155,43.801477462892464,-87.99959489248631,0,1,9141.143,0.14687842,6,1,false,false,11.223556,0.48556462,8.821228,0.44743633,0.13778143,3
82.49426,0.72562975,43.801487813205604,-87.99958557335648,0,1,9148.661,0.1387657,6,1,false,false,11.638397,0.59078205,9.2498,0.44987708,0.15199216,3
82.502785,0.725844,43.80149825360983,-87.99957637860307,0,1,9149.258,0.12673545,6,1,false,false,11.572551,0.7977601,11.811642,0.45241478,0.15097597,3
82.51097,0.72605824,43.80150860392296,-87.99956705947324,0,1,9140.483,0.11442487,6,1,false,false,12.143789,0.6094546,12.500829,0.45492437,0.14990999,3
82.51819,0.7262726,43.80151904432719,-87.99955786434063,0,1,9139.403,0.10351492,6,1,false,false,11.961261,0.6742893,12.213908,0.45742708,0.1463454,3
82.52736,0.72648686,43.80152948473142,-87.99954866958721,0,1,9140.765,0.09707972,6,1,false,false,11.356916,0.7253351,9.922082,0.45975184,0.12919877,3
82.53687,0.72670126,43.80153992513565,-87.9995394748338,0,1,9133.927,0.09400225,6,1,false,false,10.876892,0.6683908,11.348063,0.46173507,0.11041485,3
82.5442,0.7269156,43.801550455356306,-87.99953040407759,0,1,9130.289,0.096800044,6,1,false,false,10.129399,0.61978424,9.2822075,0.4634771,0.101095326,3
82.54969,0.72713,43.80156089576053,-87.99952133370057,0,1,9139.19,0.106592394,6,1,false,false,9.640039,0.3177741,10.531382,0.46512577,0.09909648,3
82.55445,0.72734433,43.801571426255855,-87.99951226294436,0,1,9147.139,0.11610455,6,1,false,false,9.812649,0.38501015,11.10441,0.46682736,0.10735139,3
82.559395,0.72755885,43.80158195647651,-87.99950319218816,0,1,9148.977,0.11778313,6,1,false,false,9.918335,0.6420381,13.620361,0.46877152,0.12348008,3
82.568054,0.7277733,43.80159239688074,-87.99949412181114,0,1,9145.387,0.114985324,6,1,false,false,10.038958,0.733917,12.334902,0.4709351,0.13093585,3
82.578445,0.72798777,43.80160301746716,-87.99948517543135,0,1,9137.145,0.10519352,6,1,false,false,10.37714,0.8324988,13.171998,0.47312286,0.12746948,3
82.58718,0.7282022,43.801613547687815,-87.99947622905155,0,1,9130.693,0.08952583,6,1,false,false,9.58724,0.4890468,11.707035,0.47517586,0.11715509,3
82.594765,0.72841686,43.80162407818314,-87.99946728267174,0,1,9133.015,0.07385869,6,1,false,false,8.83467,0.624703,9.835337,0.47699255,0.10042748,3
82.599724,0.7286314,43.80163469849489,-87.99945846028916,0,1,9139.7,0.06630591,6,1,false,false,7.962818,0.3959219,11.035617,0.47852397,0.08490077,3
82.60498,0.728846,43.801645318806635,-87.99944951428856,0,1,9144.501,0.0663059,6,1,false,false,7.3629227,0.49423802,9.696702,0.4798431,0.07574835,3
82.61017,0.7290606,43.80165584930196,-87.99944069190596,0,1,9148.857,0.06742349,6,1,false,false,6.8098965,0.47220242,8.480381,0.48107994,0.07299067,3
82.61715,0.72927517,43.80166646961371,-87.99943186990257,0,1,9150.576,0.06770478,6,1,false,false,6.5994368,0.6302256,8.586729,0.48227677,0.07114994,3
82.625305,0.7294898,43.801677089925455,-87.99942304789917,0,1,9149.851,0.0663059,6,1,false,false,6.3389406,0.62221175,7.9706035,0.48344675,0.06959323,3
82.63256,0.72970444,43.8016878003283,-87.99941422551659,0,1,9150.342,0.06518612,6,1,false,false,6.1273904,0.541763,8.700427,0.48458,0.06786397,3
82.63908,0.729919,43.80169842064005,-87.9994054035132,0,1,9154.949,0.067704804,6,1,false,false,5.712541,0.51718163,7.6439033,0.4856973,0.06773221,3
82.645134,0.73013365,43.80170904122647,-87.99939670588621,0,1,9160.038,0.07357956,6,1,false,false,6.0690265,0.43133995,8.348066,0.48682538,0.07005272,3
82.65177,0.73034835,43.80171975135464,-87.99938800788003,0,1,9162.833,0.076377384,6,1,false,false,6.136528,0.569719,8.696932,0.48804066,0.07604352,3
82.65901,0.73056304,43.80173037194106,-87.99937918587663,0,1,9162.393,0.08057411,6,1,false,false,6.231328,0.5880728,9.771301,0.4893364,0.07997025,3
82.668884,0.7307777,43.8017410823439,-87.99937048787045,0,1,9160.971,0.084210396,6,1,false,false,6.6052966,0.6906655,8.4568615,0.49071902,0.084857434,3
82.6777,0.73099244,43.80175170265565,-87.99936178986427,0,1,9159.001,0.086169764,6,1,false,false,6.145946,0.79381496,7.6619043,0.49212942,0.08335472,3
82.68793,0.73120713,43.8017624130585,-87.99935321661368,0,1,9156.377,0.08504997,6,1,false,false,6.3419857,0.57312554,8.476617,0.49347478,0.08117525,3
82.693985,0.7314219,43.80177312346134,-87.9993445186075,0,1,9159.83,0.07917522,6,1,false,false,6.3755803,0.34508285,8.097641,0.49482375,0.08293089,3
82.69579,0.7316367,43.801783833864185,-87.99933594497773,0,1,9170.975,0.07833563,6,1,false,false,6.834245,0.41360015,12.275788,0.49625957,0.09036608,3
82.704384,0.73185146,43.801794544267025,-87.99932724697155,0,1,9177.99,0.0749785,6,1,false,false,7.193446,0.6941115,10.427867,0.4978365,0.095289774,3
82.71377,0.7320662,43.8018053444863,-87.99931867334178,0,1,9165.981,0.072739996,6,1,false,false,7.558649,0.8166516,13.359873,0.4994583,0.09511465,3
82.726234,0.732281,43.80181605488914,-87.9993101000912,0,1,9150.575,0.07022133,6,1,false,false,7.4464974,1.0729545,12.223225,0.5010233,0.08888553,3
82.737434,0.73249584,43.80182685538308,-87.99930152646142,0,1,9146.0625,0.06714439,6,1,false,false,6.9281745,0.6702912,7.797509,0.5024083,0.0759117,3
82.74517,0.7327107,43.801837565785924,-87.99929307682886,0,1,9149.407,0.06294765,6,1,false,false,6.3190975,0.38358185,9.377302,0.5035367,0.06330054,3
82.74744,0.73292565,43.80184836600519,-87.99928450319908,0,1,9158.415,0.06350809,6,1,false,false,5.8094306,0.15341298,7.605424,0.50452477,0.060492337,3
82.74825,0.73314047,43.80185916649913,-87.99927605394572,0,1,9174.267,0.0677048,6,1,false,false,5.6912494,0.14380276,7.4877796,0.5055576,0.06517908,3
82.75352,0.73335534,43.8018699667184,-87.99926760469235,0,1,9181.995,0.07525763,6,1,false,false,5.4154205,0.5580894,7.895701,0.5066761,0.06954168,3
82.76215,0.7335702,43.80188076721234,-87.99925915543898,0,1,9175.751,0.08001371,6,1,false,false,5.730213,0.644552,8.86596,0.5078782,0.07474653,3
82.771675,0.73378515,43.80189156770628,-87.9992507061856,0,1,9168.232,0.080013685,6,1,false,false,6.2360587,0.6937935,9.367028,0.50917196,0.080696054,3
82.780426,0.7340001,43.80190236792554,-87.99924225655305,0,1,9171.068,0.073299356,6,1,false,false,5.9825673,0.6297397,12.793513,0.51056707,0.0853171,3
82.78689,0.7342151,43.80191316841948,-87.99923380729967,0,1,9174.692,0.0663059,6,1,false,false,6.2202473,0.47823173,10.768972,0.51201135,0.08572739,3
82.796135,0.73443,43.801923968638754,-87.99922548204353,0,1,9172.3955,0.054275073,6,1,false,false,6.143136,0.75545466,10.509174,0.5134312,0.08119051,3
82.80672,0.734645,43.801934859223785,-87.99921715716656,0,1,9162.926,0.03581011,6,1,false,false,5.395967,0.7794758,9.678555,0.51468146,0.06718998,3
82.81414,0.7348601,43.80194574953415,-87.9992087079132,0,1,9159.214,0.021541895,6,1,false,false,5.019919,0.3243037,8.599436,0.51564395,0.05078763,3
82.81924,0.7350751,43.80195655002809,-87.99920038265704,0,1,9170.584,0.014268218,6,1,false,false,4.312455,0.33196867,8.75608,0.516361,0.037356492,3
82.8226,0.73529017,43.80196744033845,-87.99919205778008,0,1,9182.517,0.028815573,6,1,false,false,4.1547403,0.40444055,8.213856,0.51689667,0.029790899,3
82.82895,0.7355052,43.801978330648815,-87.99918373252392,0,1,9183.141,0.05595311,6,1,false,false,4.436026,0.42339253,9.135372,0.5174009,0.033278544,3
82.83739,0.73572034,43.801989131142754,-87.99917553164417,0,1,9177.647,0.07861478,6,1,false,false,4.885178,0.68039054,11.054227,0.5180786,0.049150374,3
82.84591,0.7359354,43.80200002145312,-87.99916720676721,0,1,9177.0205,0.09092473,6,1,false,false,5.2277865,0.60526854,11.659427,0.51907414,0.06908307,3
82.853836,0.73615056,43.80201091176348,-87.99915888151105,0,1,9177.451,0.08868626,6,1,false,false,5.7255535,0.6046387,12.060031,0.5203855,0.08589861,3
82.86225,0.73636574,43.80202180234852,-87.9991506806313,0,1,9175.465,0.07357958,6,1,false,false,5.672744,0.6858086,11.701126,0.5219041,0.09228725,3
82.87124,0.73658085,43.80203278247531,-87.99914247975155,0,1,9170.719,0.056513526,6,1,false,false,5.817,0.5548513,8.882325,0.5234052,0.08568295,3
82.87954,0.7367961,43.80204367306034,-87.99913427887181,0,1,9169.382,0.041126616,6,1,false,false,5.112152,0.5583734,9.965863,0.52470404,0.070314705,3
82.88413,0.7370113,43.8020545633707,-87.99912607799205,0,1,9173.506,0.034690347,6,1,false,false,4.8793607,0.27813935,9.993022,0.52573806,0.056725822,3
82.88772,0.73722655,43.802065543772166,-87.9991178774915,0,1,9183.765,0.035810117,6,1,false,false,4.6116896,0.30141962,8.516693,0.52661914,0.0497939,3
82.89473,0.73744184,43.80207643408253,-87.99910967661175,0,1,9189.092,0.0394475,6,1,false,false,4.117414,0.66853523,11.47506,0.52741414,0.0448495,3
82.90312,0.7376572,43.802087414483985,-87.99910147573199,0,1,9181.566,0.043923363,6,1,false,false,4.685146,0.5073631,10.392584,0.52814883,0.043931607,3
82.91138,0.7378725,43.802098305069016,-87.99909339922866,0,1,9177.298,0.041965097,6,1,false,false,4.33089,0.65982354,9.374018,0.5289226,0.04703149,3
82.920425,0.7380878,43.80210928519581,-87.99908519834891,0,1,9178.49,0.041126616,6,1,false,false,4.405093,0.6657244,12.532886,0.52969915,0.045819465,3
82.92715,0.7383031,43.80212026559727,-87.99907712184556,0,1,9178.904,0.04392336,6,1,false,false,4.323315,0.52753174,10.739889,0.53046715,0.046236344,3
82.933174,0.7385185,43.80213124599872,-87.99906904496302,0,1,9180.05,0.047560744,6,1,false,false,4.400067,0.53717446,10.547379,0.53125376,0.047749944,3
82.94083,0.7387338,43.802142226400186,-87.99906096845967,0,1,9180.872,0.04979921,6,1,false,false,3.9469228,0.45329753,11.181423,0.5320586,0.049416196,3
82.94599,0.73894924,43.80215320680164,-87.99905289195634,0,1,9181.645,0.05119811,6,1,false,false,4.180717,0.43307012,11.258108,0.5329064,0.05265345,3
82.95274,0.7391646,43.802164187203104,-87.99904481545299,0,1,9185.369,0.05091789,6,1,false,false,4.341689,0.6104441,10.029046,0.53382623,0.056160506,3
82.96031,0.73938006,43.80217516760456,-87.99903673894966,0,1,9185.11,0.050357472,6,1,false,false,4.1336455,0.6794589,11.467717,0.5347725,0.056082603,3
82.9682,0.7395954,43.80218614800602,-87.99902866206712,0,1,9179.674,0.05399593,6,1,false,false,4.575994,0.4811254,11.8565235,0.5356947,0.05497311,3
82.97337,0.7398109,43.80219712840748,-87.99902070994018,0,1,9180.596,0.058471777,6,1,false,false,4.621366,0.492379,12.098877,0.5366411,0.058344208,3
82.97962,0.74002635,43.80220819890003,-87.99901263343683,0,1,9186.838,0.060149822,6,1,false,false,4.5854554,0.5197013,10.516027,0.5376494,0.06147712,3
82.985634,0.7402418,43.80221917930149,-87.9990046809307,0,1,9185.761,0.058750924,6,1,false,false,4.7831206,0.42631847,11.971502,0.5386923,0.06309606,3
82.99202,0.74045736,43.802230249519376,-87.99899660442736,0,1,9181.789,0.0545542,6,1,false,false,4.942975,0.5939766,12.046556,0.5397607,0.064483695,3
82.99768,0.7406728,43.80224122992083,-87.99898865192122,0,1,9184.431,0.050078347,6,1,false,false,4.752767,0.50860304,11.9414425,0.5408379,0.0633229,3
83.002815,0.74088836,43.802252300413386,-87.99898069979429,0,1,9188.159,0.05259702,6,1,false,false,5.0635996,0.4332695,12.527236,0.5418711,0.060369235,3
83.008705,0.74110377,43.80226328081485,-87.99897274728816,0,1,9187.278,0.057352018,6,1,false,false,5.245795,0.56098783,13.096223,0.5428925,0.061881915,3
83.01548,0.74131936,43.802274351307396,-87.99896479516123,0,1,9184.438,0.06238831,6,1,false,false,5.2817645,0.6434449,12.178066,0.54395634,0.064238004,3
83.02244,0.74153495,43.80228542152528,-87.9989569670315,0,1,9181.676,0.067983925,6,1,false,false,5.6974554,0.56034297,13.480436,0.5450551,0.06675293,3
83.02861,0.7417505,43.80229649201784,-87.99894901452537,0,1,9181.027,0.070781745,6,1,false,false,5.7891192,0.53777814,12.983559,0.54621357,0.07142979,3
83.03311,0.741966,43.802307562235725,-87.99894118677484,0,1,9182.515,0.07274003,6,1,false,false,6.0355396,0.45310757,11.5862875,0.5474499,0.075798646,3
83.03885,0.7421816,43.80231863272827,-87.99893335864512,0,1,9183.97,0.0763774,6,1,false,false,5.8510103,0.61125106,11.972111,0.54872817,0.076929055,3
83.04245,0.74239725,43.80232970322083,-87.9989255305154,0,1,9183.892,0.08337192,6,1,false,false,6.146649,0.3860417,11.474857,0.5500301,0.08036738,3
83.04553,0.74261284,43.80234086352981,-87.99891770238567,0,1,9188.321,0.088967554,6,1,false,false,6.487172,0.42834526,12.015471,0.55143833,0.088231996,3
83.049,0.7428284,43.80235193402236,-87.99890987425594,0,1,9193.646,0.09176377,6,1,false,false,6.676156,0.32870653,9.876509,0.55296755,0.093875006,3
83.053444,0.7430441,43.80236300424025,-87.99890204612622,0,1,9193.673,0.090924725,6,1,false,false,6.7006626,0.5668857,11.087503,0.55456465,0.096458256,3
83.059296,0.74325967,43.802374164823895,-87.99889434237289,0,1,9190.696,0.086729094,6,1,false,false,6.811107,0.559064,9.388342,0.5561559,0.09455511,3
83.06301,0.7434754,43.802385325132875,-87.99888663861958,0,1,9191.387,0.08337195,6,1,false,false,7.041479,0.32578325,11.180909,0.5577216,0.09366553,3
83.06652,0.74369097,43.80239639562543,-87.99887893486627,0,1,9197.344,0.08281152,6,1,false,false,7.0621123,0.48828498,9.850833,0.55926824,0.09213414,3
83.07001,0.7439066,43.80240755593441,-87.99887123111294,0,1,9201.02,0.08504999,6,1,false,false,7.1969323,0.34537965,10.013716,0.5607882,0.09050233,3
83.074554,0.7441223,43.80241871624339,-87.99886352735963,0,1,9199.506,0.09008519,6,1,false,false,7.211616,0.5008825,9.216528,0.56229645,0.09139886,3
83.07906,0.74433804,43.802429876827034,-87.9988558236063,0,1,9198.509,0.094842345,6,1,false,false,7.8342237,0.46504784,10.915863,0.5638575,0.095691,3
83.08395,0.7445537,43.80244103713601,-87.9988482438502,0,1,9200.382,0.09875832,6,1,false,false,7.5637836,0.6112193,8.79643,0.5654822,0.098248854,3
83.089005,0.7447694,43.802452287536084,-87.99884066447329,0,1,9200.5205,0.101556115,6,1,false,false,7.616012,0.30078086,7.4077387,0.5671096,0.09692633,3
83.094185,0.74498516,43.802463447845064,-87.99883308471719,0,1,9199.992,0.105752304,6,1,false,false,7.055308,0.34163862,5.5440865,0.56867844,0.09337505,3
83.09554,0.74520093,43.80247460842871,-87.99882550534028,0,1,9205.1045,0.11442488,6,1,false,false,7.9468594,0.18572937,10.618577,0.5702407,0.09903532,3
83.09481,0.7454166,43.80248585882879,-87.99881792558416,0,1,9218.911,0.12393757,6,1,false,false,8.171213,0.15155226,7.446171,0.57203794,0.11762804,3
83.09875,0.7456323,43.80249701913777,-87.99881047020448,0,1,9226.637,0.13009308,6,1,false,false,8.82903,0.5827298,8.581736,0.5741292,0.13029824,3
83.108025,0.745848,43.80250826953784,-87.99880301520396,0,1,9213.357,0.12813428,6,1,false,false,9.469697,0.8205117,9.5118885,0.57634735,0.13469465,3
83.1151,0.7460637,43.80251951993791,-87.99879555982427,0,1,9199.981,0.12141943,6,1,false,false,9.214428,0.50071216,6.623899,0.5785888,0.13321763,3
83.12089,0.7462794,43.80253077033799,-87.99878810444457,0,1,9204.893,0.115544684,6,1,false,false,9.195079,0.44337836,8.681667,0.5807414,0.1264256,3
83.12238,0.7464951,43.80254202073806,-87.99878077344127,0,1,9215.988,0.107711636,6,1,false,false,9.125525,0.0007415563,6.292543,0.58280027,0.122697145,3
83.12244,0.7467108,43.80255327113814,-87.99877331806158,0,1,9222.577,0.10071711,6,1,false,false,9.073308,0.30988592,9.672362,0.58483046,0.12232627,3
83.12711,0.7469265,43.8025646116293,-87.99876598705828,0,1,9223.323,0.09456157,6,1,false,false,9.345142,0.4292006,8.043778,0.5868668,0.12122719,3
83.13322,0.74714214,43.80257586202938,-87.9987587800522,0,1,9219.2295,0.08896756,6,1,false,false,9.404514,0.7543155,9.131663,0.5888573,0.11560161,3
83.14098,0.74735785,43.802587202245874,-87.99875144904891,0,1,9212.961,0.08616976,6,1,false,false,9.183856,0.46144965,9.731256,0.59070385,0.10617725,3
83.1479,0.7475736,43.802598542737044,-87.99874424242202,0,1,9210.146,0.08393127,6,1,false,false,9.261206,0.6343123,9.738777,0.59240806,0.098550275,3
83.15319,0.7477893,43.802609793137115,-87.99873703541594,0,1,9211.397,0.082811505,6,1,false,false,9.119275,0.5551199,10.986521,0.5940059,0.093708694,3
83.15823,0.74800503,43.802621133628286,-87.99872982878905,0,1,9212.102,0.082811505,6,1,false,false,8.768045,0.40835047,9.922416,0.5955449,0.09095596,3
83.16262,0.74822074,43.80263247384479,-87.99872262216218,0,1,9211.15,0.08644889,6,1,false,false,8.745123,0.5036849,10.635178,0.5970515,0.09026771,3
83.16743,0.74843645,43.80264390442705,-87.9987155395325,0,1,9210.651,0.087287344,6,1,false,false,8.585243,0.39067817,10.89832,0.5985782,0.09264122,3
83.17244,0.7486522,43.802655244643546,-87.99870845690282,0,1,9210.448,0.088967584,6,1,false,false,8.559847,0.5142213,10.576048,0.60014147,0.09432137,3
83.177925,0.7488679,43.802666585134716,-87.99870137427315,0,1,9210.048,0.090645604,6,1,false,false,8.326357,0.4804747,9.185705,0.60172045,0.093813494,3
83.18327,0.7490837,43.80267801544231,-87.99869429202268,0,1,9208.587,0.09484233,6,1,false,false,8.075832,0.4350173,8.599189,0.60326284,0.091832474,3
83.187706,0.74929947,43.80268935593348,-87.998687209393,0,1,9209.326,0.101276465,6,1,false,false,8.057555,0.24727708,8.709391,0.6047896,0.0932339,3
83.19112,0.74951524,43.802700786241076,-87.99868025113973,0,1,9214.225,0.10994902,6,1,false,false,8.0803,0.38838238,8.607336,0.6063797,0.09870581,3
83.19411,0.749731,43.80271221682334,-87.99867329288647,0,1,9218.975,0.11806281,6,1,false,false,8.264595,0.30732942,7.544324,0.60808736,0.106993504,3
83.19945,0.7499468,43.80272364713093,-87.9986663346332,0,1,9220.603,0.12337824,6,1,false,false,8.279737,0.43438557,8.712017,0.60991156,0.112839796,3
83.2037,0.75016254,43.80273507743853,-87.99865937600073,0,1,9219.357,0.12673539,6,1,false,false,8.895973,0.36116162,8.165868,0.61185104,0.121385254,3
83.207016,0.7503784,43.80274650802079,-87.99865254212388,0,1,9222.976,0.1267354,6,1,false,false,8.938774,0.29447764,8.600663,0.6139553,0.13058001,3
83.21253,0.75059414,43.802757938328384,-87.9986455838706,0,1,9226.128,0.12645574,6,1,false,false,9.489655,0.37956467,8.373304,0.6161578,0.13329433,3
83.2175,0.75080997,43.802769368910646,-87.99863874999375,0,1,9223.293,0.1256162,6,1,false,false,9.8429,0.6078347,8.82325,0.61839485,0.13495038,3
83.222626,0.75102574,43.80278088930933,-87.99863204011409,0,1,9220.961,0.12477717,6,1,false,false,10.175881,0.40093696,9.046465,0.6206389,0.1345854,3
83.22792,0.75124156,43.80279231961693,-87.99862520585803,0,1,9222.291,0.1281343,6,1,false,false,10.5777645,0.49220455,10.28891,0.622867,0.13401689,3
83.230934,0.7514574,43.80280384001561,-87.99861849635758,0,1,9224.516,0.1331706,6,1,false,false,11.379123,0.32810998,11.6334915,0.6251554,0.14072135,3
83.23562,0.7516732,43.80281536041431,-87.99861178647794,0,1,9224.813,0.13848548,6,1,false,false,11.70629,0.5838689,11.815163,0.6275802,0.14799543,3
83.2412,0.75188905,43.802826880812994,-87.99860507659828,0,1,9219.621,0.14016463,6,1,false,false,12.48118,0.60982794,14.398878,0.63011074,0.15354276,3
83.24719,0.752105,43.80283840121168,-87.99859849109504,0,1,9213.818,0.13624752,6,1,false,false,12.967799,0.57346326,13.624746,0.632732,0.15763927,3
83.25204,0.7523208,43.802849921610374,-87.99859190559181,0,1,9211.472,0.13121125,6,1,false,false,12.889864,0.6947146,13.237611,0.63536906,0.15454705,3
83.25694,0.7525368,43.80286144200906,-87.99858532008857,0,1,9209.056,0.12589636,6,1,false,false,12.453563,0.38245457,12.169387,0.63788193,0.14524719,3
83.26056,0.7527526,43.802873052498846,-87.99857885896172,0,1,9207.319,0.12170019,6,1,false,false,11.900711,0.40656346,12.510645,0.6402157,0.13528499,3
83.263084,0.7529685,43.80288457289753,-87.99857239745569,0,1,9210.493,0.12086008,6,1,false,false,11.369682,0.39345145,10.394411,0.64242524,0.12983648,3
83.2651,0.7531845,43.80289618338732,-87.99856593632886,0,1,9215.992,0.12197987,6,1,false,false,10.284084,0.30178976,7.899219,0.6445352,0.12344094,3
83.268196,0.75340056,43.80290779360243,-87.99855959919924,0,1,9218.155,0.12393761,6,1,false,false,9.709607,0.2622786,7.433092,0.6465106,0.11650162,3
83.26969,0.7536166,43.802919404092215,-87.99855326244881,0,1,9221.013,0.12561618,6,1,false,false,8.965646,0.15172188,8.038816,0.6484187,0.11583957,3
83.270294,0.75383264,43.802931014582,-87.99854692531919,0,1,9228.84,0.12421727,6,1,false,false,9.938889,0.28976697,11.8916855,0.65039444,0.1247862,3
83.27052,0.7540487,43.80294262507178,-87.99854058818956,0,1,9236.431,0.11162759,6,1,false,false,11.248987,0.17185377,14.961866,0.6526862,0.14799792,3
83.27534,0.75426465,43.80295432537799,-87.99853425143912,0,1,9234.924,0.09260333,6,1,false,false,11.397744,0.88036525,12.32292,0.65528977,0.15142567,3
83.28701,0.75448084,43.802965935867775,-87.99852803868592,0,1,9214.731,0.079175204,6,1,false,false,10.886809,0.9854448,14.379389,0.65759325,0.117798336,3
83.29656,0.7546969,43.802977636173985,-87.99852194992991,0,1,9192.321,0.074978486,6,1,false,false,9.68861,0.5819018,10.608554,0.6592381,0.0843462,3
83.29754,0.75491303,43.80298924666376,-87.99851573717669,0,1,9202.95,0.083371915,6,1,false,false,8.376278,0.13212833,10.140257,0.66048557,0.07130883,3
83.29397,0.75512916,43.80300094696997,-87.99850964879988,0,1,9230.155,0.10938967,6,1,false,false,7.894416,-0.107027575,8.444128,0.6616698,0.076616794,3
83.2956,0.7553452,43.80301264755085,-87.99850343604666,0,1,9239.222,0.13149202,6,1,false,false,8.158502,0.3891455,6.238507,0.66302985,0.08902175,3
83.298355,0.75556135,43.80302434785706,-87.99849747166706,0,1,9230.17,0.14464101,6,1,false,false,9.743739,0.2502131,14.7076435,0.66470706,0.11676504,3
83.29746,0.75577754,43.80303604816327,-87.99849138329026,0,1,9230.039,0.15359323,6,1,false,false,10.522985,0.11619145,10.760628,0.66702455,0.15653498,3
83.30489,0.75599366,43.80304774874415,-87.99848529491345,0,1,9240,0.14967617,6,1,false,false,11.756913,0.91457105,13.588026,0.6699044,0.17417885,3
83.315,0.75620985,43.803059449325026,-87.99847933053385,0,1,9218.173,0.13456947,6,1,false,false,10.879108,0.818783,9.4981165,0.672698,0.15416181,3
83.32629,0.75642604,43.80307123972233,-87.99847349053066,0,1,9194.401,0.12113978,6,1,false,false,9.018437,0.6791096,2.6134815,0.6749303,0.11631661,3
83.33039,0.75664234,43.80308294002854,-87.99846752653025,0,1,9203.7,0.11330673,6,1,false,false,7.9296737,-0.066833295,2.795358,0.67648035,0.08641331,3
83.319214,0.7568585,43.80309473042585,-87.99846168652707,0,1,9240.174,0.119182035,6,1,false,false,8.266211,-1.144518,7.191995,0.6778353,0.097795956,3
83.30014,0.75707465,43.80310643073205,-87.99845584652387,0,1,9281.875,0.14939651,6,1,false,false,9.546538,-0.88245946,9.219038,0.679796,0.14468372,3
83.29828,0.7572909,43.80311822112936,-87.99845000652068,0,1,9299.492,0.17457584,6,1,false,false,11.369446,0.85506046,8.614647,0.68270814,0.19364454,3
83.31443,0.757507,43.80313001152666,-87.99844416651749,0,1,9264.592,0.17317694,6,1,false,false,11.802997,1.6691084,7.3686743,0.68618286,0.20366663,3
83.33743,0.75772333,43.803141801923964,-87.9984384505115,0,1,9211.221,0.15443282,6,1,false,false,12.249592,1.3695058,7.17173,0.6893097,0.16681205,3
83.35062,0.75793964,43.803153592321266,-87.99843273488472,0,1,9202.088,0.12785463,6,1,false,false,11.051458,0.46827364,5.13883,0.6916804,0.12542616,3
83.348656,0.75815594,43.803165382718575,-87.99842701925793,0,1,9231.613,0.11218749,6,1,false,false,10.64011,-0.49332643,7.7464995,0.6934849,0.10721623,3
83.33831,0.7583722,43.80317717311588,-87.99842142762836,0,1,9260.628,0.11666389,6,1,false,false,10.266381,-0.5990591,8.114622,0.69530237,0.12087922,3
83.3342,0.7585885,43.80318905360428,-87.99841583637799,0,1,9269.332,0.14100361,6,1,false,false,11.08494,0.36274105,6.8928685,0.6975193,0.14461419,3
83.342636,0.7588048,43.80320084400158,-87.99841024474841,0,1,9260.431,0.15890871,6,1,false,false,11.502335,0.7009188,7.870909,0.7000479,0.15479322,3
83.3511,0.75902116,43.803212724489974,-87.99840477749524,0,1,9242.098,0.16674171,6,1,false,false,12.856392,0.600466,10.651806,0.7026886,0.16376549,3
83.35523,0.7592375,43.803224604978375,-87.99839918624487,0,1,9240.915,0.15918833,6,1,false,false,13.6260395,0.5197993,11.7800865,0.7055957,0.18108523,3
83.36004,0.7594539,43.803236485466776,-87.99839384298892,0,1,9247.509,0.14352174,6,1,false,false,14.246978,0.6107358,14.276942,0.70870036,0.1845719,3
83.3666,0.7596703,43.80324836595517,-87.99838837573574,0,1,9238.914,0.1166639,6,1,false,false,14.256709,0.6957454,13.994893,0.71173286,0.17247327,3
83.37369,0.75988674,43.80326024644357,-87.99838303285898,0,1,9224.87,0.09176375,6,1,false,false,13.564136,0.658113,14.510934,0.71445715,0.14888245,3
83.379654,0.76010317,43.80327212638263,-87.99837781435863,0,1,9220.969,0.067983925,6,1,false,false,11.883681,0.5530207,11.53097,0.7167249,0.117839254,3
83.385155,0.76031965,43.80328400687103,-87.99837247110268,0,1,9223.263,0.053435497,6,1,false,false,9.859115,0.66343105,9.535468,0.71837157,0.07963361,3
83.38997,0.7605361,43.803295977450524,-87.99836725260232,0,1,9221.715,0.046442043,6,1,false,false,7.9417834,0.21393327,5.855703,0.7193664,0.04773668,3
83.388916,0.7607526,43.80330785793892,-87.99836203372277,0,1,9227.162,0.04895965,6,1,false,false,6.4946003,-0.19893089,5.8253994,0.719976,0.037073974,3
83.38485,0.7609691,43.80331982851841,-87.99835693921963,0,1,9250.173,0.05679375,6,1,false,false,6.112547,-0.35627192,7.3849034,0.7205933,0.045085005,3
83.382805,0.7611856,43.80333179854857,-87.99835172071928,0,1,9271.267,0.070221335,6,1,false,false,5.955029,0.47004005,7.3423066,0.7214469,0.0570572,3
83.3904,0.7614021,43.80334367903697,-87.99834662621615,0,1,9264.709,0.08001367,6,1,false,false,5.86287,0.7522974,6.4525447,0.7224401,0.061580338,3
83.40237,0.7616186,43.80335564961646,-87.998341531713,0,1,9241.349,0.07973456,6,1,false,false,5.7783494,0.46894622,8.046078,0.723485,0.06692086,3
83.40662,0.7618352,43.80336762019596,-87.99833643720986,0,1,9238.354,0.07581697,6,1,false,false,6.251516,0.02856271,9.74837,0.7246705,0.07848097,3
83.41217,0.7620518,43.80337959022611,-87.99833134270672,0,1,9258.995,0.07134111,6,1,false,false,6.423222,0.5411057,12.2402935,0.7261304,0.089908175,3
83.42018,0.7622684,43.8033915608056,-87.99832624820358,0,1,9256.029,0.06686525,6,1,false,false,6.28317,0.87497646,13.533427,0.72767377,0.086751185,3
83.431465,0.762485,43.803403531385094,-87.99832127807684,0,1,9227.72,0.06378722,6,1,false,false,6.659946,0.9550158,13.259368,0.72909105,0.08019711,3
83.44068,0.7627017,43.80341550196459,-87.9983163079501,0,1,9218.882,0.05679375,6,1,false,false,6.257038,0.5558531,14.669025,0.73039603,0.073119126,3
83.44387,0.76291835,43.803427471994745,-87.99831133782337,0,1,9230.069,0.053715713,6,1,false,false,6.1815524,0.24063703,13.032128,0.73155564,0.065075606,3
83.44662,0.76313514,43.80343944257424,-87.99830636769664,0,1,9239.65,0.048959646,6,1,false,false,5.434284,0.334186,13.565954,0.7326391,0.060431004,3
83.451096,0.7633518,43.80345141315373,-87.9983013971907,0,1,9232.847,0.04867942,6,1,false,false,5.110586,0.46007317,10.611626,0.7336181,0.054858983,3
83.45777,0.7635685,43.80346347327498,-87.99829642706398,0,1,9226.618,0.049519002,6,1,false,false,4.8559856,0.64251333,11.52922,0.7345193,0.052249912,3
83.46127,0.7637853,43.803475443854474,-87.99829158131365,0,1,9229.366,0.05343551,6,1,false,false,4.769941,0.34190923,12.30137,0.73536825,0.051519807,3
83.463486,0.764002,43.80348750452506,-87.99828661080771,0,1,9238.993,0.06014983,6,1,false,false,4.5369787,0.13975382,11.217409,0.73625207,0.05538655,3
83.465294,0.7642188,43.80349947455522,-87.99828176505738,0,1,9244.625,0.06938285,6,1,false,false,4.8465457,0.2787763,11.730132,0.73724115,0.06259597,3
83.470314,0.76443565,43.8035115352258,-87.99827691892787,0,1,9243.036,0.07469827,6,1,false,false,5.157783,0.29950953,9.489496,0.7383756,0.07115462,3
83.47598,0.76465243,43.803523505805295,-87.99827207317753,0,1,9238.417,0.073858686,6,1,false,false,5.7191577,0.45337343,11.347372,0.7396315,0.07744793,3
83.48076,0.7648693,43.803535565926545,-87.99826722704802,0,1,9237.779,0.07162022,6,1,false,false,5.928784,0.2945754,12.053429,0.7409758,0.081063665,3
83.48492,0.7650861,43.80354753650604,-87.99826250567409,0,1,9240.507,0.0699422,6,1,false,false,6.0199494,0.5499946,15.712896,0.7423789,0.083283946,3
83.48929,0.765303,43.80355959662729,-87.99825765954458,0,1,9240.075,0.06658505,6,1,false,false,5.9815383,0.58978903,13.993216,0.74381423,0.082654,3
83.49444,0.7655199,43.80357165729788,-87.99825293779145,0,1,9234.339,0.060710266,6,1,false,false,5.847238,0.6543168,13.166643,0.745183,0.07658039,3
83.499115,0.7657368,43.803583717968465,-87.99824821603833,0,1,9228.014,0.048959635,6,1,false,false,5.4893446,0.4569244,13.660891,0.74638677,0.067246705,3
83.5014,0.7659537,43.803595778089715,-87.99824349428522,0,1,9231.507,0.03329143,6,1,false,false,4.8887224,0.27277327,11.336738,0.74742275,0.057188436,3
83.501686,0.7661706,43.8036078387603,-87.99823877291131,0,1,9242.771,0.017345164,6,1,false,false,4.00065,0.23631394,10.556307,0.7482809,0.04545645,3
83.50406,0.76638764,43.80361989888155,-87.99823405115819,0,1,9247.455,0.008113241,6,1,false,false,3.3454645,0.29911765,8.814298,0.7489016,0.030798443,3
83.5063,0.7666046,43.80363195955214,-87.99822945378148,0,1,9245.558,0.010350625,6,1,false,false,2.7707937,0.31013027,8.766994,0.7492917,0.019717928,3
83.50839,0.76682156,43.80364401967339,-87.99822473202836,0,1,9250.276,0.022101246,6,1,false,false,2.6956174,0.12079002,9.477006,0.7495639,0.016698042,3
83.511116,0.7670386,43.80365608034398,-87.99822013465165,0,1,9261.304,0.038607936,6,1,false,false,2.8236117,0.5895513,9.440929,0.74989766,0.022799095,3
83.51631,0.76725554,43.80366814046523,-87.99821541289853,0,1,9260.552,0.056513533,6,1,false,false,3.3548584,0.78870595,11.886712,0.7503951,0.034747917,3
83.52496,0.76747257,43.80368020113582,-87.99821081552183,0,1,9246.334,0.06686525,6,1,false,false,3.6537194,0.9072266,13.024608,0.75112426,0.04881253,3
83.53134,0.76768965,43.803692261806404,-87.99820621814511,0,1,9237.0205,0.07078176,6,1,false,false,4.2624497,0.7395251,10.506428,0.7520751,0.06221553,3
83.53624,0.7679068,43.803704321927654,-87.99820162038921,0,1,9242.103,0.06854327,6,1,false,false,4.4549947,0.5601496,13.36079,0.7531925,0.07053057,3
83.53827,0.76812387,43.80371647268934,-87.99819702301251,0,1,9247.46,0.066305876,6,1,false,false,4.2352357,0.31010056,12.86646,0.7543884,0.07193886,3
83.54033,0.76834095,43.80372853281059,-87.99819242563579,0,1,9247.927,0.061548732,6,1,false,false,4.786705,0.35043085,8.0094595,0.7556296,0.074761696,3
83.5448,0.7685581,43.80374059348117,-87.99818795263549,0,1,9247.377,0.051198117,6,1,false,false,4.3762875,0.32098034,12.066484,0.756829,0.06884005,3
83.54699,0.7687753,43.80375265360242,-87.99818335487959,0,1,9245.446,0.042245306,6,1,false,false,4.700639,0.064083874,8.731535,0.7579045,0.062098425,3
83.54818,0.7689924,43.80376480436411,-87.99817888187928,0,1,9256.164,0.028815579,6,1,false,false,4.0033636,0.33302695,11.235341,0.758931,0.05682373,3
83.55316,0.7692096,43.80377686448536,-87.99817428450258,0,1,9257.762,0.02350015,6,1,false,false,3.4984815,0.3581366,11.413235,0.7597646,0.042561542,3
83.55748,0.7694269,43.803789015247034,-87.99816981112308,0,1,9248.532,0.015946258,6,1,false,false,3.3779263,0.6008874,9.745529,0.76042813,0.034762945,3
83.56311,0.7696441,43.80380107536829,-87.99816533812277,0,1,9246.283,0.004475861,6,1,false,false,2.3723407,0.5300569,7.5367603,0.76091444,0.021858614,3
83.56764,0.7698613,43.80381322612997,-87.99816086474328,0,1,9247.897,-0.003917594,6,1,false,false,1.9528203,0.29852688,7.380735,0.7611152,0.008364106,3
83.56741,0.7700785,43.80382528625122,-87.99815639174298,0,1,9254.432,-0.013149528,6,1,false,false,1.481997,-0.01099813,9.697172,0.761149,0.0011909043,3
83.56449,0.7702957,43.8038374370129,-87.99815191836348,0,1,9269.851,-0.013429739,6,1,false,false,0.6075614,0.048213065,12.630246,0.7611109,-0.006124928,3
83.56765,0.770513,43.803849587225244,-87.99814756973959,0.006210482,1,9278.504,-0.009792363,6,1,false,false,0.46769053,0.5491392,7.307861,0.7610014,-0.011017168,3
83.57637,0.7707302,43.803861647346494,-87.99814309636008,0.022599127,1,9261.841,-0.0142693035,6,1,false,false,0.24033415,0.63319504,6.4186897,0.7608177,-0.011480941,3
83.580444,0.77094746,43.80387379810818,-87.99813862335978,0.0526603,1,9237.639,-0.019305594,6,1,false,false,-0.258234,-0.15771666,5.6803985,0.7605539,-0.01374432,3
83.560715,0.7711648,43.80388585822943,-87.99813414998029,0.14526461,1,9243.412,-0.018745165,6,1,false,false,-0.58503133,-1.543519,5.9143434,0.7602495,-0.01582567,3
83.50918,0.7713819,43.80389800899111,-87.99812967697999,0.24022178,0.914518,9258.849,-0.015108868,6,1,false,false,-1.1347883,-3.7937274,4.3617043,0.7599432,-0.017558888,3
83.41827,0.7715989,43.80391006911236,-87.99812520360048,0.40295964,0.75101364,9201.386,-0.008673669,6,1,false,false,-0.9071194,-6.1934204,6.3264885,0.7596166,-0.01680895,3
83.25475,0.77181554,43.803922219874046,-87.99812085459739,0.48484474,0.5946454,9081.1,-0.0097923605,6,1,false,false,-1.3729069,-12.09063,9.020283,0.75931776,-0.015949402,3
83.00293,0.7720316,43.8039341899042,-87.99811638159709,0.51671267,0.38394558,8961.243,-0.012590179,6,1,false,false,-1.1724099,-16.766918,9.144162,0.75902617,-0.01712379,3
82.68925,0.772247,43.80394625057479,-87.9981119082176,0.51921576,0.22153553,8905.497,-0.020704499,6,1,false,false,-1.479582,-19.984882,6.830886,0.7587239,-0.018493526,3
82.33144,0.77246153,43.80395822115428,-87.99810755959369,0.580604,0.097535506,8914.131,-0.029377086,6,1,false,false,-1.7901206,-22.254564,8.066869,0.75832725,-0.023976032,3
81.93096,0.77267504,43.803970101642676,-87.9981030862142,0.6135113,0.0015259981,8890.525,-0.033573806,6,1,false,false,-2.1868455,-25.166208,10.48417,0.757819,-0.031727232,3
81.49948,0.7728874,43.80398198213108,-87.99809873721111,0.6879214,0,8833.442,-0.03133533,6,1,false,false,-2.4050386,-25.949568,8.634623,0.7571952,-0.041541774,3
81.04597,0.7730987,43.80399368243729,-87.99809438858722,0.72405845,0,8754.731,-0.02685948,6,1,false,false,-2.6006227,-28.174137,9.741267,0.75646925,-0.045636825,3
80.56417,0.77330875,43.8040053827435,-87.99809003958413,0.72664595,0,8690.38,-0.018466022,6,1,false,false,-2.5523953,-29.0804,9.543701,0.75572336,-0.042369105,3
80.0778,0.7735176,43.80401708304971,-87.99808569058104,0.7318684,0,8641.048,-0.0067154104,6,1,false,false,-2.512868,-29.578253,11.895295,0.75505656,-0.03574179,3
79.57782,0.77372503,43.80402860372306,-87.99808146595434,0.7691271,0,8591.664,0.007552809,6,1,false,false,-2.313964,-30.065355,11.198284,0.7545323,-0.027275875,3
79.06872,0.7739312,43.80404012384708,-87.99807711695125,0.7698248,0,8542.711,0.018184733,6,1,false,false,-1.9456441,-30.97815,12.148887,0.7541642,-0.016285647,3
78.54895,0.77413607,43.80405155442934,-87.99807289232457,0.7725408,0,8489.146,0.020142991,6,1,false,false,-1.7675171,-31.185108,11.348004,0.754004,-0.0067686224,3
78.03674,0.7743395,43.80406289492051,-87.9980686676979,0.7766154,0,8414.959,0.015946258,6,1,false,false,-1.4982996,-30.406866,9.344503,0.7539575,-0.0003594896,3
77.52615,0.77454174,43.804074145320584,-87.9980644430712,0.7814405,0,8354.179,0.007552808,6,1,false,false,-1.8659356,-30.764225,11.907269,0.75400275,0.00466258,3
77.00575,0.7747425,43.80408530562956,-87.99806021844452,0.7855526,0,8305.659,0.0033560824,6,1,false,false,-1.2609081,-31.41861,13.953303,0.7540497,0.00015901936,3
76.48025,0.774942,43.80409637584745,-87.99805611781505,0.78762853,0,8245.717,-0.0033582465,6,1,false,false,-1.6129951,-31.32664,12.52386,0.7540499,-0.0034127482,3
75.95667,0.77514005,43.80410744606534,-87.99805189318836,0.7917939,0,8176.4316,-0.0041967267,6,1,false,false,-1.611469,-31.090084,11.873863,0.7539764,-0.010042728,3
75.43916,0.7753368,43.80411842674146,-87.99804779293808,0.8314538,0,8127.6216,-0.008114321,6,1,false,false,-1.3619448,-30.721859,10.9198,0.7537743,-0.014504502,3
74.92171,0.7755321,43.80412931732649,-87.99804369230861,0.83362675,0,8081.833,-0.011191272,6,1,false,false,-1.4502264,-31.057741,8.583222,0.75351006,-0.014984796,3
74.40509,0.7757262,43.804140117271096,-87.99803959205833,0.83726805,0,8023.5884,-0.009234096,6,1,false,false,-1.314008,-30.845592,7.822132,0.75321335,-0.016593015,3
73.88191,0.77591884,43.80415082767394,-87.99803561580526,0.8423647,0,7922.6924,-0.0061560655,6,1,false,false,-1.3079846,-31.727184,10.02973,0.75286907,-0.021084724,3
73.34935,0.7761102,43.80416144798569,-87.99803163955221,0.8810229,0,7822.7812,-0.005316502,6,1,false,false,-1.1998613,-31.798655,8.921642,0.752459,-0.029021952,3
72.804146,0.7763,43.804172068846775,-87.99802766329914,0.8825506,0,7747.4497,-0.005875849,6,1,false,false,-1.3197492,-33.37764,9.390841,0.751957,-0.03126724,3
72.23541,0.77648854,43.80418250897634,-87.99802368742527,0.8870871,0,7693.335,-0.0064362776,6,1,false,false,-1.7987545,-34.518616,13.746401,0.7514868,-0.027257303,3
71.64074,0.77667546,43.8041929491059,-87.9980197111722,0.89091736,0,7649.859,-0.0016791237,6,1,false,false,-1.8811564,-35.731407,16.118425,0.75105727,-0.026475944,3
71.054825,0.7768609,43.8042032996937,-87.99801585929555,0.9329787,0,7606.992,0.004195645,6,1,false,false,-1.9192226,-34.625576,14.564227,0.7506645,-0.025467724,3
70.464066,0.7770448,43.80421347009931,-87.99801188304248,0.93615216,0,7564.4985,0.014826485,6,1,false,false,-1.8697524,-35.773186,14.717281,0.7503102,-0.01988843,3
69.88168,0.7772271,43.80422364050492,-87.99800803116582,0.9393351,0,7518.658,0.020142991,6,1,false,false,-1.5311271,-34.225735,12.309111,0.7501029,-0.008126465,3
69.314865,0.777408,43.80423372081945,-87.99800417928915,0.9425264,0,7450.7715,0.018744081,6,1,false,false,-1.2189577,-33.507553,10.70164,0.7500191,-0.0015554246,3
68.763824,0.77758735,43.80424371104287,-87.99800045140971,0.9882585,0,7354.3223,0.0092319315,6,1,false,false,-0.9115762,-32.426933,8.113417,0.7499865,-0.0017675913,3
68.21566,0.7777654,43.80425361172453,-87.99799672390947,0.9907297,0.5208334,7514.3813,-0.0039175944,0,1,false,false,-1.0215503,-32.9302,6.011827,0.7499028,-0.00659545,3
67.6584,0.77794194,43.804263421765775,-87.9979928720328,0.9932387,0.4166667,8037.6157,-0.01482865,0,1,false,false,-1.19229,-34.02459,7.337806,0.74968594,-0.017161446,3
67.091835,0.77811694,43.80427314226525,-87.99798926852976,0.9991031,0,8105.091,-0.025180357,5,1,false,false,-1.0761586,-33.600906,5.6284127,0.74925,-0.033866376,3
66.513725,0.7782905,43.80428286276473,-87.99798554102951,1,0,8059.037,-0.029097948,5,1,false,false,-1.2550454,-35.206417,7.008293,0.7485763,-0.04298769,3
65.909096,0.7784626,43.804292403082016,-87.99798181315006,1,0,8013.553,-0.02937708,5,1,false,false,-1.5156476,-37.02628,8.184557,0.7478439,-0.042064402,3
65.287254,0.77863306,43.80430185330821,-87.99797821002622,1,0,7968.0723,-0.016507778,5,1,false,false,-1.5544688,-37.1877,8.598277,0.7471263,-0.044100605,3
64.67416,0.77880186,43.804311303534405,-87.99797460652317,1,0,7798.768,-0.012031915,5,1,false,false,-1.6697251,-36.274437,7.30864,0.7464086,-0.04026124,3
64.08498,0.77896917,43.80432057412775,-87.99797112739654,1,0,7651.803,-0.012031914,5,1,false,false,-1.696214,-35.318756,8.629999,0.74574345,-0.03762944,3
63.4811,0.77913487,43.80432975408066,-87.99796752389351,1,0,7608.4805,-0.01706712,5,1,false,false,-1.89499,-36.43369,9.704185,0.7451205,-0.034380395,3
62.88049,0.779299,43.80433893458291,-87.99796404476687,1,0,7566.135,-0.021263849,5,1,false,false,-2.18201,-36.114063,10.405486,0.74457574,-0.03023107,3
62.267048,0.7794616,43.804347934902964,-87.99796056564024,1,0,7506.323,-0.01594735,5,1,false,false,-2.4783156,-36.814503,10.538578,0.74407643,-0.034167536,3
61.64428,0.77962255,43.804356935223026,-87.9979570865136,1,0.5208334,7657.0225,0.0033560835,0,1,false,false,-2.2748952,-37.831005,11.332343,0.7434358,-0.04459653,3
61.00637,0.77978194,43.8043657553609,-87.99795360738696,1,0.6458333,8225.4795,0.014547354,0,1,false,false,-2.2794385,-38.305717,12.434581,0.74267405,-0.047858164,3
60.37671,0.7799396,43.804374485957005,-87.99795025263674,1,0.020833299,8458.073,0.013988006,4,1,false,false,-2.3287628,-36.737545,11.13003,0.7418889,-0.04913855,3
59.77682,0.78009564,43.804383216003785,-87.99794689750732,1,0,8425.154,-0.0005604299,4,1,false,false,-2.374085,-35.535275,10.295113,0.7410488,-0.050665498,3
59.183846,0.7802502,43.80439176641771,-87.99794354275708,1,0,8454.121,-0.03021665,4,1,false,false,-2.9238749,-35.501392,10.48043,0.74021417,-0.050017323,3
58.592213,0.78040314,43.80440031683163,-87.99794018800687,1,0,8420.073,-0.0486816,4,1,false,false,-3.4259105,-34.757633,9.634805,0.7393474,-0.055822134,3
58.01667,0.78055465,43.804408687063365,-87.99793695725386,1,0,8372.175,-0.05959264,4,1,false,false,-3.572207,-34.11773,9.042254,0.7383079,-0.06903904,3
57.44542,0.7807047,43.8044170572951,-87.99793360250362,1,0,8290.629,-0.06602784,4,1,false,false,-3.7182488,-34.349033,10.287611,0.73703,-0.08382215,3
56.874718,0.7808531,43.80442524789398,-87.99793037175061,0.95218694,0,8013.172,-0.07022456,4,1,false,false,-3.9785464,-33.803955,10.0437975,0.7355261,-0.09617568,3
56.32376,0.78100014,43.80443343794353,-87.99792714099759,0.9489682,0,7784.078,-0.07498066,4,1,false,false,-4.371689,-32.19626,8.911782,0.73384386,-0.10728573,3
55.779453,0.78114575,43.804441538451314,-87.99792391062377,0.90090233,0,7731.2734,-0.087570846,4,1,false,false,-4.805814,-32.80537,10.09102,0.7319721,-0.11805152,3
55.22645,0.78128994,43.80444954831867,-87.99792080424716,0.85707337,0,7687.738,-0.107155554,4,1,false,false,-5.8057594,-33.447914,12.281618,0.7299133,-0.13079152,3
54.679775,0.7814327,43.80445746864427,-87.99791757349415,0.8163985,0,7644.3057,-0.13121612,4,1,false,false,-6.938978,-32.01778,11.263231,0.72751784,-0.15966098,3
54.160995,0.781574,43.804465298878775,-87.99791446711754,0.7759394,0,7665.371,-0.15443824,4,1,false,false,-7.790238,-30.22875,9.953365,0.7245525,-0.19548497,3
53.664024,0.7817141,43.80447303957152,-87.99791123636453,0.73709464,0,7698.5513,-0.1762614,4,1,false,false,-8.702504,-29.236618,10.687564,0.72102374,-0.22940008,3
53.172806,0.78185284,43.80448068962384,-87.99790812998792,0.70106995,0,7670.928,-0.18633401,4,1,false,false,-10.345734,-28.524223,11.544347,0.7169772,-0.257019,3
52.709515,0.7819903,43.804488339676155,-87.9979048996141,0.6658095,0,7627.678,-0.186334,4,1,false,false,-11.596325,-26.663952,12.085017,0.7124717,-0.28457853,3
52.277348,0.78212667,43.80449581009562,-87.99790179323749,0.62960976,0,7599.4653,-0.18241638,4,1,false,false,-12.531824,-24.951794,12.221891,0.70753807,-0.30908278,3
51.868984,0.78226197,43.80450328051508,-87.99789856248448,0.5982779,0,7582.317,-0.17821965,4,1,false,false,-13.316097,-23.646679,11.544543,0.7023004,-0.3203648,3
51.485424,0.7823962,43.80451066084345,-87.99789533173146,0.5633012,0,7564.114,-0.17709994,4,1,false,false,-13.374606,-21.787264,10.215487,0.6970039,-0.313035,3
51.138382,0.7825295,43.80451804117182,-87.99789210097845,0.53293633,0,7540.633,-0.18101752,4,1,false,false,-13.098436,-19.617636,8.795094,0.6920262,-0.28156635,3
50.816837,0.78266174,43.80452533140909,-87.99788887060463,0.5303859,0,7508.105,-0.18885052,4,1,false,false,-12.940997,-18.476418,8.199569,0.6875884,-0.25402012,3
50.49446,0.78279316,43.804532531555274,-87.9978856398516,0.5018192,0,7465.311,-0.19948244,4,1,false,false,-13.09026,-19.209934,9.747697,0.6833912,-0.25305972,3
50.16482,0.7829237,43.804539641610354,-87.99788228510138,0.47390682,0,7423.0474,-0.22186601,4,1,false,false,-13.758403,-19.558565,10.671826,0.6789167,-0.29173905,3
49.832924,0.7830533,43.804546752214776,-87.99787905434836,0.47107923,0.5208334,7568.8066,-0.25543988,0,1,false,false,-15.635557,-19.602358,11.5851145,0.67352724,-0.35403702,3
49.5152,0.7831819,43.80455386226986,-87.99787569959814,0.44080257,0.75,8127.4683,-0.29600936,0,1,false,false,-16.191568,-18.095966,9.850703,0.66719645,-0.40204382,3
49.221878,0.7833097,43.804560792692094,-87.99787234446872,0.39002836,0.22916664,8526.045,-0.341614,3,1,false,false,-17.052353,-16.53113,9.261221,0.66037387,-0.41205192,3
48.949493,0.7834368,43.804567722565,-87.99786886534208,0.36380866,0,8513.209,-0.37518984,3,1,false,false,-18.4449,-15.182164,10.124783,0.65358716,-0.39978856,3
48.67704,0.78356314,43.80457465298723,-87.99786551059185,0.34177485,0,8590.175,-0.39393502,3,1,false,false,-19.235216,-16.129158,10.521508,0.6470228,-0.39030477,3
48.394714,0.7836888,43.804581493318366,-87.99786203146522,0.31988624,0,8700.038,-0.4003713,3,1,false,false,-19.43432,-16.161758,10.204791,0.6403995,-0.40915814,3
48.12635,0.78381366,43.80458824355841,-87.99785842796219,0.29888523,0,8725.192,-0.39757347,3,1,false,false,-19.42163,-14.663322,9.926337,0.63324547,-0.4487343,3
47.897507,0.78393793,43.80459499379845,-87.99785494883555,0.27939746,0,8673.154,-0.39029777,3,1,false,false,-19.0888,-12.075459,9.413333,0.6255257,-0.47240922,3
47.70084,0.78406185,43.8046016539474,-87.9978513453325,0.2581105,0,8623.721,-0.37910646,3,1,false,false,-19.014742,-10.587127,8.825478,0.61764127,-0.47192544,3
47.52183,0.78418523,43.804608314096356,-87.99784761783225,0.2374703,0,8574.709,-0.36651632,3,1,false,false,-19.055584,-9.833742,8.437486,0.6098143,-0.46836263,3
47.347286,0.78430825,43.80461488415421,-87.997843890332,0.2197996,0,8525.624,-0.35644367,3,1,false,false,-19.260431,-9.804483,9.048209,0.601974,-0.475375,3
47.171368,0.78443086,43.804621364670304,-87.99784016245256,0.20398185,0,8476.467,-0.35392493,3,1,false,false,-19.63244,-9.739304,9.066473,0.5938996,-0.4931093,3
47.00728,0.78455335,43.80462793472816,-87.9978364349523,0.20370305,0,8427.561,-0.36092055,3,1,false,false,-19.347643,-8.268483,8.180818,0.5856674,-0.4888731,3
46.867027,0.78467554,43.80463441524426,-87.99783258307565,0.20230107,0,8379.88,-0.37407023,3,1,false,false,-19.007086,-7.4009314,7.8152246,0.5778099,-0.4516272,3
46.70999,0.7847974,43.804640805119924,-87.99782860682258,0.1849826,0,8345.506,-0.38470206,3,1,false,false,-20.638361,-9.601364,10.143546,0.5705028,-0.43148428,3
46.51442,0.78491884,43.80464719554493,-87.99782475494592,0.18391076,0,8356.404,-0.39001748,3,1,false,false,-22.298706,-11.347166,11.937396,0.5632031,-0.45305064,3
46.313854,0.7850402,43.80465349587884,-87.99782077869286,0.16918671,0,8374.136,-0.39757347,3,1,false,false,-22.74177,-10.765471,10.870969,0.5552276,-0.50633615,3
46.142506,0.7851612,43.804659796212746,-87.99781667844258,0.15355414,0,8360.726,-0.41268134,3,1,false,false,-21.97726,-8.662893,9.040345,0.5463582,-0.549906,3
46.009655,0.7852818,43.80466600645556,-87.99781257781311,0.15257032,0,8317.474,-0.42583078,3,1,false,false,-21.276009,-6.2611685,7.9721756,0.5372831,-0.5268021,3
45.892784,0.7854023,43.80467221614904,-87.99780835318641,0.15158918,0,8275.763,-0.43338573,3,1,false,false,-21.536892,-6.0484033,8.847074,0.5289515,-0.46992704,3
45.776028,0.7855229,43.80467842639185,-87.99780425293615,0.15011795,0,8253.966,-0.44401774,3,1,false,false,-21.098186,-6.1743207,8.094025,0.521588,-0.4172355,3
45.658016,0.78564334,43.80468454709291,-87.99779990393306,0.14865287,0,8244.572,-0.46024635,3,1,false,false,-19.748482,-6.334146,7.3860526,0.5149138,-0.39006117,3
45.514023,0.7857635,43.804690577153536,-87.99779567930636,0.14768274,0,8230.516,-0.48179042,3,1,false,false,-20.57951,-8.884286,10.086848,0.5082968,-0.4192352,3
45.340477,0.78588355,43.80469660721416,-87.99779120592687,0.1464764,0,8203.628,-0.516206,3,1,false,false,-22.4953,-9.878594,11.293478,0.50074494,-0.49349058,3
45.17525,0.78600335,43.80470263727479,-87.99778685730297,0.14526457,0,8170.927,-0.5623732,3,1,false,false,-22.971819,-8.346411,10.187257,0.4919445,-0.5595379,3
45.036087,0.786123,43.804708577793654,-87.99778238392348,0.14430402,0,8140.362,-0.6152549,3,1,false,false,-22.707378,-6.797954,8.800561,0.48227,-0.596265,3
44.90912,0.78624237,43.80471451776318,-87.99777791092318,0.14262702,0,8112.664,-0.66002405,3,1,false,false,-24.046217,-6.5801597,9.615711,0.47229907,-0.591967,3
44.78263,0.7863618,43.80472036819096,-87.99777331316727,0.14143825,0,8090.4653,-0.6871649,3,1,false,false,-24.632618,-6.743334,10.44217,0.46262592,-0.56807166,3
44.648212,0.78648144,43.80472612852763,-87.99776859179335,0.14095828,0,8072.4854,-0.69723755,3,1,false,false,-24.946428,-7.364516,10.669607,0.4532275,-0.56321156,3
44.505917,0.7866007,43.804731888314976,-87.99776399403744,0.13977529,0,8052.0454,-0.6936001,3,1,false,false,-25.381134,-7.451805,10.860671,0.4437266,-0.5770749,3
44.35787,0.78671986,43.80473755856056,-87.99775914828712,0.12538584,0,8025.6333,-0.68240786,3,1,false,false,-26.735334,-8.003792,12.213223,0.4338775,-0.6058149,3
44.20533,0.7868385,43.804743228806146,-87.99775430215759,0.12448083,0,7997.9766,-0.6661793,3,1,false,false,-27.773735,-7.8130774,12.62156,0.42342654,-0.64837325,3
44.054317,0.78695655,43.80474880896063,-87.99774945640726,0.11118865,0,7976.109,-0.6530285,3,1,false,false,-29.253654,-8.056129,14.239892,0.41227147,-0.6918175,3
43.889885,0.7870743,43.804754389115125,-87.99774448628054,0.110751405,0,7959.088,-0.64323527,3,1,false,false,-32.84518,-8.666905,16.94788,0.40015998,-0.7702066,3
43.72666,0.78719175,43.804759879727854,-87.9977395157746,0.10988739,0,7943.0234,-0.63540095,3,1,false,false,-33.311222,-7.371155,15.096726,0.38659227,-0.8419157,3
43.61047,0.7873087,43.804765279700156,-87.99773442165066,0.09698377,0,7924.7383,-0.624768,3,1,false,false,-26.16262,-4.840933,8.901137,0.3729141,-0.7687772,3
43.51245,0.78742534,43.8047705901307,-87.99772920277111,0.09574231,0,7899.6865,-0.60714054,3,1,false,false,-23.924507,-4.40811,8.711142,0.361305,-0.61944294,3
43.41701,0.78754175,43.804775900011904,-87.99772398389156,0.08323628,0,7870.991,-0.5967878,3,1,false,false,-24.249413,-4.3328285,9.283567,0.35239044,-0.44555995,3
43.32551,0.7876579,43.80478121044245,-87.99771876539121,0.08185843,0,7845.134,-0.6021042,3,1,false,false,-21.71317,-4.1009326,8.011775,0.34646308,-0.27503195,3
43.249477,0.7877741,43.80478643023256,-87.99771342251445,0.07126263,0,7831.593,-0.6258879,3,1,false,false,-14.217122,-3.473067,4.5928507,0.34252518,-0.23571818,3
43.17231,0.78788996,43.804791560480915,-87.99770807925849,0.07088191,0,7811.81,-0.6726144,3,1,false,false,-14.670917,-4.0007,2.8780432,0.33816934,-0.29397255,3
43.101505,0.78800577,43.80479678082036,-87.99770261200533,0.07031547,0,7774.0107,-0.7229795,3,1,false,false,-11.713092,-3.4770966,1.7695246,0.33254558,-0.39342743,3
42.973614,0.78812134,43.804801911068715,-87.99769726912857,0.06881576,0,7727.2183,-0.7831378,3,1,false,false,-19.079653,-9.308835,5.8056397,0.3249971,-0.52867997,3
42.820004,0.7882367,43.80480695122598,-87.9976918018754,0.06769281,0,7692.715,-0.850294,3,1,false,false,-22.930214,-7.547902,14.588297,0.3149916,-0.6550958,3
42.679623,0.7883517,43.80481199138324,-87.99768633462223,0.05817295,0,7699.673,-0.921367,3,1,false,false,-30.797798,-6.4152846,14.066023,0.30339935,-0.72537667,3
42.55772,0.7884663,43.8048169414494,-87.99768074337186,0.05835072,0,7731.6333,-0.97900903,3,1,false,false,-34.647926,-5.7068253,17.406324,0.2909444,-0.7686688,3
42.431698,0.78858066,43.804821891515566,-87.99767515174229,0.05835072,0,7748.232,-1.0137067,3,1,false,false,-38.296257,-5.755908,17.605434,0.27778304,-0.79405856,3
42.314297,0.7886948,43.80482666194888,-87.9976694361155,0.05835072,0,7737.186,-1.041129,3,1,false,false,-37.892467,-4.9082446,16.727575,0.26484892,-0.7404851,3
42.214157,0.7888089,43.80483143183286,-87.9976635961123,0.058713734,0,7708.8403,-1.0520422,3,1,false,false,-34.116837,-4.1566405,14.051803,0.25328377,-0.6447604,3
42.127068,0.7889227,43.804836112175074,-87.99765775610912,0.05907015,0,7678.479,-1.0635148,3,1,false,false,-27.762142,-3.8973906,10.40232,0.24309076,-0.59132665,3
42.043316,0.78903633,43.80484079251729,-87.99765191610592,0.059798755,0,7651.188,-1.0833831,3,1,false,false,-23.79453,-3.9132943,7.888991,0.2333526,-0.57898545,3
41.962795,0.7891498,43.80484529267732,-87.99764582753951,0.060881183,0,7626.0776,-1.1164019,3,1,false,false,-20.11816,-3.9535332,6.5898275,0.22381938,-0.56618655,3
41.862736,0.78926355,43.804849882928444,-87.99763986334952,0.06197534,0,7603.09,-1.1746049,3,1,false,false,-24.533457,-6.7573647,8.8324795,0.21443102,-0.58288336,3
41.72359,0.7893768,43.804854383088475,-87.9976337749727,0.07277614,0,7583.0786,-1.2442846,3,1,false,false,-29.356686,-7.3931828,15.2353,0.20380187,-0.70257574,3
41.582554,0.7894897,43.80485879315741,-87.99762768640629,0.07334775,0,7570.6733,-1.3167613,3,1,false,false,-32.91173,-6.3093967,15.829675,0.19075865,-0.84040856,3
41.47081,0.7896023,43.80486311313525,-87.99762159783988,0.074298084,0,7558.728,-1.3615344,3,1,false,false,-31.566088,-4.913895,12.774961,0.17631699,-0.8728733,3
41.361523,0.78971505,43.80486734357133,-87.99761526089986,0.074872896,0,7530.6094,-1.3889593,3,1,false,false,-32.696625,-4.879528,13.627287,0.16201556,-0.82009196,3
41.260796,0.78982747,43.80487157345808,-87.99760904814664,0.076026216,0,7495.979,-1.4007125,3,1,false,false,-30.161552,-4.35546,12.344177,0.149274,-0.69825476,3
41.155434,0.78993946,43.80487571380307,-87.99760271120662,0.07660467,0,7468.491,-1.4107859,3,1,false,false,-30.801195,-5.811646,13.7628565,0.13858336,-0.60712504,3
41.022877,0.7900512,43.80487976350763,-87.99759624989018,0.077375285,0,7448.21,-1.4298146,3,1,false,false,-31.128662,-6.528677,14.339907,0.1282473,-0.6507112,3
40.901,0.79016227,43.80488372367043,-87.99758991276056,0.078148134,0,7431.73,-1.448005,3,1,false,false,-29.941841,-5.8939676,12.489064,0.116869256,-0.70896214,3
40.780785,0.7902728,43.80488768383322,-87.99758332725732,0.078731075,0,7408.2017,-1.4538813,3,1,false,false,-28.468727,-5.736048,11.955183,0.104592845,-0.76117194,3
40.680717,0.790383,43.804891554454265,-87.99757686613049,0.07931528,0,7380.548,-1.4494034,3,1,false,false,-24.642092,-4.6458693,8.61655,0.091872066,-0.75014615,3
40.576828,0.79049283,43.804895334434875,-87.99757028062724,0.0799007,0,7350.0264,-1.4351321,3,1,false,false,-27.493113,-5.648186,10.855825,0.07981051,-0.6958044,3
40.44621,0.79060185,43.804899114415484,-87.997563695124,0.08029425,0,7327.3315,-1.4323334,3,1,false,false,-27.572855,-6.283495,14.509924,0.06808518,-0.72999424,3
40.323322,0.79071015,43.804902804854336,-87.99755698524434,0.080680616,0,7311.9067,-1.442128,3,1,false,false,-28.335007,-5.8199334,11.265898,0.055346854,-0.7893626,3
40.200176,0.79081804,43.80490640465276,-87.9975502755543,0.08087399,0,7287.6006,-1.4432478,3,1,false,false,-27.801968,-5.6568274,11.998504,0.041880924,-0.8293434,3
40.09771,0.79092556,43.80490991490942,-87.99754356567465,0.08107525,0,7258.2866,-1.4393301,3,1,false,false,-23.946741,-4.300954,8.0153,0.027776087,-0.84320855,3
39.989727,0.7910326,43.80491342516609,-87.9975368559846,0.08087398,0,7220.6704,-1.429255,3,1,false,false,-27.32394,-4.978214,10.518491,0.0143072875,-0.7513875,3
39.87943,0.7911389,43.80491684533166,-87.99753002191814,0.06937903,0,7198.7188,-1.4270165,3,1,false,false,-25.910233,-4.7990055,12.025664,0.002619146,-0.66766864,3
39.777954,0.79124486,43.80492017540613,-87.99752318785168,0.058891907,0,7195.2705,-1.4396088,3,1,false,false,-25.74666,-4.8110223,9.911949,-0.008210789,-0.6392325,3
39.663567,0.79135036,43.80492341538952,-87.99751635378523,0.058350716,0,7186.4478,-1.4502442,3,1,false,false,-28.757217,-5.901495,12.212523,-0.018727962,-0.63152766,3
39.524673,0.7914555,43.804926655372896,-87.99750951990836,0.04623402,0,7171.343,-1.469273,3,1,false,false,-28.955008,-6.6422987,14.111331,-0.030144641,-0.7540838,3
39.39129,0.7915599,43.80492980581452,-87.9975025614655,0.036986846,0.016877653,7153.065,-1.4874632,3,1,false,false,-32.065212,-5.8805156,13.929846,-0.043732375,-0.85470885,3
39.269867,0.7916639,43.80493286561571,-87.99749560321223,0.027457,0.07833052,7157.3164,-1.4832652,3,1,false,false,-31.478731,-4.969097,14.752511,-0.058393378,-0.90081954,3
39.172188,0.79176754,43.804935925966234,-87.99748864495896,0.026508098,0.116740465,7194.7036,-1.4675939,3,1,false,false,-27.193188,-3.6383255,10.111052,-0.07370857,-0.9285659,3
39.086132,0.7918708,43.80493880613457,-87.9974816867057,0.0183076,0.1710569,7259.8706,-1.446885,3,1,false,false,-27.19035,-3.0174713,10.0925045,-0.088969104,-0.865818,3
39.01366,0.79197377,43.804941685753576,-87.99747460407602,0.017702237,0.23086062,7370.8525,-1.4387704,3,1,false,false,-24.05069,-2.3283691,9.644743,-0.1020561,-0.70670277,3
38.941444,0.7920764,43.80494447583082,-87.99746752163594,0.016949395,0.28573197,7500.303,-1.4561199,3,1,false,false,-25.887737,-2.5386105,10.178972,-0.11290626,-0.6064837,3
38.881016,0.7921788,43.80494726590807,-87.99746043900628,0.01589629,0.3345614,7446.8477,-1.4824244,3,1,false,false,-30.382738,-0.93686146,14.4407,-0.12261185,-0.5741511,3
38.841854,0.792281,43.80494987635246,-87.99745323218978,0.014694787,0.36145747,7311.774,-1.5064915,3,1,false,false,-30.12351,-0.28216314,13.391971,-0.13271101,-0.6564721,3
38.810547,0.7923829,43.804952486247515,-87.99744602556291,0.013505941,0.39052713,7277.5815,-1.5151663,3,1,false,false,-26.928331,0.14204907,9.842309,-0.14447264,-0.7378019,3
38.819756,0.792485,43.804955096691906,-87.99743881874642,0.012323728,0.40973204,7384.378,-1.5011753,3,1,false,false,-26.50211,2.6165757,11.619187,-0.15671651,-0.70820916,3
38.816715,0.7925869,43.80495752640478,-87.99743161192994,0.010997295,0.4185177,7474.857,-1.4885831,3,1,false,false,-25.8391,2.0706577,11.897184,-0.16830803,-0.6776919,3
38.83199,0.7926888,43.80495995666698,-87.99742428092665,0.0101176575,0.419612,7454.5234,-1.4919403,3,1,false,false,-27.189331,3.4876604,13.182643,-0.17919959,-0.61814827,3
38.861404,0.7927906,43.80496229683809,-87.99741694973376,0.009097981,0.419612,7351.912,-1.5006146,3,1,false,false,-25.919096,3.7256122,12.233138,-0.189093,-0.57344437,3
38.884796,0.7928925,43.8049646370092,-87.99740961873046,0.0077919005,0.419612,7273.8623,-1.5129287,3,1,false,false,-24.435284,3.333976,10.050219,-0.19872977,-0.58028686,3
38.91617,0.79299474,43.804966887089215,-87.99740216354036,0.006641602,0.419612,7288.6924,-1.523562,3,1,false,false,-25.558407,3.8668916,11.881571,-0.20825584,-0.5498225,3
38.942078,0.7930968,43.80496904707813,-87.99739470816066,0.0056389696,0.42070633,7340.165,-1.532238,3,1,false,false,-27.058405,2.3863552,13.175536,-0.21688814,-0.48961502,3
38.93431,0.7931988,43.804971207067055,-87.99738712859416,0.004928243,0.42400473,7357.3667,-1.54595,3,1,false,false,-29.644642,0.94335663,14.961708,-0.22514825,-0.51787376,3
38.926514,0.79330075,43.80497327696488,-87.99737967321445,0.003933993,0.42949182,7347.924,-1.5582631,3,1,false,false,-28.062918,1.5247929,13.159966,-0.23452078,-0.60433674,3
38.934208,0.7934029,43.80497525732095,-87.99737209364794,0.0027997252,0.43661278,7351.6196,-1.5540653,3,1,false,false,-23.386156,2.0779586,9.295954,-0.24505422,-0.64274704,3
38.952995,0.79350513,43.80497714703659,-87.99736451408144,0.0018159082,0.4486969,7393.873,-1.5322379,3,1,false,false,-20.750599,2.8755767,8.672015,-0.2556927,-0.6158513,3
38.992344,0.7936072,43.80497903730156,-87.99735681032811,0.001118521,0.46295422,7451.985,-1.5165652,3,1,false,false,-19.7044,4.2955375,7.890775,-0.26528385,-0.5230781,3
39.038147,0.7937094,43.80498092756653,-87.99734923076161,-8.731149e-11,0.47832125,7465.642,-1.5154481,3,1,false,false,-23.918661,3.9900331,11.174637,-0.27338296,-0.46506792,3
39.075886,0.79381144,43.804982727191074,-87.99734152700829,0,0.4931335,7422.1865,-1.5260807,3,1,false,false,-22.610409,3.0117207,10.852616,-0.28110862,-0.47957128,3
39.08989,0.79391325,43.80498443727386,-87.99733382325498,0,0.50904,7401.4634,-1.5230024,3,1,false,false,-22.558558,1.6837898,11.036242,-0.2897512,-0.56129974,3
39.1061,0.794015,43.804986147356644,-87.99732599512525,0,0.5227579,7486.2856,-1.5014555,3,1,false,false,-22.832787,2.5034597,9.321223,-0.29965335,-0.6166857,3
39.137203,0.7941166,43.80498776734834,-87.99731829137193,0,0.54635555,7632.377,-1.4734709,3,1,false,false,-20.91542,3.7294617,9.081476,-0.31003547,-0.6149508,3
39.189144,0.7942183,43.804989297798265,-87.9973104632422,0,0.57598007,7722.9937,-1.4440873,3,1,false,false,-18.62014,4.8498588,8.017895,-0.31992355,-0.5672136,3
39.267868,0.79432,43.80499082769886,-87.99730263511248,0,0.60506475,7704.4546,-1.4205803,3,1,false,false,-19.218819,6.6777253,9.316576,-0.32899448,-0.5214076,3
39.368015,0.7944216,43.80499235759946,-87.99729468279595,0,0.62755287,7619.2876,-1.40491,3,1,false,false,-17.738375,6.91955,8.0651245,-0.3372903,-0.47988692,3
39.461975,0.7945234,43.804993797958296,-87.99728685466623,0,0.6495013,7567.1685,-1.3917565,3,1,false,false,-17.552721,6.8067455,7.8994837,-0.34519687,-0.47374055,3
39.5413,0.79462534,43.804995147676706,-87.99727890234969,0,0.66321933,7611.299,-1.3808444,3,1,false,false,-16.794758,4.8149185,7.1210704,-0.3532042,-0.49712217,3
39.598335,0.79472727,43.80499658803554,-87.99727095003315,0,0.6709105,7730.9644,-1.36993,3,1,false,false,-18.349619,4.474445,7.4342737,-0.36191347,-0.55447435,3
39.650326,0.7948291,43.80499784821219,-87.99726299771662,0,0.67584294,7851.055,-1.3598547,3,1,false,false,-20.621185,4.3914886,9.942731,-0.37196445,-0.6537681,3
39.702087,0.79493093,43.8049991979306,-87.99725492121328,0,0.67693716,7906.5024,-1.3433454,3,1,false,false,-20.340233,4.6725793,11.431944,-0.38373923,-0.7530293,3
39.769985,0.79503274,43.80500036801615,-87.99724684470993,0,0.6791412,7914.0767,-1.30109,3,1,false,false,-23.54543,6.5600634,11.197065,-0.3970957,-0.8349074,3
39.870857,0.7951347,43.805001538101706,-87.997238768017,0,0.6791413,7904.5386,-1.240367,3,1,false,false,-24.969576,8.538009,12.615733,-0.41120568,-0.83731234,3
39.998203,0.7952369,43.80500270818726,-87.99723069151365,0,0.6802356,7866.3955,-1.1754459,3,1,false,false,-26.585205,10.0639305,14.072515,-0.4246941,-0.7638437,3
40.13223,0.7953392,43.80500369809062,-87.9972224906339,0,0.6824243,7786.256,-1.1082876,3,1,false,false,-27.423058,9.926711,14.286383,-0.43656045,-0.6576911,3
40.252766,0.79544187,43.80500468799399,-87.99721428975415,0,0.68351865,7700.9995,-1.0500841,3,1,false,false,-26.94402,8.725215,13.016213,-0.44681755,-0.5809349,3
40.3473,0.7955446,43.8050055883556,-87.9972060888744,0,0.68351865,7677.6006,-0.99971557,3,1,false,false,-25.14264,6.817216,10.952809,-0.45623723,-0.5583991,3
40.419983,0.7956477,43.80500648816787,-87.99719776380785,0,0.68351865,7745.3022,-0.957744,3,1,false,false,-22.810713,5.541695,9.807137,-0.4655925,-0.56581116,3
40.48066,0.79575074,43.80500729843838,-87.9971895631177,0,0.68351865,7861.632,-0.9194077,3,1,false,false,-20.835659,5.1524606,8.496684,-0.47510302,-0.57267225,3
40.54148,0.7958539,43.80500801806847,-87.99718123786154,0,0.68351865,7958.3647,-0.87687564,3,1,false,false,-18.0206,5.3099146,7.146091,-0.48462653,-0.5648716,3
40.61377,0.79595715,43.805008738247885,-87.99717291279498,0,0.68351865,8004.88,-0.8228709,3,1,false,false,-17.635319,6.064148,7.0520716,-0.49384344,-0.5391155,3
40.69377,0.79606044,43.80500936833621,-87.99716446354161,0,0.68351865,8016.8706,-0.7649521,3,1,false,false,-17.565683,6.2845936,7.227857,-0.50262415,-0.5158471,3
40.776363,0.79616404,43.80500999842454,-87.99715613847505,0,0.68351865,8031.0913,-0.7101091,3,1,false,false,-17.695452,6.5429897,7.586499,-0.5110837,-0.49853486,3
40.85377,0.7962678,43.80501062851286,-87.99714768903209,0,0.68351865,8072.151,-0.6446341,3,1,false,false,-17.46636,5.870879,7.13902,-0.5192505,-0.4833437,3
40.92168,0.7963717,43.80501107841899,-87.99713923977872,0,0.68351865,8143.0195,-0.58279765,3,1,false,false,-17.0565,5.4611917,7.0352807,-0.5272813,-0.48314965,3
40.986977,0.7964757,43.80501161841622,-87.99713079033575,0,0.68351865,8228.051,-0.5198432,3,1,false,false,-16.896652,5.4782825,7.1967115,-0.5354103,-0.49322504,3
41.06044,0.7965798,43.80501206832236,-87.99712234108239,0,0.68351865,8298.616,-0.4636035,3,1,false,false,-17.01941,6.0642834,7.8499713,-0.543712,-0.50240856,3
41.14119,0.79668427,43.80501242868674,-87.99711389163942,0,0.68462837,8333.731,-0.4241529,3,1,false,false,-17.858284,6.708599,8.614303,-0.5522086,-0.51744527,3
41.234848,0.796789,43.80501278850178,-87.99710531819925,0,0.6857227,8337.6875,-0.39197686,3,1,false,false,-17.79539,7.525516,8.89047,-0.5609218,-0.5248816,3
41.340206,0.7968939,43.805013148316824,-87.99709686875627,0,0.69174945,8327.824,-0.36987346,3,1,false,false,-18.65147,8.200719,9.5983095,-0.56967515,-0.5229257,3
41.450077,0.79699904,43.80501341859011,-87.9970882951265,0,0.69998014,8315.992,-0.36036018,3,1,false,false,-19.228949,8.343132,9.676332,-0.5783209,-0.51288253,3
41.557014,0.7971046,43.80501359877229,-87.99707972149672,0,0.71644163,8311.085,-0.35952175,3,1,false,false,-19.76843,8.0350065,9.901662,-0.58679044,-0.50396365,3
41.66204,0.7972107,43.80501377840515,-87.99707114805655,0,0.73674077,8321.738,-0.3659558,3,1,false,false,-20.047697,8.046834,9.630794,-0.5951275,-0.4956948,3
41.764416,0.797317,43.80501386849624,-87.99706245005036,0,0.7565005,8345.532,-0.37602842,3,1,false,false,-19.632095,7.95182,9.535075,-0.60333526,-0.4880291,3
41.868298,0.7974236,43.80501395858733,-87.99705375223378,0,0.7713129,8373.301,-0.38526145,3,1,false,false,-19.796509,7.998716,9.50345,-0.6114194,-0.48215336,3
41.973022,0.79753053,43.80501395858733,-87.99704517860401,0,0.7817323,8396.4375,-0.3928163,3,1,false,false,-20.536968,8.194297,10.080421,-0.61946577,-0.48411834,3
42.079777,0.7976379,43.80501395858733,-87.99703648078741,0,0.78886867,8412.882,-0.39449438,3,1,false,false,-20.451735,8.259136,10.097058,-0.62759626,-0.4907266,3
42.189182,0.7977455,43.80501386849624,-87.99702765878403,0,0.78996295,8425.878,-0.39001748,3,1,false,false,-20.103968,8.336557,9.480656,-0.63581383,-0.49353236,3
42.297367,0.79785347,43.80501368831405,-87.99701896077785,0,0.78996295,8442.458,-0.37630856,3,1,false,false,-19.878399,8.150186,9.115852,-0.6440308,-0.4917903,3
42.403584,0.79796165,43.8050135086812,-87.99701026296127,0,0.78996295,8469.908,-0.35504478,3,1,false,false,-20.285746,8.319602,9.85551,-0.6522572,-0.49407306,3
42.511063,0.7980701,43.805013238407916,-87.99700144095787,0,0.7888686,8501.441,-0.32342815,3,1,false,false,-21.281197,8.31787,10.635529,-0.6605187,-0.4987703,3
42.61787,0.79817873,43.80501296868397,-87.99699261876488,0,0.78777426,8522.779,-0.28173998,3,1,false,false,-21.608223,8.234265,11.741247,-0.6689128,-0.50853246,3
42.72205,0.7982876,43.80501260831959,-87.99698379657188,0,0.78777426,8534.694,-0.20927584,3,1,false,false,-21.099915,8.212301,11.486653,-0.67753214,-0.5240168,3
42.83384,0.79839677,43.805012158413454,-87.99697497456849,0,0.78612494,8547.698,-0.13205464,3,1,false,false,-20.5684,8.929834,10.590711,-0.68631417,-0.5246137,3
42.9573,0.79850626,43.80501170850732,-87.9969661523755,0,0.78119266,8556.446,-0.03441228,3,1,false,false,-19.2877,9.513553,10.024841,-0.6948675,-0.4926293,3
43.080425,0.7986161,43.80501125860118,-87.9969572059957,0,0.77186763,8544.662,0.07525763,3,1,false,false,-20.034708,8.984921,10.996692,-0.7026784,-0.4489294,3
43.195744,0.79872626,43.80501062851286,-87.9969483839923,0,0.7608936,8520.059,0.15918835,3,1,false,false,-18.55784,8.820162,10.856211,-0.7099686,-0.42354125,3
43.31943,0.79883665,43.80500999842454,-87.99693943761251,0,0.7488092,8509.23,0.21430247,3,1,false,false,-17.985064,9.19012,9.75534,-0.71670043,-0.38058862,3
43.436707,0.79894745,43.80500936833621,-87.9969304912327,0,0.73894495,8511.799,0.23556413,3,1,false,false,-18.922892,8.142647,11.564197,-0.72270757,-0.34825006,3
43.5425,0.7990585,43.80500864815679,-87.99692154485291,0,0.7334578,8526.896,0.22829041,3,1,false,false,-18.84195,8.737626,9.924402,-0.72850335,-0.34364173,3
43.66597,0.79916996,43.805007928526706,-87.9969125984731,0,0.73345774,8547.352,0.19975513,3,1,false,false,-18.31311,8.673132,9.4959545,-0.73383886,-0.2915808,3
43.77078,0.7992816,43.80500711825619,-87.99690365209331,0,0.73345774,8548.79,0.15611143,3,1,false,false,-17.22281,7.4096475,9.784997,-0.73843074,-0.2666274,3
43.881443,0.7993936,43.80500621844392,-87.9968947057135,0,0.7362014,8557.28,0.09875829,3,1,false,false,-17.135197,8.790761,9.231442,-0.7427845,-0.25088248,3
44.005524,0.7995059,43.805005318082316,-87.9968856351469,0,0.7411337,8573.59,0.023780368,3,1,false,false,-17.759071,8.624584,9.13805,-0.7466171,-0.21130542,3
44.108196,0.79961854,43.80500432817895,-87.9968766887671,0,0.7554065,8582.288,-0.050639845,3,1,false,false,-17.53925,7.308592,10.36579,-0.75016433,-0.22328056,3
44.23008,0.79973143,43.80500333827558,-87.99686761820048,0,0.7773547,8606.128,-0.13960958,3,1,false,false,-18.191458,9.254607,9.787022,-0.7539694,-0.22546992,3
44.354088,0.7998447,43.80500234837222,-87.99685854763388,0,0.8130057,8626.946,-0.20368022,3,1,false,false,-18.694698,8.191596,10.920687,-0.7576647,-0.2230399,3
44.466244,0.7999582,43.805001178286666,-87.99684947687767,0,0.86294496,8644.095,-0.25264093,3,1,false,false,-19.19003,8.391307,11.353455,-0.76166177,-0.26183265,3
44.599136,0.8000722,43.805000098292204,-87.99684040631107,0,0.93372273,8676.485,-0.27026844,3,1,false,false,-18.078754,9.648755,10.388312,-0.7662668,-0.27980933,3
44.72649,0.8001865,43.80499883811556,-87.99683133574446,0,0.9999999,8699.009,-0.26075527,3,1,false,false,-17.462017,8.007289,11.504805,-0.7709916,-0.29485366,3
44.853783,0.8003011,43.804997577938906,-87.99682226498825,0,1,8719.912,-0.2358551,3,1,false,false,-16.786688,9.648403,10.133702,-0.77623945,-0.32775605,3
45.003338,0.8004161,43.80499631776226,-87.99681307023482,0,1,8746.527,-0.20619787,3,1,false,false,-16.528193,9.98977,9.919672,-0.7816451,-0.31671858,3
45.129288,0.8005315,43.80499496804385,-87.99680399966822,0,1,8760.959,-0.16870648,3,1,false,false,-16.285456,8.099143,11.925137,-0.7870332,-0.33772436,3
45.274017,0.8006473,43.804993617776105,-87.9967948047252,0,1,8789.164,-0.1401689,3,1,false,false,-15.995569,11.060686,10.128949,-0.7928165,-0.34216404,3
45.432137,0.8007635,43.804992177966604,-87.99678560978218,0,1,8803.131,-0.11442921,3,1,false,false,-16.050358,8.775442,10.190753,-0.798144,-0.30691856,3
45.55688,0.80088013,43.80499073760777,-87.99677641502876,0,1,8799.1045,-0.092607126,3,1,false,false,-15.546937,9.463869,10.945689,-0.8034168,-0.3235232,3
45.725544,0.80099714,43.80498920770717,-87.99676722008576,0,1,8819.594,-0.08197519,3,1,false,false,-15.256105,12.024292,10.55652,-0.80856097,-0.2763859,3
45.86749,0.8011146,43.80498767780657,-87.99675802514274,0,1,8821.728,-0.08113561,3,1,false,false,-15.200253,7.345871,9.791993,-0.8127415,-0.24763496,3
46.00168,0.8012324,43.80498605781489,-87.99674870601291,0,1,8835.177,-0.09624339,3,1,false,false,-13.801482,10.714271,9.106258,-0.81696856,-0.24486987,3
46.16816,0.8013507,43.80498443727386,-87.99673951125949,0,1,8865.062,-0.12086332,3,1,false,false,-14.821604,9.953988,9.871103,-0.8205941,-0.19453539,3
46.276123,0.8014695,43.804982727191074,-87.99673019212966,0,1,8876.681,-0.15191956,3,1,false,false,-13.567264,6.6683097,11.224965,-0.8239885,-0.22767635,3
46.428448,0.8015886,43.80498101710829,-87.99672087299984,0,1,8927.222,-0.17765927,3,1,false,false,-13.241171,11.628008,9.378469,-0.8279568,-0.22669274,3
46.57244,0.80170804,43.80497921748375,-87.99671167805683,0,1,8960.347,-0.19472748,3,1,false,false,-13.809183,7.4626675,9.089354,-0.8315233,-0.2174454,3
46.682144,0.8018279,43.80497741730987,-87.996702358927,0,1,8977.164,-0.20619783,3,1,false,false,-12.818956,9.122967,9.030969,-0.83557266,-0.2633198,3
46.855568,0.8019483,43.80497561713599,-87.99669291561037,0,1,9013.774,-0.20591766,3,1,false,false,-13.348585,10.757383,9.434458,-0.8397753,-0.23195104,3
46.97425,0.80206907,43.80497372687102,-87.99668359648054,0,1,9015.223,-0.19584505,3,1,false,false,-12.063375,6.6553802,9.600842,-0.8437811,-0.26058528,3
47.119095,0.8021901,43.80497183715538,-87.99667427735072,0,1,9040.746,-0.18437469,3,1,false,false,-12.40329,11.52547,9.41113,-0.84833276,-0.26878878,3
47.278713,0.8023116,43.8049699468904,-87.99666483384448,0,1,9064.9795,-0.16842732,3,1,false,false,-13.458238,8.394142,9.30436,-0.85245085,-0.23715854,3
47.387257,0.8024334,43.80496796708368,-87.99665539052785,0,1,9074.872,-0.15080082,3,1,false,false,-11.970277,8.940265,9.035965,-0.856726,-0.27116135,3
47.557236,0.80255556,43.80496589663651,-87.99664607139802,0,1,9110.059,-0.13345349,3,1,false,false,-12.247335,10.385399,9.410794,-0.86104727,-0.23615436,3
47.68484,0.8026781,43.804963826738685,-87.99663662808139,0,1,9114.901,-0.115549,3,1,false,false,-11.759209,6.8222656,11.665121,-0.8648345,-0.23274718,3
47.819466,0.8028009,43.80496175684086,-87.99662718457516,0,1,9136.023,-0.099880785,3,1,false,false,-11.582577,11.469769,9.1464,-0.86892337,-0.2398572,3
47.975525,0.80292416,43.804959686393694,-87.9966176170717,0,1,9161.784,-0.08645105,3,1,false,false,-11.81062,8.426596,8.8189125,-0.87248933,-0.1985765,3
48.08937,0.8030477,43.80495752640478,-87.99660817356548,0,1,9173.877,-0.07637954,3,1,false,false,-10.28816,8.11008,8.990526,-0.87588096,-0.20780358,3
48.25403,0.8031717,43.80495527632476,-87.99659873024885,0,1,9206.711,-0.07302241,3,1,false,false,-10.824156,10.815034,9.505214,-0.87912786,-0.16955985,3
48.376575,0.803296,43.80495311633584,-87.99658916255581,0,1,9211.479,-0.07302239,3,1,false,false,-9.781425,6.2431993,10.633866,-0.88176084,-0.16360436,3
48.511986,0.80342066,43.80495086625583,-87.99657959486277,0,1,9236.971,-0.0758202,3,1,false,false,-10.574492,11.073215,9.775183,-0.88464797,-0.17091495,3
48.66756,0.8035457,43.804948526084715,-87.99657015154612,0,1,9263.969,-0.076099336,3,1,false,false,-10.303592,8.745179,10.685516,-0.88719463,-0.13989635,3
48.780746,0.8036711,43.8049462760047,-87.99656058385308,0,1,9270.746,-0.07805762,3,1,false,false,-9.20708,8.193661,8.988866,-0.8895967,-0.15258305,3
48.94329,0.8037969,43.80494393583359,-87.99655101634964,0,1,9293.952,-0.08001695,3,1,false,false,-9.361265,9.932226,9.587506,-0.8920153,-0.12944399,3
49.06771,0.8039231,43.80494150612073,-87.99654132446979,0,1,9300.167,-0.082534544,3,1,false,false,-8.338226,7.5560765,9.411667,-0.8940932,-0.12456864,3
49.20621,0.80404955,43.80493916594962,-87.99653175677675,0,1,9311.649,-0.08701146,3,1,false,false,-8.110631,9.917675,9.062186,-0.89617383,-0.11961639,3
49.343105,0.8041765,43.80493673568741,-87.9965221890837,0,1,9311.437,-0.092607096,3,1,false,false,-7.7838683,7.621963,8.648897,-0.89803076,-0.10685632,3
49.45627,0.8043037,43.80493421588345,-87.99651249720385,0,1,9286.203,-0.101279676,3,1,false,false,-7.6012897,8.22632,8.347673,-0.89985734,-0.112255655,3
49.583893,0.8044313,43.80493178562125,-87.99650280532401,0,1,9305.737,-0.10855447,3,1,false,false,-7.354846,7.368735,7.5879283,-0.90167797,-0.10526022,3
49.603897,0.8045591,43.80492926526795,-87.99649311344416,0,1,9302.433,-0.1130303,0,1,false,false,-7.9672527,-1.2842412,9.365274,-0.9033959,-0.10027659,3
49.583145,0.8046869,43.80492674546399,-87.99648354575112,0,1,8890.793,-0.113589644,4,1,false,false,-7.407261,2.7944765,10.827385,-0.9050285,-0.09528017,3
49.69562,0.8048148,43.80492422511069,-87.99647385387127,0,1,7941.035,-0.11079185,4,1,false,false,-6.274363,7.850939,11.626315,-0.9068383,-0.12794973,3
49.84677,0.8049431,43.80492170530673,-87.99646416199141,0,1,7572.4062,-0.10547642,4,1,false,false,-5.4470983,11.422199,7.9178085,-0.90927005,-0.1599458,3
50.039272,0.8050719,43.80491909541167,-87.99645447011156,0,1,7818.228,-0.099321425,4,1,false,false,-5.5998545,10.427293,7.14119,-0.9118967,-0.14430064,3
50.14136,0.8052011,43.80491648496728,-87.99644477823172,0,1,8081.4043,-0.097922534,4,1,false,false,-6.6388807,5.3142624,10.129457,-0.9139535,-0.10496193,3
50.243534,0.8053305,43.804913875072224,-87.99643496197545,0,1,8044.3984,-0.10295883,4,1,false,false,-8.699185,7.3732796,16.164412,-0.9155748,-0.099011436,3
50.373463,0.80546033,43.80491126462783,-87.9964252700956,0,1,7847.667,-0.10323795,4,1,false,false,-9.123901,8.8528385,15.883482,-0.9175289,-0.13556516,3
50.52679,0.80559045,43.804908564641686,-87.99641545402895,0,1,7765.7427,-0.09904123,4,1,false,false,-7.9339747,10.733985,14.010128,-0.91993165,-0.1423257,3
50.672028,0.805721,43.80490586465553,-87.9964057621491,0,1,7817.733,-0.09064779,4,1,false,false,-7.5612206,8.213151,13.045372,-0.9220388,-0.10531176,3
50.787876,0.80585194,43.80490316466938,-87.99639594589284,0,1,7873.206,-0.08505215,4,1,false,false,-7.267459,7.565629,12.516237,-0.9234652,-0.06602221,3
50.902443,0.80598325,43.80490037459214,-87.99638612982618,0,1,7873.9766,-0.08813015,4,1,false,false,-5.6101623,7.1544695,10.9207945,-0.92430353,-0.040815745,3
51.004066,0.8061147,43.80489767460598,-87.99637631356993,0,1,7863.039,-0.11051271,4,1,false,false,-4.5185456,6.717718,10.473349,-0.9249743,-0.04377504,3
51.119175,0.8062466,43.80489488452874,-87.99636649750326,0,1,7900.9434,-0.13821065,4,1,false,false,-4.387524,7.623299,9.228071,-0.92581904,-0.058762413,3
51.218582,0.8063787,43.804892094451496,-87.9963565570602,0,1,7951.1216,-0.15807563,4,1,false,false,-4.497302,5.710189,9.663037,-0.92695725,-0.078847766,3
51.322693,0.8065111,43.80488921428316,-87.99634674099353,0,1,7995.4243,-0.16115254,4,1,false,false,-4.0917473,7.3474183,7.4873004,-0.9284432,-0.09631173,3
51.433903,0.8066439,43.80488642420591,-87.99633680055047,0,1,8014.297,-0.15303932,4,1,false,false,-4.101648,6.8208594,7.7156725,-0.9301215,-0.104897305,3
51.535023,0.806777,43.80488354403757,-87.9963269844838,0,1,8019.4414,-0.14296673,4,1,false,false,-3.908027,7.030884,7.762916,-0.9318948,-0.10817812,3
51.65691,0.8069104,43.804880663869234,-87.99631704404074,0,1,8040.671,-0.13653159,4,1,false,false,-4.399602,7.460498,8.142795,-0.93372536,-0.11194745,3
51.75752,0.80704415,43.804877783700896,-87.99630710359767,0,1,8057.736,-0.13597222,4,1,false,false,-4.264527,6.77223,8.467541,-0.9355926,-0.11289501,3
51.86659,0.8071782,43.80487490353256,-87.99629716315461,0,1,8086,-0.13877001,4,1,false,false,-5.033676,7.181744,10.561825,-0.9375043,-0.11756647,3
51.97383,0.8073125,43.80487202336422,-87.99628722271154,0,1,8106.82,-0.13960955,4,1,false,false,-5.145804,6.5697355,9.320032,-0.9395221,-0.12378556,3
52.07766,0.8074472,43.804869053654116,-87.99627728245807,0,1,8119.836,-0.13821071,4,1,false,false,-5.3513794,7.0457177,9.055349,-0.9416314,-0.12883896,3
52.18618,0.80758214,43.80486617348578,-87.9962672176386,0,1,8137.1226,-0.13261504,4,1,false,false,-5.4652743,7.0702443,8.979563,-0.9438042,-0.12994528,3
52.294537,0.8077174,43.80486320322635,-87.99625727738513,0,1,8153.8145,-0.12757874,4,1,false,false,-5.5477767,7.082278,8.5547,-0.94593865,-0.12566833,3
52.40523,0.807853,43.80486014287582,-87.99624721256566,0,1,8166.6597,-0.12813915,4,1,false,false,-5.751675,7.1603713,9.087615,-0.9479765,-0.1192648,3
52.51477,0.8079888,43.80485717316572,-87.99623727231219,0,1,8175.6104,-0.13429414,4,1,false,false,-6.312342,7.1514506,10.034399,-0.94992876,-0.1172457,3
52.624382,0.80812484,43.80485411281519,-87.99622720768231,0,1,8187.4634,-0.14212719,4,1,false,false,-6.5407386,7.111246,8.924784,-0.9519189,-0.1215939,3
52.733326,0.8082613,43.804851053014,-87.99621714286283,0,1,8204.246,-0.1499613,4,1,false,false,-6.217842,7.0060554,7.2112446,-0.95394975,-0.12125792,3
52.84087,0.80839795,43.804847992663476,-87.99620707823296,0,1,8223.99,-0.15891406,4,1,false,false,-6.100032,7.0636225,7.528379,-0.9559191,-0.11598801,3
52.950077,0.8085349,43.804844932312946,-87.99619701360308,0,1,8241.5205,-0.17150429,4,1,false,false,-6.2743545,6.8870955,7.3468995,-0.95779926,-0.11307623,3
53.052864,0.8086722,43.80484178242066,-87.99618694897322,0,1,8255.332,-0.18773288,4,1,false,false,-6.167534,6.4598093,6.4910917,-0.9596757,-0.11668527,3
53.1512,0.80880964,43.80483863252837,-87.99617675996693,0,1,8280.485,-0.2047989,4,1,false,false,-6.102625,6.3421593,6.266033,-0.96168303,-0.12825134,3
53.24997,0.80894744,43.80483548208675,-87.99616669533705,0,1,8321.164,-0.22214523,4,1,false,false,-6.54125,6.362099,7.2363105,-0.9639177,-0.14448099,3
53.34621,0.8090855,43.804832332194465,-87.99615663070718,0,1,8359.482,-0.23417598,4,1,false,false,-8.176909,6.164399,9.9361315,-0.96657324,-0.17920715,3
53.446182,0.80922383,43.80482909221108,-87.99614644189049,0,1,8383.535,-0.24089032,4,1,false,false,-9.078605,6.649032,10.870366,-0.9699161,-0.22063293,3
53.551506,0.8093624,43.804825851678366,-87.99613637707102,0,1,8394.123,-0.23949149,4,1,false,false,-9.856731,7.0600185,10.158466,-0.9739672,-0.25923994,3
53.674637,0.8095013,43.80482261169499,-87.99612618825434,0,1,8393.987,-0.22913973,4,1,false,false,-10.038339,8.603881,9.278381,-0.9784398,-0.26285598,3
53.80302,0.8096405,43.8048193717116,-87.99611599924805,0,1,8366.546,-0.21067479,4,1,false,false,-9.259906,8.073933,6.8870525,-0.98253644,-0.2220264,3
53.929863,0.80978006,43.80481604163713,-87.99610593461817,0,1,8330.912,-0.19388685,4,1,false,false,-9.825876,8.146222,8.586745,-0.9857877,-0.17139281,3
54.039463,0.80992,43.80481262147156,-87.9960957458015,0,1,8320.658,-0.19108899,4,1,false,false,-9.542529,6.320032,7.783717,-0.9883361,-0.14788155,3
54.124985,0.81006014,43.804809291397085,-87.99608555679521,0,1,8363.774,-0.19780436,4,1,false,false,-9.755751,5.21714,9.346908,-0.99083495,-0.16460405,3
54.201717,0.81020045,43.804805871231515,-87.99607536797852,0,1,8454.004,-0.20507917,4,1,false,false,-10.105067,5.166765,9.604987,-0.99392176,-0.2075451,3
54.287426,0.8103411,43.804802451065946,-87.99606517897224,0,1,8535.286,-0.20451875,4,1,false,false,-10.287847,6.0913405,9.453563,-0.99770546,-0.24044265,3
54.392868,0.81048197,43.804798940809285,-87.99605499006076,0,1,8552.102,-0.19444613,4,1,false,false,-10.610332,7.3946686,9.74151,-1.0018408,-0.2471993,3
54.514366,0.8106231,43.80479543055262,-87.99604480114927,0,1,8505.696,-0.1835351,4,1,false,false,-10.466013,8.029518,8.642618,-1.0058565,-0.22875021,3
54.639065,0.8107646,43.80479192084529,-87.99603461223779,0,1,8454.377,-0.17318338,4,1,false,false,-10.578439,8.01546,8.686068,-1.0094451,-0.20062384,3
54.75651,0.81090647,43.80478841058863,-87.9960244233263,0,1,8447.513,-0.17290318,4,1,false,false,-10.943701,7.2292666,10.027921,-1.012541,-0.17412825,3
54.858738,0.8110485,43.80478481024087,-87.99601423441482,0,1,8481.491,-0.1838153,4,1,false,false,-11.285772,6.241485,11.124806,-1.0153027,-0.16341057,3
54.949318,0.81119096,43.80478112035136,-87.99600404550334,0,1,8526.99,-0.19976266,4,1,false,false,-11.7652,5.8798456,11.535708,-1.0181184,-0.1794548,3
55.043144,0.81133354,43.8047775200036,-87.99599385659185,0,1,8562.043,-0.2081561,4,1,false,false,-11.705962,6.3469114,10.548811,-1.0213435,-0.20440905,3
55.14457,0.8114765,43.80477383011408,-87.99598366768036,0,1,8576.332,-0.20731658,4,1,false,false,-10.788775,6.842017,9.237322,-1.024878,-0.21268643,3
55.252033,0.81161976,43.80477005013347,-87.99597347876889,0,1,8575.396,-0.20032197,4,1,false,false,-10.467288,7.0901093,8.952871,-1.0283616,-0.20228215,3
55.360596,0.8117633,43.804766269603526,-87.9959632898574,0,1,8572.4375,-0.19332859,4,1,false,false,-10.598592,6.9671307,10.066396,-1.0316323,-0.19045523,3
55.464672,0.81190705,43.80476248962291,-87.99595310094591,0,1,8579.9375,-0.1922088,4,1,false,false,-10.756133,6.5765305,10.292294,-1.0347295,-0.18389457,3
55.561615,0.8120512,43.8047587096423,-87.99594291203444,0,1,8603.06,-0.19528571,4,1,false,false,-10.745851,6.289152,10.583817,-1.0378311,-0.18924993,3
55.66094,0.81219554,43.8047548395706,-87.99593259884135,0,1,8634.488,-0.19948247,4,1,false,false,-11.020118,6.5447245,10.911469,-1.0410427,-0.1939775,3
55.759987,0.8123402,43.804750968949556,-87.99592240992986,0,1,8653.923,-0.20088246,4,1,false,false,-10.8034935,6.543949,9.821944,-1.0443097,-0.19628723,3
55.863792,0.81248516,43.80474700933609,-87.99591222101837,0,1,8659.282,-0.20004183,4,1,false,false,-10.42608,6.8300486,9.2019,-1.0475602,-0.19101305,3
55.967445,0.8126304,43.80474304917329,-87.9959020321069,0,1,8661.011,-0.19976266,4,1,false,false,-10.40206,6.6975107,9.997319,-1.0506709,-0.18375896,3
56.06819,0.81277597,43.80473908901049,-87.99589184319541,0,1,8671.486,-0.2028396,4,1,false,false,-10.846016,6.391543,11.19733,-1.0537255,-0.1857941,3
56.164585,0.8129219,43.804735128847696,-87.99588165428392,0,1,8694.356,-0.2081561,4,1,false,false,-11.085824,6.2037797,11.023461,-1.0569111,-0.19680898,3
56.25895,0.813068,43.8047310785938,-87.99587146537245,0,1,8723.377,-0.212632,4,1,false,false,-11.146121,6.2570853,10.327961,-1.0603299,-0.21007234,3
56.35863,0.81321436,43.80472693824881,-87.99586115217934,0,1,8745.224,-0.21459132,4,1,false,false,-11.506225,6.6392703,11.58328,-1.0638994,-0.2133428,3
56.461334,0.81336105,43.80472288799492,-87.99585096326787,0,1,8748.775,-0.21627046,4,1,false,false,-11.599648,6.743533,11.62513,-1.0674571,-0.21081372,3
56.565193,0.81350803,43.804718748199264,-87.99584077435638,0,1,8743.983,-0.21766931,4,1,false,false,-11.743549,6.746764,11.346127,-1.0709704,-0.20848787,3
56.66687,0.81365526,43.80471451776318,-87.99583058544489,0,1,8747.665,-0.21627048,4,1,false,false,-11.824976,6.5839515,10.954128,-1.0744514,-0.20735349,3
56.76742,0.8138027,43.80471037796753,-87.99582039653342,0,1,8764.548,-0.2123528,4,1,false,false,-11.141983,6.47007,9.88072,-1.0778818,-0.20171607,3
56.864502,0.8139504,43.804706057440356,-87.99581020762193,0,1,8786.748,-0.20955501,4,1,false,false,-10.769041,6.287258,10.432916,-1.0811518,-0.19184431,3
56.959076,0.8140984,43.80470182755361,-87.99580001871044,0,1,8806.763,-0.20843527,4,1,false,false,-10.851276,6.1877723,10.586517,-1.0843083,-0.18953907,3
57.051243,0.81424665,43.80469750757577,-87.99578982979897,0,1,8824.957,-0.20619783,4,1,false,false,-10.930786,5.9662685,11.209525,-1.0875306,-0.19930941,3
57.142773,0.8143952,43.80469318704859,-87.99577964088748,0,1,8848.312,-0.2022813,4,1,false,false,-11.061714,6.150406,11.323445,-1.0910115,-0.21540533,3
57.2387,0.8145439,43.80468877697965,-87.99576945197599,0,1,8872.775,-0.1955659,4,1,false,false,-11.4033165,6.333716,11.5866995,-1.0947063,-0.22260697,3
57.337574,0.8146928,43.80468445700181,-87.99575926306451,0,1,8884.956,-0.18633403,4,1,false,false,-11.209524,6.7000227,10.898142,-1.0984339,-0.2178991,3
57.441753,0.81484205,43.80467995684179,-87.99574907415303,0,1,8882.979,-0.17626141,4,1,false,false,-11.561484,6.84333,12.499862,-1.1019667,-0.20283923,3
57.54435,0.8149915,43.80467554677285,-87.99573888524154,0,1,8876.382,-0.16758662,4,1,false,false,-11.5354,6.750086,12.302338,-1.1052444,-0.1886589,3
57.64392,0.8151412,43.80467104661282,-87.99572882051687,0,1,8880.985,-0.1639504,4,1,false,false,-11.117829,6.3330593,11.787941,-1.108294,-0.1772268,3
57.739334,0.8152912,43.804666456361694,-87.99571863160538,0,1,8902.462,-0.1645097,4,1,false,false,-11.204843,6.2759957,13.326189,-1.1112106,-0.1718413,3
57.832882,0.8154414,43.80466195620167,-87.9957084426939,0,1,8928.75,-0.16814707,4,1,false,false,-11.098032,6.228761,11.724855,-1.1140943,-0.17151693,3
57.926514,0.8155919,43.80465736595054,-87.99569825378242,0,1,8946.748,-0.17206472,4,1,false,false,-10.894003,6.3538876,12.239036,-1.1169634,-0.16996954,3
58.02352,0.8157426,43.804652685608325,-87.99568806487093,0,1,8954.237,-0.17709991,4,1,false,false,-10.002349,6.4871497,10.7182255,-1.1197743,-0.1637079,3
58.12331,0.8158935,43.804648005815444,-87.99567800024106,0,1,8958.075,-0.18605267,4,1,false,false,-9.608223,6.452317,10.329578,-1.1224211,-0.15364328,3
58.218437,0.8160447,43.80464332547322,-87.99566781132957,0,1,8967.758,-0.19584508,4,1,false,false,-9.385278,6.20373,8.348035,-1.1248837,-0.14469285,3
58.307926,0.81619614,43.80463864513101,-87.9956576224181,0,1,8988.474,-0.20983413,4,1,false,false,-8.909168,5.6430664,8.345448,-1.1272986,-0.14968567,3
58.392776,0.8163478,43.80463387524703,-87.99564755769342,0,1,9022.682,-0.23249693,4,1,false,false,-9.529686,5.580263,10.978148,-1.1299046,-0.16881017,3
58.466534,0.81649965,43.80462910481371,-87.99563736878193,0,1,9062.111,-0.25572008,4,1,false,false,-11.234774,4.986273,12.3408,-1.1330863,-0.22026573,3
58.552143,0.81665176,43.80462433492974,-87.99562730415205,0,1,9101.61,-0.26495206,4,1,false,false,-12.308952,5.632099,11.314872,-1.1372211,-0.2696726,3
58.646206,0.81680405,43.80461956449643,-87.99561711524058,0,1,9116.2295,-0.25935638,4,1,false,false,-12.973899,6.4593873,11.453931,-1.1419927,-0.29076114,3
58.751938,0.81695664,43.804614704521356,-87.9956070506107,0,1,9098.347,-0.24704537,4,1,false,false,-13.729175,7.3071494,11.975711,-1.1468307,-0.27695596,3
58.854954,0.8171095,43.80460975445519,-87.99559686169921,0,1,9065.483,-0.23473534,4,1,false,false,-14.033812,6.6713114,12.259542,-1.1512108,-0.2489789,3
58.955387,0.8172626,43.80460480383969,-87.99558679697454,0,1,9054.881,-0.22634193,4,1,false,false,-14.180728,6.3934126,11.896176,-1.1551777,-0.22653434,3
59.047302,0.817416,43.804599853773524,-87.99557673234466,0,1,9075.553,-0.22690125,4,1,false,false,-13.283534,5.7233324,10.806968,-1.158776,-0.20732783,3
59.1299,0.81756955,43.80459481361626,-87.99556666771478,0,1,9112.145,-0.23417604,4,1,false,false,-13.122482,5.4748964,10.958016,-1.1621602,-0.20200466,3
59.209614,0.81772345,43.80458977345901,-87.9955566029901,0,1,9144.791,-0.24089032,4,1,false,false,-13.069663,5.4967422,10.739387,-1.1656471,-0.21610817,3
59.289856,0.81787753,43.804584733301745,-87.99554653836023,0,1,9166.76,-0.24592772,4,1,false,false,-12.686372,5.6064105,10.233565,-1.1694536,-0.23723207,3
59.374203,0.8180318,43.80457960305339,-87.99553647373035,0,1,9183.172,-0.247886,4,1,false,false,-12.324309,5.660703,9.415671,-1.1735027,-0.24539852,3
59.465096,0.81818634,43.80457447280504,-87.99552640900569,0,1,9194.848,-0.2450871,4,1,false,false,-12.98518,5.623043,10.165653,-1.1775398,-0.23914592,3
59.55769,0.8183412,43.804569253014925,-87.99551646865741,0,1,9199.422,-0.24033207,4,1,false,false,-13.409076,6.0125914,8.990598,-1.1814992,-0.23104672,3
59.64202,0.81849617,43.80456403267548,-87.99550640393274,0,1,9201.693,-0.23865187,4,1,false,false,-13.751767,5.8207674,12.730336,-1.1854426,-0.24063201,3
59.7279,0.8186515,43.804558812336026,-87.99549646358447,0,1,9216.387,-0.23977163,4,1,false,false,-13.477794,5.870995,10.534419,-1.1895192,-0.24583963,3
59.811485,0.8188069,43.80455350245482,-87.99548652314141,0,1,9237.547,-0.2352947,4,1,false,false,-13.227944,5.3240457,9.307653,-1.1936331,-0.24792273,3
59.90564,0.8189625,43.80454819202428,-87.99547645851153,0,1,9252.418,-0.22690128,4,1,false,false,-13.866674,5.8952456,12.732237,-1.1975973,-0.22579455,3
59.987247,0.8191184,43.804542792051976,-87.99546651806847,0,1,9253.284,-0.21962756,4,1,false,false,-13.710132,5.680515,12.445321,-1.201345,-0.22764473,3
59.977375,0.81927437,43.804537391530346,-87.995456701907,0,1,9315.01,-0.209555,0,1,false,false,-14.167505,-3.6913114,11.012524,-1.205118,-0.21643567,3
59.930035,0.8194302,43.804531991558044,-87.99544676155874,0,1,8829.684,-0.19668461,5,1,false,false,-12.279662,2.6626697,9.346772,-1.2084984,-0.19242916,3
60.070633,0.8195861,43.80452650149464,-87.99543694539729,0,1,7793.8716,-0.191089,5,1,false,false,-9.942137,11.21288,7.4630647,-1.2118233,-0.21051122,3
60.229717,0.8197425,43.804521100973005,-87.99542700495421,0,1,7533.9014,-0.18969011,5,1,false,false,-10.56947,8.205456,8.331403,-1.2154372,-0.21753292,3
60.289883,0.8198992,43.80451552081852,-87.99541718888756,0,1,7863.339,-0.19388685,5,1,false,false,-11.111208,1.8597085,5.5463123,-1.2189034,-0.19826384,3
60.304317,0.82005584,43.804510030755125,-87.9954072484445,0,1,8118.7534,-0.20395939,5,1,false,false,-11.28992,1.8857365,7.874277,-1.2220799,-0.19040391,3
60.35372,0.8202127,43.80450445060063,-87.99539743228303,0,1,8054.93,-0.21850786,5,1,false,false,-11.542186,4.756494,8.567796,-1.2254058,-0.21249464,3
60.44139,0.82036966,43.804498870446146,-87.99538761612158,0,1,7894.2075,-0.23277715,5,1,false,false,-12.397281,5.800013,9.308784,-1.2292606,-0.25312337,3
60.52626,0.8205269,43.80449320020056,-87.99537779996011,0,1,7894.193,-0.23249692,5,1,false,false,-12.576637,5.7879515,7.826473,-1.2337847,-0.28121793,3
60.59904,0.8206843,43.804487529954976,-87.99536798379866,0,1,7994.4536,-0.21766931,5,1,false,false,-13.764164,4.4711776,10.069707,-1.2384546,-0.27555442,3
60.664654,0.820842,43.80448185970939,-87.9953582919188,0,1,8024.4766,-0.19864291,5,1,false,false,-13.713846,5.0232744,8.232286,-1.2429206,-0.254162,3
60.73845,0.82099974,43.804476099372714,-87.99534847575734,0,1,7970.997,-0.1796186,5,1,false,false,-13.844067,5.2075534,11.413362,-1.246993,-0.23933046,3
60.82138,0.8211578,43.80447033903604,-87.9953387838775,0,1,7940.584,-0.16367124,5,1,false,false,-13.867168,5.8334274,9.564216,-1.2508904,-0.2225984,3
60.894684,0.821316,43.804464579248695,-87.99532909199765,0,1,7961.6772,-0.15164044,5,1,false,false,-14.128374,4.565153,11.560043,-1.2544589,-0.20825301,3
60.96723,0.82147443,43.80445872882092,-87.9953194001178,0,1,7995.779,-0.14772278,5,1,false,false,-13.554548,5.109305,9.426614,-1.2577337,-0.17835471,3
61.03433,0.82163304,43.80445287839315,-87.99530970823794,0,1,7997.0693,-0.14408654,5,1,false,false,-12.4580145,4.4131126,9.470879,-1.2605059,-0.15861666,3
61.115555,0.82179177,43.80444693842362,-87.99530001635809,0,1,7986.722,-0.14380632,5,1,false,false,-11.67073,5.6994634,8.169045,-1.2629557,-0.1293456,3
61.18397,0.8219508,43.80444108799584,-87.99529032438345,0,1,7980.9126,-0.14688432,5,1,false,false,-11.424409,4.6692104,11.160398,-1.2650106,-0.12580091,3
61.257465,0.82211,43.804435057935216,-87.9952807567852,0,1,8000.572,-0.15863493,5,1,false,false,-10.627347,4.8798246,9.16026,-1.2670567,-0.11802489,3
61.31598,0.82226944,43.80442911796569,-87.99527106490535,0,1,8022.9062,-0.17318335,5,1,false,false,-10.488373,3.8964949,11.284859,-1.2691529,-0.1404047,3
61.38977,0.822429,43.80442308735572,-87.9952614972597,0,1,8045.2676,-0.18633398,5,1,false,false,-11.244466,5.1321793,11.712348,-1.2716815,-0.15697621,3
61.450333,0.82258874,43.8044170572951,-87.99525192961407,0,1,8042.6953,-0.18437465,5,1,false,false,-11.175941,4.463504,12.530805,-1.2745235,-0.18748082,3
61.53475,0.8227487,43.80441102723447,-87.99524236196842,0,1,8044.109,-0.16898665,5,1,false,false,-10.8251915,5.6227217,11.5518675,-1.2776769,-0.18088767,3
61.605698,0.8229089,43.804404907082755,-87.99523279432277,0,1,8036.3257,-0.13709198,5,1,false,false,-10.651069,5.0189776,13.915002,-1.280575,-0.16853194,3
61.68953,0.8230692,43.80439878693104,-87.99522322667714,0,1,8035.646,-0.10323794,5,1,false,false,-9.448645,5.435037,9.622712,-1.2830774,-0.12567015,3
61.756294,0.82322985,43.80439266622998,-87.99521365903149,0,1,8036.889,-0.07917737,5,1,false,false,-8.473818,4.6638107,13.1654005,-1.2849212,-0.10001678,3
61.831852,0.82339066,43.804386455987164,-87.99520409143325,0,1,8053.301,-0.08561257,5,1,false,false,-8.567132,5.026063,13.086676,-1.2863507,-0.07291352,3
61.888565,0.8235516,43.80438033583545,-87.99519464802182,0,1,8065.239,-0.11303033,5,1,false,false,-7.7660766,4.143465,12.11098,-1.2876158,-0.08409949,3
61.961704,0.8237127,43.80437403605087,-87.99518508037617,0,1,8086.1924,-0.14632389,5,1,false,false,-7.9222984,4.9582615,13.44214,-1.2890759,-0.089630894,3
62.023464,0.8238741,43.80436782580806,-87.99517563701214,0,1,8091.0527,-0.17346357,5,1,false,false,-8.800285,4.744301,12.24073,-1.2908019,-0.11880015,3
62.102047,0.8240356,43.80436161556524,-87.9951660693665,0,1,8085.9473,-0.18689226,5,1,false,false,-8.321656,4.7492576,12.3991,-1.2928385,-0.12309122,3
62.16248,0.8241973,43.804355315231334,-87.99515662600247,0,1,8083.1787,-0.18941094,5,1,false,false,-8.282498,4.705932,12.213485,-1.2950877,-0.14538582,3
62.23238,0.82435924,43.804349014897426,-87.99514718259104,0,1,8102.9614,-0.18241644,5,1,false,false,-8.847541,4.0715923,12.595261,-1.2975235,-0.14705612,3
62.289135,0.8245213,43.80434271456352,-87.995137739227,0,1,8124.3447,-0.1667482,5,1,false,false,-8.543764,4.577992,10.129652,-1.3001696,-0.16543828,3
62.35597,0.82468355,43.80433632468785,-87.99512829581556,0,1,8139.388,-0.15695581,5,1,false,false,-8.512284,4.204788,13.160697,-1.3028637,-0.15786754,3
62.41532,0.82484573,43.804330024353945,-87.99511885245154,0,1,8146.575,-0.15108107,5,1,false,false,-8.479135,4.9901886,10.477367,-1.3055845,-0.16574664,3
62.482315,0.8250081,43.80432363392894,-87.9951094090401,0,1,8156.915,-0.1415678,5,1,false,false,-8.187658,3.8127427,12.252922,-1.3082728,-0.16046517,3
62.547356,0.8251706,43.80431715396218,-87.99509996567606,0,1,8175.041,-0.12981725,5,1,false,false,-7.8950686,5.2916107,10.160067,-1.3109709,-0.15726525,3
62.61476,0.8253332,43.804310763537174,-87.99509052226463,0,1,8189.0947,-0.10575664,5,1,false,false,-7.271914,3.8573651,4.1364427,-1.3133332,-0.12988392,3
62.68531,0.82549596,43.80430428357042,-87.9950810789006,0,1,8194.4795,-0.08309389,5,1,false,false,-6.0986605,5.6048703,3.9977126,-1.3152714,-0.09269596,3
62.74829,0.8256589,43.80429780305432,-87.99507175977078,0,1,8194.538,-0.092326894,5,1,false,false,-6.4292927,3.1492527,5.33148,-1.3164798,-0.065428145,3
62.79276,0.825822,43.804291323087554,-87.99506231640675,0,1,8221.065,-0.13149635,5,1,false,false,-6.8094373,3.782012,6.7035236,-1.3177077,-0.084404826,3
62.829952,0.82598513,43.80428484257146,-87.99505299727691,0,1,8282.92,-0.17150426,5,1,false,false,-8.601168,2.3740857,12.50841,-1.3195239,-0.14466204,3
62.905384,0.82614833,43.8042783626047,-87.99504355386549,0,1,8334.998,-0.17626143,5,1,false,false,-9.693387,6.3544855,10.119034,-1.3224341,-0.1873835,3
62.982418,0.8263118,43.80427179199751,-87.99503423473566,0,1,8279.731,-0.1373711,5,1,false,false,-9.436757,5.1043315,13.364685,-1.3255891,-0.19080925,3
63.07908,0.82647544,43.80426522193965,-87.99502491560582,0,1,8196.342,-0.07134433,5,1,false,false,-9.375602,6.731606,12.93589,-1.3285884,-0.15599097,3
63.15394,0.8266392,43.804258561790704,-87.9950154722418,0,1,8169.655,-0.0036384612,5,1,false,false,-7.643322,4.481006,15.386939,-1.3307344,-0.104912035,3
63.22073,0.8268031,43.80425199173285,-87.99500615311197,0,1,8219.427,0.056793757,5,1,false,false,-5.8992696,4.640114,14.003367,-1.3320346,-0.047016013,3
63.274906,0.8269672,43.80424533103456,-87.99499683398214,0,1,8264.189,0.09568082,5,1,false,false,-2.6758056,3.9587579,15.373575,-1.3322951,0.011578262,3
63.342583,0.82713133,43.80423867088561,-87.99498751485233,0,1,8265.83,0.11330673,5,1,false,false,-0.9724936,4.8447504,11.487711,-1.331709,0.05620062,3
63.406975,0.8272956,43.80423201073666,-87.9949781957225,0,1,8241.2295,0.12113977,5,1,false,false,0.8454119,4.4595404,10.288904,-1.3305056,0.083673984,3
63.476902,0.82746005,43.80422535058771,-87.99496887659267,0,1,8248.034,0.12561615,5,1,false,false,1.5817876,4.4429364,8.422027,-1.3289785,0.09849232,3
63.52684,0.8276247,43.80421869043876,-87.99495943318124,0,1,8280.042,0.13288987,5,1,false,false,2.8596618,3.6893494,7.952925,-1.3272413,0.109995745,3
63.584312,0.82778937,43.80421203028981,-87.9949501140514,0,1,8320.909,0.14100361,5,1,false,false,4.2545304,3.8905294,8.334708,-1.3252991,0.123429514,3
63.634975,0.8279542,43.80420536959152,-87.99494067068737,0,1,8340.193,0.14827733,5,1,false,false,5.344718,4.377934,9.032936,-1.3230927,0.13999611,3
63.702618,0.8281191,43.80419870944257,-87.99493135155755,0,1,8342.758,0.15471247,5,1,false,false,6.7279506,4.274812,9.493375,-1.3206766,0.14990035,3
63.76401,0.82828414,43.804192049293626,-87.99492190814613,0,1,8338.967,0.1619862,5,1,false,false,7.763856,5.053199,8.851938,-1.3180482,0.16231897,3
63.83236,0.82844937,43.80418538914468,-87.99491234054787,0,1,8344.689,0.17345655,5,1,false,false,8.900899,4.1188083,11.494377,-1.315333,0.16545233,3
63.892204,0.82861465,43.80417872899572,-87.99490289713644,0,1,8355.142,0.19835614,5,1,false,false,9.9869995,4.971417,10.004087,-1.3124529,0.1785163,3
63.95538,0.8287801,43.80417215838853,-87.9948933294908,0,1,8363.344,0.22745089,5,1,false,false,11.228833,4.009906,11.443074,-1.3093563,0.19655912,3
64.01978,0.82894576,43.804165498239584,-87.99488376184516,0,1,8369.289,0.24843344,5,1,false,false,11.779168,5.3136377,9.077915,-1.3058708,0.21387625,3
64.08378,0.82911146,43.80415892818173,-87.99487419422321,0,1,8366.824,0.27780828,5,1,false,false,12.674204,4.1052065,10.778555,-1.3022865,0.22012876,3
64.14759,0.82927734,43.80415235812387,-87.99486450231967,0,1,8369.471,0.30494532,5,1,false,false,13.820997,4.866488,9.716552,-1.2984692,0.2360137,3
64.20055,0.8294434,43.80414578751668,-87.99485481043982,0,1,8379.077,0.3326406,5,1,false,false,15.211318,3.3648572,11.826655,-1.2942986,0.2726508,3
64.25658,0.82960945,43.804139217458825,-87.99484511853626,0,1,8404.301,0.3449505,5,1,false,false,17.021526,4.4238243,11.528562,-1.2893065,0.31854752,3
64.309074,0.82977575,43.80413273749206,-87.9948353023985,0,1,8418.132,0.35558194,5,1,false,false,18.511202,3.9952686,13.158119,-1.2836598,0.35588682,3
64.371506,0.829942,43.80412625697597,-87.99482548623705,0,1,8416.075,0.35586107,5,1,false,false,19.63148,4.7883697,12.110445,-1.2775804,0.3611255,3
64.430244,0.83010846,43.804119777009205,-87.99481567009929,0,1,8404.349,0.3499863,5,1,false,false,20.193933,4.4793797,12.854868,-1.2715557,0.35877147,3
64.49129,0.830275,43.804113386584206,-87.99480572967992,0,1,8404.84,0.34550935,5,1,false,false,20.816666,4.301776,12.203295,-1.2657126,0.33888546,3
64.54224,0.8304416,43.8041069961592,-87.99479566502634,0,1,8419.987,0.34606975,5,1,false,false,20.165936,4.1536436,11.867912,-1.260101,0.3336816,3
64.5936,0.8306083,43.804100606283534,-87.99478560037277,0,1,8440.814,0.3567001,5,1,false,false,20.182688,3.7346275,12.001327,-1.2546413,0.32307425,3
64.6396,0.8307752,43.804094305949626,-87.9947755356955,0,1,8453.4795,0.37656292,5,1,false,false,20.060781,3.812883,11.938084,-1.2491814,0.33123967,3
64.68454,0.8309423,43.80408800561572,-87.994765346784,0,1,8462.957,0.39922288,5,1,false,false,19.748268,3.5669749,10.044525,-1.2435583,0.34360456,3
64.73079,0.83110934,43.80408170528181,-87.99475515787253,0,1,8474.449,0.41405052,5,1,false,false,21.143623,3.7866757,12.715332,-1.2376074,0.3667556,3
64.77497,0.83127654,43.804075495038994,-87.99474484470313,0,1,8485.698,0.42104444,5,1,false,false,21.27275,3.678447,10.766454,-1.2313055,0.38728017,3
64.82205,0.8314437,43.80406937488728,-87.99473453153374,0,1,8498.29,0.41796747,5,1,false,false,21.647203,3.9571822,10.460018,-1.2246656,0.40322646,3
64.8743,0.8316111,43.80406316464446,-87.99472421836435,0,1,8505.148,0.41377077,5,1,false,false,22.112898,4.096315,9.823838,-1.217948,0.39967814,3
64.92299,0.83177835,43.80405704449274,-87.99471378093705,0,1,8505.283,0.41293126,5,1,false,false,22.588799,4.0887566,9.783798,-1.2112558,0.40219867,3
64.97054,0.8319458,43.80405101443211,-87.99470321925185,0,1,8513.992,0.41600826,5,1,false,false,23.498907,3.8108547,10.242401,-1.2044846,0.41132626,3
65.015236,0.8321132,43.80404498437149,-87.99469278182454,0,1,8531.802,0.42328182,5,1,false,false,24.089205,3.7369113,10.116049,-1.1974777,0.4280547,3
65.05872,0.8322807,43.80403904385262,-87.99468209590512,0,1,8547.184,0.42999616,5,1,false,false,25.188116,3.7584782,10.982021,-1.1901581,0.44858056,3
65.10375,0.83244824,43.80403310388309,-87.99467140996201,0,1,8554.017,0.43251425,5,1,false,false,26.446167,3.993919,11.178363,-1.1824812,0.46705988,3
65.15088,0.8326159,43.804027163364225,-87.99466072403074,0,1,8553.942,0.432794,5,1,false,false,26.544271,4.194117,9.869676,-1.174604,0.47066003,3
65.20178,0.83278364,43.80402140302755,-87.99464991384157,0,1,8553.464,0.4322347,5,1,false,false,26.3218,4.3723426,9.209739,-1.1669086,0.44564027,3
65.252594,0.8329514,43.80401555314911,-87.99463910365239,0,1,8553.288,0.4364309,5,1,false,false,25.493496,4.19482,7.855672,-1.1598009,0.40631935,3
65.29661,0.83311945,43.80400979281243,-87.9946281692053,0,1,8557.398,0.4504177,5,1,false,false,25.083775,3.5761454,8.076019,-1.1532247,0.39038017,3
65.33171,0.8332875,43.804004122566845,-87.99461723475822,0,1,8577.684,0.47335854,5,1,false,false,25.74031,3.2234724,9.407872,-1.1465577,0.41511357,3
65.36351,0.83345556,43.80399854241236,-87.99460617605322,0,1,8610.809,0.49685708,5,1,false,false,26.110844,3.189795,8.675586,-1.1392547,0.46078822,3
65.40027,0.8336238,43.80399287216677,-87.99459511736009,0,1,8634.712,0.51252264,5,1,false,false,25.944086,3.651937,7.7553873,-1.1312605,0.4908458,3
65.44313,0.83379215,43.80398738210338,-87.99458393439718,0,1,8635.063,0.5183974,5,1,false,false,26.886797,4.003377,9.196272,-1.122984,0.49761304,3
65.48721,0.83396065,43.80398189203998,-87.99457275144614,0,1,8624.775,0.5156,5,1,false,false,28.631145,3.9785695,9.911514,-1.1145986,0.50830626,3
65.526825,0.8341293,43.80397640142725,-87.99456144423718,0,1,8625.773,0.5125227,5,1,false,false,28.854305,3.8763912,8.7914715,-1.1059337,0.5262775,3
65.56524,0.8342981,43.803971091546046,-87.9945501370223,0,1,8639.514,0.5094456,5,1,false,false,28.665825,3.9670203,9.385705,-1.0971023,0.5247834,3
65.60761,0.83446693,43.8039657811155,-87.99453870556135,0,1,8649.49,0.5044099,5,1,false,false,28.304699,4.133253,7.927082,-1.0886041,0.49095294,3
65.64651,0.8346359,43.80396047123429,-87.99452727409448,0,1,8645.831,0.5044099,5,1,false,false,28.816225,3.66073,9.408445,-1.0806785,0.46831805,3
65.67768,0.83480513,43.803955250894845,-87.99451571837267,0,1,8648.723,0.5125227,5,1,false,false,31.235538,3.2320838,10.287336,-1.0727077,0.49657893,3
65.70422,0.8349744,43.80395012064649,-87.99450416265086,0,1,8670.718,0.5239925,5,1,false,false,31.720854,3.3280866,9.270598,-1.0639986,0.54252183,3
65.73471,0.8351438,43.803945080489235,-87.99449248267558,0,1,8690.323,0.533225,5,1,false,false,32.082317,3.8955622,9.852887,-1.0547138,0.55857563,3
65.773476,0.8353134,43.80394004033197,-87.99448080269994,0,1,8683.513,0.5351826,5,1,false,false,31.743935,4.265948,9.4734,-1.0455458,0.5332901,3
65.81398,0.8354831,43.80393509026581,-87.99446912272354,0,1,8662.36,0.5337837,5,1,false,false,30.136503,4.191123,7.6744123,-1.0370022,0.48907143,3
65.852196,0.835653,43.80393023029074,-87.9944571942369,0,1,8661.127,0.53490317,5,1,false,false,28.574,3.7120652,6.73441,-1.0292274,0.44773048,3
65.882454,0.835823,43.803925459857425,-87.99444539000815,0,1,8685.575,0.54497385,5,1,false,false,29.673674,2.963831,8.222261,-1.0219479,0.43954763,3
65.90144,0.8359932,43.80392068942411,-87.99443346152447,0,1,8716.966,0.5653949,5,1,false,false,30.112097,2.8130622,8.452837,-1.0142863,0.48292524,3
65.923904,0.83616346,43.80391600963123,-87.9944214087799,0,1,8737.697,0.5849776,5,1,false,false,29.603079,3.3204987,8.428196,-1.0058337,0.5239786,3
65.95606,0.8363339,43.80391132928901,-87.99440935604127,0,1,8740.032,0.59309036,5,1,false,false,32.193073,3.8586643,10.8559265,-0.99691683,0.5423499,3
65.983765,0.8365044,43.803906829128984,-87.99439730329671,0,1,8726.633,0.5908522,5,1,false,false,36.4327,3.4810083,14.3172245,-0.98752695,0.58929694,3
66.00411,0.836675,43.80390232896895,-87.99438512630017,0,1,8718.76,0.58106226,5,1,false,false,40.212147,3.3389862,16.526491,-0.9769908,0.6694829,3
66.02582,0.8368457,43.80389791890002,-87.99437294930362,0,1,8724.035,0.5561641,5,1,false,false,42.179657,3.9211764,16.832674,-0.96518886,0.7206983,3
66.056625,0.8370165,43.80389368846394,-87.9943606480551,0,1,8715.81,0.5209156,5,1,false,false,42.608532,4.388358,15.956946,-0.95330995,0.6797268,3
66.093575,0.83718747,43.80388945857719,-87.99434822254867,0,1,8685.647,0.48342958,5,1,false,false,41.96052,4.800972,15.081798,-0.9426132,0.5882058,3
66.13137,0.8373585,43.8038853182322,-87.99433579704224,0,1,8658.48,0.45349574,5,1,false,false,39.84874,4.4168777,12.548212,-0.9336417,0.4882503,3
66.16346,0.83752954,43.8038813580694,-87.99432324727789,0,1,8660.76,0.44342375,5,1,false,false,36.859077,3.9238,11.167099,-0.92610645,0.42064315,3
66.19006,0.8377008,43.803877397906604,-87.9943106975254,0,1,8687.84,0.45433483,5,1,false,false,32.410774,3.2609386,8.0189085,-0.9194495,0.3859867,3
66.21622,0.83787197,43.803873527834895,-87.99429814776106,0,1,8715.922,0.48286906,5,1,false,false,31.750847,3.1985319,9.347317,-0.9131636,0.37707475,3
66.24311,0.8380433,43.803869747854286,-87.99428547373881,0,1,8721.746,0.5259512,5,1,false,false,31.768831,3.4446502,11.630292,-0.90678215,0.3935876,3
66.27588,0.83821464,43.80386605796477,-87.99427279971655,0,1,8712.21,0.5575627,5,1,false,false,31.500072,3.6122546,10.356481,-0.9000036,0.41889137,3
66.30844,0.83838606,43.80386245761701,-87.9942600014601,0,1,8711.35,0.56371695,5,1,false,false,32.433468,3.4599514,12.533038,-0.89274585,0.4522875,3
66.336136,0.8385575,43.803858857269255,-87.99424720317994,0,1,8723.963,0.54944974,5,1,false,false,34.151985,3.141717,14.3254175,-0.8847704,0.5033865,3
66.35978,0.838729,43.80385543765302,-87.99423440492347,0,1,8739.879,0.52315414,5,1,false,false,36.072304,3.295804,15.716945,-0.8756958,0.57152814,3
66.39148,0.83890057,43.80385201748745,-87.99422148238541,0,1,8744.186,0.487345,5,1,false,false,37.05277,4.026768,15.552772,-0.86568207,0.6012994,3
66.43359,0.83907217,43.80384868741297,-87.99420855987104,0,1,8727.184,0.4512573,5,1,false,false,35.930756,4.726865,13.799004,-0.8557527,0.5596954,3
66.48645,0.8392438,43.80384544688026,-87.99419563733298,0,1,8700.414,0.42579997,5,1,false,false,32.987965,5.0100565,11.517035,-0.8472634,0.44417644,3
66.535324,0.83941567,43.80384229698797,-87.9941825905607,0,1,8684.868,0.4070564,5,1,false,false,33.037,4.177984,12.37514,-0.84078944,0.34736592,3
66.56919,0.83958757,43.803839236637444,-87.99416941950682,0,1,8696.854,0.4148889,5,1,false,false,30.416708,3.2410982,11.916235,-0.8352403,0.33476043,3
66.59541,0.83975947,43.80383626692735,-87.99415637273455,0,1,8730.757,0.44818035,5,1,false,false,27.894506,2.8331544,8.812169,-0.82950807,0.35961735,3
66.62415,0.83993155,43.80383329666791,-87.99414320170436,0,1,8765.684,0.48426795,5,1,false,false,30.024494,3.3652556,14.85553,-0.8231095,0.41101,3
66.655594,0.8401036,43.80383050659067,-87.99413003065048,0,1,8770.92,0.5175589,5,1,false,false,28.913832,3.101579,9.803124,-0.8155933,0.4802103,3
66.6919,0.8402758,43.803827716513425,-87.99411673536238,0,1,8766.396,0.54833066,5,1,false,false,29.295652,4.1083045,9.66662,-0.80736643,0.49063602,3
66.74211,0.84044814,43.80382492643618,-87.9941035643322,0,1,8774.469,0.572949,5,1,false,false,33.401382,4.6650248,19.912657,-0.79910636,0.49247015,3
66.78226,0.8406206,43.80382231599179,-87.9940901447862,0,1,8757.822,0.59448916,5,1,false,false,28.918858,3.1420898,7.9785466,-0.7908012,0.49398804,3
66.81795,0.8407931,43.803819796187824,-87.99407684947441,0,1,8759.488,0.6210652,5,1,false,false,28.577019,4.3132095,8.348152,-0.7828259,0.4458751,3
66.86658,0.84096575,43.803817275834525,-87.99406355418631,0,1,8786.565,0.64987856,5,1,false,false,29.95653,4.069066,12.1495285,-0.7759644,0.3905649,3
66.89333,0.84113866,43.80381484612166,-87.99405013466402,0,1,8781.609,0.6890431,5,1,false,false,26.29729,2.2558725,7.9584336,-0.7693182,0.42440355,3
66.92806,0.84131163,43.803812415859454,-87.99403671509431,0,1,8791.827,0.727088,5,1,false,false,23.947285,3.8501596,6.2106814,-0.76211554,0.4300839,3
66.96712,0.84148467,43.80381016577944,-87.99402317129041,0,1,8817.963,0.7536622,5,1,false,false,22.109982,3.1325648,2.172709,-0.75531846,0.3885481,3
66.99315,0.841658,43.80380791569943,-87.9940097517681,0,1,8833.871,0.77576196,5,1,false,false,20.414894,1.5247241,5.3684893,-0.7490116,0.38457954,3
67.0066,0.84183145,43.803805665619414,-87.9939962079642,0,1,8873.753,0.7919861,5,1,false,false,21.691809,2.0943322,1.0303686,-0.7425771,0.3953403,3
67.02014,0.84200495,43.80380350563049,-87.99398266416028,0,1,8951.192,0.79310566,5,1,false,false,17.164745,2.956463,-0.004647866,-0.73565763,0.4146172,3
67.048256,0.84217876,43.803801435732666,-87.99396912035638,0,1,9000.021,0.7894699,5,1,false,false,17.433971,2.4837053,0.8778212,-0.7289911,0.39096776,3
67.0811,0.8423527,43.803799365285506,-87.99395557655247,0,1,9004.63,0.7835946,5,1,false,false,17.913513,5.428127,1.4504942,-0.7226812,0.35676205,3
67.11987,0.84252685,43.803797295387675,-87.99394203274856,0,1,8995.967,0.7757621,5,1,false,false,17.146597,2.9010437,0.6191584,-0.7169845,0.34537825,3
67.16006,0.8427012,43.80379531503161,-87.99392836471044,0,1,9014.053,0.78639174,5,1,false,false,16.674036,3.443903,0.69947374,-0.7112632,0.34462696,3
67.18925,0.8428757,43.803793335224874,-87.99391469662493,0,1,9045.027,0.80681336,5,1,false,false,18.16099,2.882556,2.331397,-0.7053745,0.37170926,3
67.207954,0.8430501,43.803791444959906,-87.99390115282102,0,1,9071.689,0.8208001,5,1,false,false,21.5763,1.7308216,2.2217035,-0.69884795,0.4268196,3
67.233055,0.8432245,43.803789555244265,-87.9938874847829,0,1,9098.543,0.834786,5,1,false,false,28.286505,3.5620725,14.220569,-0.6908057,0.538638,3
67.27419,0.84339905,43.80378784516148,-87.99387369246317,0,1,9070.02,0.8468152,5,1,false,false,35.210583,4.9972267,14.167743,-0.680781,0.6459765,3
67.32547,0.8435734,43.803786135078695,-87.99386002442506,0,1,8979.798,0.82080036,5,1,false,false,36.847713,5.2705817,15.58211,-0.66970444,0.65807164,3
67.37194,0.8437479,43.80378451508701,-87.99384623210533,0,1,8906.896,0.7670906,5,1,false,false,37.950626,5.1815124,12.211411,-0.6589757,0.6147703,3
67.42013,0.84392244,43.803782984637074,-87.9938324397856,0,1,8897.594,0.6963163,5,1,false,false,38.234577,4.7624297,11.312503,-0.6495562,0.51046836,3
67.43672,0.84409696,43.80378154482757,-87.99381864746589,0,1,8895.738,0.6417659,5,1,false,false,42.10475,2.7060323,18.164867,-0.64126915,0.50551456,3
67.4431,0.8442715,43.80378028465093,-87.99380485514615,0,1,8884.911,0.6137922,5,1,false,false,40.569035,2.6713104,13.946084,-0.63243043,0.5561151,3
67.45437,0.8444459,43.803779024474274,-87.99379093859223,0,1,8894.88,0.5827403,5,1,false,false,35.909813,3.6603353,9.488941,-0.6228687,0.5628039,3
67.48847,0.84462035,43.80377794447982,-87.99377714627249,0,1,8916.207,0.55112803,5,1,false,false,34.223713,4.0428176,8.672068,-0.61434937,0.451552,3
67.52624,0.84479487,43.80377686448536,-87.99376322971857,0,1,8902.691,0.5304273,5,1,false,false,30.36555,4.1693444,6.0180397,-0.6078282,0.33230534,3
67.560745,0.84496945,43.803775964673086,-87.99374931316463,0,1,8880.323,0.5293078,5,1,false,false,24.307362,3.3956082,2.3953893,-0.6030595,0.25114053,3
67.59852,0.8451441,43.80377506431147,-87.9937353965633,0,1,8899.368,0.5528076,5,1,false,false,23.540022,3.3274078,4.3737335,-0.5995152,0.1885659,3
67.61855,0.8453188,43.8037741644992,-87.99372148000936,0,1,8939.727,0.59225065,5,1,false,false,24.521835,2.178528,5.717338,-0.59634835,0.21573827,3
67.62973,0.8454935,43.80377344431979,-87.99370756345543,0,1,8975.417,0.6459621,5,1,false,false,24.200499,1.7707791,4.17232,-0.5921027,0.30416924,3
67.64953,0.8456682,43.8037727246897,-87.99369352261988,0,1,9004.691,0.67925185,5,1,false,false,25.927864,3.005342,7.4565825,-0.5862099,0.3988265,3
67.68342,0.8458429,43.803772004510286,-87.99367960601855,0,1,9009.565,0.69239974,5,1,false,false,29.02951,3.5439875,10.530452,-0.5788694,0.47845843,3
67.7159,0.8460177,43.803771464513055,-87.9936655652304,0,1,8980.341,0.69212013,5,1,false,false,33.79788,3.5599065,14.419387,-0.57018685,0.5645059,3
67.75204,0.8461926,43.803770924515824,-87.99365164862907,0,1,8952.632,0.6758942,5,1,false,false,35.072075,4.230527,12.18689,-0.5600557,0.6280667,3
67.793465,0.84636754,43.80377056415145,-87.99363760784094,0,1,8936.886,0.64456314,5,1,false,false,34.88037,4.36896,11.37879,-0.5495721,0.60781115,3
67.84002,0.8465426,43.80377020433641,-87.9936235670528,0,1,8920.12,0.61435145,5,1,false,false,35.165047,4.684081,11.911822,-0.5401987,0.5060696,3
67.87786,0.8467178,43.80377002415422,-87.99360952616985,0,1,8898.358,0.59644675,5,1,false,false,33.77349,3.569897,10.022329,-0.5326221,0.42101273,3
67.900375,0.846893,43.80376984452136,-87.9935954853817,0,1,8905.524,0.60316133,5,1,false,false,32.936527,2.6655743,10.566016,-0.5257528,0.4212479,3
67.91295,0.84706837,43.80376975443027,-87.99358144459356,0,1,8948.987,0.6261002,5,1,false,false,32.507374,2.2593703,10.200121,-0.5183292,0.47500527,3
67.92876,0.8472438,43.80376984452136,-87.99356740371061,0,1,8986.342,0.65183634,5,1,false,false,32.624714,2.873375,10.022437,-0.5099383,0.52294195,3
67.951706,0.84741926,43.80376993461246,-87.99355336292248,0,1,8986.3955,0.6686212,5,1,false,false,32.946815,3.1275914,9.400818,-0.5009378,0.55039,3
67.9823,0.84759474,43.80377011424531,-87.99353932213434,0,1,8968.967,0.6711391,5,1,false,false,34.355267,3.7853835,12.5364275,-0.49161,0.5614538,3
68.01512,0.8477706,43.80377038451859,-87.9935252812514,0,1,8958.336,0.66246706,5,1,false,false,34.963764,3.8376002,11.893573,-0.48228234,0.55106306,3
68.044655,0.8479464,43.80377074433363,-87.99351111618164,0,1,8957.954,0.64540255,5,1,false,false,35.65167,3.5376537,12.958545,-0.47322783,0.5332458,3
68.072464,0.84812236,43.80377119423977,-87.9934970753935,0,1,8959.375,0.6297372,5,1,false,false,35.837868,3.362214,11.522267,-0.46450052,0.51342696,3
68.095634,0.84829855,43.803771734237,-87.99348303451056,0,1,8960.917,0.6149103,5,1,false,false,35.570477,3.3887274,11.794665,-0.4559655,0.50854135,3
68.121475,0.8484748,43.803772364325326,-87.99346899372242,0,1,8965.865,0.60316133,5,1,false,false,33.8024,3.2829833,9.414,-0.4475987,0.49298,3
68.14686,0.8486512,43.80377308450475,-87.99345495293427,0,1,8972.894,0.5911324,5,1,false,false,32.233288,3.28871,9.173872,-0.43955198,0.47116455,3
68.172935,0.84882766,43.80377389422592,-87.99344091205133,0,1,8981.869,0.5796634,5,1,false,false,31.339386,3.0221667,8.714532,-0.43192366,0.44880804,3
68.19764,0.84900415,43.80377470449643,-87.9934268712632,0,1,8994.563,0.56735367,5,1,false,false,29.525578,3.0941541,6.5802627,-0.4245575,0.4346513,3
68.221756,0.8491807,43.8037756943998,-87.99341270619344,0,1,9009.849,0.55504495,5,1,false,false,29.69652,2.8815808,9.446964,-0.41739342,0.43274197,3
68.24501,0.8493573,43.8037766848525,-87.9933986654053,0,1,9024.972,0.5438547,5,1,false,false,31.764507,3.001292,11.266387,-0.4099558,0.46280438,3
68.2645,0.849534,43.80377785438872,-87.99338462452235,0,1,9034.029,0.5307069,5,1,false,false,33.816235,2.9756308,13.157403,-0.40174857,0.5218092,3
68.29218,0.84971064,43.803779024474274,-87.99337070801582,0,1,9036.474,0.50972545,5,1,false,false,35.973213,3.8926938,14.476016,-0.39259827,0.56245095,3
68.329605,0.84988743,43.80378028465093,-87.99335666713287,0,1,9019.507,0.4806317,5,1,false,false,36.231777,4.3458505,13.458557,-0.38324156,0.5476694,3
68.37298,0.8500643,43.80378163491867,-87.99334262634474,0,1,8988.061,0.44650185,5,1,false,false,34.83617,4.58086,11.353872,-0.37455747,0.48124942,3
68.41376,0.85024124,43.803783164819265,-87.9933285855566,0,1,8965.907,0.40873507,5,1,false,false,33.495605,3.7949028,10.017724,-0.36721605,0.4034087,3
68.44752,0.8504183,43.80378469471986,-87.99331466895526,0,1,8973.314,0.37656286,5,1,false,false,31.547783,3.4860604,9.618388,-0.36095807,0.34930372,3
68.47209,0.8505954,43.80378631471155,-87.99330062816712,0,1,8999.603,0.36285502,5,1,false,false,29.084854,2.8776677,8.488725,-0.35535312,0.33001822,3
68.49914,0.8507726,43.803788024794336,-87.99328671156579,0,1,9026.058,0.3583792,5,1,false,false,28.00992,2.9991508,8.562917,-0.34987676,0.3301233,3
68.52813,0.8509499,43.80378973487712,-87.99327267077764,0,1,9035.538,0.35949734,5,1,false,false,26.5903,3.2731097,6.875316,-0.34426877,0.34124082,3
68.56542,0.85112727,43.8037916251421,-87.99325875417631,0,1,9037.318,0.35893857,5,1,false,false,24.962713,3.661023,6.6089807,-0.33862528,0.33141974,3
68.60687,0.8513048,43.803793515407065,-87.99324483757498,0,1,9037.416,0.3547418,5,1,false,false,25.732819,3.733787,8.833757,-0.3331882,0.32218194,3
68.64678,0.85148245,43.8037954952138,-87.99323092106845,0,1,9036.182,0.35082528,5,1,false,false,24.741615,3.4776864,6.362055,-0.32780883,0.32320866,3
68.68689,0.8516602,43.803797475569866,-87.99321700446711,0,1,9040.454,0.34467092,5,1,false,false,24.159426,3.7775753,8.011524,-0.3224444,0.31658906,3
68.73232,0.8518381,43.80379954546769,-87.99320308786577,0,1,9047.384,0.33348072,5,1,false,false,21.789888,3.794098,3.850562,-0.31739673,0.2844692,3
68.77363,0.85201615,43.803801705456614,-87.99318917135923,0,1,9050.335,0.32117078,5,1,false,false,20.433924,3.2366729,3.829903,-0.31293502,0.25698176,3
68.809555,0.85219437,43.80380386544553,-87.9931752547579,0,1,9061.23,0.3133383,5,1,false,false,21.20443,3.012987,6.726843,-0.30861405,0.26959625,3
68.837105,0.85237265,43.803806115525546,-87.99316133815657,0,1,9089.28,0.31026083,5,1,false,false,20.512594,2.7363238,5.59942,-0.30376077,0.31409538,3
68.87305,0.8525511,43.803808455696654,-87.99314742165004,0,1,9121.901,0.3024273,5,1,false,false,21.599432,3.4427576,8.193108,-0.29821613,0.34757838,3
68.91657,0.8527296,43.80381079586777,-87.9931335050487,0,1,9123.231,0.28200504,5,1,false,false,23.867348,3.6950188,10.430554,-0.29218802,0.37530676,3
68.96291,0.85290843,43.80381322612997,-87.99311971272898,0,1,9099.032,0.24647512,5,1,false,false,24.77788,4.053068,10.07693,-0.2857122,0.3972719,3
69.01669,0.8530873,43.80381565584284,-87.99310579622244,0,1,9081.399,0.20003425,5,1,false,false,25.486742,4.5730653,10.759284,-0.2791164,0.38444602,3
69.07188,0.85326636,43.80381817619613,-87.99309200390272,0,1,9068.786,0.14995639,5,1,false,false,25.571669,4.294622,11.403604,-0.2730829,0.33550915,3
69.1238,0.8534456,43.803820786091194,-87.99307808730138,0,1,9056.771,0.10547261,5,1,false,false,24.508263,4.1579943,9.907652,-0.2679932,0.27303147,3
69.17266,0.85362506,43.80382348607734,-87.99306429498166,0,1,9051.097,0.076936744,5,1,false,false,22.281168,3.839986,7.732506,-0.26396525,0.2110042,3
69.22009,0.85380465,43.80382618661283,-87.99305050266193,0,1,9057.591,0.05931136,5,1,false,false,19.822395,3.5367532,6.994674,-0.26092187,0.1573176,3
69.26427,0.8539844,43.80382897669007,-87.99303671034221,0,1,9070.945,0.0598707,5,1,false,false,17.408056,3.371645,5.862127,-0.25862423,0.12174913,3
69.30624,0.85416436,43.80383176676732,-87.99302279383568,0,1,9085.512,0.07385869,5,1,false,false,15.248905,3.1492693,5.1399794,-0.25675753,0.10592726,3
69.35136,0.8543446,43.80383464638632,-87.99300900151594,0,1,9100.697,0.09260332,5,1,false,false,13.85513,3.38144,5.215515,-0.25504437,0.10150183,3
69.39793,0.85452497,43.80383752655466,-87.99299520919622,0,1,9111.607,0.110229775,5,1,false,false,12.973043,3.455518,5.1953173,-0.2533381,0.104327574,3
69.44721,0.85470545,43.803840406723,-87.9929814168765,0,1,9118.43,0.121139765,5,1,false,false,12.002319,3.510104,5.541253,-0.25159252,0.10654242,3
69.49689,0.8548862,43.803843376982435,-87.99296762455677,0,1,9124.032,0.12337825,5,1,false,false,12.353303,3.5232778,8.267141,-0.249709,0.122018196,3
69.54767,0.855067,43.803846347241866,-87.99295395651865,0,1,9129.913,0.11918205,5,1,false,false,11.103227,3.587675,3.7088356,-0.24751784,0.13773301,3
69.60116,0.855248,43.80384940704306,-87.99294016419893,0,1,9135.479,0.105472654,5,1,false,false,11.36057,3.799606,9.850845,-0.24525224,0.13481991,3
69.65886,0.8554292,43.80385237730249,-87.99292637187921,0,1,9132.687,0.0914841,5,1,false,false,11.389644,4.0472274,7.1625795,-0.24301194,0.13179491,3
69.7065,0.85561055,43.80385552719478,-87.99291257955947,0,1,9124.608,0.07833563,5,1,false,false,9.861833,2.6963444,6.1029673,-0.24085815,0.13059556,3
69.76834,0.855792,43.80385858754531,-87.99289878723975,0,1,9137.884,0.06658502,5,1,false,false,10.695066,4.510674,7.972507,-0.23873602,0.11749947,3
69.821396,0.8559736,43.80386173743759,-87.99288499501482,0,1,9134.385,0.059870698,5,1,false,false,9.5380745,3.304497,8.0124655,-0.23696095,0.09914402,3
69.87816,0.8561554,43.803864887879215,-87.9928712026951,0,1,9127.749,0.057352014,5,1,false,false,9.474713,4.222079,9.400255,-0.23541106,0.08498693,3
69.92972,0.85633737,43.8038680377715,-87.99285741037538,0,1,9129.502,0.060149826,5,1,false,false,8.028967,3.2868347,4.038025,-0.23410292,0.07350657,3
69.98197,0.8565196,43.80387127775488,-87.99284361805564,0,1,9146.45,0.06658503,5,1,false,false,7.152122,3.4010563,6.083841,-0.23299275,0.06053826,3
70.02883,0.85670185,43.8038744281965,-87.99282982573592,0,1,9162.773,0.07889498,5,1,false,false,7.0185885,3.167053,5.4998765,-0.23200801,0.060970705,3
70.07126,0.85688424,43.80387766817989,-87.9928160334162,0,1,9177.637,0.09064561,5,1,false,false,6.466933,2.5138068,5.043616,-0.23093434,0.07109313,3
70.118576,0.85706675,43.803880908163265,-87.99280224109647,0,1,9200.568,0.097359404,5,1,false,false,6.3947763,3.5555654,4.9212947,-0.22961886,0.08497462,3
70.167656,0.8572494,43.80388423823774,-87.99278844877675,0,1,9212.275,0.09680007,5,1,false,false,7.035107,2.8922458,8.7933235,-0.2280761,0.1028284,3
70.22458,0.85743225,43.803887478770456,-87.99277453227022,0,1,9211.246,0.08672908,5,1,false,false,7.610199,4.178012,8.932856,-0.226232,0.11421448,3
70.27919,0.8576152,43.80389080884493,-87.99276073995048,0,1,9198.878,0.066865236,5,1,false,false,7.4012885,3.9696987,9.345935,-0.22429621,0.1157055,3
70.34695,0.8577983,43.803894138919404,-87.99274694763076,0,1,9187.073,0.046442036,5,1,false,false,6.9503183,3.9428425,8.27295,-0.22252399,0.09370043,3
70.40208,0.8579816,43.80389746899388,-87.99273315531103,0,1,9174.613,0.029935345,5,1,false,false,6.5459547,3.7505133,10.32431,-0.22115852,0.07105506,3
70.455475,0.858165,43.80390088915945,-87.99271936299131,0,1,9181.149,0.015946265,5,1,false,false,5.7833185,3.2267754,9.41648,-0.22013935,0.052789435,3
70.50262,0.8583486,43.80390421923393,-87.99270557067159,0,1,9201.411,0.007552808,5,1,false,false,4.8627744,3.1273205,7.96703,-0.2193796,0.038841803,3
70.55071,0.8585323,43.8039076393995,-87.99269165397546,0,1,9219.476,0.0078330245,5,1,false,false,4.1527867,3.1290693,8.252498,-0.21883507,0.027371494,3
70.60138,0.8587161,43.80391105956507,-87.99267786184532,0,1,9224.134,0.005874768,5,1,false,false,3.7474782,3.417481,8.523125,-0.218454,0.018999185,3
70.65126,0.8589,43.803914479730636,-87.9926640695256,0,1,9222.526,0.0016780407,5,1,false,false,3.1922398,3.204122,8.328315,-0.21817802,0.014854335,3
70.70264,0.8590841,43.803917899346864,-87.99265015282947,0,1,9229.89,0.0025176033,5,1,false,false,2.480874,3.232758,8.627474,-0.21797487,0.009721768,3
70.7526,0.85926837,43.80392140960353,-87.99263636050974,0,1,9241.676,0.006153901,5,1,false,false,2.317546,3.3922923,10.194113,-0.21782938,0.008243024,3
70.8042,0.85945266,43.8039248297691,-87.9926224440032,0,1,9247.815,0.0011186944,5,1,false,false,1.7212825,3.3894,9.530347,-0.21769473,0.0074123316,3
70.856636,0.85963714,43.80392824993467,-87.99260865168348,0,1,9246.342,-0.007835187,5,1,false,false,1.156684,3.4246175,9.059093,-0.21759732,0.003658453,3
70.90923,0.8598218,43.80393176019133,-87.99259473517695,0,1,9246.388,-0.022382539,5,1,false,false,0.5240288,3.3548398,9.528217,-0.2175715,-0.0012127463,3
70.959816,0.8600066,43.8039351803569,-87.99258081848082,0,1,9253.083,-0.043087043,5,1,false,false,-0.15717794,3.4119706,9.184521,-0.21765982,-0.010248742,3
71.00769,0.8601914,43.80393869006423,-87.99256690197429,0,1,9262.985,-0.060153082,5,1,false,false,-0.935858,3.168755,11.877798,-0.21794418,-0.024335772,3
71.056854,0.8603764,43.8039421102298,-87.99255298546774,0,1,9272.973,-0.06882565,5,1,false,false,-1.3656462,3.3158464,8.695445,-0.21848497,-0.040229768,3
71.10527,0.86056155,43.80394562048646,-87.9925390687716,0,1,9279.507,-0.06854653,5,1,false,false,-2.0575876,3.243505,9.436837,-0.21926475,-0.0531483,3
71.15873,0.8607468,43.80394904065203,-87.99252515226507,0,1,9279.848,-0.057355266,5,1,false,false,-1.9635879,3.4937503,8.062698,-0.220214,-0.05779683,3
71.20633,0.8609321,43.8039525509087,-87.99251123575854,0,1,9277.156,-0.043087047,5,1,false,false,-1.5406941,3.015914,7.063422,-0.22113179,-0.05063558,3
71.25486,0.86111766,43.80395597107427,-87.99249731906241,0,1,9288.977,-0.02434079,5,1,false,false,-2.0292888,2.8528242,9.202511,-0.22194716,-0.04605811,3
71.29515,0.861303,43.80395948133093,-87.99248327836906,0,1,9310.39,0.0008384809,5,1,false,false,-1.4642434,2.581642,6.410025,-0.22266299,-0.03766914,3
71.33843,0.8614883,43.80396290094716,-87.99246936167293,0,1,9308.956,0.019583642,5,1,false,false,-1.058702,2.9656806,7.7087836,-0.22314842,-0.01981311,3
71.38523,0.8616737,43.803966411203824,-87.99245532097959,0,1,9309.611,0.02573862,5,1,false,false,-0.811969,3.052006,9.447783,-0.22331566,-0.0007185011,3
71.42496,0.86185926,43.80396983136939,-87.99244140428345,0,1,9294.964,0.022101246,5,1,false,false,-0.8040208,2.4958134,9.390088,-0.22321716,0.0115880035,3
71.462105,0.8620449,43.803973341626055,-87.99242736359011,0,1,9286.506,0.014268221,5,1,false,false,-0.63856155,2.4825716,9.3072605,-0.22296125,0.018085534,3
71.42425,0.86223054,43.803976761791624,-87.99241332270718,0,1,9306.99,-0.0047571566,0,1,false,false,-0.5434663,-4.2213373,8.463162,-0.22263291,0.020095097,3
71.36828,0.86241597,43.80398018195719,-87.99239940620063,0,1,8718.326,-0.021823192,6,1,false,false,-0.5005165,1.9013305,9.95825,-0.22236416,0.011570761,3
71.49059,0.86260146,43.80398369166453,-87.9923853653177,0,1,7631.7324,-0.031615555,6,1,false,false,-0.7005294,8.370355,8.467402,-0.22228473,-0.0024133872,3
71.56963,0.8627873,43.8039871118301,-87.99237132443476,0,1,7729.4253,-0.033294685,6,1,false,false,-1.0685366,1.6688592,6.9800873,-0.22244903,-0.01608141,3
71.54737,0.86297315,43.80399062208676,-87.99235728374141,0,1,8161.1743,-0.027699046,6,1,false,false,-0.88365066,-1.4396986,7.292737,-0.22278345,-0.02179345,3
71.561035,0.863159,43.80399404225233,-87.99234336704528,0,1,8132.0356,-0.022662759,6,1,false,false,-0.81314945,3.0013366,7.34273,-0.2231615,-0.022578271,3
71.62864,0.8633449,43.8039974624179,-87.99232932635194,0,1,7861.7026,-0.015947342,6,1,false,false,-0.7112032,4.5249104,6.435623,-0.22353706,-0.020599969,3
71.6856,0.863531,43.80400097267456,-87.99231516128218,0,1,7859.8853,-0.0089538805,6,1,false,false,-0.8354214,2.6244075,4.2572927,-0.22386938,-0.017635854,3
71.7035,0.8637172,43.80400439284013,-87.99230112039925,0,1,8029.984,-0.0027978173,6,1,false,false,-0.79233485,0.6865237,5.6767564,-0.22412607,-0.011532251,3
71.7246,0.86390346,43.804007902547454,-87.9922870795163,0,1,8066.282,-0.002239552,6,1,false,false,-0.6696262,2.1445923,4.741624,-0.22429106,-0.006409073,3
71.76338,0.8640897,43.80401132271302,-87.99227303882296,0,1,7978.9604,-0.009792362,6,1,false,false,-0.7041502,2.6906292,3.044442,-0.22436099,-0.0015949657,3
71.80963,0.8642761,43.80401474287859,-87.99225899794001,0,1,7965.6074,-0.021263845,6,1,false,false,-0.7345103,2.6641972,3.6376338,-0.22439907,-0.0016070122,3
71.83882,0.8644626,43.80401825313526,-87.99224483287027,0,1,8026.8037,-0.034412295,6,1,false,false,-1.0925977,1.725441,5.5543427,-0.22446026,-0.005342413,3
71.8677,0.8646492,43.80402167330083,-87.99223079198732,0,1,8056.373,-0.04504421,6,1,false,false,-1.4238007,1.7712847,6.124088,-0.22464485,-0.01607742,3
71.90456,0.86483586,43.80402518355749,-87.99221662691757,0,1,8035.139,-0.054276153,6,1,false,false,-1.8863634,2.805867,9.1121645,-0.22501805,-0.029420067,3
71.95246,0.8650226,43.80402860372306,-87.99220258622422,0,1,8016.6904,-0.0629509,6,1,false,false,-2.2048843,2.9417899,8.798858,-0.22561844,-0.042380303,3
71.998505,0.8652095,43.80403202388863,-87.99218842115448,0,1,8012.798,-0.07022455,6,1,false,false,-2.5522084,2.8755178,9.030094,-0.22641198,-0.05289136,3
72.04185,0.8653965,43.80403553359596,-87.99217425608472,0,1,8007.0737,-0.07302238,6,1,false,false,-3.18177,2.561473,10.817144,-0.22736087,-0.060749173,3
72.0817,0.8655836,43.80403895376153,-87.99216009082538,0,1,8000.4253,-0.06882567,6,1,false,false,-3.3352199,2.5479932,8.679081,-0.22843464,-0.06647624,3
72.118324,0.8657708,43.804042373927096,-87.99214605013204,0,1,8005.3696,-0.074700415,6,1,false,false,-3.679644,2.173971,9.383036,-0.22954601,-0.067065276,3
72.15353,0.86595803,43.804045794092666,-87.99213176068588,0,1,8018.1533,-0.080576256,6,1,false,false,-4.3294106,2.2003572,7.8721833,-0.23070922,-0.07238972,3
72.18701,0.8661455,43.804049214258235,-87.99211759561612,0,1,8024.9517,-0.07693889,6,1,false,false,-4.300574,2.2149684,6.7823405,-0.23196302,-0.07587254,3
72.222855,0.86633295,43.804052634423805,-87.99210343054638,0,1,8027.976,-0.0844928,6,1,false,false,-4.356644,2.2112172,4.8698797,-0.23322009,-0.072978444,3
72.25769,0.86652046,43.804056054589374,-87.99208926547662,0,1,8033.213,-0.09624341,6,1,false,false,-4.8485193,2.0886886,6.844969,-0.23444612,-0.07357964,3
72.289314,0.8667081,43.80405947475494,-87.99207497622007,0,1,8047.218,-0.10827423,6,1,false,false,-5.947271,2.0273225,8.703607,-0.23578791,-0.08798562,3
72.32098,0.8668958,43.80406280482942,-87.99206081115031,0,1,8063.485,-0.121983096,6,1,false,false,-6.7734632,2.105786,8.953022,-0.23743452,-0.110416256,3
72.361084,0.8670836,43.80406613490389,-87.99204652170415,0,1,8066.3125,-0.13457331,6,1,false,false,-7.241439,2.8251653,8.641532,-0.23940112,-0.12391627,3
72.40468,0.8672715,43.80406955506946,-87.99203235663441,0,1,8046.128,-0.1424074,6,1,false,false,-7.801913,2.6833358,9.481188,-0.24150021,-0.1276579,3
72.44606,0.86745954,43.80407288514394,-87.99201806737784,0,1,8032.8516,-0.14604475,6,1,false,false,-8.456587,2.4648924,9.036966,-0.24365346,-0.13001704,3
72.47928,0.8676476,43.804076215218416,-87.99200377812129,0,1,8047.434,-0.14520524,6,1,false,false,-8.315734,2.0860417,6.6426277,-0.24587975,-0.1350786,3
72.512596,0.8678359,43.804079455201794,-87.99198948867513,0,1,8066.9766,-0.14296673,6,1,false,false,-8.377862,1.9005728,7.3805966,-0.24812059,-0.13200994,3
72.54617,0.8680243,43.804082785276265,-87.99197507504216,0,1,8069.972,-0.14268762,6,1,false,false,-8.352131,2.201589,6.1283956,-0.25033513,-0.13096528,3
72.57757,0.86821276,43.804086025808985,-87.99196078578561,0,1,8071.6953,-0.14436568,6,1,false,false,-8.486535,1.9738882,6.602919,-0.2525712,-0.13721251,3
72.61166,0.8684012,43.80408926579236,-87.99194637215264,0,1,8086.856,-0.15108103,6,1,false,false,-8.632044,1.9841834,4.778699,-0.25492486,-0.14201365,3
72.64401,0.8685898,43.80409250577575,-87.99193208289608,0,1,8098.6978,-0.15975362,6,1,false,false,-9.446309,2.1912575,7.3386497,-0.2573697,-0.15019871,3
72.68065,0.86877847,43.80409574575913,-87.99191766926312,0,1,8097.2183,-0.16534927,6,1,false,false,-10.682557,2.091971,9.255491,-0.2599726,-0.16353048,3
72.716866,0.86896724,43.80409889620075,-87.99190325563015,0,1,8096.14,-0.16646902,6,1,false,false,-11.422097,2.673611,9.259495,-0.26284614,-0.17851757,3
72.754196,0.8691561,43.804102046093035,-87.99188884218678,0,1,8098.3506,-0.1600339,6,1,false,false,-12.599499,2.3609977,10.952435,-0.2658831,-0.18788663,3
72.79583,0.869345,43.80410519598532,-87.99187442855381,0,1,8093.0586,-0.15024148,6,1,false,false,-13.522931,2.4022255,12.830666,-0.26895347,-0.18205309,3
72.8324,0.869534,43.80410825633585,-87.99186001492085,0,1,8084.478,-0.13793042,6,1,false,false,-13.471956,2.7722952,11.544521,-0.27194968,-0.17820573,3
72.87227,0.86972314,43.804111316686374,-87.99184547710107,0,1,8083.3887,-0.126459,6,1,false,false,-12.2396145,2.3382738,8.976638,-0.27465922,-0.14803961,3
72.91198,0.8699124,43.80411437648757,-87.99183093928129,0,1,8084.936,-0.12254354,6,1,false,false,-12.009081,2.4886472,10.476057,-0.27687427,-0.11670406,3
72.9435,0.8701017,43.8041174368381,-87.99181640146152,0,1,8086.0737,-0.13009745,6,1,false,false,-11.3901615,1.8202057,10.154623,-0.27873224,-0.1103416,3
72.97212,0.8702911,43.80412040654819,-87.99180186364174,0,1,8102.101,-0.15247995,6,1,false,false,-11.191228,1.8656105,10.243297,-0.2806863,-0.12709817,3
73.00424,0.8704806,43.80412337680763,-87.99178732582196,0,1,8120.7095,-0.17961857,6,1,false,false,-11.657698,2.256361,10.422666,-0.28296247,-0.14692183,3
73.040375,0.8706702,43.80412625697597,-87.9917727878126,0,1,8114.7734,-0.1969648,6,1,false,false,-11.807072,2.4052474,10.839149,-0.28556037,-0.16495039,3
73.07646,0.8708598,43.8041292272354,-87.99175824999281,0,1,8102.6294,-0.20591769,6,1,false,false,-12.975055,2.0536194,12.881109,-0.2884238,-0.1826863,3
73.110855,0.8710495,43.80413210740374,-87.99174358798624,0,1,8110.9697,-0.2020011,6,1,false,false,-13.825142,2.2834191,12.1845455,-0.2916372,-0.20369339,3
73.143265,0.8712394,43.80413498757208,-87.99172905016646,0,1,8122.792,-0.19024947,6,1,false,false,-13.97116,2.2677865,13.79352,-0.2950936,-0.21175085,3
73.178986,0.8714294,43.80413777764932,-87.99171438797028,0,1,8117.823,-0.17905818,6,1,false,false,-14.028589,2.3720443,11.489241,-0.29854506,-0.20390971,3
73.215,0.8716194,43.80414056772657,-87.99169972596368,0,1,8108.1294,-0.16982625,6,1,false,false,-13.404196,2.3788137,9.897765,-0.3017984,-0.18563896,3
73.25185,0.8718096,43.80414335780382,-87.9916850637675,0,1,8111.822,-0.16311078,6,1,false,false,-12.060378,2.3693035,6.817163,-0.3046787,-0.15626562,3
73.282684,0.87199986,43.804146057789964,-87.99167027738451,0,1,8123.6313,-0.16507016,6,1,false,false,-10.915322,1.8300529,5.5955915,-0.30711877,-0.13417594,3
73.30999,0.8721902,43.80414875777611,-87.99165561537792,0,1,8140.0786,-0.1784988,6,1,false,false,-9.689978,1.5793837,3.1841478,-0.3093378,-0.12894101,3
73.33048,0.8723807,43.804151457762266,-87.99164082899493,0,1,8161.2837,-0.20004177,6,1,false,false,-12.569153,1.4674363,11.369654,-0.31173995,-0.16319278,3
73.35579,0.8725712,43.80415406820666,-87.99162616698835,0,1,8180.9263,-0.22270457,6,1,false,false,-11.415903,1.9407226,2.6646311,-0.31489623,-0.2069941,3
73.386925,0.8727617,43.804156768192804,-87.99161138060536,0,1,8185.532,-0.24704532,6,1,false,false,-15.866484,2.4965253,15.117474,-0.31847057,-0.23145345,3
73.42756,0.8729524,43.80415928799677,-87.99159659422236,0,1,8163.695,-0.26523215,6,1,false,false,-20.490248,2.20462,18.99779,-0.32270217,-0.28539306,3
73.44949,0.8731432,43.80416189844116,-87.99158180783937,0.0067836246,1,8152.6035,-0.2663509,6,1,false,false,-19.977028,2.3663547,12.179631,-0.32801664,-0.35581213,3
73.4992,0.87333417,43.80416432815403,-87.99156702145638,0.023064833,1,8155.97,-0.23389584,6,1,false,false,-20.854738,2.8272038,13.857605,-0.33333972,-0.26606616,3
73.536064,0.8735252,43.80416684850733,-87.99155211088657,0.051605344,1,8111.459,-0.18969005,6,1,false,false,-17.395712,2.3865218,12.4515705,-0.3367301,-0.150536,3
73.55236,0.8737163,43.804169188678436,-87.99153732450358,0.11489975,0.9880395,8093.5806,-0.16423056,6,1,false,false,-14.740182,0.2639266,12.748094,-0.33879715,-0.105703756,3
73.52625,0.87390745,43.8041716183913,-87.9915224139338,0.17412004,0.88268936,8118.313,-0.16534925,6,1,false,false,-12.841579,-2.334405,11.894277,-0.34069434,-0.12148832,3
73.46449,0.87409854,43.804173958562416,-87.99150750336399,0.24610944,0.73015934,8102.9907,-0.18661313,6,1,false,false,-11.739911,-4.262541,9.79114,-0.34299326,-0.15373312,3
73.36885,0.87428945,43.804176208642424,-87.991492716981,0.3009851,0.6028763,8032.8,-0.20368022,6,1,false,false,-11.928325,-6.420956,8.93623,-0.34584278,-0.18722872,3
73.23187,0.87448,43.80417854881354,-87.9914778064112,0.3034416,0.40040696,7941.325,-0.20395938,6,1,false,false,-12.396161,-9.154554,8.823959,-0.34911424,-0.20232859,3
73.04884,0.8746702,43.804180798893555,-87.9914630200282,0.32499796,0.23415901,7881.2017,-0.19080985,6,1,false,false,-13.068806,-11.854529,9.783135,-0.35250166,-0.20303191,3
72.8243,0.87485987,43.80418295888247,-87.99144823364522,0.34980136,0.104116976,7892.356,-0.1762614,6,1,false,false,-12.451866,-14.138081,7.7972827,-0.35575435,-0.18385784,3
72.567955,0.87504894,43.804185118871395,-87.99143344726221,0.37055153,0.004809007,7882.0215,-0.16618776,6,1,false,false,-11.918314,-15.781026,8.697591,-0.35867026,-0.16321473,3
72.29228,0.87523717,43.804187279409646,-87.99141878525563,0.39834213,0,7836.896,-0.16758662,6,1,false,false,-10.99177,-16.806864,7.7258477,-0.36136773,-0.16128784,3
71.99255,0.8754248,43.80418934930747,-87.99140412305945,0.42485854,0,7792.536,-0.17961861,6,1,false,false,-12.081383,-18.354649,9.239837,-0.3643053,-0.1934429,3
71.679474,0.87561154,43.8041914192053,-87.99138946105286,0.42617312,0,7748.63,-0.1899703,6,1,false,false,-13.083196,-18.459806,7.751557,-0.36793938,-0.24194181,3
71.3724,0.8757975,43.80419348965246,-87.99137492323308,0.45120153,0,7705.3604,-0.18829115,6,1,false,false,-13.440006,-18.279333,8.618876,-0.37215176,-0.25808537,3
71.06338,0.87598276,43.804195469459195,-87.99136038541332,0.45439768,0,7662.472,-0.17290317,6,1,false,false,-13.789149,-18.226435,7.251057,-0.3763379,-0.23741505,3
70.755066,0.87616724,43.80419735972417,-87.99134597178035,0.4791095,0,7620.5337,-0.14968213,6,1,false,false,-13.85432,-18.890831,8.1714945,-0.38006583,-0.21644945,3
70.39603,0.87635076,43.804199249439804,-87.99133155814738,0.4814995,0,7576.236,-0.1331744,6,1,false,false,-15.453009,-22.324915,12.837797,-0.3838654,-0.24425125,3
70.027336,0.87653345,43.80420113970478,-87.99131726889082,0.5082365,0,7532.647,-0.13988982,6,1,false,false,-15.999719,-21.585382,12.533861,-0.3882244,-0.27769613,3
69.658226,0.8767152,43.80420293987866,-87.99130310382107,0.51070994,0,7534.245,-0.1622723,6,1,false,false,-17.96585,-21.956821,13.065998,-0.39291283,-0.28302482,3
69.291176,0.8768959,43.80420464996144,-87.99128881456451,0.5396391,0,7528.6323,-0.17206472,6,1,false,false,-18.344881,-21.10654,11.7723675,-0.39750916,-0.26597804,3
68.93976,0.8770758,43.804206360044226,-87.99127477368157,0.54068357,0,7488.527,-0.16534933,6,1,false,false,-16.858078,-20.021711,8.317326,-0.40165904,-0.22653802,3
68.61411,0.8772548,43.80420798003592,-87.99126073279862,0.54327077,0,7448.2954,-0.14296678,6,1,false,false,-14.716788,-18.71276,5.2803884,-0.40495628,-0.16649401,3
68.29267,0.87743294,43.804209600027605,-87.99124669191568,0.54640347,0,7407.64,-0.11778636,6,1,false,false,-12.645079,-19.825104,6.3093896,-0.4074054,-0.13335161,3
67.93614,0.8776103,43.8042112200193,-87.99123277540915,0.55006796,0.5208334,7572.8423,-0.11135226,0,1,false,false,-11.213419,-22.15147,6.1110997,-0.40978315,-0.1617168,3
67.54188,0.87778664,43.80421274991989,-87.99121885890261,0.55322945,0.5416666,8157.476,-0.14492501,0,1,false,false,-11.597223,-23.975853,7.7743487,-0.41308868,-0.24161702,3
67.14091,0.877962,43.80421419027873,-87.99120506639329,0.5548152,0,8313.874,-0.23445624,5,1,false,false,-13.918473,-23.432543,6.8222766,-0.4177608,-0.31410265,3
66.760056,0.87813634,43.80421563008823,-87.99119139863957,0.5574517,0,8266.182,-0.30580163,5,1,false,false,-16.305096,-22.270031,7.13921,-0.42326537,-0.3398513,3
66.37286,0.8783096,43.80421707044707,-87.99117773050665,0.55957156,0,8308.182,-0.34357217,5,1,false,false,-19.257805,-23.396423,10.8530855,-0.42901525,-0.3484879,3
65.9691,0.8784819,43.804218420165476,-87.99116418675014,0.5606444,0,8371.075,-0.34273374,5,1,false,false,-21.302864,-24.09617,11.077317,-0.43502003,-0.3761868,3
65.55915,0.8786532,43.80421968034213,-87.99115064261444,0.56224567,0,8331.766,-0.32035014,5,1,false,false,-23.008179,-23.909527,12.109878,-0.44175783,-0.4318831,3
65.15846,0.8788233,43.804220940518775,-87.99113722323433,0.5638293,0,8283.79,-0.2820192,5,1,false,false,-23.269003,-22.883097,11.403413,-0.44928083,-0.46179175,3
64.77457,0.87899244,43.80422211060433,-87.99112380385424,0.56382924,0,8237.351,-0.24144965,5,1,false,false,-23.950686,-22.59201,13.11478,-0.4569402,-0.45399353,3
64.380394,0.8791606,43.80422319059879,-87.99111050847135,0.5643792,0,8191.6357,-0.19584508,5,1,false,false,-26.95098,-23.345541,17.165195,-0.46446562,-0.4596768,3
63.96921,0.8793276,43.80422418050215,-87.99109733746486,0.5643791,0,8132.286,-0.15919322,5,1,false,false,-28.769766,-24.091185,19.390247,-0.47251725,-0.5141592,3
63.568752,0.8794935,43.80422517040552,-87.99108416645838,0.56382906,0,8014.236,-0.12981722,5,1,false,false,-29.58238,-21.581406,16.760866,-0.48142716,-0.5369265,3
63.24593,0.8796584,43.80422607076713,-87.9910711194491,0.5616974,0,7947.171,-0.10967315,5,1,false,false,-26.881426,-16.971632,10.191595,-0.48931143,-0.3799171,3
62.955467,0.8798225,43.80422688048831,-87.99105807281903,0.5298606,0,7901.677,-0.09008842,5,1,false,false,-21.257353,-16.607504,7.2139225,-0.4937853,-0.1535508,3
62.689926,0.87998575,43.80422760066772,-87.99104515018615,0.5283474,0,7858.081,-0.07749823,5,1,false,false,-13.271488,-14.047999,3.4139411,-0.49452284,0.040115543,3
62.442284,0.8801483,43.804228320847145,-87.99103222755329,0.49887422,0,7816.6055,-0.082254335,5,1,false,false,-8.610866,-18.440802,-1.5202196,-0.49330428,0.06966599,3
62.08543,0.8803101,43.80422895038613,-87.99101930529962,0.49692416,0,7769.3066,-0.10967316,5,1,false,false,-7.2017694,-22.412529,4.5660477,-0.49279833,-0.039199073,3
61.679653,0.8804708,43.804229670565554,-87.99100663104038,0.4949795,0,7721.277,-0.16199106,5,1,false,false,-8.617639,-24.5723,6.7817993,-0.49483204,-0.21242768,3
61.234955,0.8806303,43.80423030065388,-87.99099383278391,0.49158448,0,7472.132,-0.29405102,5,1,false,false,-13.654193,-27.377983,8.433005,-0.49966922,-0.33988515,3
60.862553,0.88078874,43.8042309307422,-87.99098128328028,0.48820636,0,7314.0933,-0.38554156,5,1,false,false,-16.692434,-17.738571,6.300183,-0.5055406,-0.34363404,3
60.58591,0.88094634,43.80423147073943,-87.99096873339744,0.46036184,0,7276.6123,-0.41268128,5,1,false,false,-19.3482,-16.123938,8.231507,-0.5109804,-0.30326462,3
60.266266,0.8811031,43.80423192064556,-87.99095618351458,0.45990518,0,7498.6753,-0.41044402,5,1,false,false,-21.401041,-22.365465,10.048501,-0.5155248,-0.24865566,3
59.827915,0.8812589,43.804232460642794,-87.99094375800816,0.45851958,0,7749.915,-0.376868,5,1,false,false,-22.761387,-27.016409,16.971096,-0.51981163,-0.28275073,3
59.39468,0.8814135,43.804232821007176,-87.99093145687813,0.45713657,0,7746.699,-0.34636998,5,1,false,false,-23.429333,-23.964224,16.689016,-0.52530545,-0.38115072,3
59.03687,0.881567,43.804233180822216,-87.9909191557481,0.45577466,0.5208334,7889.2324,-0.34497115,0,1,false,false,-22.310888,-18.95055,12.865279,-0.5323152,-0.4471143,3
58.745796,0.8817197,43.804233450546164,-87.99090697861529,0.45439762,0.5416666,8428.649,-0.34049523,0,1,false,false,-20.921535,-16.130388,8.383989,-0.5397485,-0.43508247,3
58.478245,0.8818717,43.80423363072835,-87.99089492585888,0.45255384,0,8572.175,-0.31811276,4,1,false,false,-18.112213,-15.563202,5.7647696,-0.5467345,-0.40498263,3
58.203682,0.882023,43.80423381091054,-87.99088287310246,0.45073348,0,8522.938,-0.2974082,4,1,false,false,-15.982456,-16.728674,5.3459773,-0.5533927,-0.40379408,3
57.89629,0.8821735,43.80423399109273,-87.99087082034606,0.44710776,0,8526.324,-0.28593677,4,1,false,false,-16.385592,-18.91481,7.911962,-0.56031954,-0.4315579,3
57.562645,0.88232315,43.80423408063449,-87.99085889196606,0.42137727,0,8517.832,-0.29293123,4,1,false,false,-18.64353,-19.71253,9.714757,-0.5677909,-0.4643276,3
57.235123,0.8824719,43.80423408063449,-87.99084696358605,0.3966733,0,8470.88,-0.31643245,4,1,false,false,-21.943802,-18.249397,10.756751,-0.57571566,-0.48228288,3
56.93964,0.88261986,43.80423408063449,-87.99083515920327,0.3958323,0,8422.794,-0.3371381,4,1,false,false,-23.996153,-16.312807,10.822196,-0.5837712,-0.48145327,3
56.66127,0.8827671,43.80423408063449,-87.99082335482048,0.3937599,0,8388.036,-0.3528063,4,1,false,false,-25.092575,-15.743292,10.527293,-0.5917257,-0.47267607,3
56.380676,0.8829136,43.80423390100163,-87.9908116748141,0.39210397,0,8367.526,-0.3625987,4,1,false,false,-25.466244,-16.122822,10.575891,-0.5995795,-0.4711882,3
56.09851,0.88305926,43.80423372081945,-87.9907999951869,0.39086106,0,8337.082,-0.36987352,4,1,false,false,-25.350956,-16.061573,10.576997,-0.60748804,-0.48071262,3
55.818375,0.88320434,43.804233540637256,-87.99078843917773,0.38878968,0,8290.107,-0.3793867,4,1,false,false,-25.452257,-15.982989,10.346342,-0.6156357,-0.49762604,3
55.539227,0.88334864,43.804233180822216,-87.99077688354775,0.3653853,0,8242.614,-0.39225698,4,1,false,false,-25.28096,-15.706577,9.677566,-0.624063,-0.5119577,3
55.27151,0.8834922,43.804232821007176,-87.990765451915,0.36380863,0,8196.052,-0.40596598,4,1,false,false,-25.667616,-14.892524,10.234291,-0.63267267,-0.52073276,3
55.010616,0.8836351,43.804232460642794,-87.99075402066143,0.36144438,0,8149.7266,-0.41659892,4,1,false,false,-26.005785,-14.689469,9.851333,-0.64141816,-0.52954113,3
54.756413,0.8837774,43.80423192064556,-87.99074271340507,0.3395182,0,8103.3984,-0.42331427,4,1,false,false,-25.450624,-13.87345,8.215196,-0.65027213,-0.5307152,3
54.528214,0.8839189,43.80423138064834,-87.99073140614871,0.31843695,0,8057.721,-0.4247132,4,1,false,false,-23.706884,-11.948562,6.5973725,-0.6590188,-0.51411676,3
54.313423,0.88405997,43.80423075056001,-87.99072022326875,0.29645088,0,8012.424,-0.4199561,4,1,false,false,-23.873474,-12.296699,8.063479,-0.66735727,-0.4907919,3
54.07336,0.88420045,43.804230120471686,-87.99070904038881,0.27806145,0,7990.6846,-0.40876377,4,1,false,false,-25.010443,-14.171838,9.966893,-0.67556334,-0.5018214,3
53.820343,0.8843403,43.804229400841606,-87.99069785750885,0.25939038,0,7984.7866,-0.39897242,4,1,false,false,-24.791536,-13.789386,9.478348,-0.68425035,-0.54551256,3
53.587105,0.88447946,43.80422859057109,-87.99068679862611,0.24053803,0,7961.847,-0.39785272,4,1,false,false,-25.09771,-12.331798,8.520372,-0.6937712,-0.5929498,3
53.375134,0.88461804,43.804227780849914,-87.99067574012257,0.22393517,0,7917.0254,-0.3972923,4,1,false,false,-26.134493,-11.049645,8.896263,-0.70379937,-0.60166854,3
53.179234,0.8847559,43.80422688048831,-87.99066480561623,0.2076681,0,7881.7803,-0.39421523,4,1,false,false,-26.888931,-10.501167,9.849238,-0.7136485,-0.5798116,3
52.98889,0.88489336,43.80422598067604,-87.9906538711099,0.20653282,0,7875.69,-0.38973832,4,1,false,false,-26.679747,-9.717375,8.669454,-0.7231272,-0.5561324,3
52.80304,0.88503015,43.804224900681575,-87.99064306097998,0.20398179,0,7874.7363,-0.3869406,4,1,false,false,-26.999048,-10.139065,9.301574,-0.73220366,-0.5368913,3
52.603798,0.8851663,43.80422382068711,-87.99063225085006,0.2028569,0,7852.055,-0.38778007,4,1,false,false,-27.629925,-10.571594,10.246414,-0.7412001,-0.5459206,3
52.410942,0.88530195,43.80422274069265,-87.99062144034093,0.20201242,0,7814.1196,-0.39701316,4,1,false,false,-27.745537,-9.735218,9.481572,-0.7503705,-0.55385184,3
52.22816,0.8854371,43.804221480516006,-87.99061075458741,0.18579097,0,7779.705,-0.41296047,4,1,false,false,-27.699179,-9.581413,9.3987,-0.75966245,-0.56162536,3
52.0421,0.8855716,43.80422022033935,-87.9906000684547,0.18552484,0,7755.3267,-0.43114728,4,1,false,false,-28.662872,-9.620991,10.334794,-0.7690809,-0.56694216,3
51.858166,0.8857056,43.804218870071615,-87.99058950707759,0.18471698,0,7740.141,-0.4445781,4,1,false,false,-29.025667,-9.575524,10.481476,-0.7785774,-0.5735791,3
51.678402,0.88583916,43.804217520353205,-87.99057894532127,0.1831063,0,7721.4653,-0.45409036,4,1,false,false,-28.052355,-9.012423,8.703259,-0.7881669,-0.5738714,3
51.514935,0.8859722,43.80421599045261,-87.99056850794138,0.18203975,0,7694.1445,-0.45856836,4,1,false,false,-26.096613,-7.991462,7.3804684,-0.7975602,-0.5489023,3
51.363117,0.8861048,43.804214550093775,-87.99055807056148,0.16688117,0,7660.1973,-0.4577288,4,1,false,false,-25.005522,-7.851509,7.1947484,-0.8063946,-0.51111466,3
51.205196,0.886237,43.80421293010208,-87.99054763280238,0.16611259,0,7626.3564,-0.45492995,4,1,false,false,-24.940928,-8.492421,7.675521,-0.81459916,-0.4797995,3
51.03636,0.88636875,43.80421131011039,-87.99053731979888,0.16483176,0,7601.7065,-0.4552101,4,1,false,false,-24.549152,-9.029362,7.854056,-0.82254165,-0.48036808,3
50.865906,0.88650006,43.804209600027605,-87.99052700679539,0.16356552,0,7580.9604,-0.46220458,4,1,false,false,-24.163729,-8.7492895,7.3151746,-0.83071977,-0.50377065,3
50.714733,0.88663095,43.80420788994482,-87.9905166934127,0.14987658,0,7554.231,-0.47339696,4,1,false,false,-23.230265,-7.0449357,5.8769217,-0.83923405,-0.5124932,3
50.58021,0.8867614,43.80420608977094,-87.99050650440641,0.14938466,0,7524.1636,-0.48458824,4,1,false,false,-23.690405,-6.802537,6.8273787,-0.8476874,-0.5026609,3
50.432247,0.8868916,43.80420428959707,-87.99049643977654,0.14793232,0,7503.734,-0.4907443,4,1,false,false,-25.365921,-8.114662,8.921596,-0.85606724,-0.5085857,3
50.26852,0.8870214,43.804202399881426,-87.99048625114945,0.14671536,0,7494.6504,-0.49633995,4,1,false,false,-26.61968,-8.490614,9.567293,-0.86474454,-0.5369806,3
50.104492,0.8871507,43.80420041952536,-87.99047631051678,0.14551233,0,7484.666,-0.4999774,4,1,false,false,-26.93319,-8.31356,9.233337,-0.87403464,-0.57933885,3
49.940506,0.8872796,43.804198439718625,-87.9904662458869,0.14382944,0,7461.783,-0.50221574,4,1,false,false,-28.306654,-8.281615,10.158419,-0.88398117,-0.608971,3
49.77855,0.8874082,43.804196369271466,-87.99045642963065,0.14262702,0,7435.4194,-0.5044542,4,1,false,false,-29.229994,-7.840731,10.804033,-0.8942086,-0.6138641,3
49.633533,0.8875363,43.80419420928254,-87.99044648937718,0.14000963,0,7416.2915,-0.507252,4,1,false,false,-28.026545,-6.534213,8.6213665,-0.9042903,-0.5904517,3
49.501125,0.88766414,43.804192049293626,-87.99043667312093,0.13882071,0,7399.7217,-0.5078114,4,1,false,false,-26.956976,-6.3740726,8.032554,-0.91380775,-0.55202955,3
49.36683,0.8877916,43.80418979921361,-87.99042698124107,0.13717058,0,7377.963,-0.50837183,4,1,false,false,-26.698618,-7.030554,8.388658,-0.92269886,-0.51887804,3
49.218193,0.8879188,43.8041874590425,-87.99041728936122,0.13576917,0,7352.397,-0.5145267,4,1,false,false,-26.482302,-7.6554255,8.825658,-0.93115723,-0.5008372,3
49.064022,0.8880456,43.804185118871395,-87.99040759748138,0.13482592,0,7329.6387,-0.5285169,4,1,false,false,-26.089916,-7.925504,9.015287,-0.93955654,-0.51645494,3
48.904964,0.8881721,43.80418268915852,-87.99039802997792,0.13343436,0,7305.769,-0.5478225,4,1,false,false,-27.023287,-8.275397,9.835227,-0.94848377,-0.55603015,3
48.74077,0.8882981,43.804180258896324,-87.9903884620953,0.13273619,0,7279.914,-0.57272494,4,1,false,false,-27.827227,-8.295987,10.235141,-0.95807076,-0.59335744,3
48.585682,0.88842386,43.80417764900127,-87.99037901896826,0.13226852,0,7258.145,-0.59930634,4,1,false,false,-27.884687,-7.266611,9.750859,-0.9682193,-0.61878866,3
48.448807,0.8885492,43.80417512864797,-87.99036969983842,0.13134421,0,7239.94,-0.62532735,4,1,false,false,-28.944754,-6.573586,10.310116,-0.97850126,-0.611134,3
48.298733,0.8886742,43.804172428661815,-87.99036038070861,0.12973078,0,7221.7334,-0.64183617,4,1,false,false,-30.256493,-7.5717635,11.66946,-0.9886595,-0.6072109,3
48.143864,0.8887989,43.80416972867567,-87.99035106157878,0.12812516,0,7205.103,-0.6600241,4,1,false,false,-30.30261,-7.415181,10.929509,-0.9987126,-0.59654397,3
48.002502,0.8889234,43.80416702868951,-87.99034186644616,0.1263023,0,7189.8784,-0.6790507,4,1,false,false,-29.231993,-6.4606533,10.213975,-1.0084647,-0.5734467,3
47.86149,0.8890474,43.804164148521174,-87.99033279606915,0.113582864,0,7169.9556,-0.6913616,4,1,false,false,-29.877787,-7.1085157,11.115055,-1.0178918,-0.5601054,3
47.714535,0.8891711,43.804161268352836,-87.99032372531295,0.11336675,0,7146.8726,-0.7017143,4,1,false,false,-29.24481,-7.016719,10.131131,-1.0271679,-0.5560886,3
47.577106,0.88929445,43.8041583881845,-87.99031465455674,0.11271088,0,7128.619,-0.7162641,4,1,false,false,-27.378817,-6.5159826,8.708054,-1.0365077,-0.5670271,3
47.447037,0.88941735,43.80415541792507,-87.99030570855614,0.1116179,0,7110.041,-0.73361254,4,1,false,false,-27.173342,-6.529296,9.381309,-1.0460584,-0.5786423,3
47.302727,0.8895399,43.80415235812387,-87.99029688617354,0.10988739,0,7087.4453,-0.7467642,4,1,false,false,-28.740341,-7.66595,11.54544,-1.0558178,-0.594714,3
47.143627,0.8896621,43.80414920768225,-87.99028806417016,0.097811624,0,7067.028,-0.7618728,4,1,false,false,-29.87668,-7.960982,12.149915,-1.0659783,-0.6254028,3
46.986774,0.8897836,43.804146057789964,-87.99027936616397,0.09718844,0,7051.203,-0.7800608,4,1,false,false,-30.472767,-7.5259967,11.860124,-1.0767308,-0.661821,3
46.84051,0.8899047,43.80414290734834,-87.99027066853698,0.08521754,0,7036.0635,-0.8004873,4,1,false,false,-30.246195,-6.5568743,11.158,-1.0879867,-0.68085337,3
46.712387,0.89002544,43.804139577273865,-87.99026209490721,0.084025554,0,7017.195,-0.8189546,4,1,false,false,-29.728512,-5.783255,10.709826,-1.0992094,-0.65718853,3
46.592976,0.8901458,43.80413633729049,-87.99025364565384,0.073536046,0,6997.9946,-0.83770174,4,1,false,false,-29.391802,-5.4358997,10.585656,-1.109749,-0.60539293,3
46.47374,0.89026576,43.80413291712492,-87.99024519602128,0.07220568,0,6981.862,-0.8626053,4,1,false,false,-29.337032,-5.631389,10.91624,-1.1194277,-0.55934316,3
46.35077,0.8903854,43.80412949695935,-87.99023687114432,0.07088193,0,6968.6304,-0.8889073,4,1,false,false,-28.622366,-5.8491807,10.398404,-1.1284987,-0.5358208,3
46.226738,0.89050466,43.80412598725202,-87.99022854588816,0.069379024,0,6953.669,-0.9191274,4,1,false,false,-27.856,-5.823397,9.77209,-1.1374023,-0.5353917,3
46.10727,0.89062375,43.80412247699535,-87.99022034500841,0.058172952,0,6935.085,-0.95102745,4,1,false,false,-27.3339,-5.719891,9.9054365,-1.1463754,-0.5430497,3
45.980457,0.89074236,43.8041188766476,-87.99021214412866,0.057995304,0,6915.999,-0.989642,4,1,false,false,-28.615276,-6.4858904,11.434311,-1.1556156,-0.5715186,3
45.840084,0.8908607,43.804115276849174,-87.99020406762531,0.05709478,0,6901.604,-1.0260191,4,1,false,false,-29.956179,-6.9305453,12.455685,-1.1655989,-0.62783027,3
45.70678,0.8909786,43.80411158641032,-87.99019611549838,0.055845004,0,6889.7974,-1.0623962,4,1,false,false,-29.77393,-6.018748,10.908776,-1.176519,-0.67450875,3
45.588085,0.8910963,43.80410780642971,-87.99018816299225,0.04555048,0,6874.1567,-1.0920563,4,1,false,false,-29.096067,-5.24223,10.555109,-1.1879256,-0.6839037,3
45.484886,0.8912138,43.8041040264491,-87.99018033486253,0.045550477,0,6854.0557,-1.106328,4,1,false,false,-27.776184,-4.394639,9.58663,-1.1990272,-0.6403819,3
45.384773,0.89133096,43.80410015582806,-87.9901726311092,0.04452545,0,6835.0347,-1.1175218,4,1,false,false,-28.729063,-4.5140963,10.869961,-1.2091345,-0.57040304,3
45.28392,0.8914479,43.80409628575636,-87.99016492735589,0.04384673,0,6821.3096,-1.1301141,4,1,false,false,-27.968454,-4.593579,10.200195,-1.2181308,-0.514073,3
45.18596,0.89156467,43.80409232559356,-87.99015722360257,0.034522116,0,6810.034,-1.1502612,4,1,false,false,-26.68276,-4.4966125,9.007772,-1.22635,-0.47601485,3
45.081547,0.8916813,43.80408836543076,-87.99014964384646,0.033871345,0,6796.7603,-1.1757249,4,1,false,false,-27.013575,-5.3011565,10.843257,-1.2342541,-0.48647124,3
44.964397,0.89179766,43.8040843157262,-87.99014218884597,0.024313591,0,6783.4097,-1.2067863,4,1,false,false,-28.188585,-5.915678,12.199958,-1.2427981,-0.54869914,3
44.843246,0.8919138,43.80408026547231,-87.99013485784268,0.02384527,0,6772.8447,-1.2325307,4,1,false,false,-30.45017,-5.801161,12.916089,-1.2527581,-0.64874434,3
44.73073,0.8920295,43.80407612512732,-87.99012752646018,0.022911549,0.01524383,6767.7793,-1.2451227,4,1,false,false,-30.196474,-5.0826087,12.021372,-1.2644176,-0.7422317,3
44.629494,0.89214534,43.80407198533167,-87.99012019545688,0.02198175,0.04761177,6770.105,-1.2434449,4,1,false,false,-30.39251,-4.357627,11.132136,-1.2771587,-0.7698624,3
44.545464,0.89226085,43.804067754895584,-87.9901131132064,0.013359269,0.07009977,6774.2266,-1.2333698,4,1,false,false,-26.985388,-3.1849914,9.171663,-1.2894793,-0.690388,3
44.47539,0.89237624,43.804063525008836,-87.99010590620033,0.013060373,0.104671836,6795.831,-1.2263743,4,1,false,false,-26.049873,-2.619193,9.961945,-1.2998399,-0.54567146,3
44.408203,0.8924915,43.80405920448166,-87.99009894794706,0.012761882,0.13759464,6849.6104,-1.2395259,4,1,false,false,-26.759758,-2.7692223,11.049816,-1.3076967,-0.4040635,3
44.34064,0.8926069,43.80405488450382,-87.9900919896938,0.011880662,0.17654407,6936.095,-1.2700282,4,1,false,false,-25.242899,-2.8902428,9.48612,-1.3134391,-0.29744425,3
44.281166,0.89272213,43.80405047443488,-87.99008515581693,0.011287479,0.22262987,6951.4365,-1.3069671,4,1,false,false,-21.644709,-2.0908365,6.99284,-1.3180434,-0.27419376,3
44.246964,0.89283735,43.80404606436595,-87.99007832156087,0.010412373,0.27585202,6821.7593,-1.3520195,4,1,false,false,-20.411097,-1.2153585,5.2766004,-1.3230165,-0.34163055,3
44.209244,0.8929525,43.80404156420592,-87.99007148768402,0.009679218,0.31481683,6762.5264,-1.3965145,4,1,false,false,-23.793192,-1.6135534,11.472856,-1.3299336,-0.5002985,3
44.16645,0.89306784,43.80403706404589,-87.99006477780436,0.008518392,0.37406564,6851.897,-1.4373715,4,1,false,false,-25.641201,-1.4071674,10.340341,-1.3398472,-0.6737853,3
44.13813,0.8931832,43.80403256388586,-87.99005806792472,0.0073640607,0.42619348,6979.38,-1.4460464,4,1,false,false,-26.407694,-0.23956367,10.777227,-1.3516451,-0.7165888,3
44.130817,0.8932985,43.80402797363474,-87.99005148242148,0.0062104813,0.46625262,7002.5234,-1.4323335,4,1,false,false,-27.734066,1.4999486,11.792634,-1.3635068,-0.70110035,3
44.15779,0.8934139,43.804023293292516,-87.99004502129465,0.0054977746,0.49148417,6926.9927,-1.4102268,4,1,false,false,-27.565365,3.5927434,11.915666,-1.3748293,-0.6489043,3
44.210697,0.89352983,43.8040186129503,-87.9900385601678,0.0045007356,0.5008092,6840.1777,-1.3903582,4,1,false,false,-26.717348,3.998853,11.646528,-1.3848691,-0.5537913,3
44.248188,0.8936459,43.80401384306632,-87.99003209866177,0.0036484366,0.505202,6813.924,-1.3833625,4,1,false,false,-25.989477,3.128827,11.0064535,-1.3936068,-0.49969792,3
44.28389,0.8937621,43.80400907263301,-87.99002576191135,0.0027997256,0.50520205,6855.755,-1.389519,4,1,false,false,-26.448414,2.8353827,11.429884,-1.4014667,-0.44637617,3
44.30249,0.8938785,43.804004212657944,-87.99001954915813,0.0019545783,0.50520205,6896.292,-1.4099466,4,1,false,false,-26.95859,1.701796,12.3640785,-1.408786,-0.4484761,3
44.317665,0.8939949,43.80399935268287,-87.99001333640491,0.0013949408,0.50520205,6904.6763,-1.4384894,4,1,false,false,-27.575935,1.8689225,13.025207,-1.4166602,-0.5036639,3
44.335407,0.89411134,43.80399440206737,-87.9900071236517,0.0008368839,0.50520205,6899.7466,-1.4536012,4,1,false,false,-25.244757,1.996944,10.915409,-1.4256401,-0.5714043,3
44.366936,0.8942278,43.803989361910105,-87.9900011592721,-5.820766e-11,0.50520205,6910.944,-1.4485654,4,1,false,false,-24.752632,2.9773648,10.731186,-1.43543,-0.5950023,3
44.40372,0.8943445,43.80398441184394,-87.98999507089529,0,0.50520205,6927.8584,-1.4331741,4,1,false,false,-24.448679,3.0169249,10.422595,-1.4453179,-0.58758396,3
44.440376,0.89446104,43.80397928159559,-87.9899891065157,0,0.50520205,6931.7383,-1.4264576,4,1,false,false,-24.076267,3.132844,10.478847,-1.4549911,-0.57196635,3
44.476994,0.8945775,43.803974151347234,-87.9899832665125,0,0.50520205,6926.189,-1.4309342,4,1,false,false,-24.706816,2.8733747,10.920885,-1.4644299,-0.56630147,3
44.506195,0.89469415,43.803969021648214,-87.98997742650931,0,0.50520205,6926.8755,-1.4429685,4,1,false,false,-25.12769,2.5319393,11.180527,-1.4740561,-0.59173036,3
44.53747,0.8948109,43.80396380130877,-87.98997158650612,0,0.5041077,6942.8145,-1.450244,4,1,false,false,-25.710379,3.0531557,11.375268,-1.4841297,-0.6090595,3
44.573044,0.8949275,43.80395858096932,-87.98996587087933,0,0.50245833,6955.1553,-1.4494039,4,1,false,false,-25.978529,3.0703423,11.708936,-1.4941893,-0.5954577,3
44.60848,0.89504415,43.80395327108811,-87.98996027924976,0,0.5024585,6950.449,-1.4401697,4,1,false,false,-27.162573,3.0732048,12.430702,-1.5039997,-0.5836567,3
44.64164,0.89516085,43.803947960657574,-87.98995468799937,0,0.5013642,6939.462,-1.4289758,4,1,false,false,-26.969028,2.866131,11.702749,-1.5137483,-0.58868706,3
44.671776,0.8952777,43.80394256068527,-87.98994922074621,0,0.5013642,6941.443,-1.4203014,4,1,false,false,-25.697144,2.6690936,10.226944,-1.523689,-0.6035116,3
44.700127,0.8953945,43.803937070072536,-87.98994375349305,0,0.5013642,6963.0083,-1.4152638,4,1,false,false,-24.739761,2.667595,9.94187,-1.5338575,-0.6129826,3
44.731174,0.89551127,43.80393167010024,-87.98993841023709,0,0.5013642,6987.7466,-1.4110662,4,1,false,false,-24.822893,2.9045162,10.472651,-1.5440475,-0.60595244,3
44.765434,0.89562815,43.80392608994575,-87.98993306736033,0,0.5013642,6994.317,-1.4079878,4,1,false,false,-25.398926,3.0734496,11.066876,-1.5540057,-0.58917296,3
44.80003,0.89574516,43.80392059988235,-87.98992784885998,0,0.5013642,6983.803,-1.4057486,4,1,false,false,-25.821299,3.0848353,11.24414,-1.5637566,-0.5827863,3
44.83492,0.89586216,43.80391501972786,-87.98992275435684,0,0.5024585,6976.8706,-1.4049103,4,1,false,false,-25.196201,3.0843086,10.681962,-1.573461,-0.580915,3
44.87113,0.8959793,43.80390934948228,-87.9899176598537,0,0.5057569,6987.1196,-1.4018323,4,1,false,false,-23.899467,3.200939,9.245591,-1.5830607,-0.5671198,3
44.90948,0.8960965,43.8039036792367,-87.98991256535055,0,0.5101497,7006.544,-1.3987529,4,1,false,false,-23.042063,3.3204408,8.959082,-1.5922676,-0.53620905,3
44.94729,0.89621377,43.80389800899111,-87.98990759522383,0,0.51947486,7020.7734,-1.3993137,4,1,false,false,-23.712173,3.0726876,9.779656,-1.600946,-0.511471,3
44.98097,0.89633125,43.803892248654435,-87.9899027490943,0,0.52933925,7027.7856,-1.4035103,4,1,false,false,-24.465298,2.9076161,10.495405,-1.6094788,-0.51917475,3
45.011864,0.89644873,43.80388648831775,-87.98989790334397,0,0.5348264,7036.761,-1.4054692,4,1,false,false,-25.445356,2.6786025,11.057179,-1.6183686,-0.55365527,3
45.03917,0.8965663,43.80388063843932,-87.98989318159086,0,0.54691064,7058.9614,-1.4004319,4,1,false,false,-25.760094,2.663393,11.061177,-1.6280398,-0.60615766,3
45.069637,0.8966839,43.80387478801155,-87.98988845983774,0,0.5545863,7091.498,-1.3869989,4,1,false,false,-25.58096,3.0934153,11.116736,-1.6385187,-0.6444451,3
45.113705,0.8968017,43.80386893758377,-87.98988386246103,0,0.5683042,7114.401,-1.3668518,4,1,false,false,-25.516617,3.940758,10.417977,-1.6492971,-0.64318126,3
45.163795,0.8969197,43.80386299761424,-87.98987938908152,0,0.58421075,7113.935,-1.3534186,4,1,false,false,-25.575094,4.336287,10.84871,-1.6599234,-0.62864745,3
45.222824,0.89703774,43.80385705764471,-87.98987491608123,0,0.6017666,7101.46,-1.3573363,4,1,false,false,-26.218538,4.813325,11.930796,-1.6701587,-0.5963952,3
45.28426,0.897156,43.803851027034746,-87.98987044308093,0,0.6182277,7093.06,-1.3718883,4,1,false,false,-27.76495,4.837043,13.058152,-1.6798211,-0.56449604,3
45.337,0.8972746,43.80384499697412,-87.98986621807505,0,0.63250077,7096.189,-1.3867197,4,1,false,false,-28.934072,4.010758,13.2265005,-1.6892047,-0.57124656,3
45.3818,0.89739335,43.803838966913496,-87.98986199344836,0,0.64512414,7118.3667,-1.398473,4,1,false,false,-29.84599,4.224179,13.943557,-1.6991152,-0.61589116,3
45.440353,0.8975122,43.80383284676178,-87.98985789319808,0,0.6511508,7144.6274,-1.3984728,4,1,false,false,-26.787533,4.952723,11.040118,-1.7094991,-0.61325693,3
45.50669,0.8976311,43.80382663651896,-87.98985379256861,0,0.6588265,7151.579,-1.3853207,4,1,false,false,-24.639925,5.182211,9.77902,-1.7194004,-0.57133025,3
45.586212,0.89775074,43.80382042627615,-87.98984981669474,0,0.66212493,7144.362,-1.3727275,4,1,false,false,-24.105124,5.857127,9.937942,-1.7283791,-0.50361794,3
45.66689,0.8978704,43.80381421603334,-87.98984596481809,0,0.6648687,7134.741,-1.3713286,4,1,false,false,-23.100773,5.798528,9.458917,-1.7362221,-0.44057292,3
45.734787,0.8979902,43.80380800579052,-87.98984211256223,0,0.6676122,7140.407,-1.379444,4,1,false,false,-21.921255,4.3161035,8.116435,-1.7432772,-0.42214966,3
45.78398,0.89811015,43.803801705456614,-87.98983826068557,0,0.66980076,7181.7227,-1.3911972,4,1,false,false,-22.521542,3.4625263,9.104456,-1.7505736,-0.46399313,3
45.82727,0.89823,43.80379531503161,-87.98983465756173,0,0.6709105,7249.738,-1.3956751,4,1,false,false,-23.649422,3.645837,10.341963,-1.758863,-0.53072995,3
45.87864,0.8983498,43.803789015247034,-87.98983092968227,0,0.6730992,7302.6484,-1.3872793,4,1,false,false,-23.32146,4.1530857,9.468479,-1.7681146,-0.5740125,3
45.936184,0.8984698,43.803782624822034,-87.98982745055564,0,0.677492,7319.0806,-1.3562164,4,1,false,false,-21.883965,4.469458,8.215637,-1.7778955,-0.5959203,3
46.005543,0.8985898,43.803776234397034,-87.9898238474318,0,0.6813301,7325.6953,-1.3100452,4,1,false,false,-20.270449,5.5157633,7.666664,-1.7878219,-0.58678365,3
46.084164,0.8987097,43.80376975443027,-87.98982049230237,0,0.68462837,7341.0386,-1.2672305,4,1,false,false,-21.035433,5.7380047,8.094673,-1.7973676,-0.5601829,3
46.163307,0.89882976,43.80376327391417,-87.98981713755215,0,0.6857227,7351.762,-1.2356085,4,1,false,false,-22.11988,5.635739,9.153736,-1.8065766,-0.5478755,3
46.239056,0.8989499,43.803756793947414,-87.98981378242273,0,0.68681705,7348.1123,-1.2067866,4,1,false,false,-22.23291,5.5929937,9.710575,-1.8156475,-0.5427948,3
46.30948,0.8990702,43.80375022388956,-87.98981055204891,0,0.6884664,7349.0093,-1.1673301,4,1,false,false,-21.977413,4.988039,8.408224,-1.824726,-0.5494106,3
46.373634,0.8991905,43.80374365328237,-87.98980732129588,0,0.6923044,7377.111,-1.126196,4,1,false,false,-22.795544,5.0215077,9.589367,-1.834018,-0.5674142,3
46.4431,0.8993109,43.80373708322451,-87.98980421491929,0,0.70053506,7420.5693,-1.0789063,4,1,false,false,-24.20048,5.42424,10.527895,-1.8436378,-0.5855771,3
46.510906,0.8994314,43.803730513166656,-87.98980123291908,0,0.71204877,7438.677,-1.0221016,4,1,false,false,-24.245878,5.265838,10.252902,-1.8535925,-0.6093688,3
46.58558,0.8995519,43.803723852468366,-87.98979825053968,0,0.72357786,7433.4604,-0.9622209,4,1,false,false,-22.323374,5.8325768,8.17456,-1.8638223,-0.6114063,3
46.668427,0.8996725,43.80371719231942,-87.9897953929159,0,0.7334577,7435.8896,-0.89926124,4,1,false,false,-22.617065,6.517278,8.920249,-1.8738457,-0.5874911,3
46.752132,0.89979327,43.80371044207937,-87.9897925349129,0,0.74003917,7448.995,-0.83546346,4,1,false,false,-22.618948,6.152926,9.074884,-1.8833958,-0.55766577,3
46.831963,0.8999142,43.80370369183933,-87.98978980128632,0,0.7422279,7460.6,-0.7873356,4,1,false,false,-24.376316,6.135337,10.519832,-1.8925297,-0.53858227,3
46.90344,0.9000352,43.803696941599284,-87.98978719203615,0,0.74497163,7468.871,-0.7288553,4,1,false,false,-22.503769,5.480684,8.5969925,-1.9014078,-0.5291696,3
46.97424,0.90015626,43.80369019135924,-87.98978458278596,0,0.7499193,7500.0435,-0.6608627,4,1,false,false,-22.486385,5.5911374,8.692596,-1.9101837,-0.5233178,3
47.05265,0.90027744,43.8036833510281,-87.989782097533,0,0.76089334,7545.815,-0.5973469,4,1,false,false,-23.011484,5.9540005,10.576529,-1.9187938,-0.51003873,3
47.13996,0.9003989,43.8036765112463,-87.98977961228003,0,0.77461135,7568.3467,-0.5363511,4,1,false,false,-21.544483,6.6037,8.328697,-1.9270321,-0.4739562,3
47.23177,0.9005204,43.80366967091516,-87.98977725178267,0,0.80149204,7564.801,-0.47815302,4,1,false,false,-20.260658,6.772575,7.3512487,-1.9346136,-0.4369551,3
47.327744,0.90064216,43.803662740492925,-87.98977489090612,0,0.839347,7572.458,-0.4389825,4,1,false,false,-21.767765,7.227135,10.013903,-1.941699,-0.41556427,3
47.422222,0.9007641,43.803655810070694,-87.98977265402677,0,0.895313,7599.3613,-0.40820438,4,1,false,false,-22.67211,6.789495,11.00407,-1.9486201,-0.42077184,3
47.50879,0.90088624,43.8036488801978,-87.98977054190303,0,0.9825523,7635.8486,-0.3858208,4,1,false,false,-19.700882,5.836048,6.6238937,-1.9557892,-0.44229224,3
47.5873,0.90100855,43.80364194977557,-87.98976842940009,0,1.0000001,7688.6045,-0.36623493,4,1,false,false,-22.15474,7.103913,11.428757,-1.9636016,-0.48986435,3
47.704536,0.90113115,43.80363492981157,-87.98976644127355,0,1,7729.3037,-0.3480503,4,1,false,false,-24.4756,9.184795,11.561341,-1.9718666,-0.48762867,3
47.843136,0.901254,43.80362790929825,-87.98976445314702,0,1,7684.103,-0.32063037,4,1,false,false,-23.182123,9.158048,11.941361,-1.9793748,-0.41222227,3
47.96994,0.9013772,43.80362088878492,-87.98976258939689,0,1,7599.0845,-0.26523232,4,1,false,false,-23.286127,9.180861,11.685748,-1.9859478,-0.3816205,3
48.109493,0.9015008,43.80361377872983,-87.98976072564676,0,1,7579.0464,-0.20144072,4,1,false,false,-22.349504,9.500436,10.668889,-1.991951,-0.3274222,3
48.21793,0.90162486,43.803606668674746,-87.98975898627305,0,1,7609.0225,-0.14632389,4,1,false,false,-21.785423,5.9408484,12.681246,-1.996944,-0.29068807,3
48.295166,0.90174913,43.803599558070324,-87.98975737089654,0,1,7663.755,-0.12757875,4,1,false,false,-20.573797,6.580038,10.14184,-2.0021,-0.3251433,3
48.402267,0.9018736,43.803592357924146,-87.98975575552004,0,1,7717.754,-0.13877,4,1,false,false,-20.56569,7.264239,11.2165,-2.0074322,-0.3100234,3
48.503075,0.9019986,43.80358515777797,-87.98975426451993,0,1,7727.058,-0.15975365,4,1,false,false,-20.006117,7.1464314,10.600294,-2.012585,-0.3122492,3
48.630295,0.90212387,43.80357795763179,-87.98975277351983,0,1,7722.1924,-0.1885714,4,1,false,false,-18.410799,8.775879,9.434347,-2.0174797,-0.26324323,3
48.74276,0.90224946,43.80357075748561,-87.98975140651694,0,1,7718.16,-0.2115133,4,1,false,false,-18.298615,6.3784885,9.896222,-2.0215068,-0.24034841,3
48.854897,0.9023755,43.80356346724833,-87.98975016389046,0,1,7753.7285,-0.23585512,4,1,false,false,-16.756565,8.866981,7.6488876,-2.0256712,-0.24482691,3
48.981316,0.9025021,43.80355617701106,-87.98974879726676,0,1,7789.6323,-0.25823766,4,1,false,false,-18.02187,6.592865,8.66266,-2.029438,-0.22284478,3
49.05961,0.90262896,43.80354888622445,-87.98974767901669,0,1,7802.1865,-0.2758641,4,1,false,false,-17.909052,6.670666,9.777033,-2.0338218,-0.3052673,3
49.20449,0.90275615,43.80354159598717,-87.9897464363902,0,1,7839.24,-0.28062025,4,1,false,false,-18.484669,9.929511,10.128939,-2.0390735,-0.30359444,3
49.31169,0.9028834,43.80353421620814,-87.98974531814012,0,1,7823.6436,-0.2657926,4,1,false,false,-18.570251,5.653541,12.152108,-2.0442185,-0.33309764,3
49.446377,0.903011,43.80352683587977,-87.98974432388727,0,1,7815.2227,-0.23725401,4,1,false,false,-18.500818,11.073036,9.856802,-2.050052,-0.3376946,3
49.59802,0.903139,43.8035194555514,-87.9897433300136,0,1,7791.179,-0.20228136,4,1,false,false,-18.310135,7.561134,10.649683,-2.0549583,-0.2654732,3
49.706287,0.90326726,43.80351207522303,-87.98974246013714,0,1,7760.8433,-0.1810175,4,1,false,false,-17.850964,8.390333,11.515606,-2.059539,-0.2838901,3
49.85842,0.9033958,43.80350460480357,-87.98974159026068,0,1,7774.1763,-0.17709985,4,1,false,false,-17.691586,8.752004,10.962738,-2.0637991,-0.21821652,3
49.955196,0.9035247,43.80349713438411,-87.98974084476063,0,1,7781.134,-0.18437468,4,1,false,false,-16.585045,5.4480267,13.493383,-2.0673664,-0.23389013,3
50.08125,0.9036538,43.80348966451398,-87.98974009926059,0,1,7823.52,-0.20479897,4,1,false,false,-16.674303,9.530669,10.483361,-2.0714583,-0.23441067,3
50.20222,0.9037834,43.80348210400342,-87.98973935376053,0,1,7839.7456,-0.22214523,4,1,false,false,-15.81621,5.7833195,12.879748,-2.0750055,-0.2099208,3
50.30482,0.9039132,43.80347463358396,-87.9897387326369,0,1,7816.084,-0.24089035,4,1,false,false,-14.85524,8.432599,10.002725,-2.078901,-0.24667285,3
50.446438,0.9040433,43.80346707362274,-87.98973823551046,0,1,7825.002,-0.25488052,4,1,false,false,-14.998136,7.401343,10.126115,-2.0826302,-0.19983503,3
50.53336,0.9041738,43.80345951311218,-87.98973761438681,0,1,7835.706,-0.2613146,4,1,false,false,-14.015988,5.906169,11.672826,-2.0861726,-0.23377573,3
50.660862,0.9043046,43.80345195315096,-87.98973724163679,0,1,7877.16,-0.26663113,4,1,false,false,-14.076408,8.2197895,10.459906,-2.090056,-0.21572562,3
50.75693,0.90443563,43.80344430254931,-87.98973674451035,0,1,7884.276,-0.26131466,4,1,false,false,-13.9731865,4.925376,13.419112,-2.093569,-0.22654963,3
50.867428,0.90456694,43.80343674258809,-87.98973637176033,0,1,7898.6675,-0.25488055,4,1,false,false,-14.135463,8.796674,11.384207,-2.0977168,-0.2533987,3
50.98694,0.90469867,43.80342909198644,-87.9897359990103,0,1,7905.295,-0.23333648,4,1,false,false,-13.215624,5.8718524,12.760981,-2.1016655,-0.22846794,3
51.080475,0.90483063,43.80342144193412,-87.9897357502575,0,1,7911.9023,-0.20731653,4,1,false,false,-12.269503,7.2866764,10.662443,-2.1057153,-0.25219324,3
51.21149,0.90496296,43.8034137918818,-87.98973550188387,0,1,7936.4355,-0.18297577,4,1,false,false,-11.872851,7.2543135,10.717634,-2.1095593,-0.20183115,3
51.29997,0.90509546,43.80340605118906,-87.98973525351025,0,1,7939.387,-0.16450973,4,1,false,false,-10.673671,5.2795553,11.945469,-2.1128252,-0.20278494,3
51.42152,0.9052283,43.80339840113674,-87.98973512913385,0,1,7965.7563,-0.1589141,4,1,false,false,-10.756065,8.25971,10.949015,-2.1161613,-0.1839808,3
51.520805,0.9053615,43.80339066099333,-87.98973500475743,0,1,7975.0977,-0.1563954,4,1,false,false,-10.191841,4.9412785,13.479636,-2.1189995,-0.17266826,3
51.62428,0.9054949,43.80338292084992,-87.98973488076022,0,1,7998.0205,-0.15975362,4,1,false,false,-10.056194,8.139288,10.325014,-2.1220946,-0.1870315,3
51.74408,0.9056286,43.803375180157175,-87.98973488076022,0,1,8015.074,-0.15975365,4,1,false,false,-10.386566,6.0080748,12.687598,-2.1249204,-0.15873119,3
51.83551,0.90576273,43.803367349922674,-87.98973475638383,0,1,8016.655,-0.15891412,4,1,false,false,-9.928828,6.955448,10.933672,-2.1277444,-0.17927095,3
51.965267,0.9058971,43.803359609779264,-87.98973475638383,0,1,8032.5903,-0.16087344,4,1,false,false,-9.84224,7.1957207,11.294587,-2.1304817,-0.14353836,3
52.051632,0.90603167,43.803351779544755,-87.98973488076022,0,1,8034.6353,-0.16590865,4,1,false,false,-9.389065,5.5172997,12.557071,-2.1328712,-0.15458055,3
52.17311,0.9061667,43.80334394931025,-87.98973488076022,0,1,8066.3257,-0.17961857,4,1,false,false,-9.4675665,8.18722,10.963078,-2.1354625,-0.1438175,3
52.26599,0.9063019,43.803336119075745,-87.98973500475743,0,1,8078.738,-0.18941097,4,1,false,false,-9.436261,4.474745,13.1357355,-2.1377766,-0.14856412,3
52.369698,0.9064374,43.80332828884124,-87.98973512913385,0,1,8103.9043,-0.20256047,4,1,false,false,-8.949815,8.22753,9.903774,-2.1405,-0.16568588,3
52.481705,0.90657324,43.80332045860674,-87.98973537750746,0,1,8118.635,-0.21039458,4,1,false,false,-9.22147,5.3747153,12.858398,-2.143101,-0.15506849,3
52.571068,0.9067094,43.80331253828114,-87.98973550188387,0,1,8128.3438,-0.21347259,4,1,false,false,-9.179396,7.412262,10.619793,-2.145991,-0.18681835,3
52.695835,0.9068458,43.80330470804663,-87.9897357502575,0,1,8148.357,-0.21011439,4,1,false,false,-7.666167,6.565287,7.4456406,-2.148913,-0.15743695,3
52.77932,0.9069824,43.80329678772104,-87.9897359990103,0,1,8154.0327,-0.20088246,4,1,false,false,-7.98573,5.828334,11.476779,-2.151551,-0.1671188,3
52.89919,0.9071195,43.80328886739544,-87.98973637176033,0,1,8183.097,-0.19724393,4,1,false,false,-7.596214,7.462863,8.026795,-2.1543067,-0.15467094,3
52.982918,0.90725684,43.80328094706984,-87.98973662013395,0,1,8194.749,-0.1936077,4,1,false,false,-7.0670824,3.6881912,9.882481,-2.1567945,-0.15895078,3
53.07052,0.90739435,43.803272936653144,-87.98973699288398,0,1,8242.784,-0.1888505,4,1,false,false,-7.56237,7.432094,7.2647767,-2.1597369,-0.18550143,3
53.18285,0.9075322,43.80326501632754,-87.989737365634,0,1,8291.126,-0.17458233,4,1,false,false,-8.25363,5.640829,10.493824,-2.162746,-0.17833109,3
53.260296,0.9076703,43.80325700591085,-87.98973773838402,0,1,8299.425,-0.15779436,4,1,false,false,-7.347146,6.485301,6.876309,-2.1659586,-0.20286788,3
53.388123,0.9078087,43.80324899604349,-87.98973823551046,0,1,8308.48,-0.13569309,4,1,false,false,-8.297282,7.15528,9.895578,-2.1691923,-0.18247908,3
53.478336,0.9079474,43.8032409856268,-87.98973860826048,0,1,8300.237,-0.10967314,4,1,false,false,-7.9094377,6.420526,10.212095,-2.1722946,-0.19004695,3
53.605038,0.90808654,43.80323297521011,-87.98973910538692,0,1,8311.241,-0.08029608,4,1,false,false,-9.0184555,7.6041203,14.46941,-2.1753001,-0.16435704,3
53.700615,0.90822583,43.803224964793415,-87.98973960213415,0,1,8310.549,-0.045883767,4,1,false,false,-7.5323386,6.2376227,11.752077,-2.1778698,-0.14685701,3
53.821934,0.9083654,43.803216864834965,-87.98974022363699,0,1,8320.608,-0.011751703,4,1,false,false,-8.055164,8.0532255,12.653811,-2.180042,-0.10615422,3
53.924404,0.90850526,43.80320885441827,-87.98974072076342,0,1,8311.63,0.024899064,4,1,false,false,-5.8284903,5.923864,12.559227,-2.1814017,-0.0634647,3
54.03183,0.90864545,43.80320075391049,-87.98974134188707,0,1,8308.129,0.060149837,4,1,false,false,-5.1225777,6.6862907,12.835276,-2.1821837,-0.030166028,3
54.1214,0.9087858,43.80319265395203,-87.9897419630107,0,1,8322.006,0.09148407,4,1,false,false,-3.5153873,5.1343036,15.925648,-2.182411,-0.0016668583,3
54.217438,0.90892637,43.80318455344425,-87.98974258451355,0,1,8361.751,0.113306716,4,1,false,false,-1.9043387,6.848915,8.352494,-2.1822097,0.023874195,3
54.304916,0.9090672,43.8031764534858,-87.98974320563718,0,1,8399.368,0.119182035,4,1,false,false,0.21817,4.4547653,5.373153,-2.181602,0.050347093,3
54.38511,0.9092083,43.80316826288691,-87.98974382714003,0,1,8437.451,0.14016461,4,1,false,false,0.728899,5.9048247,7.552231,-2.1805966,0.06891366,3
54.463383,0.9093495,43.803160162928464,-87.98974444826368,0,1,8476.627,0.18212919,4,1,false,false,2.4761178,3.2868283,6.364739,-2.1794107,0.08831591,3
54.50588,0.90949094,43.80315197232958,-87.98974506938731,0,1,8545.372,0.24339716,4,1,false,false,4.4529552,3.2617102,10.681882,-2.1775303,0.14163017,3
54.562622,0.9096325,43.80314378228003,-87.98974569089016,0,1,8658.15,0.28983763,4,1,false,false,8.101552,3.8270934,13.198705,-2.174395,0.24289204,3
54.678127,0.90977424,43.80313559168115,-87.98974631201379,0,1,8739.717,0.27808806,4,1,false,false,10.143045,9.282712,14.484207,-2.1694932,0.31379786,3
54.818672,0.9099164,43.803127401631606,-87.98974680914023,0,1,8637.258,0.23472458,4,1,false,false,9.744055,8.829968,14.827639,-2.164053,0.31650537,3
54.972153,0.910059,43.80311921103272,-87.98974730626666,0,1,8432.717,0.17681316,4,1,false,false,10.987488,9.941371,15.012726,-2.1589437,0.2774548,3
55.12359,0.9102019,43.80311093089208,-87.9897478030139,0,1,8312.773,0.11834194,4,1,false,false,10.043768,8.49077,12.157343,-2.155023,0.1813801,3
55.21766,0.9103452,43.80310265075144,-87.98974830014033,0,1,8346.022,0.071061976,4,1,false,false,7.4625144,4.9706454,12.788085,-2.1527016,0.11234036,3
55.29137,0.91048867,43.803094370061466,-87.98974867289036,0,1,8488.065,0.056793746,4,1,false,false,5.860805,4.505357,9.575449,-2.1512086,0.07335648,3
55.34837,0.9106324,43.803086089920825,-87.98974904564038,0,1,8604.769,0.049518995,4,1,false,false,4.2520423,3.4382167,11.239755,-2.1501603,0.06586422,3
55.421745,0.9107762,43.803077809780184,-87.9897494183904,0,1,8649.72,0.04700138,4,1,false,false,3.7390242,5.6800766,6.874901,-2.1490283,0.06961538,3
55.501484,0.91092026,43.803069529639544,-87.98974979114043,0,1,8644.412,0.032733157,4,1,false,false,2.6362066,4.5435243,5.746162,-2.147823,0.07873091,3
55.593723,0.9110645,43.80306115940781,-87.98975016389046,0,1,8661.795,0.01202975,4,1,false,false,2.3576648,7.1066265,2.9740436,-2.1464715,0.076791935,3
55.704353,0.91120905,43.80305278890141,-87.98975041264328,0,1,8693.84,-0.015668213,4,1,false,false,2.5043564,5.8185334,4.168181,-2.1453521,0.061139755,3
55.803635,0.9113539,43.8030445084861,-87.9897507853933,0,1,8696.285,-0.03972879,4,1,false,false,2.8842287,7.1241918,6.8731484,-2.144448,0.04525372,3
55.90824,0.91149896,43.80303613825436,-87.98975115814332,0,1,8679.268,-0.056794837,4,1,false,false,2.230734,6.118827,10.076014,-2.1439247,0.020394647,3
56.00261,0.91164434,43.80302767793154,-87.98975140651694,0,1,8677.058,-0.050360702,4,1,false,false,1.8055503,6.807578,15.246487,-2.1437626,-0.0016698808,3
56.117382,0.91178995,43.803019307699806,-87.98975177926697,0,1,8696.982,-0.030496854,4,1,false,false,1.846025,7.119044,15.149813,-2.1439562,-0.020900786,3
56.22508,0.9119358,43.803010847376974,-87.98975202764058,0,1,8687.808,-0.0061560636,4,1,false,false,1.9363989,7.1069727,12.880439,-2.144314,-0.0221595,3
56.340103,0.912082,43.80300247714524,-87.9897524007698,0,1,8654.271,0.00839237,4,1,false,false,1.3699675,7.3291106,9.500579,-2.1446142,-0.01700995,3
56.44528,0.91222847,43.80299401682241,-87.98975264914343,0,1,8624.153,0.011470401,4,1,false,false,1.1506525,6.2746735,7.0976214,-2.1448588,-0.010045972,3
56.532684,0.9123752,43.80298555649958,-87.98975289751704,0,1,8640.945,0.007833025,4,1,false,false,0.61725026,4.816655,7.1158724,-2.1449983,-0.004909055,3
56.59878,0.91252214,43.802977006085655,-87.98975327026706,0,1,8717.285,0.009231931,4,1,false,false,0.39286476,3.8758588,6.8105927,-2.1450984,-0.002861493,3
56.654312,0.91266924,43.80296854576283,-87.98975351901989,0,1,8822.278,0.017345168,4,1,false,false,0.6241368,3.452036,6.008276,-2.1451273,0.0025118396,3
56.718746,0.91281646,43.80296008544,-87.9897537673935,0,1,8908.896,0.02853644,4,1,false,false,0.66387653,4.6705723,6.66517,-2.1450183,0.011759537,3
56.810856,0.91296387,43.80295153530074,-87.98975401576712,0,1,8935.401,0.03944749,4,1,false,false,0.9205595,6.1008167,4.56989,-2.1447446,0.020379642,3
56.92129,0.91311157,43.80294298488682,-87.98975438851714,0,1,8898.354,0.050637692,4,1,false,false,0.75340956,7.1919785,4.3372083,-2.1443627,0.024608487,3
57.03766,0.91325957,43.80293443474757,-87.98975463726995,0,1,8842.015,0.059870698,4,1,false,false,1.0854119,7.3314743,3.374136,-2.1439667,0.025034558,3
57.14419,0.9134078,43.802925884333646,-87.98975488564358,0,1,8824.65,0.066865236,4,1,false,false,1.7026192,5.925759,4.7299995,-2.1435814,0.027413782,3
57.228626,0.91355634,43.80291733391972,-87.98975513401719,0,1,8864.276,0.0802939,4,1,false,false,2.2184153,4.5186367,5.4616394,-2.143158,0.03170231,3
57.287384,0.913705,43.80290878378047,-87.98975538277,0,1,8943.732,0.09624124,4,1,false,false,3.2499323,3.1853943,10.292842,-2.1425261,0.05327284,3
57.36757,0.91385394,43.80290014355012,-87.98975563114362,0,1,9031.731,0.11330675,4,1,false,false,3.9349146,6.327809,14.632657,-2.1413014,0.088077046,3
57.4814,0.9140031,43.802891503045096,-87.98975587989644,0,1,9034.871,0.11330674,4,1,false,false,4.398541,7.425228,13.338853,-2.1394668,0.11845847,3
57.621956,0.9141526,43.80288295290584,-87.98975612827006,0,1,8924.892,0.09120497,4,1,false,false,4.9079022,8.934607,15.0847645,-2.1374013,0.11313248,3
57.76135,0.91430247,43.8028742225844,-87.98975637664367,0,1,8786.676,0.059590474,4,1,false,false,4.1766224,8.176168,15.721939,-2.1356812,0.085407265,3
57.87853,0.9144527,43.802865582079384,-87.98975650102008,0,1,8736.5,0.039167274,4,1,false,false,3.6227853,6.344026,14.398448,-2.1344857,0.057529338,3
57.96012,0.9146031,43.80285694184903,-87.98975662539648,0,1,8807.299,0.033571653,4,1,false,false,2.7148826,4.6618075,12.0612335,-2.1337042,0.040384296,3
58.02901,0.91475374,43.80284821152759,-87.9897568737701,0,1,8927.981,0.043083787,4,1,false,false,2.2083693,3.9973655,11.478304,-2.1331687,0.030302979,3
58.097153,0.9149045,43.80283948120614,-87.98975699814652,0,1,9000.223,0.05763223,4,1,false,false,2.3479116,4.4576187,10.900118,-2.1326902,0.03414381,3
58.170696,0.9150556,43.8028307508847,-87.98975712214373,0,1,9006.679,0.06798394,4,1,false,false,2.3830888,4.771194,7.8487473,-2.1320288,0.048884828,3
58.25358,0.91520673,43.802822020563255,-87.98975724652013,0,1,9007.521,0.06658503,4,1,false,false,2.4671097,5.662932,7.240365,-2.1310678,0.064850874,3
58.346466,0.9153582,43.80281329024181,-87.98975737089654,0,1,9036.8125,0.051477242,4,1,false,false,2.2023392,6.18743,7.7990637,-2.1299067,0.070174836,3
58.44286,0.9155098,43.80280455992037,-87.98975749489375,0,1,9061.5,0.030494703,4,1,false,false,2.1526692,6.0382433,8.591239,-2.128778,0.063072875,3
58.53813,0.9156618,43.802795739782496,-87.98975761927015,0,1,9055.963,0.008672588,4,1,false,false,2.1218753,6.2688065,10.192045,-2.1278088,0.052476227,3
58.638332,0.915814,43.802787009461056,-87.98975774364656,0,1,9038.072,-0.008673668,4,1,false,false,1.824198,6.39977,10.332235,-2.127051,0.03783617,3
58.736645,0.9159664,43.80277818904852,-87.98975786764377,0,1,9032.121,-0.01790668,4,1,false,false,1.6487103,6.15007,9.771308,-2.1265535,0.02282127,3
58.82739,0.91611916,43.802769368910646,-87.98975799202019,0,1,9046.192,-0.01594735,4,1,false,false,1.3535205,5.7577915,10.386124,-2.1263108,0.008530312,3
58.91069,0.9162721,43.80276054849811,-87.98975799202019,0,1,9073.621,-0.00587585,4,1,false,false,1.2348422,5.193269,9.8805065,-2.1262643,0.0002942507,3
58.99116,0.91642517,43.80275172808557,-87.98975811639659,0,1,9106.172,0.0011186945,4,1,false,false,0.957903,5.0956845,8.4960575,-2.126281,-0.0009736119,3
59.074883,0.9165786,43.802742817856604,-87.9897582403938,0,1,9133.445,0.002517603,4,1,false,false,0.83036935,5.32412,5.8913403,-2.1262922,-0.0003513002,3
59.162525,0.91673213,43.802733997444065,-87.9897582403938,0,1,9147.788,-0.0019593379,4,1,false,false,0.5518034,5.6748123,6.894251,-2.1262941,0.0011918928,3
59.250725,0.916886,43.8027250872151,-87.98975836477021,0,1,9151.494,-0.007274758,4,1,false,false,0.26473707,5.4136357,8.136049,-2.1263096,-0.00037516383,3
59.333523,0.91704,43.80271617698614,-87.98975836477021,0,1,9159.054,-0.005875849,4,1,false,false,0.2813247,4.9379196,7.832986,-2.1263554,-0.002202875,3
59.41372,0.9171942,43.8027072664825,-87.98975848914661,0,1,9187.9375,0,4,1,false,false,0.052874282,5.192669,9.328588,-2.1263955,-0.0024080446,3
59.499825,0.9173487,43.802698356253536,-87.98975848914661,0,1,9222.03,0.010630841,4,1,false,false,0.16767226,5.543233,10.96551,-2.1264286,-0.0010322103,3
59.59012,0.9175034,43.80268944602457,-87.98975861352302,0,1,9229.975,0.017066037,4,1,false,false,0.55506694,5.6738586,9.378417,-2.1263673,0.0068821907,3
59.68364,0.9176583,43.80268053552094,-87.98975873752023,0,1,9213.137,0.016505612,4,1,false,false,0.34877753,6.0114756,10.520707,-2.126173,0.013770144,3
59.780552,0.91781354,43.80267153520088,-87.98975873752023,0,1,9196.662,0.011470403,4,1,false,false,0.472701,6.1338034,11.658636,-2.125908,0.016432617,3
59.872078,0.9179689,43.802662624971916,-87.98975886189663,0,1,9196.734,0.0036362961,4,1,false,false,0.41461378,5.4606895,10.240181,-2.1256278,0.01567804,3
59.957233,0.9181246,43.80265362465186,-87.98975886189663,0,1,9215.259,-0.0011197762,4,1,false,false,0.118257806,5.2424335,9.988508,-2.125392,0.0115592135,3
60.039803,0.9182805,43.8026446243318,-87.98975898627305,0,1,9240.906,0.00027913268,4,1,false,false,0.4006894,5.15414,10.818477,-2.125237,0.007866204,3
60.12026,0.91843665,43.80263562401174,-87.98975898627305,0,1,9261.045,0.0041956445,4,1,false,false,0.33574802,4.9875827,11.768616,-2.125115,0.00674555,3
60.202274,0.91859293,43.80262653360059,-87.98975898627305,0,1,9273.536,0.010350627,4,1,false,false,0.3752293,5.227618,10.811449,-2.1249895,0.007598518,3
60.284626,0.9187494,43.802617533280525,-87.98975911027026,0,1,9283.951,0.012308884,4,1,false,false,0.61949515,5.285065,9.932203,-2.1248124,0.011949971,3
60.276463,0.9189061,43.802608443144045,-87.98975911027026,0,1,9302.331,0.006434113,0,1,false,false,0.4557403,-3.9834719,12.721385,-2.1245825,0.012991162,3
60.233177,0.9190626,43.80259944282398,-87.98975923464667,0,1,8833.573,-0.0022395526,5,1,false,false,0.25114873,2.8901782,12.814199,-2.1244092,0.0077587683,3
60.38364,0.9192192,43.80259044250393,-87.98975923464667,0,1,7785.312,-0.009792362,5,1,false,false,0.22819284,11.206512,10.910426,-2.1242793,0.0065997364,3
60.550934,0.9193764,43.80258135209277,-87.98975923464667,0,1,7496.9775,-0.013149526,5,1,false,false,-0.11666554,8.613606,10.425314,-2.1241841,0.0020648038,3
60.60945,0.9195338,43.80257226168162,-87.98975935902307,0,1,7823.0825,-0.005595633,5,1,false,false,-0.29972854,0.8111456,10.860826,-2.1242013,-0.003920254,3
60.614174,0.91969126,43.80256317154513,-87.98975935902307,0,1,8127.5054,0.0019571744,5,1,false,false,0.08861506,1.340927,10.983986,-2.124277,-0.0036420245,3
60.66853,0.91984874,43.80255408113398,-87.98975935902307,0,1,8089.162,0.0047549917,5,1,false,false,0.4250055,5.0404377,11.720842,-2.1242986,0.0014386465,3
60.767635,0.9200065,43.80254499072283,-87.98975948302028,0,1,7882.227,0.0064341156,5,1,false,false,0.5104985,6.771794,11.470461,-2.124228,0.0062042647,3
60.863987,0.92016447,43.80253581049524,-87.98975948302028,0,1,7821.7393,0.009231932,5,1,false,false,0.41042662,5.261014,9.783751,-2.1240957,0.008466487,3
60.927444,0.9203227,43.802526720084096,-87.98975948302028,0,1,7928.38,0.016785821,5,1,false,false,0.39180684,3.4217846,10.057922,-2.1239386,0.010228018,3
60.97679,0.920481,43.80251753985651,-87.98975960739669,0,1,8025.3086,0.0229408,5,1,false,false,0.6725738,3.4481869,10.181968,-2.123745,0.013749185,3
61.040295,0.92063946,43.80250844944536,-87.98975960739669,0,1,8017.479,0.026017757,5,1,false,false,0.8848287,4.4741144,9.160379,-2.1234744,0.019099997,3
61.11585,0.9207981,43.80249926921778,-87.98975960739669,0,1,7963.498,0.026017755,5,1,false,false,1.0077002,4.9464707,9.079383,-2.1231112,0.024207294,3
61.190193,0.920957,43.8024900889902,-87.98975960739669,0,1,7957.72,0.023780368,5,1,false,false,0.8631177,4.4473314,8.927898,-2.1226957,0.02551611,3
61.254845,0.92111605,43.80248090848795,-87.98975973177309,0,1,7999.3887,0.021821033,5,1,false,false,0.906275,3.8319056,8.371427,-2.122277,0.025314277,3
61.314644,0.92127526,43.80247172826037,-87.98975973177309,0,1,8035.884,0.01930343,5,1,false,false,1.0641404,3.8702312,8.371667,-2.1218538,0.025831947,3
61.37895,0.92143464,43.802462547758125,-87.98975973177309,0,1,8042.0493,0.017624307,5,1,false,false,1.0802088,4.341349,8.648111,-2.121436,0.02469003,3
61.44818,0.9215942,43.802453277439454,-87.98975973177309,0,1,8033.6177,0.017904516,5,1,false,false,1.052407,4.4177046,8.7565775,-2.1210399,0.023005882,3
61.51787,0.92175394,43.80244409721187,-87.98975973177309,0,1,8035.691,0.019303424,5,1,false,false,1.0844339,4.2918324,7.064805,-2.1206634,0.022261254,3
61.585045,0.9219138,43.8024348268932,-87.98975973177309,0,1,8051.4365,0.019583639,5,1,false,false,1.0830839,4.1888785,7.8355937,-2.1203063,0.021293895,3
61.650185,0.9220739,43.80242564666562,-87.98975973177309,0,1,8067.0776,0.01958364,5,1,false,false,1.2856323,4.1745377,8.753315,-2.1199677,0.020448817,3
61.71363,0.9222342,43.80241637634694,-87.98975973177309,0,1,8076.3926,0.019023215,5,1,false,false,1.1856899,3.945377,6.810476,-2.1196337,0.020204192,3
61.777405,0.9223946,43.80240710602827,-87.98975973177309,0,1,8088.412,0.018744083,5,1,false,false,1.065841,4.097491,7.777918,-2.1193154,0.018855495,3
61.843964,0.92255515,43.8023978357096,-87.98975973177309,0,1,8103.1616,0.020702338,5,1,false,false,1.1955627,4.27554,6.9863486,-2.1190128,0.018648088,3
61.90727,0.92271584,43.80238856511625,-87.98975973177309,0,1,8112.441,0.0215419,5,1,false,false,1.1701123,4.3045154,4.882304,-2.118701,0.018067902,3
61.973045,0.92287683,43.80237929479758,-87.98975973177309,0,1,8122.743,0.022940803,5,1,false,false,1.0603936,4.125078,13.917908,-2.1183941,0.019978907,3
62.040813,0.9230379,43.80236993466248,-87.98975960739669,0,1,8129.5215,0.030773828,5,1,false,false,1.3628733,3.9974775,9.237086,-2.1180577,0.021872884,3
62.106102,0.92319924,43.8023606643438,-87.98975960739669,0,1,8127.9644,0.029374922,5,1,false,false,1.5253654,1.6615,7.7737126,-2.117604,0.032952126,3
62.190495,0.92336065,43.80235130393404,-87.98975960739669,0,1,8135.7695,0.023500156,5,1,false,false,1.3395706,5.2335014,10.907069,-2.117063,0.0276055,3
62.25831,0.92352235,43.80234203361536,-87.98975948302028,0,1,8116.2627,0.014826481,5,1,false,false,1.4254981,4.63238,8.7560425,-2.1166244,0.024738878,3
62.328068,0.9236842,43.80233267320559,-87.98975948302028,0,1,8105.4883,0.0022373863,5,1,false,false,1.0365468,4.1453533,10.922198,-2.1162639,0.019158326,3
62.38908,0.92384624,43.80232331279583,-87.98975948302028,0,1,8127.4106,-0.0036384612,5,1,false,false,0.48583412,3.6266954,10.237255,-2.1160269,0.010801276,3
62.444687,0.92400837,43.802313952660725,-87.98975935902307,0,1,8166.901,-0.0025186848,5,1,false,false,0.46472675,3.3374906,8.68772,-2.1159148,0.0046164803,3
62.503834,0.9241707,43.802304592250955,-87.98975935902307,0,1,8196.117,0.0016780416,5,1,false,false,0.52329665,4.3087807,10.105843,-2.1158555,0.00303836,3
62.57074,0.92433316,43.802295231841185,-87.98975923464667,0,1,8193.648,0.0050352057,5,1,false,false,0.40642932,4.3269296,9.738344,-2.1158016,0.0034554363,3
62.640236,0.92449576,43.80228578161499,-87.98975923464667,0,1,8176.514,0.004475859,5,1,false,false,0.32764846,4.3276253,9.358333,-2.1157217,0.0054198904,3
62.709415,0.92465866,43.80227642120523,-87.98975911027026,0,1,8177.2017,-3.4924597e-10,5,1,false,false,0.08683635,4.1591053,7.872153,-2.11562,0.005939456,3
62.774136,0.92482173,43.80226697097903,-87.98975911027026,0,1,8195.361,-0.009513227,5,1,false,false,0.04192789,4.0591626,9.506073,-2.1155336,0.0039976286,3
62.83614,0.9249849,43.802257610569264,-87.98975898627305,0,1,8212.327,-0.019025378,5,1,false,false,0.021486074,3.9811115,11.260822,-2.1155012,-9.199251e-05,3
62.896927,0.9251482,43.80224816034307,-87.98975898627305,0,1,8220.914,-0.02657927,5,1,false,false,-0.21687885,3.908441,10.603034,-2.1155581,-0.0073862113,3
62.960514,0.9253117,43.80223870984221,-87.98975886189663,0,1,8229.657,-0.024340795,5,1,false,false,-0.44477034,4.118739,9.271033,-2.11575,-0.015773064,3
63.027603,0.9254754,43.80222925961601,-87.98975873752023,0,1,8236.663,-0.013149524,5,1,false,false,-0.30521914,4.425525,10.569651,-2.1160438,-0.018631613,3
63.09544,0.9256392,43.802219809115144,-87.98975873752023,0,1,8233.387,-0.0011197743,5,1,false,false,-0.100234546,4.215787,10.627781,-2.1163251,-0.01455362,3
63.160164,0.92580324,43.80221035888895,-87.98975861352302,0,1,8231.286,0.0078330245,5,1,false,false,-0.040736303,4.0239334,9.740945,-2.116522,-0.008814597,3
63.223633,0.9259674,43.80220081857166,-87.98975861352302,0,1,8243.606,0.017624304,5,1,false,false,0.11567168,3.9001002,10.740093,-2.1166198,-0.002137706,3
63.28466,0.9261317,43.80219136834547,-87.98975848914661,0,1,8261.838,0.022101246,5,1,false,false,0.18373692,3.850269,10.077108,-2.116588,0.0059993435,3
63.34537,0.9262962,43.80218182802818,-87.98975848914661,0,1,8273.781,0.021262763,5,1,false,false,0.1743713,3.8664925,8.96582,-2.1164382,0.011432408,3
63.407707,0.92646086,43.80217237752731,-87.98975836477021,0,1,8280.475,0.023219937,5,1,false,false,0.18394029,4.05633,10.581474,-2.1162314,0.013483552,3
63.469997,0.9266256,43.80216283721003,-87.98975836477021,0,1,8286.97,0.026857315,5,1,false,false,0.6302421,3.9788175,11.007435,-2.1159847,0.016642962,3
63.530384,0.9267906,43.80215329689274,-87.9897582403938,0,1,8298.463,0.029374916,5,1,false,false,0.7879734,3.9058285,8.53148,-2.1156654,0.020731414,3
63.5934,0.92695564,43.80214375657545,-87.9897582403938,0,1,8312.0625,0.029935345,5,1,false,false,0.8124861,4.0714564,9.649678,-2.1152947,0.022952428,3
63.659622,0.9271209,43.80213421625816,-87.98975811639659,0,1,8315.0625,0.026578184,5,1,false,false,0.91099524,4.089156,12.026094,-2.1148882,0.025163932,3
63.72164,0.9272864,43.802124675940874,-87.98975799202019,0,1,8310.581,0.020982549,5,1,false,false,0.9053227,3.9071302,10.605289,-2.1144464,0.026163021,3
63.78334,0.92745197,43.80211513562358,-87.98975799202019,0,1,8320.231,0.01342758,5,1,false,false,1.0965133,4.2135215,11.405009,-2.1139996,0.024816172,3
63.849422,0.9276178,43.802105595306294,-87.98975786764377,0,1,8333.027,0.0055945534,5,1,false,false,0.9410773,4.0812955,13.20513,-2.1136198,0.018113846,3
63.91384,0.92778367,43.80209596489791,-87.98975774364656,0,1,8328.705,0.0072736773,5,1,false,false,0.6661092,3.991724,13.096204,-2.1133864,0.00947264,3
63.976177,0.9279497,43.80208642458062,-87.98975761927015,0,1,8324.272,0.016225394,5,1,false,false,0.9402425,3.956068,13.652984,-2.1132364,0.008157147,3
64.03746,0.928116,43.80207679417224,-87.98975749489375,0,1,8337.446,0.026857313,5,1,false,false,1.1062495,3.962304,12.818688,-2.1130483,0.012518162,3
64.09742,0.9282824,43.80206716376385,-87.98975749489375,0,1,8354.728,0.038328804,5,1,false,false,1.1694587,4.038181,12.340198,-2.11278,0.018165048,3
64.15903,0.9284489,43.802057533355466,-87.98975737089654,0,1,8359.241,0.044482704,5,1,false,false,1.3674824,4.008014,12.26827,-2.112409,0.025711698,3
64.21861,0.92861557,43.802047903221755,-87.98975724652013,0,1,8358.531,0.040846407,5,1,false,false,1.2966926,3.9482362,12.602472,-2.111913,0.03342111,3
64.27642,0.92878246,43.80203827281337,-87.98975712214373,0,1,8369.726,0.031334262,5,1,false,false,1.085452,3.7260804,10.861548,-2.1113188,0.0361903,3
64.33301,0.9289494,43.802028642404984,-87.98975699814652,0,1,8391.238,0.01482648,5,1,false,false,0.9010841,3.7207103,10.7081375,-2.110703,0.03459423,3
64.39304,0.9291166,43.802019011996606,-87.9897568737701,0,1,8404.438,-0.0041967276,5,1,false,false,0.5183536,3.8791854,10.644145,-2.1101758,0.025614247,3
64.4528,0.9292839,43.80200938186289,-87.98975674939369,0,1,8401.622,-0.021263845,5,1,false,false,0.31372976,4.0475183,10.737422,-2.1098573,0.011601263,3
64.51429,0.9294513,43.80199966136341,-87.98975650102008,0,1,8400.422,-0.033013385,5,1,false,false,-0.051494777,3.967505,10.071715,-2.1097832,-0.002681922,3
64.573074,0.92961895,43.801990030955025,-87.98975637664367,0,1,8410.672,-0.033852935,5,1,false,false,-0.44656584,3.7919874,11.237468,-2.10994,-0.014775555,3
64.628365,0.9297867,43.801980310730215,-87.98975625264646,0,1,8428.39,-0.028817743,5,1,false,false,-0.5527154,3.552597,11.964966,-2.1102579,-0.02224463,3
64.68238,0.9299545,43.801970590505405,-87.98975612827006,0,1,8446.865,-0.02294189,5,1,false,false,-0.7372146,3.8033323,11.172892,-2.1106575,-0.025704302,3
64.74163,0.93012255,43.80196087000593,-87.98975600389365,0,1,8456.452,-0.014828652,5,1,false,false,-0.5850074,4.063702,10.808549,-2.1110585,-0.022815607,3
64.80388,0.93029076,43.80195123959754,-87.98975587989644,0,1,8451.982,-0.011751697,5,1,false,false,-0.6690464,4.1677423,11.169232,-2.1113782,-0.01695608,3
64.86546,0.9304591,43.80194151937274,-87.98975575552004,0,1,8445.643,-0.012031912,5,1,false,false,-0.8879672,3.9714684,10.279807,-2.1116304,-0.0144528765,3
64.92328,0.9306276,43.80193170905683,-87.98975563114362,0,1,8453.122,-0.013429741,5,1,false,false,-0.79348016,3.8916025,10.729368,-2.1118608,-0.01350004,3
64.97918,0.93079615,43.80192198855735,-87.98975550714641,0,1,8471.092,-0.015947346,5,1,false,false,-0.78958225,3.524447,10.705924,-2.1120715,-0.012555186,3
65.03409,0.9309649,43.80191226833254,-87.98975538277,0,1,8483.903,-0.012311045,5,1,false,false,-0.95641,3.375285,10.480907,-2.1122882,-0.01424241,3
65.09082,0.9311338,43.80190254810773,-87.9897552583936,0,1,8488.948,-0.0011197752,5,1,false,false,-0.62396145,3.5928655,10.48514,-2.1125245,-0.013767199,3
65.14716,0.93130285,43.801892737517164,-87.98975513401719,0,1,8493.701,0.011749535,5,1,false,false,-0.26839274,3.695956,13.4781885,-2.1127048,-0.00834007,3
65.20509,0.93147206,43.801882927201255,-87.98975501001998,0,1,8501.67,0.027696878,5,1,false,false,0.0011331141,3.9315777,13.588345,-2.1127546,0.0008325015,3
65.262474,0.93164134,43.801873206976445,-87.98975488564358,0,1,8507.449,0.042804662,5,1,false,false,0.73414713,4.007778,13.272189,-2.1126018,0.015672142,3
65.32198,0.93181086,43.80186339666054,-87.98975476126716,0,1,8509.718,0.043923363,5,1,false,false,1.02744,4.0987535,14.286554,-2.1121883,0.030374762,3
65.380196,0.9319804,43.80185358634464,-87.98975463726995,0,1,8509.359,0.036649674,5,1,false,false,1.0146146,3.9581583,13.721388,-2.111597,0.036695126,3
65.43631,0.9321502,43.801843775754065,-87.98975451289355,0,1,8512.982,0.025179278,5,1,false,false,1.0491445,3.6299617,14.247067,-2.1109593,0.035918143,3
65.491776,0.93232,43.80183396543816,-87.98975438851714,0,1,8522.27,0.011190189,5,1,false,false,0.86158407,3.4885564,12.384327,-2.110378,0.029447127,3
65.54689,0.9324901,43.80182415512226,-87.98975426451993,0,1,8530.406,0.0025176008,5,1,false,false,0.3546072,3.432106,12.997186,-2.109953,0.01853882,3
65.60228,0.93266034,43.80181434480635,-87.98975401576712,0,1,8534.146,0.0025176029,5,1,false,false,0.45359215,3.717922,14.864908,-2.1097045,0.0100495685,3
65.65605,0.93283063,43.80180453449045,-87.98975389176991,0,1,8539.179,0.0036362978,5,1,false,false,0.47453827,3.8137212,14.490665,-2.1095505,0.0063803038,3
65.70983,0.9330011,43.80179463408345,-87.9897537673935,0,1,8550.74,0.004754991,5,1,false,false,0.34922966,3.8191488,13.825591,-2.1094453,0.0043854103,3
65.76344,0.9331717,43.80178482376755,-87.9897536430171,0,1,8562.249,0.0039165104,5,1,false,false,0.17879793,3.887444,13.824904,-2.1093633,0.0037016056,3
65.815895,0.93334246,43.80177492336055,-87.98975339464347,0,1,8568.9375,-0.00056042895,5,1,false,false,-0.025569007,3.8641279,11.796463,-2.1092885,0.004017607,3
65.86771,0.93351334,43.80176502295355,-87.98975327026706,0,1,8573.31,-0.01035279,5,1,false,false,0.28651074,3.3692498,21.58251,-2.1091967,0.0044343644,3
65.91926,0.93368435,43.801755212637644,-87.98975314626985,0,1,8583.793,-0.020424284,5,1,false,false,-0.16092572,3.798295,16.09193,-2.109117,-0.0026206407,3
65.969734,0.9338555,43.80174531250532,-87.98975302189345,0,1,8586.362,-0.017346248,5,1,false,false,-0.88966084,3.6006958,13.197837,-2.1092327,-0.017841958,3
66.03655,0.9340267,43.80173541209832,-87.98975277351983,0,1,8573.035,-0.006436277,5,1,false,false,-0.27538776,3.0220835,17.566452,-2.1095183,-0.015286375,3
66.085815,0.93419814,43.80172551169132,-87.98975264914343,0,1,8563.432,-0.0011197762,5,1,false,false,-0.5075789,3.952685,15.88363,-2.1097214,-0.010935249,3
66.13468,0.9343696,43.80171561128432,-87.98975252476701,0,1,8590.634,0.0039165122,5,1,false,false,-0.55360585,3.512856,15.601974,-2.109855,-0.0066243554,3
66.18066,0.9345413,43.80170571087732,-87.9897524007698,0,1,8623.36,0.0030769496,5,1,false,false,-0.35202006,3.540196,15.824976,-2.1099017,-0.00094381056,3
66.22969,0.93471295,43.801695810744995,-87.98975215201699,0,1,8630.723,-0.006156065,5,1,false,false,-0.47534576,3.8156867,15.882295,-2.1098735,0.0014570005,3
66.28238,0.9348848,43.8016858202469,-87.98975202764058,0,1,8619.133,-0.017346252,5,1,false,false,-0.7224487,3.8235657,12.792452,-2.109869,-0.0034932701,3
66.33389,0.9350568,43.8016759198399,-87.98975190364337,0,1,8616.8125,-0.025180358,5,1,false,false,-1.0013056,3.5744343,14.129327,-2.1099682,-0.010662862,3
66.38309,0.93522894,43.8016660194329,-87.98975177926697,0,1,8631.774,-0.02378145,5,1,false,false,-1.0726312,3.5390182,14.871287,-2.1101892,-0.017288303,3
66.42952,0.93540114,43.801656029209475,-87.98975165489055,0,1,8648.518,-0.016227555,5,1,false,false,-0.75947577,3.3563316,14.750202,-2.1104944,-0.019863406,3
66.47895,0.9355734,43.80164612880248,-87.98975140651694,0,1,8656.688,-0.0039175935,5,1,false,false,-0.7710533,3.6833942,14.434697,-2.1107984,-0.017809704,3
66.529625,0.93574584,43.801636138579056,-87.98975128214053,0,1,8654.409,0.013148444,5,1,false,false,-0.24125831,3.7161207,15.460107,-2.1110175,-0.009138865,3
66.58009,0.93591845,43.80162614808096,-87.98975115814332,0,1,8653.718,0.02098255,5,1,false,false,0.30799854,3.7690792,15.632276,-2.111032,0.0050456156,3
66.62836,0.9360911,43.80161615785754,-87.98975103376691,0,1,8661.003,0.020142984,5,1,false,false,0.3847298,3.4707482,15.109863,-2.1108422,0.014679191,3
66.675964,0.93626386,43.80160625745054,-87.98975090939051,0,1,8672.587,0.014547352,5,1,false,false,0.3189962,3.6061416,17.412731,-2.110552,0.017146999,3
66.7229,0.9364368,43.80159626722711,-87.9897507853933,0,1,8679.599,0.0055945525,5,1,false,false,0.623178,3.8023086,18.159136,-2.1102428,0.016854981,3
66.7704,0.93660975,43.80158627672902,-87.98975053664049,0,1,8682.14,-0.0036384615,5,1,false,false,0.1237745,3.7193394,13.611903,-2.1099946,0.009549276,3
66.819626,0.9367829,43.80157628650559,-87.98975041264328,0,1,8682.958,-0.0013989087,5,1,false,false,0.44084543,3.9029465,16.74778,-2.1098974,0.0016091624,3
66.86744,0.9369561,43.8015662960075,-87.98975028826686,0,1,8688.808,0.0050352067,5,1,false,false,0.55220056,3.6132355,15.675312,-2.1098642,0.0009847508,3
66.90594,0.93712944,43.80155621569298,-87.98975016389046,0,1,8704.552,0.017624304,5,1,false,false,0.50429165,3.3984585,17.167032,-2.1098223,0.0028370575,3
66.95145,0.93730277,43.80154622519489,-87.98974991551684,0,1,8722.908,0.03385186,5,1,false,false,0.928677,3.3859704,17.211487,-2.1096947,0.011468152,3
66.99771,0.9374763,43.801536234971465,-87.98974979114043,0,1,8724.564,0.04000684,5,1,false,false,1.4734573,3.6315305,16.847326,-2.1093345,0.027006134,3
67.04763,0.93764997,43.80152615465695,-87.98974966714322,0,1,8715.299,0.038887065,5,1,false,false,1.1800725,3.8221786,16.910414,-2.1087651,0.034970086,3
67.096924,0.9378236,43.801516164158855,-87.9897494183904,0,1,8707.599,0.03329144,5,1,false,false,1.2945739,3.9824915,17.750538,-2.1081386,0.035759088,3
67.14175,0.93799746,43.80150608384434,-87.98974929439319,0,1,8711.838,0.01902321,5,1,false,false,1.5059146,3.1541734,16.249043,-2.1075213,0.03431996,3
67.183205,0.9381713,43.80149609362091,-87.98974904564038,0,1,8730.317,0.0036362952,5,1,false,false,1.2798728,3.4645832,18.214096,-2.1069813,0.026207635,3
67.224045,0.9383454,43.80148601330639,-87.98974892126397,0,1,8746.911,-0.0016791235,5,1,false,false,0.965258,3.3749998,17.555887,-2.1066263,0.013035593,3
67.26717,0.9385194,43.801476022808295,-87.98974867289036,0,1,8749.714,0.0039165122,5,1,false,false,0.96651506,3.4823818,15.328647,-2.1064556,0.005320761,3
67.31336,0.9386936,43.80146594249378,-87.98974854851394,0,1,8743.279,0.019863855,5,1,false,false,1.039882,3.7357254,19.084003,-2.106355,0.005402717,3
67.35826,0.93886787,43.80145586217926,-87.98974830014033,0,1,8740.978,0.038607936,5,1,false,false,1.3991293,3.6036248,18.40723,-2.1061597,0.015833097,3
67.39778,0.93904227,43.80144578186474,-87.98974805176671,0,1,8754.493,0.048679426,5,1,false,false,1.5620637,3.5722697,17.286415,-2.1057267,0.030997766,3
67.439445,0.93921673,43.80143570127555,-87.98974792739031,0,1,8770.171,0.04728052,5,1,false,false,2.0941863,3.6372774,17.79561,-2.1050553,0.04361822,3
67.48162,0.93939126,43.801425711052126,-87.98974767901669,0,1,8770.929,0.032452956,5,1,false,false,1.8643484,3.6495628,14.6957035,-2.104259,0.04577428,3
67.52331,0.93956596,43.80141563073761,-87.98974743026388,0,1,8764.285,0.012589093,5,1,false,false,1.636572,3.656752,15.195551,-2.1035438,0.036524788,3
67.56454,0.93974066,43.80140555042309,-87.98974718189025,0,1,8769.439,-0.0044769407,5,1,false,false,1.2789183,3.2925873,15.213786,-2.1030285,0.023191296,3
67.599625,0.9399155,43.8013954698339,-87.98974693351664,0,1,8791.292,-0.003917594,5,1,false,false,0.5269101,3.5605454,16.747087,-2.102761,0.007564258,3
67.63452,0.94009036,43.80138529970296,-87.98974668476383,0,1,8811.731,0.013148444,5,1,false,false,0.904534,3.2884817,12.000853,-2.1026816,0.0042569255,3
67.67489,0.9402653,43.80137521911377,-87.9897464363902,0,1,8818.342,0.02517928,5,1,false,false,1.1237994,3.8466992,15.673133,-2.1025307,0.012006377,3
67.71865,0.9404403,43.80136513879925,-87.98974618801658,0,1,8810.907,0.031334255,5,1,false,false,1.2390728,3.8324118,13.651973,-2.102246,0.019823913,3
67.75748,0.94061553,43.80135505848473,-87.98974593926377,0,1,8807.944,0.031054044,5,1,false,false,1.8114477,3.5902302,13.958287,-2.101819,0.028773595,3
67.79795,0.9407907,43.801344888079115,-87.98974569089016,0,1,8821.144,0.0240595,5,1,false,false,1.4896171,3.318832,13.365261,-2.1012788,0.03116289,3
67.83612,0.940966,43.8013348077646,-87.98974531814012,0,1,8830.052,0.01342758,5,1,false,false,1.3475139,3.3691614,14.11695,-2.1007738,0.026969185,3
67.87682,0.94114137,43.80132472745008,-87.98974506938731,0,1,8829.915,0.00083847856,5,1,false,false,1.0577488,3.3827572,14.628261,-2.1003606,0.019863341,3
67.916504,0.94131684,43.80131455704446,-87.9897448210137,0,1,8829.41,-0.0041967263,5,1,false,false,0.370131,3.6832309,16.273453,-2.100093,0.009719348,3
67.95602,0.94149244,43.801304476729946,-87.98974457264008,0,1,8835.885,-0.0002802146,5,1,false,false,0.26518986,3.688065,15.546198,-2.0999753,0.002754734,3
67.994484,0.94166803,43.80129430632433,-87.98974419989005,0,1,8843.182,0.00055826525,5,1,false,false,0.4278419,3.6510992,13.9345255,-2.0999205,0.002455243,3
68.0334,0.9418437,43.80128413591872,-87.98974395113724,0,1,8845.867,-0.00084064354,5,1,false,false,0.32764763,3.5614107,14.73084,-2.0998576,0.0032978787,3
68.071495,0.94201946,43.8012740556042,-87.98974370276362,0,1,8846.161,-0.0027978178,5,1,false,false,0.14891826,3.371941,13.932331,-2.0998003,0.0021494997,3
68.10657,0.94219536,43.80126388519859,-87.9897433300136,0,1,8855.035,-0.006994544,5,1,false,false,0.033529773,3.2377043,13.397986,-2.0997686,0.00024264398,3
68.14204,0.9423713,43.80125371479297,-87.98974308163997,0,1,8870.932,-0.010633005,5,1,false,false,-0.2146554,3.3725438,14.205826,-2.0997815,-0.0032901822,3
68.17961,0.94254726,43.80124363447845,-87.98974283288716,0,1,8876.94,-0.0089538805,5,1,false,false,-0.34297243,3.5892556,13.962788,-2.0998528,-0.006017184,3
68.218315,0.94272333,43.80123346407284,-87.98974246013714,0,1,8871.24,-0.0025186841,5,1,false,false,-0.27029017,3.6544874,13.568776,-2.0999444,-0.0050266883,3
68.25673,0.9428995,43.801223293941895,-87.98974221176353,0,1,8869.394,0.0027967354,5,1,false,false,-0.11644437,3.5171287,12.230538,-2.0999975,-0.0017180241,3
68.2919,0.9430758,43.80121312353628,-87.9897419630107,0,1,8879.889,0.005035206,5,1,false,false,0.04185109,3.272788,9.622259,-2.099987,0.0021612723,3
68.32698,0.9432521,43.80120295313067,-87.98974159026068,0,1,8896.088,0.0036362968,5,1,false,false,-0.0807513,3.1575108,4.209084,-2.0999298,0.004799264,3
68.35799,0.94342846,43.80119278272505,-87.98974134188707,0,1,8906.406,-0.00056042924,5,1,false,false,0.43366173,3.2120862,4.4747577,-2.0998342,0.0075378576,3
68.38706,0.94360507,43.80118261231944,-87.98974096913703,0,1,8918.38,-0.008953882,5,1,false,false,-0.064071715,2.0833373,7.784594,-2.0997403,0.004384774,3
68.42842,0.9437816,43.8011723520974,-87.98974072076342,0,1,8955.227,-0.005875851,5,1,false,false,-0.08355205,7.888685,17.73948,-2.0997217,0.0019767454,3
68.44068,0.9439583,43.80116218169179,-87.98974047201061,0,1,8947.146,-0.0030780318,5,1,false,false,0.22784117,1.6790644,20.06996,-2.0996776,-0.000161756,3
68.48866,0.94413495,43.80115201128617,-87.98974009926059,0,1,8957.679,0.003636297,5,1,false,false,0.2999,5.083405,16.499939,-2.099645,0.0009155938,3
68.53781,0.9443117,43.80114184088056,-87.98973985088696,0,1,8929.553,0.024339713,5,1,false,false,0.5395575,4.538305,13.050496,-2.0995953,0.0031911104,3
68.5958,0.94448864,43.80113158065852,-87.98973947813694,0,1,8864.418,0.037488163,5,1,false,false,0.9524964,4.698044,8.924727,-2.0995114,0.0059199464,3
68.636444,0.9446657,43.801121410252904,-87.98973922938413,0,1,8840.83,0.044482693,5,1,false,false,1.0039854,2.6917787,9.99247,-2.0994022,0.010637134,3
68.65213,0.94484276,43.801111149756196,-87.9897388566341,0,1,8905.181,0.05287616,5,1,false,false,1.3228045,1.570319,9.259809,-2.0991356,0.024977973,3
68.64915,0.94501984,43.801100979625254,-87.98973860826048,0,1,9002.065,0.05455419,5,1,false,false,1.6316916,0.8479264,10.171801,-2.0985866,0.042587485,3
68.65748,0.9451969,43.801090719128545,-87.98973823551046,0,1,9064.387,0.04196509,5,1,false,false,1.7897298,2.9494278,7.483398,-2.0977087,0.059663456,3
68.6903,0.9453741,43.80108054872293,-87.98973798713683,0,1,9055.41,0.02098255,5,1,false,false,1.6015543,3.8799438,5.1382065,-2.0966473,0.061921142,3
68.74478,0.9455514,43.80107028850089,-87.98973761438681,0,1,9002.445,0.0002791318,5,1,false,false,1.4780735,4.6121244,6.0672426,-2.095705,0.046944197,3
68.79649,0.9457288,43.80106002800418,-87.98973724163679,0,1,8955.714,-0.0075549725,5,1,false,false,1.4678847,4.1388593,6.284093,-2.0950942,0.026057757,3
68.839485,0.9459064,43.801049767782146,-87.98973699288398,0,1,8952.607,-0.0089538805,5,1,false,false,1.7028621,3.4604316,9.607978,-2.094789,0.011780599,3
68.87383,0.946084,43.80103950728544,-87.98973662013395,0,1,8978.186,-0.011751699,5,1,false,false,1.2685801,2.9901304,10.429548,-2.0946836,0.0013206324,3
68.90381,0.94626176,43.80102933687982,-87.98973624738392,0,1,8996.431,-0.0019593379,5,1,false,false,1.0873686,3.09794,10.747879,-2.0947335,-0.0052496144,3
68.935555,0.94643956,43.80101907665778,-87.9897358746339,0,1,8999.799,0.012589098,5,1,false,false,1.1516305,3.3762438,9.3326,-2.0948117,-0.00247898,3
68.96678,0.9466175,43.80100872634465,-87.98973550188387,0,1,9001.149,0.020702332,5,1,false,false,0.8997522,3.1551032,8.466713,-2.0947917,0.004926347,3
68.998146,0.94679546,43.80099846584794,-87.98973512913385,0,1,9011.433,0.025738627,5,1,false,false,1.094076,2.9249597,6.626973,-2.094646,0.012910558,3
69.0279,0.9469735,43.80098820535123,-87.98973475638383,0,1,9026.884,0.023500152,5,1,false,false,1.0929067,2.9710524,5.757759,-2.0943487,0.021165222,3
69.06449,0.9471517,43.80097794512919,-87.9897343836338,0,1,9033.805,0.017904516,5,1,false,false,0.9734625,3.4878,8.06362,-2.0939808,0.02146528,3
69.102005,0.94732994,43.80096768463248,-87.98973401088377,0,1,9023.041,0.012308883,5,1,false,false,1.0550599,3.6173015,7.899357,-2.093636,0.019627335,3
69.138374,0.94750834,43.80095733431935,-87.98973363813374,0,1,9013.888,0.010350624,5,1,false,false,0.8984163,3.261766,9.073802,-2.0933492,0.0153266955,3
69.17139,0.9476868,43.80094707409731,-87.98973326538372,0,1,9024.694,0.02042212,5,1,false,false,0.8664218,3.182254,8.907257,-2.0931156,0.013701908,3
69.20145,0.94786537,43.800936723784176,-87.9897328926337,0,1,9044.126,0.03273317,5,1,false,false,1.2338014,2.9737604,6.991251,-2.0928693,0.017081682,3
69.2342,0.948044,43.80092646328747,-87.98973239550726,0,1,9053.751,0.036369458,5,1,false,false,1.3640878,3.1489313,7.4797854,-2.0925202,0.024157465,3
69.2663,0.94822276,43.800916112974335,-87.98973202275724,0,1,9047.665,0.03525076,5,1,false,false,1.3400905,2.5962484,4.238794,-2.0920837,0.028687336,3
69.29827,0.9484016,43.80090585247763,-87.98973165000722,0,1,9049.891,0.027416661,5,1,false,false,1.5136722,3.0537972,5.4077654,-2.0915494,0.03467993,3
69.331055,0.9485805,43.800895502164494,-87.98973127725719,0,1,9066.9,0.0114704035,5,1,false,false,1.068967,3.0753202,5.6046634,-2.0909824,0.0315723,3
69.359505,0.94875956,43.800885151851354,-87.98973078013076,0,1,9078.84,0.0005582655,5,1,false,false,1.0372739,3.1456702,5.897217,-2.090518,0.024588026,3
69.39194,0.9489387,43.80087480153822,-87.98973040738073,0,1,9085.733,-0.008953881,5,1,false,false,0.67803663,3.1747022,3.2976863,-2.0901768,0.016348865,3
69.42339,0.94911796,43.80086445095042,-87.9897299102543,0,1,9090.742,-0.014548433,5,1,false,false,0.6443174,3.1091406,4.0643806,-2.0899699,0.009073731,3
69.4523,0.9492973,43.80085410063729,-87.98972953750427,0,1,9099.481,-0.017906683,5,1,false,false,0.69164,2.510415,6.0211525,-2.0898712,0.0031781588,3
69.47527,0.9494767,43.800843750324155,-87.98972904075704,0,1,9117.471,-0.017067116,5,1,false,false,0.60667455,2.2931828,5.34587,-2.0898793,-0.0029768078,3
69.50962,0.94965625,43.800833400011015,-87.98972866800702,0,1,9141.47,-0.006436279,5,1,false,false,0.73949033,3.5886953,5.69047,-2.0899906,-0.008237265,3
69.55521,0.94983596,43.80082304969788,-87.98972829525698,0,1,9129.311,0.01063084,5,1,false,false,0.6481507,3.530376,7.0677385,-2.0901504,-0.008788981,3
69.59907,0.9500157,43.80081269911008,-87.98972779813056,0,1,9085.72,0.03077383,5,1,false,false,0.749567,3.5254865,8.273549,-2.0902421,-0.0007399797,3
69.63318,0.9501956,43.80080225898052,-87.98972730100412,0,1,9070.993,0.041684877,5,1,false,false,1.2623748,2.479447,8.5799,-2.0901294,0.014346065,3
69.668495,0.95037556,43.80079190839272,-87.9897269282541,0,1,9103.331,0.040846404,5,1,false,false,1.5561998,3.106597,10.697478,-2.0897436,0.030023422,3
69.70172,0.95055556,43.800781558079585,-87.98972643112766,0,1,9121.373,0.030494688,5,1,false,false,1.4257977,3.1231554,8.719948,-2.08917,0.035519533,3
69.74107,0.95073575,43.80077111767535,-87.98972605837764,0,1,9099.886,0.01818473,5,1,false,false,1.4323006,3.3977098,6.117428,-2.088605,0.030683478,3
69.77934,0.950916,43.80076076736222,-87.98972556163041,0,1,9073.51,0.007552809,5,1,false,false,1.159607,3.1778316,7.380838,-2.0881748,0.021709954,3
69.80466,0.9510964,43.80075032709533,-87.98972506450397,0,1,9086.667,0.012029751,5,1,false,false,1.1334057,1.9409518,5.6697593,-2.0878904,0.015415638,3
69.82286,0.9512768,43.8007398866911,-87.98972456737754,0,1,9144.647,0.025179278,5,1,false,false,1.0969094,2.260429,5.2947264,-2.0876563,0.014029663,3
69.85079,0.9514574,43.80072944628687,-87.9897240702511,0,1,9183.496,0.0408464,5,1,false,false,1.1419123,2.7784457,6.979416,-2.0873787,0.019283015,3
69.8875,0.95163804,43.80071909597373,-87.98972369750108,0,1,9160.307,0.048400287,5,1,false,false,1.7773939,3.533497,9.341876,-2.0869544,0.03101288,3
69.93164,0.9518188,43.80070865556951,-87.98972320075384,0,1,9118.263,0.040285982,5,1,false,false,2.1114237,3.5843363,8.191476,-2.086322,0.041983753,3
69.97324,0.9519998,43.800698215165276,-87.98972270362741,0,1,9109.693,0.022101246,5,1,false,false,2.0082586,3.476584,8.705591,-2.085616,0.039698694,3
70.00874,0.95218086,43.80068777476105,-87.98972220650099,0,1,9124.93,0.013707794,5,1,false,false,1.4096206,2.898023,6.941296,-2.0850637,0.027319264,3
70.03774,0.952362,43.800677334494154,-87.98972170975374,0,1,9136.636,0.013427579,5,1,false,false,1.3401563,2.519895,7.272522,-2.084683,0.020973392,3
70.06603,0.9525432,43.80066689408993,-87.9897210882509,0,1,9144.679,0.0067143305,5,1,false,false,0.9875541,2.4202445,6.0163684,-2.0843496,0.018526994,3
70.09189,0.9527245,43.8006564536857,-87.98972059112447,0,1,9158.021,0.00055826525,5,1,false,false,0.8496958,2.5376492,8.82551,-2.0840845,0.013453903,3
70.121376,0.9529059,43.80064592332771,-87.98972009437723,0,1,9177.7,-0.0036384612,5,1,false,false,0.79650134,2.5157921,6.036064,-2.083913,0.0072244266,3
70.15321,0.9530873,43.80063548292348,-87.9897195972508,0,1,9186.371,-0.010633004,5,1,false,false,0.90127784,3.2051547,2.8880174,-2.083819,0.0035681534,3
70.19335,0.9532689,43.80062504251925,-87.98971910012438,0,1,9173.782,-0.015947344,5,1,false,false,0.3636676,3.3286786,8.436772,-2.0838263,-0.004033855,3
70.2299,0.9534505,43.80061451216126,-87.98971847900073,0,1,9152.373,-0.008114321,5,1,false,false,0.5936763,3.101767,7.0289707,-2.0839615,-0.009509026,3
70.25191,0.95363235,43.80060407189437,-87.98971798187429,0,1,9165.948,0.006714329,5,1,false,false,0.62148005,2.3814282,1.364618,-2.084146,-0.011840277,3
70.28402,0.9538142,43.800593541399046,-87.98971748474787,0,1,9214.139,0.03217274,5,1,false,false,0.095359996,2.480616,1.8741387,-2.0844152,-0.015306961,3
70.30665,0.9539962,43.80058310113215,-87.98971698800062,0,1,9228.232,0.07581697,5,1,false,false,0.54852635,1.570619,-3.2875175,-2.0846765,-0.007697042,3
70.32102,0.9541782,43.80057257077416,-87.98971636649779,0,1,9236.276,0.09036647,5,1,false,false,1.1287541,1.6303433,-0.50354135,-2.0846753,0.013541666,3
70.32726,0.9543603,43.80056204027884,-87.98971586975055,0,1,9281.181,0.083371945,5,1,false,false,1.5301796,0.43633083,1.642649,-2.084316,0.035122722,3
70.33074,0.9545425,43.80055160001194,-87.98971524824772,0,1,9288.22,0.06882242,5,1,false,false,1.9129881,2.8723128,9.126184,-2.083494,0.06385519,3
70.37976,0.95472467,43.80054106965395,-87.98971475112128,0,1,9282.271,0.039167285,5,1,false,false,2.0560927,2.9829628,10.308524,-2.0822268,0.08173519,3
70.42715,0.9549071,43.80053053915863,-87.98971412999764,0,1,9294.229,0.0058747646,5,1,false,false,2.127482,3.8927689,11.333385,-2.080875,0.0689946,3
70.48441,0.9550896,43.800520008800646,-87.9897136328712,0,1,9201.081,-0.009792361,5,1,false,false,1.9502825,4.932806,11.171069,-2.0799763,0.036186997,3
70.54907,0.9552722,43.800509478442656,-87.98971301174757,0,1,9093.396,-0.0064362795,5,1,false,false,1.7705275,4.3083844,10.04695,-2.0796201,0.0089922175,3
70.588974,0.95545495,43.800498948084666,-87.98971251462113,0,1,9093.976,-0.0019593376,5,1,false,false,1.0682802,2.4561732,7.0261154,-2.079635,-0.0052050464,3
70.60452,0.95563775,43.800488417726676,-87.98971189349749,0,1,9187.435,0.0041956445,5,1,false,false,0.85576105,1.529855,7.4673295,-2.0797927,-0.007905322,3
70.609406,0.9558206,43.800477887368686,-87.98971127199465,0,1,9265.928,0.0055945534,5,1,false,false,0.9478765,1.3077276,5.949976,-2.0799334,-0.004340817,3
70.62099,0.9560036,43.800467357010696,-87.989710650871,0,1,9285.488,0.006434115,5,1,false,false,0.5157749,1.8305246,2.481066,-2.0799875,-0.00085357396,3
70.65069,0.95618653,43.800456736561614,-87.98971002974736,0,1,9280.091,0.013427578,5,1,false,false,0.37128744,3.024185,0.30253655,-2.0799992,-0.0006135186,3
70.62161,0.9563696,43.800446206203624,-87.98970953262094,0,1,9305.889,0.022661673,0,1,false,false,0.23320769,-3.644831,4.191685,-2.080007,0.0014560521,3
70.56427,0.95655245,43.800435675845634,-87.98970891149729,0,1,8678.303,0.027977096,6,1,false,false,0.6648738,1.9346035,5.0527883,-2.0799694,0.0063905404,3
70.65933,0.9567354,43.80042514548765,-87.98970828999444,0,1,7557.125,0.02517928,6,1,false,false,0.82869345,8.290033,7.5406423,-2.0797946,0.0151746655,3
70.74109,0.95691866,43.80041452503856,-87.9897076688708,0,1,7696.294,0.019863853,6,1,false,false,0.056115746,2.598288,5.8968143,-2.0795288,0.015886135,3
70.70847,0.9571019,43.80040399468057,-87.98970704736796,0,1,8102.6294,0.0176243,6,1,false,false,0.2377441,-1.3956896,5.5215597,-2.0793133,0.012235399,3
70.71624,0.95728517,43.800393374368824,-87.98970642624433,0,1,8011.255,0.005315422,6,1,false,false,0.6689758,2.628149,3.946907,-2.0791209,0.013680899,3
70.76585,0.95746845,43.800382844010834,-87.98970580512068,0,1,7755.4854,-0.006994544,6,1,false,false,0.27441332,3.4855797,2.9864535,-2.07893,0.0102907745,3
70.80595,0.95765203,43.80037222356175,-87.98970518361784,0,1,7803.8994,0.004475859,6,1,false,false,0.025409836,1.9408833,2.7680588,-2.0788639,0.0017439136,3
70.81141,0.9578357,43.80036169320376,-87.9897045624942,0,1,7965.7017,0.028536439,6,1,false,false,0.42224413,0.81355923,5.776935,-2.0788894,0.0012192015,3
70.82221,0.9580193,43.80035107289201,-87.98970394099136,0,1,7958.807,0.033291437,6,1,false,false,0.6727475,1.8481379,6.822431,-2.0788047,0.011511543,3
70.855156,0.9582031,43.80034045244293,-87.98970331986771,0,1,7873.655,0.02294081,6,1,false,false,0.6152282,3.2136147,6.4748044,-2.0785103,0.021965668,3
70.89694,0.95838684,43.80032983213118,-87.98970269874407,0,1,7865.256,0.014826486,6,1,false,false,0.6024637,2.8151565,7.6742554,-2.0781147,0.024155295,3
70.924576,0.9585708,43.80031930177319,-87.98970207724123,0,1,7890.2383,-0.00084064435,6,1,false,false,0.48005366,2.0868838,11.526022,-2.0777302,0.020867547,3
70.9485,0.95875484,43.80030868132411,-87.98970145611759,0,1,7887.0293,-0.02098363,6,1,false,false,-0.0112579465,2.018253,6.6361547,-2.0774553,0.010923603,3
70.97573,0.95893884,43.80029806101236,-87.98970083461475,0,1,7876.149,-0.03944858,6,1,false,false,-0.19198593,2.58346,5.5837584,-2.077392,-0.003628144,3
71.00621,0.9591229,43.80028744056328,-87.9897002134911,0,1,7873.0625,-0.046443112,6,1,false,false,-0.31725118,2.527133,5.3108435,-2.0775952,-0.01798704,3
71.02476,0.9593072,43.800276820251526,-87.98969959236746,0,1,7878.837,-0.03497272,6,1,false,false,-0.5608246,1.7543659,3.000669,-2.07802,-0.027627442,3
71.03889,0.95949143,43.800266199802444,-87.98969897086462,0,1,7906.2344,-0.020704499,6,1,false,false,-0.68497086,1.5731182,3.5896802,-2.0785635,-0.03209458,3
71.04937,0.95967567,43.800255579490695,-87.98969834974098,0,1,7934.622,-0.013709957,6,1,false,false,-0.578352,0.8785406,2.408432,-2.079122,-0.03084201,3
71.065544,0.95985997,43.80024495904161,-87.98969772823814,0,1,7955.421,-0.013429742,6,1,false,false,-1.0293021,2.004613,4.8429074,-2.0796394,-0.02909023,3
71.09559,0.9600444,43.800234248638766,-87.9896971071145,0,1,7948.424,-0.00867367,6,1,false,false,-1.3492587,2.0993652,4.575048,-2.0801072,-0.026577592,3
71.13038,0.9602289,43.80022362832702,-87.98969648599085,0,1,7923.4727,-0.0027978183,6,1,false,false,-1.1978225,2.5560098,6.47469,-2.080498,-0.020208422,3
71.1662,0.96041346,43.800213007877936,-87.98969586448801,0,1,7907.981,-0.005316502,6,1,false,false,-1.2176691,2.6593099,9.745605,-2.0807526,-0.011437929,3
71.19752,0.9605982,43.80020238756619,-87.98969524336437,0,1,7904.684,-0.0050373683,6,1,false,false,-1.4081255,2.210269,10.513725,-2.0809057,-0.008091753,3
71.22521,0.9607829,43.80019167716334,-87.98969462186153,0,1,7906.2437,0.004754992,6,1,false,false,-0.9981139,2.4609423,10.07844,-2.081037,-0.0061229644,3
71.25216,0.9609677,43.80018105685159,-87.9896941251143,0,1,7903.3896,0.015386916,6,1,false,false,-0.4714087,1.9927279,8.248257,-2.0810726,0.0025461062,3
71.27783,0.96115255,43.80017034644875,-87.98969350361145,0,1,7900.9556,0.017624302,6,1,false,false,-0.42362273,1.9815722,8.595047,-2.0809762,0.009011875,3
71.300934,0.9613375,43.80015972599967,-87.98969288248782,0,1,7906.3354,0.018744081,6,1,false,false,-0.088270254,1.8879051,7.202982,-2.0807965,0.012975688,3
71.32216,0.9615225,43.80014901559682,-87.98969226098497,0,1,7919.548,0.013427575,6,1,false,false,0.1282836,2.00482,7.7527533,-2.0805566,0.015710479,3
71.344734,0.9617076,43.800138395285074,-87.98969163986133,0,1,7930.141,0.0041956427,6,1,false,false,0.23796491,2.1565723,6.969649,-2.0803106,0.014332663,3
71.36862,0.96189266,43.80012768488223,-87.98969101873769,0,1,7931.956,-0.0033582468,6,1,false,false,0.30706662,2.125752,4.032473,-2.0801084,0.0114123225,3
71.39311,0.9620779,43.80011697447939,-87.98969052161125,0,1,7935.1675,-0.0033582465,6,1,false,false,-0.03376836,2.0295415,3.1343107,-2.0799878,0.0051686987,3
71.41578,0.9622631,43.80010626407654,-87.98968990010842,0,1,7941.8647,0.007552809,6,1,false,false,0.28154153,1.699862,2.522497,-2.0799742,0.0014203801,3
71.43499,0.9624484,43.80009564376479,-87.98968927898477,0,1,7954.8354,0.012308881,6,1,false,false,0.41096205,1.6459663,2.2911463,-2.0799606,0.002654827,3
71.45702,0.9626338,43.80008493336195,-87.98968865786112,0,1,7969.9917,0.01594626,6,1,false,false,0.49109983,2.007639,4.5729203,-2.0799139,0.0052667023,3
71.48113,0.9628193,43.800074222959104,-87.98968803635829,0,1,7973.6294,0.025179274,6,1,false,false,0.60735506,2.0206816,4.8037972,-2.0798206,0.008507406,3
71.50734,0.9630048,43.800063512556264,-87.98968741523464,0,1,7970.003,0.032172736,6,1,false,false,0.7304139,1.9394133,6.3198676,-2.0796432,0.0150472345,3
71.53644,0.96319044,43.80005280229075,-87.9896867937318,0,1,7969.904,0.031613383,6,1,false,false,0.89585173,2.0743458,6.2046742,-2.079316,0.024138812,3
71.56682,0.9633761,43.80004209188791,-87.98968617260816,0,1,7966.76,0.025458414,6,1,false,false,1.012876,2.2074385,8.742239,-2.0788562,0.029456396,3
71.5996,0.9635619,43.80003138148506,-87.98968555148451,0,1,7955.727,0.01874408,6,1,false,false,1.0370255,2.502114,10.218921,-2.0783582,0.028890353,3
71.630005,0.96374774,43.80002067108222,-87.98968492998168,0,1,7944.2236,0.016785821,6,1,false,false,1.32443,2.2843761,9.711767,-2.0778956,0.025974117,3
71.65952,0.9639337,43.800009960679375,-87.98968430885803,0,1,7944.449,0.013148446,6,1,false,false,1.5832158,2.3391194,10.585589,-2.077481,0.02334084,3
71.685814,0.96411973,43.79999916032278,-87.9896836873552,0,1,7948.6455,0.012589097,6,1,false,false,1.1552997,2.0873456,9.252497,-2.0771315,0.018919742,3
71.710335,0.96430576,43.79998844991993,-87.98968306623155,0,1,7951.041,0.016785823,6,1,false,false,1.0469193,1.9809474,9.381509,-2.0768576,0.015614075,3
71.73455,0.96449184,43.79997773951709,-87.98968244510792,0,1,7954.8086,0.014547352,6,1,false,false,1.1104308,1.9655802,8.1114855,-2.0765975,0.015962701,3
71.75818,0.96467805,43.799966939160484,-87.98968169960786,0,1,7961.8213,0.0064341156,6,1,false,false,0.8745588,2.0382884,8.210724,-2.0763328,0.01519648,3
71.78323,0.9648644,43.79995622875764,-87.98968107810502,0,1,7965.947,-0.0033582472,6,1,false,false,0.54923797,1.9306729,6.705908,-2.076118,0.010725202,3
71.80791,0.96505064,43.79994551849213,-87.98968045698138,0,1,7967.419,-0.014269301,6,1,false,false,0.39370313,1.9817996,5.814635,-2.0760038,0.004468439,3
71.83207,0.965237,43.79993471799819,-87.98967971148133,0,1,7972.669,-0.025739701,6,1,false,false,-0.12391903,1.8529822,5.7004476,-2.0760083,-0.0034096222,3
71.85509,0.96542346,43.79992400759535,-87.98967908997848,0,1,7980.859,-0.024901224,6,1,false,false,-0.49382433,1.7250595,6.238604,-2.0761623,-0.012168192,3
71.876465,0.96561,43.799913207238745,-87.98967846885485,0,1,7989.3105,-0.019864941,6,1,false,false,-0.2553871,1.6982094,5.9590354,-2.0764294,-0.01702166,3
71.90002,0.96579665,43.79990240688214,-87.98967772335479,0,1,7996.353,-0.019025372,6,1,false,false,-0.33099157,1.7743564,6.9723773,-2.076731,-0.017758217,3
71.9275,0.9659833,43.7998916964793,-87.98967710185195,0,1,7998.069,-0.0125901755,6,1,false,false,-0.4804477,1.9266229,5.1966414,-2.0770519,-0.018586174,3
71.95293,0.9661701,43.799880896122694,-87.9896764807283,0,1,7995.3423,-0.0030780314,6,1,false,false,-0.45600522,1.6440712,4.7147493,-2.0773647,-0.016056092,3
71.97887,0.9663569,43.79987009576609,-87.98967585960467,0,1,7999.552,0.004475859,6,1,false,false,-0.5222325,1.674702,4.7781663,-2.0776064,-0.01087331,3
72.00184,0.9665438,43.79985929540948,-87.98967511410461,0,1,8008.3193,0.002237388,6,1,false,false,-0.65393347,1.6847876,5.880609,-2.077748,-0.00536087,3
72.02649,0.9667307,43.79984858500664,-87.98967449260178,0,1,8015.0127,-0.009513228,6,1,false,false,-0.73689175,2.0125391,7.6265893,-2.0778215,-0.003405478,3
72.05365,0.96691775,43.79983778465004,-87.98967387147813,0,1,8013.604,-0.02993643,6,1,false,false,-0.9561079,2.2246065,7.758534,-2.0778987,-0.0070223347,3
72.08238,0.9671048,43.7998269841561,-87.9896732499753,0,1,8007.8,-0.046443123,6,1,false,false,-1.6032825,2.3131127,9.538798,-2.0781069,-0.018744761,3
72.11115,0.967292,43.79981618379949,-87.98967250447525,0,1,8002.847,-0.04812225,6,1,false,false,-1.837794,2.0983677,9.391788,-2.0785372,-0.032004047,3
72.13796,0.96747935,43.79980538344289,-87.9896718833516,0,1,8003.3774,-0.048401374,6,1,false,false,-2.2732792,2.1728487,10.590226,-2.0791495,-0.041771676,3
72.16543,0.9676666,43.79979458308629,-87.98967126184876,0,1,8004.624,-0.050080508,6,1,false,false,-2.4994442,2.227193,10.101798,-2.0798957,-0.04728573,3
72.19175,0.967854,43.79978378272968,-87.98967064072512,0,1,8002.6377,-0.05259811,6,1,false,false,-3.0427146,2.0942101,9.010078,-2.0807054,-0.049500138,3
72.217896,0.9680415,43.799772892281986,-87.98967001960148,0,1,8001.9395,-0.05092007,6,1,false,false,-3.035469,1.9183916,8.230394,-2.0815446,-0.049724706,3
72.241295,0.96822906,43.79976209192538,-87.98966939809864,0,1,8008.2817,-0.04812225,6,1,false,false,-3.4032428,1.8759639,10.299718,-2.082377,-0.04964674,3
72.26268,0.9684167,43.799751291568775,-87.98966890135141,0,1,8017.783,-0.045603562,6,1,false,false,-3.335271,1.758492,9.365512,-2.0832174,-0.05080485,3
72.28579,0.9686043,43.799740491074836,-87.98966827984856,0,1,8023.315,-0.045044206,6,1,false,false,-3.326992,1.9012548,11.081417,-2.0840566,-0.050522473,3
72.31365,0.9687921,43.79972960076447,-87.98966765872491,0,1,8020.4883,-0.045044214,6,1,false,false,-3.488403,2.1592119,11.097763,-2.084884,-0.04985142,3
72.340675,0.9689799,43.79971880040787,-87.98966716159849,0,1,8014.205,-0.040847495,6,1,false,false,-3.7751586,2.1864705,13.598422,-2.0857036,-0.049377725,3
72.36684,0.9691678,43.79970790996017,-87.98966654047484,0,1,8014.0747,-0.033294678,6,1,false,false,-3.3374143,1.9701656,9.995716,-2.086483,-0.04446123,3
72.39228,0.96935576,43.79969710960357,-87.98966604334841,0,1,8017.483,-0.027138615,6,1,false,false,-3.189013,1.886798,9.63748,-2.087154,-0.036630195,3
72.4176,0.96954376,43.799686219155866,-87.98966554622197,0,1,8018.456,-0.019864932,6,1,false,false,-2.7652793,1.9734579,11.536295,-2.0877087,-0.029242741,3
72.43926,0.96973187,43.79967541879927,-87.98966504909555,0,1,8021.375,-0.020424288,6,1,false,false,-2.5436661,1.726938,8.422532,-2.0881424,-0.023058018,3
72.4609,0.96992,43.799664528488904,-87.9896644279719,0,1,8032.7544,-0.019864932,6,1,false,false,-2.2510931,1.8201469,10.01789,-2.0885098,-0.020268284,3
72.483574,0.9701082,43.799653727994965,-87.98966393084547,0,1,8039.4404,-0.022662751,6,1,false,false,-1.8192611,1.5721995,7.7228146,-2.0888164,-0.016427876,3
72.50596,0.9702965,43.7996428376846,-87.98966343409823,0,1,8041.342,-0.02182319,6,1,false,false,-1.944676,1.9457567,10.27555,-2.089115,-0.018669235,3
72.52751,0.97048485,43.7996319472369,-87.9896629369718,0,1,8045.077,-0.014548438,6,1,false,false,-1.4569988,1.4945672,8.530518,-2.0894408,-0.018961322,3
72.551125,0.97067326,43.79962105692653,-87.98966256422177,0,1,8054.0693,-0.0083934525,6,1,false,false,-1.4683907,1.8878168,9.2621565,-2.0897274,-0.016007084,3
72.57609,0.9708617,43.799610256569935,-87.98966206709534,0,1,8054.4146,-0.0019593365,6,1,false,false,-1.0944903,1.9787014,12.9416685,-2.0899475,-0.01038159,3
72.601845,0.9710502,43.79959936612223,-87.98966156996892,0,1,8048.232,0.0025176029,6,1,false,false,-1.1819222,1.9556663,11.281271,-2.090078,-0.0070483,3
72.627396,0.9712388,43.7995884757432,-87.98966107322168,0,1,8046.031,0.009791279,6,1,false,false,-0.6490234,2.0240703,11.75837,-2.0901446,-0.0017938542,3
72.65446,0.9714275,43.79957758536417,-87.98966057609525,0,1,8047.0825,0.014268221,6,1,false,false,-0.54469395,1.9940294,12.45812,-2.09009,0.006208918,3
72.678,0.9716162,43.79956669498514,-87.98966007896881,0,1,8045.52,0.015386914,6,1,false,false,-0.14010645,1.8844714,12.92188,-2.0899231,0.01229585,3
72.70134,0.971805,43.79955580460611,-87.98965958222158,0,1,8048.2744,0.0041956427,6,1,false,false,-0.09341563,1.7793503,11.572693,-2.0896816,0.014261042,3
72.723854,0.9719938,43.79954491415841,-87.98965920947155,0,1,8054.1357,-0.007274758,6,1,false,false,-0.34477627,1.8178434,11.142539,-2.0894701,0.00891191,3
72.74833,0.9721827,43.79953402377938,-87.98965871234512,0,1,8054.9644,-0.009792362,6,1,false,false,-0.24977927,1.7763705,8.647305,-2.0893865,0.0016090058,3
72.77029,0.97237164,43.79952313340035,-87.98965821521868,0,1,8054.8193,-0.0089538805,6,1,false,false,-0.3728168,1.5320702,9.963805,-2.089408,-0.0027373133,3
72.79094,0.9725607,43.79951224302132,-87.98965771809225,0,1,8063.199,-0.009234094,6,1,false,false,-0.51513207,1.6441395,10.553446,-2.089483,-0.0055377544,3
72.81027,0.9727497,43.799501262619856,-87.98965722134501,0,1,8076.1846,-0.013429741,6,1,false,false,-0.38525668,1.6183987,8.896248,-2.0895746,-0.00617892,3
72.8344,0.97293884,43.799490372240825,-87.98965672421859,0,1,8080.545,-0.021542976,6,1,false,false,-0.9421158,2.002651,7.9191437,-2.0897017,-0.009836385,3
72.85981,0.973128,43.799479481861795,-87.98965635146855,0,1,8069.2095,-0.023222107,6,1,false,false,-0.93118423,1.8849518,9.87671,-2.0899086,-0.013670397,3
72.88257,0.9733173,43.79946850146033,-87.98965585434213,0,1,8067.6577,-0.02937708,6,1,false,false,-1.0216537,1.7453558,8.843939,-2.0901685,-0.016802175,3
72.90097,0.9735066,43.7994576110813,-87.9896553572157,0,1,8084.6655,-0.035251856,6,1,false,false,-1.1912242,1.640891,7.058899,-2.0904982,-0.021682888,3
72.921585,0.973696,43.79944672070227,-87.98965486046846,0,1,8099.493,-0.03637163,6,1,false,false,-1.391338,1.6120851,6.199172,-2.0909204,-0.02705701,3
72.94334,0.9738854,43.799435740300815,-87.98965448771844,0,1,8095.5796,-0.03105513,6,1,false,false,-1.4070601,1.733662,5.762778,-2.091404,-0.028396891,3
72.9665,0.9740749,43.799424849921785,-87.989653990592,0,1,8093.5205,-0.020704502,6,1,false,false,-1.4290692,1.9906304,6.1450872,-2.0918913,-0.027706541,3
72.98783,0.9742644,43.79941386952032,-87.98965361784198,0,1,8103.383,-0.00839345,6,1,false,false,-0.95739865,1.6393842,6.23368,-2.0923307,-0.022588274,3
73.00485,0.97445405,43.79940297914129,-87.98965312071554,0,1,8118.1387,0.004475859,6,1,false,false,-0.90050495,1.4808118,8.5889015,-2.0926683,-0.016468,3
73.024925,0.9746437,43.799391998739836,-87.98965262358911,0,1,8125.987,0.018464949,6,1,false,false,-0.6199062,1.680598,10.158533,-2.0928762,-0.0072041675,3
73.05322,0.9748334,43.799381108360805,-87.98965225083909,0,1,8123.2876,0.024059499,6,1,false,false,-0.76360726,2.4156425,9.745092,-2.0928872,0.0032949282,3
73.08359,0.97502315,43.79937012795934,-87.98965175409185,0,1,8106.6807,0.020702334,6,1,false,false,-0.101818174,2.3056815,11.171159,-2.0927186,0.014292037,3
73.11307,0.97521305,43.79935914755789,-87.98965138134183,0,1,8093.174,0.009511063,6,1,false,false,-0.397224,2.0168579,11.460792,-2.092426,0.017665267,3
73.138725,0.97540295,43.79934816722509,-87.9896508842154,0,1,8094.34,0.004195644,6,1,false,false,-0.4396861,1.9595792,13.122737,-2.09216,0.013741336,3
73.16,0.97559303,43.79933727677739,-87.98965051146537,0,1,8105.5254,0.0013978267,6,1,false,false,-0.13211663,1.557504,10.547491,-2.0919628,0.010781502,3
73.180466,0.97578305,43.799326296444605,-87.98965001433893,0,1,8111.4185,-0.012590178,6,1,false,false,-0.27711302,1.6274538,10.993308,-2.0918105,0.006027732,3
73.204285,0.9759731,43.79931531604314,-87.98964964158891,0,1,8109.789,-0.024061663,6,1,false,false,-0.454871,1.5913725,8.814101,-2.0917947,-0.005042208,3
73.22753,0.9761633,43.799304335641686,-87.98964914446248,0,1,8106.122,-0.026579263,6,1,false,false,-0.7626841,1.7356751,9.56595,-2.0919645,-0.014532731,3
73.25068,0.9763535,43.79929335524022,-87.98964864771524,0,1,8108.441,-0.02098363,6,1,false,false,-0.82073486,1.7180539,8.345435,-2.092258,-0.019223915,3
73.26959,0.9765438,43.79928237483877,-87.98964827496522,0,1,8115.864,-0.013429739,6,1,false,false,-0.4977223,1.5290718,9.281035,-2.0925822,-0.017706022,3
73.28912,0.9767341,43.79927139443731,-87.98964777783878,0,1,8125.8813,-0.0030780328,6,1,false,false,-0.5189863,1.5004966,9.273025,-2.0928726,-0.015631016,3
73.30817,0.9769245,43.799260414104516,-87.98964740508876,0,1,8133.3477,0.010071496,6,1,false,false,-0.18930614,1.7059602,8.532222,-2.0930882,-0.008978117,3
73.33057,0.9771149,43.79924943370306,-87.98964703233874,0,1,8137.237,0.019303426,6,1,false,false,-0.09672573,1.7587924,10.225555,-2.0931537,0.0013113233,3
73.35415,0.9773054,43.7992384533016,-87.9896465352123,0,1,8135.3945,0.022381462,6,1,false,false,-0.07520904,1.7910626,10.270773,-2.0930443,0.010631812,3
73.37678,0.97749597,43.79922747290014,-87.98964616246228,0,1,8134.811,0.018744081,6,1,false,false,0.09705782,1.7448736,9.912276,-2.0928037,0.016461775,3
73.40111,0.9776865,43.79921640254492,-87.98964566533584,0,1,8136.1743,0.005874767,6,1,false,false,0.21139184,1.8334874,10.494563,-2.092502,0.0174366,3
73.42576,0.97787726,43.799205422143466,-87.98964529258582,0,1,8135.1016,-0.009792361,6,1,false,false,0.010526225,1.9232274,11.227229,-2.0922375,0.0119526945,3
73.449265,0.97806793,43.799194441742,-87.98964479583859,0,1,8132.8945,-0.018466026,6,1,false,false,-0.66216356,1.8435774,11.225882,-2.0921283,0.00024319516,3
73.472755,0.9782587,43.79918346134055,-87.98964429871215,0,1,8135.315,-0.01902538,6,1,false,false,-0.5343412,2.0352013,10.195129,-2.092213,-0.009900202,3
73.49318,0.9784495,43.79917239091666,-87.98964392596213,0,1,8140.1626,-0.025180353,6,1,false,false,-0.5031525,1.6034431,9.907308,-2.0924165,-0.014366808,3
73.51117,0.9786405,43.79916141058387,-87.98964342883569,0,1,8143.794,-0.031335335,6,1,false,false,-1.1399395,1.4852937,10.735592,-2.0927184,-0.021636473,3
73.530945,0.9788314,43.79915034015998,-87.98964305608567,0,1,8149.865,-0.03133534,6,1,false,false,-1.3880192,1.8300319,9.58024,-2.0931435,-0.028597824,3
73.55334,0.9790224,43.79913935975853,-87.98964268333565,0,1,8153.536,-0.028257303,6,1,false,false,-1.6781695,1.8702404,9.947745,-2.093648,-0.03135126,3
73.576126,0.9792135,43.799128379357064,-87.98964218620921,0,1,8149.7812,-0.02350232,6,1,false,false,-1.9918464,1.7505122,8.891053,-2.0941741,-0.030704888,3
73.59715,0.97940457,43.79911730900184,-87.98964181345919,0,1,8149.121,-0.02462101,6,1,false,false,-1.9068785,1.6278563,10.236215,-2.0946653,-0.027180586,3
73.6168,0.9795957,43.79910623857796,-87.98964144070916,0,1,8159.2817,-0.039448574,6,1,false,false,-1.9793551,1.4997536,5.9507637,-2.0951035,-0.025628386,3
73.63678,0.9797869,43.7990952581765,-87.98964094396193,0,1,8169.78,-0.056235474,6,1,false,false,-2.44509,1.6641291,7.6234283,-2.0955708,-0.029779166,3
73.65738,0.97997814,43.79908418782128,-87.9896405712119,0,1,8170.2383,-0.06295089,6,1,false,false,-2.7309566,1.5305437,7.7465134,-2.0961678,-0.039661586,3
73.67388,0.9801695,43.7990731173974,-87.98964019808268,0,1,8173.8403,-0.06910589,6,1,false,false,-3.157394,1.2311547,7.1709657,-2.096944,-0.05296959,3
73.69493,0.98036087,43.7990621370646,-87.98963982533266,0,1,8188.187,-0.06910588,6,1,false,false,-3.5266047,1.8634415,8.935586,-2.0979297,-0.064346135,3
73.71976,0.98055226,43.79905106664072,-87.98963945258262,0,1,8185.6406,-0.060712434,6,1,false,false,-3.7859564,1.9891269,8.736856,-2.0990381,-0.0669762,3
73.744835,0.9807438,43.799039996216834,-87.9896390798326,0,1,8169.6963,-0.0486816,6,1,false,false,-3.6504729,1.6809297,7.052265,-2.100138,-0.06304518,3
73.7668,0.98093534,43.79902892586161,-87.98963870708258,0,1,8170.053,-0.03916945,6,1,false,false,-3.5430212,1.464211,7.9079213,-2.1011386,-0.055933926,3
73.78667,0.98112696,43.79901794546016,-87.98963845870895,0,1,8186.5815,-0.030775987,6,1,false,false,-3.2768595,1.5050836,8.530421,-2.10202,-0.0484933,3
73.80633,0.9813186,43.7990068750706,-87.98963808595893,0,1,8194.933,-0.020704499,6,1,false,false,-3.3213139,1.7845447,9.523033,-2.1027749,-0.040512536,3
73.82769,0.98151034,43.79899580468105,-87.98963783758532,0,1,8190.0234,-0.011191273,6,1,false,false,-2.8047187,1.6797416,7.7945375,-2.1033967,-0.032863118,3
73.84945,0.9817021,43.798984734291494,-87.9896374648353,0,1,8189.5913,-0.012590176,6,1,false,false,-2.4763553,1.5737777,6.987234,-2.1038485,-0.02264375,3
73.872604,0.98189396,43.79897366390195,-87.98963721608247,0,1,8193.611,-0.019025378,6,1,false,false,-2.4774952,1.767633,10.598112,-2.104177,-0.01825272,3
73.89451,0.9820859,43.79896259347806,-87.98963696770886,0,1,8189.49,-0.017906683,6,1,false,false,-2.3630936,1.8266824,8.812482,-2.1044734,-0.017470218,3
73.91835,0.9822778,43.79895143310041,-87.98963671895605,0,1,8187.486,-0.004196726,6,1,false,false,-2.0221217,1.7056193,8.401132,-2.1047611,-0.01518354,3
73.93766,0.9824699,43.79894036271086,-87.98963634620601,0,1,8191.519,0.006714329,6,1,false,false,-1.2648205,1.2394067,9.651646,-2.1049502,-0.005672399,3
73.95345,0.982662,43.798929292321304,-87.9896360978324,0,1,8204.0205,0.0025176024,6,1,false,false,-1.2323812,1.0704426,8.572541,-2.1049817,0.00033174592,3
73.97382,0.98285407,43.79891822193176,-87.98963584945878,0,1,8215.515,0.0022373889,6,1,false,false,-0.92273366,1.9383309,10.76028,-2.104963,0.0018802736,3
73.998276,0.9830463,43.79890715150787,-87.98963560070597,0,1,8207.51,0.008113237,6,1,false,false,-0.59945595,1.8361353,7.624914,-2.1049232,0.0032668426,3
74.02154,0.9832386,43.79889599113022,-87.98963535233236,0,1,8194.382,0.01426822,6,1,false,false,-0.10608895,1.5441425,7.3692584,-2.1048374,0.007502112,3
74.04397,0.98343086,43.79888492074067,-87.98963510395873,0,1,8201.903,0.012589096,6,1,false,false,-0.28421405,1.5199203,9.443949,-2.104669,0.011345172,3
74.06277,0.98362327,43.798873850351114,-87.98963485520592,0,1,8213.719,0.010071492,6,1,false,false,-0.04982096,1.6995852,10.152828,-2.104481,0.01209089,3
74.08187,0.98381567,43.798862689939135,-87.9896346068323,0,1,8217.231,0.0030769496,6,1,false,false,0.07630909,1.5223279,8.629971,-2.1042802,0.012732115,3
74.10206,0.98400813,43.79885161954958,-87.98963435845869,0,1,8218.733,-0.0030780323,6,1,false,false,-0.012705699,1.3011699,8.755167,-2.104099,0.009094996,3
74.121346,0.98420066,43.7988404591376,-87.98963410970588,0,1,8222.816,0.0002791325,6,1,false,false,0.34185284,1.3562857,10.296884,-2.1039972,0.0045912596,3
74.14236,0.9843932,43.798829388748054,-87.98963386133225,0,1,8228.046,0.005315421,6,1,false,false,0.31978032,1.6533463,11.419783,-2.1039207,0.0042459583,3
74.167305,0.9845859,43.79881822837041,-87.98963348858223,0,1,8224.302,0.014268221,6,1,false,false,0.34924233,1.8914945,10.358579,-2.1038394,0.0047637955,3
74.191666,0.9847786,43.79880715798085,-87.98963323982942,0,1,8212.801,0.018184735,6,1,false,false,0.6570912,1.6900563,8.143871,-2.1037092,0.010263169,3
74.214134,0.98497134,43.798795997568874,-87.98963299145579,0,1,8210.646,0.0114704035,6,1,false,false,0.46048024,1.5367465,9.844187,-2.1035142,0.012596012,3
74.233635,0.9851641,43.79878492717932,-87.98963274308217,0,1,8220.256,0.0044758595,6,1,false,false,0.3970781,1.442027,6.1658635,-2.1033173,0.011666969,3
74.25065,0.985357,43.79877376676734,-87.98963249432936,0,1,8232.442,-0.002518685,6,1,false,false,0.14017478,1.3313768,7.904389,-2.1031582,0.008635597,3
74.26889,0.98554987,43.798762606389694,-87.98963224595575,0,1,8238.789,-0.001959338,6,1,false,false,0.06449408,1.2516416,7.640119,-2.1030738,0.0036853366,3
74.28491,0.98574287,43.798751445977715,-87.98963199758212,0,1,8245.024,-0.0013989084,6,1,false,false,0.3948813,1.401241,7.3666973,-2.1030452,0.0015074111,3
74.30658,0.98593587,43.79874037558816,-87.9896316248321,0,1,8254.215,-0.0030780318,6,1,false,false,0.33809832,1.738336,7.204865,-2.1030345,1.9850571e-05,3
74.333,0.9861289,43.79872921519335,-87.98963137607929,0,1,8250.79,0.003636297,6,1,false,false,-0.18803215,1.9137762,5.9519243,-2.1030653,-0.0037686653,3
74.356995,0.9863221,43.798718054798535,-87.98963112770566,0,1,8240.138,0.011190189,6,1,false,false,0.3946421,1.6257571,3.5731392,-2.1031141,-0.0012710997,3
74.3786,0.98651534,43.79870689440372,-87.98963087895285,0,1,8245.487,0.0075528105,6,1,false,false,0.22852567,1.6088902,6.2495074,-2.1030948,0.003631433,3
74.3951,0.98670864,43.79869573400891,-87.98963050620283,0,1,8259.609,0.011470404,6,1,false,false,-0.25238067,1.7276597,14.068067,-2.1030638,0.0028716128,3
74.40955,0.98690194,43.798684573614096,-87.9896302578292,0,1,8273.517,0.022101246,6,1,false,false,0.3117932,1.8905101,11.442628,-2.1029937,0.008415589,3
74.432274,0.98709524,43.798673413219284,-87.9896300094556,0,1,8273.501,0.012589099,6,1,false,false,0.37935778,1.7345992,8.756531,-2.1027968,0.013121786,3
74.463425,0.9872887,43.79866225282447,-87.98962976070278,0,1,8246.954,-0.0033582472,6,1,false,false,-0.03786601,1.553317,9.4435005,-2.102631,0.0065663494,3
74.49061,0.98748225,43.79865109242966,-87.98962938795275,0,1,8225.751,-0.012031913,6,1,false,false,0.28155398,1.4741774,8.108541,-2.1025789,0.002514253,3
74.51177,0.9876758,43.798639932034845,-87.98962913957914,0,1,8245.698,-0.020144068,6,1,false,false,-0.2516811,1.3122054,7.8999333,-2.1025872,-0.0036245005,3
74.523544,0.9878694,43.798628771622866,-87.98962889120551,0,1,8270.009,-0.0036384596,6,1,false,false,0.24267358,0.8051411,7.998201,-2.1027198,-0.009065945,3
74.53991,0.988063,43.79861761122805,-87.9896286424527,0,1,8277.447,0.015386915,6,1,false,false,0.04471332,1.4607803,9.76407,-2.1028547,-0.004986324,3
74.56021,0.98825663,43.798606360827975,-87.98962826970268,0,1,8271.25,0.030494701,6,1,false,false,0.8414044,1.4901527,11.21578,-2.1028428,0.007499434,3
74.58374,0.98845035,43.79859520043316,-87.98962802132905,0,1,8270.293,0.029935345,6,1,false,false,0.7863389,1.6935557,10.0403595,-2.1025746,0.020630166,3
74.607475,0.9886442,43.79858404003835,-87.98962777257624,0,1,8268.402,0.040846396,6,1,false,false,1.2333409,1.7333947,12.127984,-2.102176,0.02593765,3
74.63118,0.988838,43.79857287964354,-87.98962739982622,0,1,8262.563,0.046161827,6,1,false,false,1.9836688,1.7235194,13.68663,-2.1016395,0.03665522,3
74.65241,0.989032,43.798561629243466,-87.9896271514526,0,1,8261.079,0.043644216,6,1,false,false,1.7271705,1.5976129,12.691067,-2.1009586,0.04246629,3
74.67378,0.989226,43.79855046884865,-87.98962677870257,0,1,8265.874,0.03916728,6,1,false,false,1.8709732,1.4282664,12.340896,-2.1002283,0.043373726,3
74.693146,0.98942006,43.798539218448575,-87.98962653032896,0,1,8267.552,0.024899064,6,1,false,false,1.7851541,1.2881498,11.754388,-2.0994961,0.041179065,3
74.71312,0.9896141,43.79852805805376,-87.98962615757894,0,1,8269.281,0.006153897,6,1,false,false,1.5394659,1.360989,10.548076,-2.098862,0.03135436,3
74.73322,0.9898083,43.7985168076494,-87.98962590882611,0,1,8272.619,-0.009513229,6,1,false,false,0.8040499,1.7961948,13.694134,-2.0984352,0.017007506,3
74.75542,0.99000263,43.798505647254586,-87.98962553607609,0,1,8271.173,-0.0047571557,6,1,false,false,0.34632128,1.8396354,12.24765,-2.0982847,0.0004399603,3
74.77235,0.99019694,43.79849439685451,-87.98962516332607,0,1,8272.179,-0.00056042854,6,1,false,false,0.79443735,1.5929941,9.911694,-2.0982804,-0.0012496362,3
74.79303,0.99039125,43.79848323645755,-87.98962479057604,0,1,8275.748,-0.01790668,6,1,false,false,0.14838324,1.6670566,11.743282,-2.098282,-0.0018741537,3
74.813644,0.99058574,43.798471986059624,-87.98962454220242,0,1,8272.897,-0.031895764,6,1,false,false,-0.7656319,1.6808392,12.775629,-2.098406,-0.013645395,3
74.830124,0.99078023,43.79846082566159,-87.9896241694524,0,1,8276.931,-0.027418826,6,1,false,false,-0.3649602,1.4940275,9.523268,-2.0987089,-0.020397617,3
74.84626,0.9909748,43.79844957526219,-87.98962379670238,0,1,8291.943,-0.018466027,6,1,false,false,-0.65620345,1.3363719,8.093141,-2.0990689,-0.022308394,3
74.86361,0.9911693,43.798438324862516,-87.98962342395235,0,1,8295.259,-0.0016791208,6,1,false,false,-0.27576947,1.3084369,9.794606,-2.0994415,-0.019006345,3
74.88029,0.9913639,43.79842716446556,-87.98962317519954,0,1,8295.774,0.013427578,6,1,false,false,-0.28085387,1.3441075,11.257469,-2.0996888,-0.009600943,3
74.89431,0.99155843,43.79841591406549,-87.9896228024495,0,1,8305.206,0.028256226,6,1,false,false,-0.056766532,0.71123785,9.389303,-2.0997448,0.0021325715,3
74.919,0.9917531,43.79840466366541,-87.98962242969948,0,1,8315.252,0.031054039,6,1,false,false,0.15973066,1.7836227,11.193198,-2.0995636,0.016258651,3
74.941124,0.99194777,43.79839341326534,-87.98962205694946,0,1,8293.55,0.0176243,6,1,false,false,0.26372772,1.7218109,10.579969,-2.0991898,0.024624264,3
74.96476,0.9921425,43.79838216286526,-87.98962180857585,0,1,8277.75,-0.0016791238,6,1,false,false,0.18982057,1.6186788,12.110082,-2.0987835,0.02208097,3
74.98215,0.9923372,43.79837091246519,-87.98962143582581,0,1,8289.816,-0.013429741,6,1,false,false,0.004097685,1.286943,8.897451,-2.0985029,0.011249084,3
74.99539,0.99253213,43.798359752070375,-87.98962106307579,0,1,8309.23,-0.013709953,6,1,false,false,0.1284436,1.0799143,8.333954,-2.0984218,0.00037834025,3
75.01164,0.992727,43.798348501670304,-87.98962069032576,0,1,8313.416,-0.012870396,6,1,false,false,0.15516971,1.3475482,10.86109,-2.0984766,-0.004857278,3
75.027534,0.9929219,43.798337251270226,-87.98962044157295,0,1,8310.759,-0.007554971,6,1,false,false,-0.23193796,1.1560438,9.217853,-2.0985978,-0.008688569,3
75.043785,0.99311686,43.798326000870155,-87.98962006882293,0,1,8320.244,0.008951719,6,1,false,false,0.03867364,1.3912615,8.300535,-2.0987346,-0.0073556025,3
75.06367,0.9933118,43.798314750470084,-87.98961969607291,0,1,8326.269,0.02182103,6,1,false,false,0.32716757,1.5780693,9.079252,-2.0987723,0.0024899514,3
75.08501,0.9935069,43.79830350007859,-87.98961932332287,0,1,8315.599,0.020702336,6,1,false,false,0.3086701,1.6150959,7.422794,-2.0986564,0.0113156885,3
75.10462,0.993702,43.79829224967852,-87.98961895057285,0,1,8309.426,0.017066041,6,1,false,false,0.45599216,1.4615421,7.526595,-2.098449,0.015671441,3
75.11889,0.99389714,43.79828090927318,-87.98961857782282,0,1,8323.807,0.017066037,6,1,false,false,0.40554094,0.78007364,6.8039374,-2.0981946,0.017602792,3
75.12818,0.99409235,43.79826965887311,-87.98961832944921,0,1,8347.596,0.019023212,6,1,false,false,0.8059772,1.0482177,6.455441,-2.0979018,0.019461507,3
75.14304,0.99428755,43.79825840847303,-87.98961795669918,0,1,8360.473,0.01202975,6,1,false,false,0.5563415,1.272297,8.858054,-2.0975661,0.02049623,3
75.16518,0.9944828,43.79824715807296,-87.98961758394915,0,1,8351.084,0.0047549894,6,1,false,false,0.569993,1.6021512,6.899844,-2.097244,0.017558027,3
75.18924,0.9946782,43.79823590767289,-87.98961721119913,0,1,8337.055,-0.0022395528,6,1,false,false,0.6505717,1.995413,8.7945,-2.096976,0.013434667,3
75.211624,0.9948736,43.79822456726755,-87.98961683844911,0,1,8331.974,-0.0030780318,6,1,false,false,0.54636705,1.2832915,8.02184,-2.0968254,0.005960831,3
75.23018,0.99506897,43.79821331686748,-87.98961646569909,0,1,8338.512,0.0030769503,6,1,false,false,0.74618685,1.444443,9.318484,-2.096768,0.0031171248,3
75.246506,0.99526453,43.798202066467404,-87.98961609294906,0,1,8345.781,0.00839237,6,1,false,false,0.75639987,1.2227944,7.8773355,-2.096718,0.0041547674,3
75.264626,0.99546003,43.798190726062074,-87.98961572019903,0,1,8346.511,0.017066037,6,1,false,false,0.9022059,1.3175594,7.6115627,-2.0966437,0.006312998,3
75.28335,0.9956556,43.798179475661996,-87.98961534706982,0,1,8344.941,0.026017753,6,1,false,false,1.1400026,1.3596839,7.7930384,-2.0965044,0.012197206,3
75.30166,0.9958513,43.798168225261925,-87.98961497431978,0,1,8348.8125,0.03413207,6,1,false,false,0.9751057,1.3152272,7.3134637,-2.096264,0.017960642,3
75.31856,0.9960469,43.79815688485659,-87.98961460156976,0,1,8354.968,0.041965105,6,1,false,false,1.4631716,1.3191183,7.0808334,-2.0959158,0.025954992,3
75.33539,0.99624264,43.79814563445652,-87.98961410482252,0,1,8359.855,0.038328804,6,1,false,false,1.5050436,1.3233851,8.352261,-2.0954263,0.03325134,3
75.35341,0.9964385,43.79813429406835,-87.9896137320725,0,1,8361.376,0.031054046,6,1,false,false,1.5714065,1.3124732,7.9902253,-2.094857,0.036015354,3
75.37124,0.9966343,43.79812304366828,-87.98961335932248,0,1,8363.037,0.02573862,6,1,false,false,1.555812,1.2564539,8.074879,-2.0942583,0.036023494,3
75.38979,0.9968301,43.79811170324577,-87.98961298657245,0,1,8363.96,0.023780365,6,1,false,false,1.6066688,1.1034987,6.7245398,-2.0936885,0.032786906,3
75.4097,0.9970261,43.7981003628576,-87.98961248944602,0,1,8364.732,0.022940801,6,1,false,false,1.8571942,1.5270677,10.617917,-2.0931773,0.029310852,3
75.42847,0.99722207,43.79808911245753,-87.989612116696,0,1,8364.495,0.023500156,6,1,false,false,2.016949,1.3676838,11.02511,-2.092691,0.028811302,3
75.44685,0.9974181,43.79807777203503,-87.98961161956956,0,1,8366.4795,0.026857316,6,1,false,false,1.5829337,1.4585273,11.383541,-2.0921965,0.027684363,3
75.46781,0.99761415,43.798066431646866,-87.98961124681954,0,1,8364.728,0.029655129,6,1,false,false,1.9780724,1.65848,12.291522,-2.0917034,0.029180542,3
75.489044,0.99781024,43.79805518124679,-87.9896107496931,0,1,8357.535,0.016505605,6,1,false,false,1.5714014,1.6269557,12.661114,-2.0911777,0.029659392,3
75.5084,0.99800634,43.79804384085862,-87.98961037694308,0,1,8352.961,0.00027913228,6,1,false,false,1.1457382,1.3395603,9.585018,-2.090736,0.021559155,3
75.52661,0.9982026,43.79803250043612,-87.98960988019584,0,1,8358.794,-0.014548434,6,1,false,false,0.518709,1.3399394,9.96087,-2.0904722,0.01001235,3
75.543396,0.99839884,43.79802116004795,-87.9896093830694,0,1,8364.483,-0.01706712,6,1,false,false,0.09430687,1.2347531,7.908559,-2.090445,-0.0032018414,3
75.55757,0.9985952,43.79800990964788,-87.98960888594297,0,1,8369.948,-0.018466026,6,1,false,false,0.16647296,1.2329874,8.107191,-2.0905662,-0.007508697,3
75.572525,0.99879146,43.79799856922538,-87.98960851319295,0,1,8379.134,-0.029656215,6,1,false,false,-0.53399706,0.92383426,8.668161,-2.090768,-0.014286938,3
75.5871,0.9989878,43.79798722883721,-87.98960801606651,0,1,8388.142,-0.03245403,6,1,false,false,-0.8552278,1.2703484,5.612038,-2.0910869,-0.022035584,3
75.608536,0.99918425,43.79797588841471,-87.98960751931928,0,1,8391.249,-0.023781445,6,1,false,false,-0.3781731,1.5288492,-0.969986,-2.091499,-0.023440195,3
75.629425,0.9993807,43.79796454802654,-87.98960702219284,0,1,8384.712,-0.01091214,6,1,false,false,-0.56099975,1.2629995,9.190891,-2.0919306,-0.021722475,3
75.63755,0.9995772,43.79795320763837,-87.98960664944282,0,1,8387.343,0.0025176045,6,1,false,false,-0.63637006,-0.027058467,9.172584,-2.0923226,-0.019581055,3
75.65173,0.9997738,43.797941867215876,-87.9896061523164,0,1,8428.478,0.013707791,6,1,false,false,-1.0515269,2.1286395,11.047882,-2.0925531,-0.012688366,3
75.677536,0.9999704,43.797930526827706,-87.98960565518996,0,1,8420.629,0.011749533,6,1,false,false,-0.9494271,1.947278,9.551298,-2.092639,-0.002410246,3
75.70875,0.00016707234,43.7979191864052,-87.98960528243994,0,1,8361.644,-0.004476941,6,1,false,false,-0.63046765,2.0670848,9.1312475,-2.092584,0.006593007,3
