Speed,LapDistPct,Lat,Lon,Brake,Throttle,RPM,SteeringWheelAngle,Gear,Clutch,ABSActive,DRSActive,LatAccel,LongAccel,VertAccel,Yaw,YawRate,PositionType
79.38946,0.00050489494,43.99758888623868,11.371564435338973,0,1,8778.489,-0.022758797,6,1,false,false,-1.7448001,0.56579083,5.7490225,0.0057817632,-0.02688227,3
79.40129,0.0007597652,43.99759977625009,11.371571042799445,0,1,8813.427,-0.0234844,6,1,false,false,-2.0526288,1.1688635,11.462043,0.005341289,-0.026673675,3
79.42063,0.0010146897,43.99761066624434,11.371577650259916,0,1,8813.381,-0.022758797,6,1,false,false,-2.234779,1.1107333,9.321351,0.004882904,-0.028134892,3
79.44055,0.0012696725,43.997621646240674,11.371584257720386,0,1,8789.044,-0.021305708,6,1,false,false,-1.7154276,1.7452629,9.421383,0.0044115237,-0.025753263,3
79.46346,0.0015247313,43.99763253625209,11.371590865180858,0,1,8784.713,-0.026874632,6,1,false,false,-2.2094245,1.4131655,10.686343,0.004001768,-0.024105439,3
79.48184,0.0017798538,43.9976434262635,11.371597472641328,0,1,8793.273,-0.02590653,6,1,false,false,-1.8479427,1.2802975,11.01369,0.003587669,-0.025004178,3
79.49791,0.00203503,43.99765440624267,11.371604080196914,0,1,8799.498,-0.02881176,6,1,false,false,-2.1709921,1.164249,10.681422,0.003165989,-0.026634393,3
79.51548,0.0022902582,43.99766529627125,11.37161081235337,0,1,8798.153,-0.027601173,6,1,false,false,-1.9103599,1.2930707,9.978728,0.0027192123,-0.027001575,3
79.53169,0.0025455416,43.997676186265494,11.371617419813841,0,1,8799.216,-0.027842727,6,1,false,false,-2.1431398,1.2005414,8.765128,0.002259111,-0.028898595,3
79.54963,0.0028008798,43.99768716624466,11.371624151970297,0,1,8804.364,-0.02106415,6,1,false,false,-1.8300493,1.1928298,8.977552,0.0017760837,-0.028108645,3
79.56506,0.0030562712,43.997698056273244,11.371630759430767,0,1,8808.19,-0.017432371,6,1,false,false,-1.6669729,1.1963362,9.33438,0.0013371457,-0.024638545,3
79.58147,0.0033117144,43.99770894626749,11.371637491587224,0,1,8812.061,-0.012348434,6,1,false,false,-1.7365856,1.203049,7.431031,0.0009519707,-0.021669516,3
79.600044,0.0035672144,43.99771983626174,11.371644099047694,0,1,8813.436,-0.00992631,6,1,false,false,-1.343759,1.3293561,6.862278,0.0006364231,-0.016167741,3
79.61776,0.003822775,43.99773081627524,11.37165083120415,0,1,8812.902,-0.011379397,6,1,false,false,-1.6221291,1.1228632,8.427949,0.00042001062,-0.012328784,3
79.63301,0.004078388,43.99774170626948,11.371657563360605,0,1,8816.755,-0.015252736,6,1,false,false,-1.4204708,1.0295298,8.15578,0.00022827975,-0.012081276,3
79.647736,0.004334048,43.99775259626373,11.371664295421946,0,1,8828.609,-0.025664033,6,1,false,false,-1.5794611,1.228067,8.955764,1.5134685e-05,-0.014717905,3
79.66478,0.004589759,43.99776357627723,11.371670902977533,0,1,8832.952,-0.041885808,6,1,false,false,-1.970714,1.2384742,11.180443,-0.0002875855,-0.022105696,3
79.684105,0.0048455275,43.99777446627148,11.371677635038873,0,1,8826.31,-0.05786509,6,1,false,false,-2.7090876,1.4657719,9.5493,-0.00077055563,-0.0353462,3
79.70455,0.0051013604,43.99778544628497,11.371684367195328,0,1,8817.973,-0.06997102,6,1,false,false,-2.9524884,1.524363,10.603486,-0.0014975602,-0.050090987,3
79.723885,0.005357259,43.99779633627922,11.371691224047769,0,1,8816.383,-0.07723458,6,1,false,false,-3.8535967,1.2802042,11.603441,-0.002438117,-0.06268194,3
79.73992,0.0056132106,43.99780722627347,11.371697956204224,0,1,8821.279,-0.077234596,6,1,false,false,-3.8702278,1.1248118,8.068617,-0.0035822708,-0.0727246,3
79.7555,0.005869214,43.99781811630205,11.371704688360682,0,1,8829.115,-0.06997104,6,1,false,false,-4.235912,1.1897995,9.605938,-0.0048268586,-0.076326534,3
79.77131,0.0061252695,43.997829096281215,11.371711420517137,0,1,8829.941,-0.05495985,6,1,false,false,-4.134767,1.0650225,9.722969,-0.0060951416,-0.075720064,3
79.78556,0.006381374,43.9978399863098,11.371718277274462,0,1,8832.099,-0.032926664,6,1,false,false,-3.6596954,1.1313477,8.859372,-0.0072831223,-0.065364905,3
79.80189,0.0066375276,43.99785087630404,11.371725134079345,0,1,8839.873,-0.012832488,6,1,false,false,-3.8851645,1.2961947,11.007796,-0.008260023,-0.051213086,3
79.819466,0.0068937363,43.99786176629829,11.371731990931787,0,1,8839.432,0.013074042,6,1,false,false,-2.3898022,1.2905648,8.313578,-0.008961925,-0.029891504,3
79.8383,0.007150001,43.99787274631179,11.371738723040684,0,1,8835.295,0.025905594,6,1,false,false,-1.8685565,1.366408,9.456526,-0.009232102,-0.0042541404,3
79.85663,0.0074063255,43.997883636306035,11.371745579893124,0,1,8832.37,0.029295813,6,1,false,false,-0.8023603,1.1678495,10.380179,-0.00912887,0.014903678,3
79.871506,0.0076627014,43.997894526300286,11.371752436698008,0,1,8839.677,0.026632136,6,1,false,false,-0.23620461,1.0470731,10.143103,-0.008768002,0.026235392,3
79.88623,0.0079191215,43.997905416294536,11.37175929350289,0,1,8848.86,0.018642023,6,1,false,false,0.27115735,1.1072491,11.90929,-0.008299313,0.029281517,3
79.9033,0.008175592,43.997916396308035,11.371766150307774,0,1,8848.8,0.01379965,6,1,false,false,0.56187904,1.2772309,9.407056,-0.0078246165,0.02772634,3
79.92135,0.008432118,43.99792728630228,11.371773007112656,0,1,8842.336,0.0038733394,6,1,false,false,0.60985273,1.3348166,11.999959,-0.0074185,0.02097731,3
79.939125,0.008688702,43.99793817629653,11.371779863965097,0,1,8839.829,-0.0033892891,6,1,false,false,0.7732253,1.0228107,6.805437,-0.007128441,0.0138089815,3
79.95601,0.008945339,43.99794915631003,11.37178672076998,0,1,8846.791,-0.017916419,6,1,false,false,0.14742461,1.2200545,10.301663,-0.006972897,0.0028492124,3
79.9712,0.009202027,43.99796004630427,11.371793577574865,0,1,8851.099,-0.025179986,6,1,false,false,0.0031114668,0.946591,9.487084,-0.0070215645,-0.008681292,3
79.98443,0.009458754,43.99797093629852,11.371800434379747,0,1,8856.134,-0.035832837,6,1,false,false,-0.65213215,1.1303384,10.00342,-0.0072524874,-0.01903488,3
80.00081,0.009715531,43.99798191631202,11.37180729118463,0,1,8860.557,-0.039463677,6,1,false,false,-1.2779003,1.21054,7.258343,-0.0076722903,-0.030435048,3
80.019135,0.009972363,43.997992806306264,11.371814148037071,0,1,8857.098,-0.03873808,6,1,false,false,-1.7774845,1.2913942,12.075473,-0.008249788,-0.038341057,3
80.035286,0.010229249,43.998003786319764,11.371821129490382,0,1,8852.964,-0.038738076,6,1,false,false,-1.997825,1.0731386,10.280742,-0.008916189,-0.040801067,3
80.04966,0.01048618,43.998014676314014,11.371827986295264,0,1,8861.246,-0.043096397,6,1,false,false,-2.5377948,1.198061,10.238803,-0.009629521,-0.044015266,3
80.06716,0.0107431635,43.998025656327506,11.371834843147704,0,1,8865.3955,-0.042853907,6,1,false,false,-2.8045976,1.2218833,10.213773,-0.010387333,-0.04587992,3
80.084015,0.011000201,43.99803654632176,11.371841824601015,0,1,8857.979,-0.044791043,6,1,false,false,-2.9021962,1.2590009,11.497921,-0.011145161,-0.045099337,3
80.09941,0.011257287,43.99804743631601,11.371848681405899,0,1,8856.847,-0.04430606,6,1,false,false,-3.0933528,1.1051493,11.864203,-0.0119225085,-0.04759163,3
80.11253,0.011514419,43.9980584163295,11.371855662906766,0,1,8866.77,-0.038980577,6,1,false,false,-3.0270913,1.0751392,10.996994,-0.012735901,-0.04818121,3
80.12714,0.011771593,43.99806930632375,11.37186251971165,0,1,8873.107,-0.035590347,6,1,false,false,-3.3997474,1.1542794,10.783671,-0.013529031,-0.046543773,3
80.14402,0.012028818,43.99808028633725,11.371869501212517,0,1,8866.524,-0.02929582,6,1,false,false,-2.8601677,1.2202122,8.222727,-0.014259694,-0.040128216,3
80.16013,0.012286095,43.99809117633149,11.371876482713384,0,1,8862.844,-0.028811766,6,1,false,false,-3.0676968,1.1029432,8.673115,-0.014868002,-0.034773905,3
80.17346,0.01254342,43.99810206632574,11.371883464166695,0,1,8870.453,-0.025664037,6,1,false,false,-2.4279652,0.83244646,5.9739623,-0.015401813,-0.030554265,3
80.18548,0.012800785,43.99811304633924,11.371890445667564,0,1,8885.477,-0.032443542,6,1,false,false,-2.734931,0.9943937,7.35626,-0.015861414,-0.028053818,3
80.19768,0.013058191,43.998123936333485,11.371897427120874,0,1,8890.549,-0.04019115,6,1,false,false,-2.7615695,0.8869873,9.961043,-0.016357617,-0.033049986,3
80.21247,0.0133156385,43.998134826327735,11.371904408621742,0,1,8891.019,-0.049875908,6,1,false,false,-2.7648942,1.2225075,8.36966,-0.016959345,-0.03834312,3
80.230255,0.013573137,43.99814571639065,11.371911390122609,0,1,8890.407,-0.06173843,6,1,false,false,-3.3766422,1.3906789,10.542063,-0.01768404,-0.047791753,3
80.24938,0.0138307,43.998156696335485,11.371918496271904,0,1,8882.608,-0.060527835,6,1,false,false,-3.355813,1.2665367,9.32548,-0.018551718,-0.054923646,3
80.26678,0.014088318,43.99816758632973,11.371925477725215,0,1,8878.662,-0.056896053,6,1,false,false,-3.9279768,1.2490876,10.339965,-0.019496635,-0.058961354,3
80.281784,0.014345989,43.998178476392646,11.371932583922067,0,1,8883.453,-0.041885804,6,1,false,false,-3.7117527,0.9227522,9.814442,-0.020496694,-0.05928545,3
80.2951,0.014603705,43.998189366386896,11.371939565375378,0,1,8891.921,-0.02977986,6,1,false,false,-3.385585,0.9903784,7.71608,-0.021419276,-0.050730508,3
80.31092,0.014861466,43.99820034640039,11.371946671524674,0,1,8893.813,-0.020095114,6,1,false,false,-3.1220725,1.1619124,9.263952,-0.02217124,-0.040108744,3
80.32611,0.01511928,43.99821123639464,11.37195377767397,0,1,8890.235,-0.013315596,6,1,false,false,-2.78588,1.0705345,10.428656,-0.022743069,-0.02950475,3
80.33932,0.015377134,43.99822212638889,11.371960883823265,0,1,8894.9375,-0.014284636,6,1,false,false,-2.5418353,1.0600672,10.524556,-0.023171538,-0.022152778,3
80.35422,0.015635038,43.99823301638314,11.371967989972559,0,1,8903.158,-0.019611066,6,1,false,false,-2.353136,1.1713727,11.505202,-0.023514174,-0.018247766,3
80.37087,0.01589299,43.99824390637738,11.371975096169413,0,1,8899.908,-0.028811766,6,1,false,false,-2.736023,1.2889081,10.728024,-0.023828095,-0.019420601,3
80.3886,0.016150996,43.99825479637163,11.371982202318707,0,1,8889.449,-0.036559373,6,1,false,false,-2.6142638,1.2947195,13.513614,-0.024215339,-0.025763765,3
80.40384,0.016409056,43.99826577638513,11.371989433116429,0,1,8888.079,-0.0464857,6,1,false,false,-2.9878912,0.99779284,13.233761,-0.024714127,-0.03388929,3
80.416824,0.016667157,43.998276666379375,11.371996539265725,0,1,8897.101,-0.058349144,6,1,false,false,-3.316833,1.0675241,11.106679,-0.025382971,-0.044707566,3
80.42998,0.016925298,43.998287556373626,11.37200364541502,0,1,8900.18,-0.06779234,6,1,false,false,-4.0038424,0.99990034,11.655729,-0.02623895,-0.057034306,3
80.44436,0.017183483,43.998298446367876,11.372010876260301,0,1,8893.791,-0.07432937,6,1,false,false,-4.067338,1.0067041,11.082322,-0.027275933,-0.0664967,3
80.45692,0.017441709,43.99830933636213,11.372018107058024,0,1,8896.257,-0.08207696,6,1,false,false,-4.7370744,1.0244263,10.836806,-0.028464662,-0.07594587,3
80.46873,0.017699974,43.99832022642504,11.372025337903302,0,1,8905.875,-0.081350446,6,1,false,false,-5.002693,0.9770086,9.947989,-0.029816458,-0.084190026,3
80.48174,0.017958278,43.99833111641929,11.372032568701025,0,1,8909.556,-0.07457092,6,1,false,false,-5.177034,1.0561264,9.224819,-0.031253688,-0.08677099,3
80.49606,0.018216627,43.99834200641354,11.372039799546306,0,1,8905.707,-0.062707454,6,1,false,false,-4.8678308,1.0460203,10.179954,-0.032668132,-0.08194149,3
80.50942,0.01847502,43.99835289640779,11.372047030344028,0,1,8907.106,-0.04890687,6,1,false,false,-4.9748783,1.0151758,10.956435,-0.033968188,-0.07428428,3
80.52158,0.018733455,43.99836369638279,11.372054261189309,0,1,8914.849,-0.029779866,6,1,false,false,-4.2586737,1.0306401,8.0275545,-0.035128098,-0.06244514,3
80.53636,0.018991934,43.99837458637704,11.372061616683016,0,1,8918.868,-0.014043078,6,1,false,false,-3.8945885,1.0932826,8.718375,-0.036007896,-0.043948222,3
80.55225,0.019250464,43.99838547643995,11.372068972176724,0,1,8912.835,0.0031477325,6,1,false,false,-2.7851999,1.1273994,10.091826,-0.036572978,-0.025175124,3
80.56333,0.019509036,43.9983963664342,11.372076202974446,0,1,8915.071,0.010895348,6,1,false,false,-1.9062636,0.90588796,11.029915,-0.036827512,-0.0072505693,3
80.576836,0.019767648,43.9984071664092,11.372083558468153,0,1,8928.068,0.00992631,6,1,false,false,-1.4439199,0.98614955,9.679362,-0.036848202,0.0039956714,3
80.590866,0.020026302,43.99841805640345,11.372090913961861,0,1,8928.916,0.014284637,6,1,false,false,-0.4323766,1.1480953,10.884708,-0.036740106,0.010890071,3
80.60822,0.020285008,43.9984289463977,11.372098269455568,0,1,8918.401,0.015737724,6,1,false,false,-0.27041328,1.1700641,9.031222,-0.036510546,0.0158994,3
80.623856,0.020543767,43.998439836391945,11.372105624949276,0,1,8913.8125,0.019611057,6,1,false,false,0.22513631,1.1076012,12.712584,-0.036234442,0.017561926,3
80.635925,0.02080257,43.998450636435614,11.372112980442983,0,1,8922.91,0.019611062,6,1,false,false,0.34902555,0.8610966,11.792617,-0.035924267,0.02002877,3
80.64818,0.02106141,43.998461526429864,11.372120211288262,0,1,8931.504,0.008957272,6,1,false,false,0.40868402,1.1364129,13.44857,-0.035605613,0.019901063,3
80.66146,0.021320289,43.998472416424114,11.372127566758191,0,1,8926.396,-0.0077476148,6,1,false,false,0.230582,1.0816674,17.112234,-0.03535089,0.012723412,3
80.675514,0.021579202,43.998483306418365,11.372134922251899,0,1,8917.688,-0.03220106,6,1,false,false,-0.27357537,1.1516763,13.946389,-0.03528237,-0.001321941,3
80.68698,0.021838157,43.99849419641261,11.372142277745606,0,1,8916.655,-0.0552014,6,1,false,false,-1.2399336,0.9109624,18.309052,-0.035517123,-0.023356339,3
80.69772,0.022097137,43.99850508640686,11.372149633239314,0,1,8918.017,-0.07045414,6,1,false,false,-2.1833646,0.8755995,14.3683195,-0.036132302,-0.04727942,3
80.70632,0.022356141,43.99851588638186,11.372156988733021,0,1,8920.745,-0.08159197,6,1,false,false,-3.259428,0.7626877,13.264622,-0.037111636,-0.067501135,3
80.71531,0.02261517,43.99852677644478,11.372164344226729,0,1,8924.536,-0.083045065,6,1,false,false,-3.8454509,0.7241061,11.648066,-0.038365982,-0.08127411,3
80.72223,0.022874217,43.99853766637036,11.372171824392641,0,1,8931.304,-0.082318544,6,1,false,false,-4.0960264,0.70595825,9.088199,-0.039779164,-0.087572984,3
80.730064,0.023133293,43.99854855643327,11.372179179886349,0,1,8942.131,-0.07820268,6,1,false,false,-4.77404,0.8030609,7.6139793,-0.041265033,-0.09046219,3
80.74099,0.0233924,43.99855935640828,11.372186660028484,0,1,8946.0625,-0.06682329,6,1,false,false,-4.5722218,1.0439705,6.7498884,-0.042757604,-0.087276824,3
80.753784,0.02365155,43.99857024647119,11.372194015522192,0,1,8943.696,-0.05544389,6,1,false,false,-4.9425187,0.95078576,11.675805,-0.044119097,-0.07828798,3
80.76507,0.023910737,43.99858104644619,11.372201495688104,0,1,8943.676,-0.041400813,6,1,false,false,-4.9944015,0.9969419,12.108495,-0.04539438,-0.07298584,3
80.77703,0.024169955,43.99859193650911,11.372208975854019,0,1,8950.332,-0.025664032,6,1,false,false,-4.6436143,1.282744,12.955903,-0.04656531,-0.060867462,3
80.792595,0.024429219,43.99860273648411,11.372216456019931,0,1,8944.221,-0.014768688,6,1,false,false,-4.3226976,1.377994,13.71526,-0.04747225,-0.04335667,3
80.80776,0.024688527,43.99861362640969,11.372223936162067,0,1,8927.532,0.002178695,6,1,false,false,-3.2871194,1.2002637,14.28571,-0.048066158,-0.025181755,3
80.81994,0.024947878,43.99862442652202,11.372231541000186,0,1,8924.998,0.008957273,6,1,false,false,-2.3819084,0.90521103,12.954705,-0.04832476,-0.00660716,3
80.8281,0.02520725,43.99863531644761,11.3722390211661,0,1,8938,0.012348434,6,1,false,false,-1.5021971,0.7696997,13.620218,-0.04833644,0.0042293286,3
80.83427,0.025466641,43.99864611642261,11.372246501332013,0,1,8948.243,0.012589989,6,1,false,false,-0.7598107,0.73322123,8.754745,-0.04820705,0.01037881,3
80.84267,0.02572606,43.998656916397614,11.372254106146354,0,1,8950.676,0.0036317818,6,1,false,false,-0.42915964,0.82996726,9.224976,-0.04801245,0.011885592,3
80.85347,0.02598551,43.998667806460524,11.372261586312268,0,1,8951.055,-0.0062954645,6,1,false,false,-0.5512159,0.9945141,9.466804,-0.04784424,0.007825018,3
80.86447,0.026244996,43.998678606435526,11.372269191150387,0,1,8953.538,-0.019369505,6,1,false,false,-0.66681445,1.1383322,9.360279,-0.047792144,-0.0007657043,3
80.87792,0.026504522,43.99868949649844,11.3722766713163,0,1,8953.566,-0.032926664,6,1,false,false,-0.95038986,1.1335247,12.573811,-0.047906425,-0.012389221,3
80.89068,0.02676409,43.998700296473444,11.37228427613064,0,1,8949.24,-0.04721224,6,1,false,false,-1.4806877,1.1801333,12.263937,-0.048238058,-0.026009882,3
80.902245,0.027023692,43.998711096448446,11.372291756296555,0,1,8948.611,-0.058833193,6,1,false,false,-2.2279205,1.1050797,12.091608,-0.048824485,-0.042050283,3
80.914825,0.027283331,43.99872198651136,11.372299361134674,0,1,8949.678,-0.0646446,6,1,false,false,-2.888535,1.0540841,12.337027,-0.049652364,-0.055166077,3
80.92495,0.027543003,43.998732786486364,11.372306965949015,0,1,8948.732,-0.0646446,6,1,false,false,-3.5734549,0.97199494,13.565353,-0.050678756,-0.06623896,3
80.9346,0.0278027,43.99874367641195,11.372314570787134,0,1,8950.564,-0.056896053,6,1,false,false,-3.8608623,0.9786831,12.944956,-0.051854946,-0.07114453,3
80.944305,0.02806243,43.998754476524276,11.372322175613364,0,1,8954.727,-0.050359037,6,1,false,false,-3.9934766,0.9336679,9.669433,-0.053032517,-0.06766771,3
80.95482,0.028322192,43.99876527649928,11.372329780451484,0,1,8953.62,-0.044306066,6,1,false,false,-4.0176024,0.9330901,11.0907345,-0.054103088,-0.06134451,3
80.96456,0.028581982,43.998776076474286,11.372337385277714,0,1,8952.404,-0.04019117,6,1,false,false,-3.803842,0.7846237,10.122269,-0.055058815,-0.054423556,3
80.97225,0.028841805,43.99878687644929,11.372344990115835,0,1,8960.798,-0.04115926,6,1,false,false,-3.8754778,0.8855782,12.48266,-0.05594034,-0.0506492,3
80.981384,0.02910165,43.9987977665122,11.37235271961427,0,1,8968.367,-0.042611413,6,1,false,false,-3.8392715,1.0115316,11.737978,-0.05680491,-0.04939091,3
80.99282,0.02936153,43.9988085664872,11.3723603244405,0,1,8963.06,-0.04454855,6,1,false,false,-3.9349406,1.1610253,12.420405,-0.057650667,-0.048500232,3
81.00536,0.029621443,43.9988193664622,11.372368053938937,0,1,8951.443,-0.04382201,6,1,false,false,-3.944675,1.0607204,13.3183975,-0.058472924,-0.048214763,3
81.0146,0.029881388,43.99883016643721,11.372375783437374,0,1,8950.615,-0.04188581,6,1,false,false,-3.718872,0.8627671,14.025643,-0.05927586,-0.04736819,3
81.02094,0.03014135,43.99884096654954,11.372383512935809,0,1,8962.648,-0.04091677,6,1,false,false,-3.769401,0.74023277,11.963024,-0.060084615,-0.04843371,3
81.02704,0.030401332,43.99885176652454,11.372391242434245,0,1,8970.245,-0.038496524,6,1,false,false,-3.6613436,0.7627341,13.756032,-0.060913205,-0.049004585,3
81.034996,0.030661328,43.99886247654896,11.372398971944571,0,1,8968.481,-0.038496517,6,1,false,false,-3.00858,1.0573044,12.808304,-0.061749,-0.045806278,3
81.044365,0.030921351,43.99887327652396,11.372406701443007,0,1,8965.858,-0.03752748,6,1,false,false,-3.4957552,1.0895545,13.236204,-0.06254337,-0.045139965,3
81.055405,0.031181404,43.99888407649897,11.372414430941443,0,1,8959.9,-0.022032246,6,1,false,false,-2.5195177,1.0687643,17.209444,-0.06331956,-0.041581847,3
81.06267,0.031441476,43.99889487647397,11.372422285106142,0,1,8958.53,-0.007990105,6,1,false,false,-2.2954834,0.86315966,15.376765,-0.063948296,-0.029735066,3
81.06894,0.031701557,43.99890567644897,11.372430014604577,0,1,8963.048,0.013799649,6,1,false,false,-1.4682965,0.8703563,14.798912,-0.064374976,-0.016684951,3
81.07438,0.031961657,43.99891638647339,11.37243786877522,0,1,8965.987,0.033654142,6,1,false,false,-0.35943618,0.82690847,14.228588,-0.06450747,0.0030870002,3
81.079346,0.03222176,43.99892718658572,11.372445598273655,0,1,8968.405,0.04406451,6,1,false,false,0.2241896,0.7841352,10.52372,-0.064308174,0.021217737,3
81.08498,0.032481883,43.99893798656072,11.372453452444299,0,1,8973.54,0.047695342,6,1,false,false,1.076258,0.8530435,11.465403,-0.06384423,0.035424236,3
81.09209,0.032742027,43.998948696585146,11.372461181942734,0,1,8977.41,0.039222114,6,1,false,false,1.496584,0.86730003,14.045366,-0.06317669,0.045157637,3
81.10006,0.033002187,43.99895949656015,11.372469036113378,0,1,8975.623,0.02203225,6,1,false,false,1.8743309,1.0818679,14.80101,-0.06246108,0.04434837,3
81.10878,0.03326237,43.99897029653515,11.372476765611813,0,1,8970.611,0.0029052394,6,1,false,false,1.8025433,1.1405959,15.143775,-0.061840456,0.033243086,3
81.11676,0.033522565,43.99898109651015,11.372484495113222,0,1,8963.913,-0.02178976,6,1,false,false,1.1124845,0.96383995,15.318893,-0.06146398,0.013418128,3
81.12255,0.033782773,43.99899189648515,11.372492349280892,0,1,8963.307,-0.03776904,6,1,false,false,0.26187605,0.7440758,14.656597,-0.06144724,-0.009684312,3
81.12586,0.034042984,43.99900260650957,11.372500078780813,0,1,8972.4795,-0.049148444,6,1,false,false,-0.7077297,0.70474076,13.294047,-0.06179935,-0.030898284,3
81.128365,0.0343032,43.99901340648457,11.372507932950713,0,1,8981.521,-0.054475795,6,1,false,false,-1.4503171,0.6867068,9.545629,-0.06247411,-0.04692272,3
81.13393,0.034563426,43.99902420659691,11.372515662450265,0,1,8982.89,-0.05665449,6,1,false,false,-2.4161649,0.9004662,10.330906,-0.06335571,-0.05731285,3
81.14075,0.034823675,43.99903500657191,11.372523516619049,0,1,8979.264,-0.052780222,6,1,false,false,-2.543412,0.9101583,8.965003,-0.06436217,-0.061200276,3
81.14851,0.035083946,43.99904571659633,11.372531246118971,0,1,8982.848,-0.04963343,6,1,false,false,-3.5058072,1.0646721,10.762487,-0.06538439,-0.06181344,3
81.156296,0.035344247,43.99905651657133,11.372539100288128,0,1,8984.986,-0.03898058,6,1,false,false,-3.1303055,0.93442494,12.172074,-0.06641485,-0.059165765,3
81.16288,0.035604563,43.99906731654633,11.372546954455798,0,1,8985.88,-0.030747974,6,1,false,false,-3.1044517,1.0310721,9.8403,-0.067341775,-0.049947325,3
81.17252,0.035864905,43.99907802657075,11.37255480862644,0,1,8984.504,-0.024694992,6,1,false,false,-3.2021992,1.1195918,12.177533,-0.06813048,-0.042988963,3
81.18097,0.036125273,43.99908882654576,11.37256266279411,0,1,8979.611,-0.014284639,6,1,false,false,-2.7023208,0.956887,13.050256,-0.0687859,-0.033992153,3
81.18791,0.036385663,43.99909962652076,11.372570516964752,0,1,8980.149,-0.0133155985,6,1,false,false,-2.400101,1.0583156,12.254788,-0.06927498,-0.023352353,3
81.194786,0.036646064,43.99911033654518,11.372578371135395,0,1,8983.409,-0.010895346,6,1,false,false,-2.3548903,0.90015996,13.844669,-0.06963067,-0.018010007,3
81.20153,0.036906485,43.99912113652018,11.372586225300092,0,1,8981.441,-0.0070210705,6,1,false,false,-1.7101512,0.91509634,9.683159,-0.06991085,-0.013698845,3
81.208244,0.037166927,43.9991318465446,11.37259420414294,0,1,8979.797,-0.0067785773,6,1,false,false,-1.3834713,0.9512849,10.775145,-0.07010005,-0.009317852,3
81.215385,0.037427384,43.9991426465196,11.372602058307638,0,1,8981.187,-0.007506057,6,1,false,false,-1.1083039,0.83864784,8.713027,-0.070224464,-0.007130305,3
81.219574,0.03768786,43.99915335654402,11.37260991247828,0,1,8986.312,-0.01041036,6,1,false,false,-0.8270684,0.83748245,11.902913,-0.07033775,-0.007197549,3
81.22463,0.03794835,43.99916415651902,11.372617891315185,0,1,8992.898,-0.0133156,6,1,false,false,-0.70839906,0.87532073,10.869423,-0.0704719,-0.008132645,3
81.230896,0.038208857,43.99917486654345,11.37262574549177,0,1,8995.489,-0.015252735,6,1,false,false,-0.8204204,1.1223576,11.67161,-0.07066137,-0.012250984,3
81.23989,0.03846938,43.99918557656787,11.37263372432273,0,1,8989.015,-0.010653788,6,1,false,false,-0.637635,1.1078312,11.436161,-0.07090344,-0.0139178885,3
81.24809,0.038729936,43.99919637654287,11.372641578493372,0,1,8982.863,-0.007506056,6,1,false,false,-0.7159262,1.012065,13.124782,-0.07114225,-0.013201757,3
81.25421,0.0389905,43.99920708656729,11.37264955733622,0,1,8984.105,-0.0012105939,6,1,false,false,-0.365124,0.8853613,11.127312,-0.07135272,-0.009907775,3
81.26003,0.039251078,43.99921788654229,11.372657411506864,0,1,8990.115,0.0014530874,6,1,false,false,-0.43027967,0.91895914,11.337884,-0.07147721,-0.0048220716,3
81.265434,0.039511677,43.99922859656671,11.372665390337822,0,1,8989.686,0.0060529704,6,1,false,false,-0.17063639,0.930007,11.4103,-0.07153359,-0.0015120576,3
81.271034,0.039772283,43.99923939654171,11.372673244508466,0,1,8988.908,0.010895347,6,1,false,false,0.1233416,0.9041629,9.876242,-0.07152356,0.003342018,3
81.27723,0.040032905,43.99925010656613,11.372681223351313,0,1,8992.671,0.011379397,6,1,false,false,0.2260299,0.9632933,10.543905,-0.071430124,0.0077917664,3
81.28283,0.04029355,43.99926090654114,11.372689077510067,0,1,8995.25,0.009926311,6,1,false,false,0.5440036,0.8978939,10.8551,-0.07128074,0.010547507,3
81.28895,0.040554207,43.99927161656556,11.372697056352914,0,1,8995.786,0.0075060576,6,1,false,false,0.6083884,0.96878505,10.010191,-0.071096174,0.011770653,3
81.296036,0.040814884,43.99928232658998,11.372704910523558,0,1,8995.522,0.0043583266,6,1,false,false,0.49322715,0.9685224,11.326005,-0.070924126,0.008932677,3
81.30258,0.04107558,43.99929312656498,11.372712889366406,0,1,8993.931,0.0038733382,6,1,false,false,0.6974611,0.95183897,11.186394,-0.070790075,0.00830602,3
81.30899,0.041336294,43.9993038365894,11.372720868209253,0,1,8995.336,-0.00024155749,6,1,false,false,0.5126588,0.9982276,11.601295,-0.070679724,0.005743758,3
81.31504,0.041597024,43.9993146365644,11.372728722368008,0,1,8995.33,0.0019371377,6,1,false,false,0.6695904,0.9168296,10.8026285,-0.07061877,0.0030684292,3
81.321266,0.041857764,43.99932534658882,11.372736701198965,0,1,8994.029,-0.0016946445,6,1,false,false,0.65841675,1.0411038,10.118421,-0.07057205,0.0022447486,3
81.32657,0.04211853,43.99933614656382,11.372744555381498,0,1,8993.9375,-0.0055679837,6,1,false,false,0.24687812,0.8450197,8.197368,-0.07055285,-0.0012377553,3
81.332054,0.04237931,43.99934694653883,11.372752534212458,0,1,8998.454,-0.01694738,6,1,false,false,-0.17083696,0.78080696,9.72951,-0.0705836,-0.0053335633,3
81.33415,0.0426401,43.99935765656325,11.372760388394989,0,1,9006.782,-0.026148085,6,1,false,false,-0.53550875,0.7233304,9.768476,-0.07073623,-0.01359823,3
81.33823,0.042900905,43.999368456675576,11.372768367225948,0,1,9014.681,-0.027842725,6,1,false,false,-0.9178312,0.98188776,8.741968,-0.07103544,-0.020948907,3
81.34766,0.043161724,43.99937916656267,11.372776346056906,0,1,9010.23,-0.025664037,6,1,false,false,-0.9886298,1.2113518,10.056806,-0.07145647,-0.027363863,3
81.356575,0.043422572,43.999389966675,11.372784200239439,0,1,8999.018,-0.016705824,6,1,false,false,-1.0926752,1.0790105,10.609735,-0.07191688,-0.026937151,3
81.36402,0.04368344,43.99940067656209,11.372792179070398,0,1,8999.137,-0.014527129,6,1,false,false,-1.2118891,1.012255,10.197467,-0.07234548,-0.023783011,3
81.37018,0.04394433,43.999411476674425,11.372800157901356,0,1,9006.949,-0.012348432,6,1,false,false,-1.1741127,0.9522927,9.3156185,-0.07270836,-0.019332312,3
81.376686,0.04420523,43.99942218656151,11.372808012083889,0,1,9007.361,-0.014768686,6,1,false,false,-1.1329368,0.997357,9.428791,-0.07299717,-0.01592686,3
81.38402,0.044466153,43.999432986673845,11.372815990914846,0,1,9002.128,-0.013315599,6,1,false,false,-1.1747525,0.9760419,7.01428,-0.07325415,-0.01578493,3
81.390465,0.044727106,43.99944369656094,11.372823969745806,0,1,9002.793,-0.010410358,6,1,false,false,-1.073638,0.88854367,7.859348,-0.07349782,-0.014997402,3
81.393616,0.044988077,43.999454496673266,11.372831948600544,0,1,9011.26,-0.011620953,6,1,false,false,-0.8686904,0.55737084,4.734295,-0.07370996,-0.012832514,3
81.396645,0.045249064,43.99946520656036,11.372839927431503,0,1,9022.973,-0.01791642,6,1,false,false,-1.2053938,0.74864054,7.5249643,-0.07389665,-0.012889142,3
81.40199,0.045510072,43.99947600667269,11.372847906262463,0,1,9026.799,-0.026632134,6,1,false,false,-1.4380412,0.885762,8.352726,-0.07413619,-0.017270796,3
81.40766,0.045771096,43.99948671669711,11.3728558851172,0,1,9024.21,-0.0360744,6,1,false,false,-1.626113,1.1400886,8.511745,-0.074474275,-0.022852033,3
81.418175,0.04603215,43.999497516672115,11.372863863948158,0,1,9020.732,-0.04696975,6,1,false,false,-1.860113,1.1822733,7.4421253,-0.07490768,-0.02915289,3
81.427765,0.046293236,43.999508226696534,11.372871842779118,0,1,9015.273,-0.051328063,6,1,false,false,-2.397818,1.1253357,10.666274,-0.075477354,-0.03962414,3
81.4353,0.046554353,43.99951893658363,11.372879821610077,0,1,9013.42,-0.047938783,6,1,false,false,-2.572672,0.8920938,9.642304,-0.076206565,-0.046828285,3
81.441376,0.046815477,43.999529736695955,11.372887800464815,0,1,9019.276,-0.047212232,6,1,false,false,-3.2183795,1.0233492,10.800297,-0.0770399,-0.05220643,3
81.44902,0.047076628,43.99954044658305,11.37289590396798,0,1,9019.259,-0.040432725,6,1,false,false,-3.3828857,1.0780257,10.379136,-0.07793943,-0.053160943,3
81.45789,0.047337793,43.999551246695376,11.372903882798939,0,1,9010.574,-0.04115926,6,1,false,false,-3.4620302,1.1675488,10.946038,-0.078796916,-0.04871236,3
81.46523,0.04759898,43.99956195658247,11.372911986302103,0,1,9005.8545,-0.043338895,6,1,false,false,-3.3118827,0.8866073,9.556584,-0.07957072,-0.044567123,3
81.4707,0.047860183,43.99957266660689,11.372919965156841,0,1,9011.762,-0.04454855,6,1,false,false,-3.2807,0.80931014,7.85586,-0.08030284,-0.04404491,3
81.47532,0.048121404,43.99958337663131,11.372928068636227,0,1,9017.666,-0.039222132,6,1,false,false,-2.7904825,0.8271847,7.148088,-0.08100362,-0.040909767,3
81.480034,0.048382636,43.999594176606315,11.372936172163172,0,1,9019.977,-0.03316916,6,1,false,false,-2.759848,0.773605,7.67946,-0.08163605,-0.037724238,3
81.48296,0.048643887,43.999604886630735,11.372944275690116,0,1,9025.626,-0.018400464,6,1,false,false,-2.4919038,0.67523897,8.989506,-0.08223553,-0.03487623,3
81.48522,0.04890514,43.999615596655154,11.372952379169503,0,1,9035.416,-0.0065370193,6,1,false,false,-2.1470392,0.7502171,7.382499,-0.08276694,-0.027686806,3
81.49345,0.049166422,43.99962630667957,11.372960482696445,0,1,9034.963,0.0021786946,6,1,false,false,-1.8646109,1.1249121,6.772801,-0.08314081,-0.016331874,3
81.50393,0.049427737,43.99963701670399,11.372968586175832,0,1,9020.239,0.008957273,6,1,false,false,-1.1751833,1.0212138,5.1323605,-0.08329395,-0.0037595863,3
81.51074,0.04968908,43.99964772672841,11.372976689702776,0,1,9016.825,0.010895347,6,1,false,false,-0.9135982,0.6403662,5.9027457,-0.08324153,0.0049887053,3
81.51141,0.049950447,43.99965843675283,11.37298479322972,0,1,9034.321,0.010653792,6,1,false,false,-0.34576505,0.3503232,5.1089973,-0.083089195,0.009950427,3
81.511284,0.05021182,43.99966914677725,11.372992896709107,0,1,9054.445,0.006295463,6,1,false,false,-0.37494528,0.6447215,5.4065995,-0.08288535,0.0116429655,3
81.5179,0.050473224,43.99967985680168,11.37300100023605,0,1,9053.766,0.0016946436,6,1,false,false,-0.21724601,0.9599002,6.118547,-0.082694426,0.009714906,3
81.527176,0.05073465,43.999690656639345,11.373009103715436,0,1,9042.557,-0.0053264266,6,1,false,false,-0.12340967,1.0382487,7.802193,-0.082544595,0.007154997,3
81.53653,0.050996117,43.999701366663764,11.373017331890807,0,1,9041.016,-0.019369505,6,1,false,false,-0.522696,1.0814583,10.156672,-0.08246956,0.0008529061,3
81.54482,0.051257607,43.99971207668819,11.373025435417752,0,1,9043.089,-0.032443542,6,1,false,false,-0.76293063,1.081055,9.90815,-0.0825619,-0.01073758,3
81.55564,0.051519133,43.99972278671261,11.373033538944696,0,1,9037.357,-0.044064507,6,1,false,false,-0.97784203,1.1711329,10.435396,-0.082857005,-0.023075506,3
81.56593,0.05178069,43.99973349673703,11.373041642424083,0,1,9026.25,-0.05181211,6,1,false,false,-1.5244309,1.093981,12.966647,-0.0833522,-0.03508986,3
81.5732,0.05204227,43.99974420676145,11.373049870599454,0,1,9023.319,-0.048180338,6,1,false,false,-2.1124349,0.985127,11.7451315,-0.08406487,-0.047753736,3
81.57912,0.052303858,43.99975491678587,11.373057974126397,0,1,9027.335,-0.032926656,6,1,false,false,-1.7168953,0.8488358,10.058773,-0.084904134,-0.04885348,3
81.58509,0.052565467,43.99976562681029,11.373066077653341,0,1,9027.514,-0.016705822,6,1,false,false,-1.821592,0.8911346,10.216634,-0.08565108,-0.04088564,3
81.59002,0.052827086,43.99977633656005,11.373074305828712,0,1,9024.72,0.007990111,6,1,false,false,-1.12022,0.653965,6.9392476,-0.08623236,-0.028561337,3
81.593956,0.05308872,43.99978704658447,11.373082409308099,0,1,9030.689,0.029295813,6,1,false,false,-0.4261255,0.7575465,8.549413,-0.08653323,-0.008710248,3
81.59729,0.05335038,43.99979775660889,11.37309063748347,0,1,9039.619,0.04793784,6,1,false,false,0.17036656,0.61375976,6.7845926,-0.08649788,0.011266868,3
81.60174,0.05361206,43.99980846663331,11.373098741010415,0,1,9044.902,0.065611765,6,1,false,false,1.1145047,0.8563326,8.8219,-0.086132556,0.03203893,3
81.607765,0.053873762,43.99981926674564,11.373106969185784,0,1,9043.925,0.07384342,6,1,false,false,2.2089176,0.84671617,10.26763,-0.08541899,0.054132435,3
81.616,0.054135494,43.999829976770066,11.373115072665172,0,1,9041.325,0.073843434,6,1,false,false,3.2170134,1.0204918,7.453931,-0.08435002,0.07283488,3
81.625824,0.054397263,43.999840686794485,11.373123300840543,0,1,9036.981,0.06779139,6,1,false,false,3.5044556,1.1064123,8.495434,-0.08308943,0.075055145,3
81.63366,0.05465907,43.999851396818904,11.373131404367486,0,1,9030.705,0.07142226,6,1,false,false,4.163483,0.7890675,6.246503,-0.08185041,0.072399184,3
81.63821,0.05492092,43.999862106843324,11.37313950789443,0,1,9037.076,0.07190629,6,1,false,false,4.4758215,0.5791992,6.6151366,-0.08062062,0.07322751,3
81.64084,0.055182785,43.999872906681,11.373147736069802,0,1,9051.489,0.07602308,6,1,false,false,4.7109046,0.54548836,6.7590814,-0.079380356,0.074243486,3
81.64304,0.055444676,43.99988361670542,11.373155839549188,0,1,9059.535,0.08038045,6,1,false,false,5.0458894,0.67174786,4.373375,-0.07810577,0.07800367,3
81.65007,0.0557066,43.999894416817746,11.37316394307613,0,1,9059.232,0.07965438,6,1,false,false,5.314508,0.9111248,5.856488,-0.07676183,0.08144505,3
81.65943,0.055968568,43.999905126842165,11.37317192190709,0,1,9054.017,0.07965437,6,1,false,false,5.839581,0.8887844,5.8458753,-0.07538219,0.08284619,3
81.666046,0.056230582,43.99991592667984,11.373180025434035,0,1,9055.593,0.08062296,6,1,false,false,5.7284865,0.8184614,4.3178434,-0.07398793,0.08266834,3
81.67332,0.05649263,43.999926726792175,11.373188128913421,0,1,9061.7705,0.087159984,6,1,false,false,5.776365,0.83941513,3.816413,-0.072632335,0.07941057,3
81.67986,0.056754727,43.99993752662984,11.37319610774438,0,1,9062.42,0.094906636,6,1,false,false,6.284838,0.6012297,4.128443,-0.07128812,0.08285622,3
81.685555,0.057016853,43.99994823665427,11.373204086622897,0,1,9065.8955,0.099264964,6,1,false,false,6.5012918,0.6999037,5.0877404,-0.06985009,0.089155346,3
81.689606,0.057279006,43.999959126854506,11.373212065453856,0,1,9073.339,0.109433316,6,1,false,false,6.814467,0.6697611,4.513517,-0.06829197,0.097816035,3
81.69824,0.057541203,43.99996992669218,11.373220044284814,0,1,9076.388,0.113549605,6,1,false,false,7.305194,0.7625695,5.925986,-0.0665957,0.10567565,3
81.707146,0.05780342,43.999980726804516,11.373228023115773,0,1,9069.535,0.113065556,6,1,false,false,7.919715,0.847305,7.4821253,-0.06475535,0.11519065,3
81.71638,0.058065597,43.999991526642184,11.373236001946733,0,1,9065.32,0.10386531,6,1,false,false,8.456231,0.95413935,6.225003,-0.06276385,0.121563144,3
81.72693,0.058327816,44.00000241684243,11.373243856129264,0,1,9064.247,0.09345402,6,1,false,false,8.481561,0.9299269,7.305143,-0.06077966,0.11499187,3
81.736115,0.05859007,44.0000132166801,11.373251710311797,0,1,9059.698,0.08304366,6,1,false,false,8.453458,0.8600067,7.4641805,-0.05895807,0.10387915,3
81.74303,0.05885235,44.000024106880346,11.373259564446771,0,1,9058.851,0.076748654,6,1,false,false,7.8994246,0.7051786,3.7007942,-0.05730548,0.094719656,3
81.751495,0.05911466,44.00003499680593,11.373267418629302,0,1,9064.673,0.0699701,6,1,false,false,7.424398,0.70957303,6.312327,-0.055838894,0.081696,3
81.7557,0.059376992,44.00004588673151,11.373275272811833,0,1,9068.527,0.06658081,6,1,false,false,7.173274,0.49655542,8.3247795,-0.054540467,0.07726521,3
81.759575,0.059639335,44.0000567766571,11.37328300229838,0,1,9075.594,0.061495923,6,1,false,false,6.91469,0.7220979,7.2957635,-0.05322928,0.07978558,3
81.77031,0.059901703,44.00006766685734,11.373290731784927,0,1,9076.94,0.053748325,6,1,false,false,6.482081,1.060363,8.29319,-0.05192831,0.07406825,3
81.78279,0.06016411,44.00007864687084,11.37329858596746,0,1,9060.367,0.043095477,6,1,false,false,6.6969695,0.97817653,8.904751,-0.05078291,0.06353898,3
81.79467,0.060426544,44.00008953679642,11.373306315454005,0,1,9050.902,0.027358677,6,1,false,false,5.6424804,0.98143023,6.550718,-0.049798224,0.052413348,3
81.80521,0.060689017,44.00010042672201,11.373313920292125,0,1,9056.216,0.015011174,6,1,false,false,4.612357,0.8576463,8.589007,-0.049085665,0.033330385,3
81.81166,0.06095152,44.0001114067355,11.37332164982623,0,1,9061.148,0.012348433,6,1,false,false,4.1483374,0.54281485,5.351408,-0.048666805,0.020668719,3
81.81809,0.061214045,44.000122386749,11.37332937926522,0,1,9067.417,0.00653702,6,1,false,false,3.0602648,0.67044294,6.465221,-0.04837928,0.014035224,3
81.826195,0.06147659,44.00013327667458,11.37333698410334,0,1,9069.8955,0.012832484,6,1,false,false,2.6067288,0.68579733,7.103865,-0.048227686,0.0067675035,3
81.83377,0.061739165,44.000144256688074,11.373344713637444,0,1,9071.632,0.021547262,6,1,false,false,2.4503093,0.8216202,7.5428586,-0.0481026,0.009821559,3
81.8452,0.06200176,44.00015523670157,11.373352318475563,0,1,9073.897,0.026389636,6,1,false,false,2.1072483,0.95337236,6.7148747,-0.047897927,0.014551298,3
81.85768,0.062264398,44.000166216715066,11.373360047914552,0,1,9067.908,0.034137256,6,1,false,false,2.1738083,1.0152657,9.336419,-0.047619827,0.01969439,3
81.86869,0.06252707,44.00017710664065,11.373367652752671,0,1,9060.459,0.03970617,6,1,false,false,2.4671519,0.825984,6.838448,-0.047222212,0.02885874,3
81.87652,0.062789775,44.00018808665415,11.37337525759079,0,1,9063.231,0.041885804,6,1,false,false,2.5226324,0.670227,10.00294,-0.04668121,0.036140848,3
81.8855,0.063052505,44.00019906666764,11.373382987124895,0,1,9069.702,0.04769534,6,1,false,false,3.2459981,0.67849886,11.598036,-0.04602603,0.043816403,3
81.89089,0.06331525,44.00021004668114,11.373390591963016,0,1,9074.434,0.0462432,6,1,false,false,3.0558968,0.80956244,14.097009,-0.045209005,0.051549684,3
81.89956,0.06357802,44.00022102669463,11.373398196801135,0,1,9070.385,0.042852975,6,1,false,false,3.7641242,0.9548647,12.625635,-0.04428472,0.05698063,3
81.91225,0.06384082,44.00023200670813,11.373405801639255,0,1,9057.011,0.024210948,6,1,false,false,3.4033191,1.0767105,12.542099,-0.043325078,0.052721877,3
81.92253,0.06410365,44.000242986721624,11.373413406477374,0,1,9042.224,0.009926307,6,1,false,false,2.7933483,0.7625648,9.24853,-0.042601716,0.033910424,3
81.9303,0.0643665,44.00025405682303,11.373421011315493,0,1,9046.474,0.00653702,6,1,false,false,2.4135695,0.43043408,11.0000515,-0.04220123,0.017961718,3
81.92867,0.06462935,44.00026503683653,11.373428491457629,0,1,9069.539,0.0067785787,6,1,false,false,1.8387606,0.031206042,5.92266,-0.04197605,0.012698044,3
81.92589,0.0648922,44.00027601685002,11.373436096295748,0,1,9095.173,0.011136904,6,1,false,false,1.1726542,0.32169834,4.1348066,-0.04178994,0.010783545,3
81.93141,0.06515506,44.00028708667677,11.373443701133867,0,1,9099.4,0.014284633,6,1,false,false,1.2659763,0.65932065,3.821188,-0.041616417,0.011754894,3
81.940155,0.065417945,44.00029806669027,11.373451305876872,0,1,9090.984,0.011136906,6,1,false,false,1.2388654,0.89886326,6.5516906,-0.04140902,0.013625766,3
81.95059,0.065680854,44.00030904670376,11.373458786114123,0,1,9089.747,0.009926312,6,1,false,false,1.2368466,0.83898956,8.891929,-0.041180853,0.014134271,3
81.960815,0.065943815,44.00032011680517,11.373466390952242,0,1,9092.636,0.010895347,6,1,false,false,1.4269367,0.94751585,12.528311,-0.04094126,0.014501764,3
81.97051,0.0662068,44.00033109681866,11.373473871094376,0,1,9088.147,0.012348434,6,1,false,false,1.5757728,0.99233735,14.228291,-0.04066342,0.017321434,3
81.982574,0.06646981,44.00034207683216,11.373481475932495,0,1,9076.232,0.012105007,6,1,false,false,1.4506326,1.1293164,14.641323,-0.04035542,0.016682051,3
81.99293,0.06673285,44.00035314693357,11.373489080770614,0,1,9062.303,0.014284635,6,1,false,false,1.8577039,0.8601101,14.090017,-0.0400709,0.016374974,3
82.00089,0.066995926,44.00036412694706,11.37349656091275,0,1,9056.237,0.01186345,6,1,false,false,1.2969248,0.65957546,11.744612,-0.039799128,0.015048583,3
82.006,0.067259,44.00037519677381,11.37350416575087,0,1,9060.953,0.0150111765,6,1,false,false,1.2114294,0.45952997,9.403608,-0.039584816,0.012542202,3
82.00706,0.067522086,44.00038626687522,11.373511645893004,0,1,9074.968,0.015011179,6,1,false,false,0.815378,0.16900775,5.4408216,-0.0393914,0.012621128,3
82.006485,0.06778519,44.00039724688872,11.37351912603514,0,1,9091.062,0.01767392,6,1,false,false,1.0104587,0.10250291,3.7015536,-0.039199717,0.013346706,3
82.00532,0.06804828,44.000408316715465,11.373526730873259,0,1,9105.212,0.01961106,6,1,false,false,1.3080401,0.17588651,1.8096569,-0.03895167,0.018258022,3
82.00709,0.06831138,44.00041929672896,11.373534211015393,0,1,9118.637,0.022274742,6,1,false,false,1.2238463,0.4983948,5.8163004,-0.038628355,0.020722292,3
82.015076,0.068574496,44.000430366830365,11.373541691157527,0,1,9120.6875,0.0326851,6,1,false,false,1.6488159,0.85052,7.6282935,-0.03826562,0.023968859,3
82.02803,0.06883765,44.00044143693177,11.373549295995648,0,1,9110.09,0.0418858,6,1,false,false,2.1235247,1.2184637,8.331722,-0.037791666,0.032346822,3
82.04436,0.06910084,44.000452416945265,11.373556776232897,0,1,9093.389,0.052296177,6,1,false,false,2.4913228,1.1540438,9.540605,-0.037189566,0.039724115,3
82.05826,0.0693641,44.00046348677202,11.373564256375031,0,1,9082.653,0.06246404,6,1,false,false,3.0652623,0.91985357,6.5827274,-0.036467854,0.04783193,3
82.06824,0.06962739,44.00047455687342,11.373571736517167,0,1,9085.303,0.06730641,6,1,false,false,3.585053,0.6631777,8.548569,-0.03561613,0.055968843,3
82.073166,0.06989069,44.00048562697483,11.373579216659301,0,1,9092.847,0.07045416,6,1,false,false,4.119644,0.35087752,5.8185744,-0.03461919,0.06525402,3
82.07865,0.07015402,44.00049669680158,11.373586696801436,0,1,9101.854,0.06803296,6,1,false,false,4.3090997,0.59461915,8.684404,-0.03346465,0.07293346,3
82.0863,0.07041736,44.000507766902984,11.373594177038687,0,1,9104.349,0.064643666,6,1,false,false,4.6103344,0.68527764,8.601503,-0.032221444,0.075641975,3
82.09494,0.07068074,44.00051883672973,11.37360165718082,0,1,9100.52,0.05738011,6,1,false,false,5.315161,0.9447377,12.611618,-0.030930381,0.07803395,3
82.10601,0.070944145,44.00052990683114,11.373609137322955,0,1,9095.606,0.04648568,6,1,false,false,5.031828,0.9348668,11.895763,-0.029621735,0.07462605,3
82.11511,0.071207605,44.00054097693255,11.373616492769106,0,1,9088.467,0.03897964,6,1,false,false,5.4491124,0.8610641,14.029806,-0.028456504,0.06377444,3
82.12566,0.0714711,44.000552136847205,11.37362384831037,0,1,9081.268,0.026874626,6,1,false,false,4.491934,0.66663563,8.80542,-0.027481455,0.050839946,3
82.13312,0.071734615,44.00056320694861,11.373631328452504,0,1,9075.786,0.021305703,6,1,false,false,3.9451153,0.54751986,9.143676,-0.026814688,0.032203928,3
82.13581,0.07199813,44.00057427677536,11.37363868399377,0,1,9083.072,0.01936857,6,1,false,false,2.8611934,0.100865014,4.9062,-0.026397549,0.022045864,3
82.13276,0.07226164,44.000585436964684,11.373646039439919,0,1,9107.958,0.022032248,6,1,false,false,2.557853,-0.18092847,2.018782,-0.026105216,0.01867462,3
82.12809,0.072525114,44.00059650679143,11.373653394981185,0,1,9133.745,0.02881177,6,1,false,false,2.3121243,-0.23070185,2.741653,-0.025793869,0.021837687,3
82.12713,0.072788596,44.00060766698075,11.373660750427334,0,1,9147.7295,0.040432725,6,1,false,false,3.1410022,0.36072308,5.272748,-0.02539124,0.029713206,3
82.136635,0.07305207,44.000618826895405,11.373668105873485,0,1,9149.158,0.0573801,6,1,false,false,4.189642,1.161804,16.778214,-0.024707863,0.049898222,3
82.15113,0.07331559,44.00062989699681,11.373675336718764,0,1,9127.473,0.08086498,6,1,false,false,5.5697618,1.4347712,14.0828285,-0.023627967,0.07319541,3
82.17435,0.07357917,44.000641056911476,11.37368269226003,0,1,9090.782,0.10023401,6,1,false,false,6.2666874,1.4615353,15.651269,-0.022188717,0.08533735,3
82.19184,0.0738428,44.00065221682613,11.373689923010193,0,1,9053.378,0.11597034,6,1,false,false,5.893254,1.2277805,10.608529,-0.020794168,0.0802517,3
82.20139,0.07410647,44.000663376740796,11.37369727855146,0,1,9059.249,0.12613961,6,1,false,false,5.184067,0.2554411,10.15448,-0.019546067,0.07811102,3
82.199776,0.07437013,44.00067453693011,11.37370450939674,0,1,9096.204,0.13098152,6,1,false,false,5.14987,-0.16093382,6.2806,-0.018233938,0.0886648,3
82.191414,0.07463378,44.00068569684477,11.373711740146904,0,1,9125.501,0.122023284,6,1,false,false,5.434872,-0.40190625,1.9181812,-0.01667065,0.106110126,3
82.18155,0.074897386,44.00069685675943,11.373718970992185,0,1,9142.643,0.10313831,6,1,false,false,5.3807225,-0.40456766,1.3379028,-0.0147668375,0.12452973,3
82.17871,0.07516098,44.00070801694875,11.373726201837464,0,1,9163.798,0.0861914,6,1,false,false,6.1693516,0.34946805,4.6030073,-0.012576503,0.13642564,3
82.19048,0.07542458,44.000719176863406,11.37373330798676,0,1,9168.763,0.068032935,6,1,false,false,6.911646,1.2450508,6.0435114,-0.010292311,0.1314904,3
82.21139,0.07568824,44.00073042686598,11.37374053883204,0,1,9134.356,0.05350676,6,1,false,false,7.872731,1.5794929,9.280878,-0.008261011,0.109393604,3
82.23252,0.07595197,44.00074158678064,11.373747644981336,0,1,9099.216,0.040916763,6,1,false,false,7.640346,1.2499675,9.580412,-0.0066610845,0.082123645,3
82.2473,0.076215744,44.000752836783214,11.37375475113063,0,1,9098.658,0.033654153,6,1,false,false,6.946063,0.86490434,7.7487907,-0.005540896,0.054998726,3
82.255844,0.07647956,44.00076408678578,11.373761857279925,0,1,9113.018,0.028811771,6,1,false,false,5.907396,0.53308225,7.6700306,-0.0048069265,0.03723342,3
82.26085,0.0767434,44.00077533678835,11.373768963429221,0,1,9116.985,0.02735868,6,1,false,false,5.2363067,0.46990332,6.5886602,-0.004282485,0.030204764,3
82.26787,0.07700726,44.00078649697767,11.373776069578517,0,1,9118.853,0.026148085,6,1,false,false,4.3816977,0.5877745,5.815149,-0.003806405,0.027948799,3
82.27627,0.07727113,44.00079774698024,11.373783051031825,0,1,9121.475,0.028569268,6,1,false,false,4.2390842,0.61275303,8.911034,-0.0033617432,0.027413234,3
82.28501,0.07753505,44.00080899698281,11.373790032580251,0,1,9122.885,0.03002142,6,1,false,false,4.186676,0.7165481,9.4423895,-0.0028741218,0.031087711,3
82.29606,0.077798985,44.000820246985384,11.373797138729547,0,1,9120.713,0.033895697,6,1,false,false,3.9037974,0.9390509,7.829757,-0.0023284203,0.032950707,3
82.3103,0.07806298,44.000831586801205,11.373804120182857,0,1,9111.617,0.039222118,6,1,false,false,3.84241,0.89775306,8.695517,-0.0017936602,0.032168735,3
82.321976,0.078327015,44.00084283680378,11.373811101636168,0,1,9105.211,0.04430605,6,1,false,false,3.7662063,0.64971626,11.010161,-0.0012422957,0.036250766,3
82.32741,0.07859108,44.00085408680635,11.373818083184593,0,1,9113.799,0.049874973,6,1,false,false,3.345542,0.38849315,9.608342,-0.00058597897,0.042512376,3
82.335815,0.078855164,44.00086533680892,11.373825064637904,0,1,9124.163,0.055442955,6,1,false,false,3.8836193,0.73761183,8.238483,0.00018200825,0.04935085,3
82.34705,0.07911929,44.0008766768994,11.373832046091215,0,1,9117.644,0.05374832,6,1,false,false,3.7948732,0.81366646,8.029948,0.0010625272,0.055056136,3
82.357796,0.079383455,44.000887926901974,11.37383902763964,0,1,9106.281,0.052537724,6,1,false,false,3.9074123,0.6133255,7.9882946,0.0019603632,0.054290846,3
82.36589,0.07964765,44.000899266992455,11.373845884396966,0,1,9112.775,0.046727255,6,1,false,false,4.0354733,0.5136526,7.7599244,0.0028728875,0.055962045,3
82.371574,0.07991187,44.00091051699503,11.373852865850274,0,1,9127.516,0.04043273,6,1,false,false,3.842442,0.46531594,9.121319,0.0037843266,0.053697344,3
82.379166,0.08017612,44.00092185681085,11.373859722702717,0,1,9129.502,0.03534879,6,1,false,false,3.9217181,0.666319,10.013287,0.0046542324,0.050663527,3
82.38994,0.080440395,44.00093310681342,11.373866704156026,0,1,9122.585,0.02929582,6,1,false,false,3.5857213,0.88366175,9.971513,0.005465461,0.044847533,3
82.40089,0.08070471,44.0009444469039,11.373873561008468,0,1,9116.537,0.026148086,6,1,false,false,3.4716911,0.75773877,10.906875,0.0061480403,0.03697743,3
82.410995,0.080969065,44.00095578699439,11.373880417860908,0,1,9116.1,0.020580096,6,1,false,false,3.206107,0.6421243,9.785343,0.0067229657,0.03163671,3
82.41979,0.081233464,44.00096712681021,11.373887274618234,0,1,9117.471,0.014768689,6,1,false,false,2.6596894,0.6094583,10.244795,0.0071852896,0.024296595,3
82.42725,0.08149787,44.00097837681278,11.37389425616666,0,1,9118.327,0.010410359,6,1,false,false,2.4206588,0.46327895,8.720392,0.007537496,0.019390276,3
82.4337,0.081762314,44.00098971690326,11.373901112923985,0,1,9123.82,0.004116769,6,1,false,false,1.9954337,0.49036318,8.759471,0.007817364,0.014581758,3
82.440704,0.08202679,44.00100105699374,11.37390784508044,0,1,9129.941,0.0021786941,6,1,false,false,1.7391589,0.50229037,6.8488884,0.008027734,0.010855653,3
82.4482,0.08229128,44.001012397084224,11.37391470193288,0,1,9131.958,0.0029052382,6,1,false,false,1.1368732,0.44104376,11.147447,0.008160037,0.0053902823,3
82.457405,0.0825558,44.00102373690005,11.373921558690206,0,1,9130.499,0.008957274,6,1,false,false,1.3052806,0.7440689,9.582353,0.008246122,0.0055212034,3
82.46657,0.08282035,44.00103507699053,11.373928415542647,0,1,9129.627,0.012832483,6,1,false,false,1.0394956,0.82012004,9.879854,0.008362572,0.007156092,3
82.47781,0.08308494,44.001046417081014,11.373935272299972,0,1,9124.079,0.0205801,6,1,false,false,1.1472006,0.6931453,12.294918,0.008504091,0.010739601,3
82.48564,0.08334955,44.00105775689684,11.373942129152413,0,1,9121.609,0.024695,6,1,false,false,1.2783022,0.4826377,12.124162,0.008736758,0.01717141,3
82.492714,0.08361418,44.00106918707523,11.373948861308868,0,1,9128.647,0.029295811,6,1,false,false,1.4068142,0.5162147,8.22549,0.00907703,0.023256877,3
82.50022,0.083878845,44.00108052689106,11.373955718066194,0,1,9131.281,0.030263914,6,1,false,false,1.4753277,0.3203505,12.324285,0.009501127,0.028063292,3
82.5051,0.084143534,44.00109186698154,11.373962574918634,0,1,9128.5205,0.030263916,6,1,false,false,1.7545067,0.30988485,9.082442,0.010005943,0.032611605,3
82.512276,0.08440825,44.00110320707202,11.373969431771075,0,1,9135.487,0.025664039,6,1,false,false,2.0275342,0.6202623,12.505392,0.010611242,0.037055757,3
82.52131,0.08467307,44.00111454688785,11.373976163927532,0,1,9134.017,0.019368565,6,1,false,false,2.1720479,0.599862,11.374902,0.011227614,0.03479661,3
82.52726,0.08493791,44.00112597706624,11.373983020684857,0,1,9124.209,0.014284633,6,1,false,false,2.0662065,0.55768317,15.64147,0.011761697,0.028429113,3
82.53318,0.08520276,44.001137316882065,11.373989752841313,0,1,9123.931,0.01186345,6,1,false,false,2.2215972,0.40863293,12.606774,0.012201282,0.024011143,3
82.536476,0.08546764,44.001148656972546,11.373996609693753,0,1,9133.575,0.010895349,6,1,false,false,1.7597637,0.3769901,12.144031,0.012572702,0.01945805,3
82.54081,0.08573251,44.00116008687628,11.374003341755094,0,1,9137.535,0.014768686,6,1,false,false,1.7964597,0.3666136,8.9666395,0.012860026,0.016214486,3
82.544655,0.0859974,44.00117142696676,11.374010073911549,0,1,9138.478,0.019368567,6,1,false,false,1.9052558,0.34684604,8.534575,0.013140303,0.018606137,3
82.55021,0.0862623,44.001182767057244,11.37401693076399,0,1,9143.909,0.028084284,6,1,false,false,1.8015187,0.506875,7.8793683,0.013472483,0.021456681,3
82.55711,0.08652722,44.00119419696098,11.374023662920445,0,1,9146.871,0.042127367,6,1,false,false,2.358404,0.5922496,11.035351,0.01386993,0.027689932,3
82.56599,0.08679216,44.00120553705146,11.374030395076902,0,1,9144.401,0.055442967,6,1,false,false,2.621389,0.7197404,9.734262,0.014438346,0.039768737,3
82.57504,0.087057136,44.0012169669552,11.374037127233358,0,1,9140.067,0.06900105,6,1,false,false,3.40785,0.7422785,10.102903,0.015205676,0.052529544,3
82.58369,0.08732214,44.00122830704568,11.374043859294698,0,1,9137.069,0.07699118,6,1,false,false,4.165972,0.585464,13.025424,0.01620694,0.06721642,3
82.589645,0.087587155,44.001239736949415,11.374050591451153,0,1,9138.399,0.084496744,6,1,false,false,4.835647,0.48064122,11.479489,0.017438164,0.07920293,3
82.595436,0.087852195,44.001251167127805,11.374057323607609,0,1,9142.086,0.08619137,6,1,false,false,5.157351,0.58952266,6.8059473,0.018856954,0.08781332,3
82.60582,0.08811726,44.00126259703154,11.374064055764066,0,1,9137.728,0.07965436,6,1,false,false,4.98716,0.70620435,5.0740037,0.020265795,0.08141439,3
82.611855,0.08838235,44.00127393712202,11.374070663224536,0,1,9132.911,0.072391264,6,1,false,false,4.9441,0.13292852,6.1399918,0.021524936,0.075381175,3
82.608154,0.08864743,44.00128536702576,11.374077270685007,0,1,9153.586,0.06391711,6,1,false,false,5.236088,-0.16665477,8.452387,0.02280189,0.08178618,3
82.608955,0.08891252,44.001296796929495,11.374084002841462,0,1,9182.389,0.055685468,6,1,false,false,5.719006,0.45485836,9.485165,0.024238598,0.08787317,3
82.618866,0.08917761,44.00130822710789,11.374090610301934,0,1,9176.383,0.048180327,6,1,false,false,5.6393156,1.0502205,11.380303,0.02568288,0.08044392,3
82.63445,0.08944276,44.00131965701162,11.37409721785752,0,1,9142.457,0.04164332,6,1,false,false,6.0509605,0.9689124,11.711507,0.026942134,0.068806686,3
82.64741,0.08970795,44.00133117700327,11.37410382531799,0,1,9128.361,0.032201044,6,1,false,false,5.6528397,0.85697377,14.175364,0.027999222,0.055766232,3
82.65454,0.08997318,44.001342606907,11.374110308082477,0,1,9136.914,0.026874626,6,1,false,false,4.8802767,0.5067682,13.07099,0.028816469,0.041478287,3
82.6583,0.090238415,44.0013540370854,11.374116915638062,0,1,9143.206,0.022516306,6,1,false,false,4.1598396,0.338757,11.278865,0.029420305,0.031580653,3
82.66397,0.09050368,44.001365557077044,11.374123398307434,0,1,9141.165,0.01888546,6,1,false,false,3.3349125,0.46598446,8.966393,0.029876102,0.024621695,3
82.6694,0.09076895,44.00137698698078,11.374130005767904,0,1,9141.873,0.017673925,6,1,false,false,2.7296271,0.44582877,9.905968,0.030233977,0.02020681,3
82.67145,0.09103422,44.001388506972425,11.374136488627506,0,1,9152.256,0.018642023,6,1,false,false,2.668753,0.31682938,8.162273,0.030565413,0.02026121,3
82.67777,0.09129952,44.00139993715082,11.374142971487107,0,1,9161.273,0.020336667,6,1,false,false,2.2973206,0.59843785,8.922155,0.03091985,0.020898635,3
82.687744,0.091564834,44.00141145714247,11.374149578947577,0,1,9153.414,0.026148079,6,1,false,false,2.5697904,0.7858145,10.7259035,0.031257946,0.020806229,3
82.69459,0.09183019,44.0014228870462,11.374156061807179,0,1,9144.408,0.03195856,6,1,false,false,2.5571308,0.5878184,10.802019,0.031650856,0.026744097,3
82.70174,0.092095554,44.00143440703785,11.37416254447655,0,1,9148.639,0.03994866,6,1,false,false,2.715686,0.52376837,9.480943,0.032142818,0.03232929,3
82.70729,0.09236095,44.00144592702949,11.374169027336151,0,1,9153.789,0.04939,6,1,false,false,2.8631475,0.50844526,10.860925,0.0327383,0.039604735,3
82.71313,0.09262636,44.00145735693323,11.374175510195752,0,1,9151.4795,0.058833197,6,1,false,false,3.240331,0.45712245,6.803214,0.03343921,0.045491323,3
82.72007,0.09289179,44.001468876924875,11.374181868264253,0,1,9151.939,0.06512771,6,1,false,false,3.7019815,0.4926994,10.429018,0.034255963,0.05428537,3
82.72499,0.09315724,44.00148039691652,11.374188351123854,0,1,9159.201,0.06803295,6,1,false,false,3.8401213,0.28276768,11.876547,0.035235606,0.06317629,3
82.72886,0.093422696,44.001491917182825,11.374194833983456,0,1,9166.5,0.06900105,6,1,false,false,4.5535364,0.6254671,11.5095415,0.03639685,0.073473155,3
82.736244,0.093688175,44.00150343717447,11.374201192051958,0,1,9162.286,0.06464367,6,1,false,false,4.7948203,0.66181266,12.085838,0.037700314,0.07891492,3
82.74486,0.093953684,44.001514957166115,11.374207674911558,0,1,9147.791,0.059316307,6,1,false,false,4.9995008,0.6685773,10.491741,0.03900602,0.07668687,3
82.75042,0.09421921,44.00152647715777,11.37421403298006,0,1,9145.295,0.05253773,6,1,false,false,4.853276,0.30165756,11.488691,0.040226918,0.0711763,3
82.753136,0.094484754,44.00153799714941,11.37422039104856,0,1,9158.061,0.04382202,6,1,false,false,4.777888,0.19030525,9.084878,0.041369397,0.066802636,3
82.7549,0.0947503,44.00154951714106,11.374226749307292,0,1,9170.893,0.032201048,6,1,false,false,4.213586,0.43423772,7.9350824,0.04243908,0.0595888,3
82.76023,0.09501587,44.0015610371327,11.374233107375794,0,1,9168.492,0.023484401,6,1,false,false,3.8625805,0.50128573,8.516483,0.04332183,0.04682729,3
82.76856,0.09528146,44.00157255712435,11.374239465634524,0,1,9161.582,0.014043082,6,1,false,false,3.5617225,0.575302,9.739584,0.04400221,0.035758946,3
82.77501,0.095547065,44.00158416692925,11.374245699102156,0,1,9164.805,0.0055679847,6,1,false,false,3.060091,0.51802135,10.506047,0.044516265,0.025703736,3
82.78165,0.0958127,44.001595687195554,11.374252057170658,0,1,9171.209,-0.0009690374,6,1,false,false,2.7013397,0.660441,11.066565,0.044873293,0.016047329,3
82.79045,0.096078366,44.0016072071872,11.374258290638288,0,1,9166.951,-0.004599883,6,1,false,false,1.8260736,0.65231514,10.374623,0.04506347,0.0063022957,3
82.79908,0.096344054,44.0016188169921,11.37426464870679,0,1,9158.036,-0.0036317818,6,1,false,false,1.3268578,0.52072114,9.708907,0.045109134,0.00031636842,3
82.80401,0.096609764,44.001630336983744,11.374270882174422,0,1,9159.136,-0.00096903706,6,1,false,false,1.4276376,0.38937598,12.609458,0.04510703,0.0010605931,3
82.806114,0.096875496,44.001641947063305,11.374277240433152,0,1,9171.272,0.002905239,6,1,false,false,1.3960949,0.32023555,11.357504,0.045177203,0.0066944435,3
82.80798,0.09714121,44.00165346705495,11.374283473900784,0,1,9180.996,0.009200702,6,1,false,false,1.0437461,0.36919522,8.915964,0.045319013,0.009166029,3
82.81488,0.09740696,44.001665077134504,11.374289707368415,0,1,9174.417,0.020336673,6,1,false,false,1.4917197,0.51018995,9.333795,0.045507286,0.015353205,3
82.819115,0.09767273,44.001676597126156,11.374296065436917,0,1,9167.531,0.02881177,6,1,false,false,1.566358,0.20302242,10.198828,0.04583904,0.025810013,3
82.82098,0.09793851,44.00168820720571,11.374302298904547,0,1,9178.992,0.039463688,6,1,false,false,1.8626012,0.27233943,7.927318,0.04635051,0.036108647,3
82.82587,0.09820429,44.00169981701061,11.37430853237218,0,1,9193.181,0.04769534,6,1,false,false,2.6510544,0.46292305,9.784029,0.047044605,0.04753244,3
82.83131,0.0984701,44.001711337002256,11.374314765839811,0,1,9189.272,0.052053668,6,1,false,false,3.1568627,0.50526583,9.69427,0.04792975,0.058154903,3
82.8397,0.09873593,44.00172294708182,11.374320999307443,0,1,9179.651,0.053264268,6,1,false,false,4.0695443,0.8009098,9.687286,0.048982084,0.06700603,3
82.84898,0.09900179,44.00173455716137,11.374327232775073,0,1,9177.512,0.051084638,6,1,false,false,4.3131595,0.6223192,10.152033,0.050129272,0.06837299,3
82.85543,0.099267684,44.001746077153015,11.374333466242705,0,1,9174.94,0.048422836,6,1,false,false,4.556276,0.5467082,8.977216,0.051231347,0.063866116,3
82.86144,0.0995336,44.001757687232576,11.374339699710337,0,1,9173.066,0.0462432,6,1,false,false,4.4595675,0.42115188,9.754423,0.05225381,0.059663612,3
82.86676,0.09979954,44.00176929703748,11.374345933177969,0,1,9176.167,0.044547617,6,1,false,false,4.4516296,0.42700732,9.438495,0.053217113,0.05705473,3
82.8712,0.10006549,44.00178090711703,11.37435204204473,0,1,9182.2295,0.0452751,6,1,false,false,4.423913,0.4421174,9.63425,0.054151244,0.05588562,3
82.87589,0.10033147,44.00179251719659,11.37435827551236,0,1,9183.792,0.046969738,6,1,false,false,4.56975,0.48340565,9.468768,0.05508923,0.056877665,3
82.882126,0.10059744,44.00180412700149,11.374364384188892,0,1,9180.57,0.04938999,6,1,false,false,4.6416907,0.51566654,9.405671,0.05605732,0.058636967,3
82.88859,0.100863464,44.001815737081046,11.374370493055654,0,1,9176.665,0.05205367,6,1,false,false,4.6438265,0.51169276,10.344738,0.0570389,0.059075505,3
82.89351,0.10112949,44.00182734716061,11.374376601922416,0,1,9175.227,0.055685453,6,1,false,false,4.803843,0.40113315,8.830701,0.058036696,0.061469696,3
82.896324,0.10139555,44.001839047053416,11.374382710598947,0,1,9178.08,0.057865087,6,1,false,false,5.029923,0.4173803,9.7403755,0.05908292,0.064860016,3
82.899925,0.101661615,44.00185065713297,11.37438881946571,0,1,9181.198,0.05955973,6,1,false,false,4.76105,0.29818103,7.845482,0.060180765,0.06707538,3
82.90319,0.101927675,44.00186226721253,11.374394803541371,0,1,9181.99,0.057621658,6,1,false,false,4.809797,0.35942572,8.290928,0.06129158,0.066430025,3
82.90691,0.10219374,44.00187396710534,11.374400912408133,0,1,9181.495,0.054232374,6,1,false,false,4.9002733,0.5179644,6.592656,0.06239896,0.06682298,3
82.914314,0.10245984,44.0018855771849,11.374406896483794,0,1,9184.426,0.043822,6,1,false,false,4.6483717,0.55243886,8.875925,0.06346176,0.06092633,3
82.916954,0.102725945,44.001897187264454,11.374412880559456,0,1,9187.484,0.031958554,6,1,false,false,3.9705853,0.25240573,9.15028,0.06439774,0.052695327,3
82.920555,0.10299206,44.00190888715726,11.374418989426218,0,1,9194.558,0.018885452,6,1,false,false,3.766773,0.50177026,8.456964,0.06523363,0.046961367,3
82.92775,0.1032582,44.00192058705008,11.37442497350188,0,1,9196.461,0.0026636797,6,1,false,false,2.7407048,0.6407505,11.142917,0.06593715,0.034711737,3
82.935905,0.10352438,44.00193219712963,11.374430957577541,0,1,9185.849,-0.015011181,6,1,false,false,2.2703042,0.7012024,12.259489,0.0663761,0.01727512,3
82.94391,0.103790574,44.00194389702244,11.374436941843433,0,1,9178.123,-0.032685105,6,1,false,false,1.797254,0.70709354,11.554281,0.06653009,-2.5387553e-05,3
82.95051,0.1040568,44.00195559718991,11.374442801318224,0,1,9177.55,-0.053506758,6,1,false,false,0.5175224,0.4745054,12.038776,0.06637123,-0.02018752,3
82.95695,0.10432306,44.00196720726947,11.374448785393886,0,1,9177.127,-0.06851794,6,1,false,false,-0.6859889,0.5415239,10.980805,0.06585577,-0.041432623,3
82.9622,0.104589336,44.00197890716228,11.374454769469548,0,1,9177.921,-0.07917172,6,1,false,false,-2.0429063,0.36284423,10.738033,0.06501081,-0.058971617,3
82.96609,0.10485564,44.00199060705509,11.374460753735441,0,1,9181.27,-0.08473973,6,1,false,false,-2.9328802,0.31651744,9.697297,0.063911654,-0.07207598,3
82.970024,0.10512197,44.002002217409306,11.374466737811103,0,1,9185.038,-0.084013194,6,1,false,false,-3.8996086,0.26744756,10.623743,0.06262609,-0.08120027,3
82.97207,0.1053883,44.00201391730212,11.374472721886765,0,1,9186.373,-0.07699209,6,1,false,false,-3.9015796,0.32935333,11.804452,0.06124088,-0.08329889,3
82.97473,0.10565464,44.00202561719493,11.374478705962426,0,1,9190.618,-0.065370224,6,1,false,false,-4.105821,0.3420506,10.625991,0.059894428,-0.07769918,3
82.97643,0.105921015,44.00203722699983,11.374484814829188,0,1,9194.035,-0.04963342,6,1,false,false,-4.237632,0.32368588,9.787557,0.058670796,-0.06826884,3
82.98225,0.10618739,44.00204892689264,11.37449079890485,0,1,9192.639,-0.020095108,6,1,false,false,-3.6312099,0.40890777,8.394528,0.057656486,-0.051117625,3
82.9851,0.10645378,44.002060537246855,11.374496907771611,0,1,9192.663,0.00992631,6,1,false,false,-2.9440627,0.16360235,8.166256,0.056990962,-0.026508115,3
82.98635,0.1067202,44.002072237139664,11.374502891847273,0,1,9203.974,0.03534878,6,1,false,false,-1.7981849,0.16987407,7.7050166,0.056772985,0.0010602794,3
82.98833,0.10698663,44.002083846944565,11.374509000714035,0,1,9218.084,0.056411993,6,1,false,false,-0.45238024,0.30072397,7.742588,0.057023104,0.029097816,3
82.994156,0.10725306,44.002095547386695,11.374515109390565,0,1,9219.724,0.06464366,6,1,false,false,0.61594754,0.64584035,7.3456693,0.05772918,0.054050084,3
83.004196,0.10751953,44.00210715719159,11.374521093656458,0,1,9208.755,0.06367463,6,1,false,false,1.97693,0.7202474,10.082431,0.058787048,0.07231778,3
83.01369,0.107786044,44.002118857084405,11.374527202332988,0,1,9200.634,0.054474853,6,1,false,false,3.1593611,0.69625574,11.030464,0.0601228,0.08571168,3
83.02013,0.1080526,44.00213046743862,11.37453331119975,0,1,9200.184,0.034137256,6,1,false,false,3.4529808,0.46259922,11.651382,0.061561048,0.08296764,3
83.028114,0.10831917,44.00214216733143,11.374539295275412,0,1,9196.243,0.016463332,6,1,false,false,3.5218635,0.66591656,10.427122,0.06283506,0.067711584,3
83.03201,0.10858577,44.00215386722424,11.374545279541305,0,1,9189.146,-0.004116768,6,1,false,false,2.9637332,0.19216922,11.113101,0.06379183,0.04698049,3
83.0328,0.108852394,44.00216547702914,11.374551388217835,0,1,9194.643,-0.020337608,6,1,false,false,2.34403,0.034313023,9.453778,0.06440237,0.027371954,3
83.03208,0.109119006,44.00217717692195,11.374557372483729,0,1,9213.239,-0.036074392,6,1,false,false,1.3671359,0.20739266,7.880998,0.064700425,0.007897518,3
83.03542,0.10938564,44.00218887736408,11.37456335655939,0,1,9218.489,-0.048906885,6,1,false,false,0.65042365,0.48320937,9.03695,0.064662315,-0.01235918,3
83.04369,0.109652296,44.002200577256886,11.374569340635052,0.0011914691,1,9207.617,-0.057138532,6,1,false,false,-0.071756266,0.64025116,9.010357,0.06431392,-0.02877324,3
83.05225,0.10991899,44.00221218706179,11.374575324710714,0.025139997,0.9935881,9199.277,-0.063675575,6,1,false,false,-1.0277005,0.663123,10.126205,0.06370721,-0.043815218,3
83.05186,0.110185705,44.002223886954596,11.374581308976605,0.114857614,0.7398273,9164.813,-0.063917145,6,1,false,false,-1.5094595,-0.2513711,10.392352,0.06286564,-0.05638861,3
83.00978,0.11045236,44.002235587396726,11.374587417653137,0.24973188,0.2845868,8948.791,-0.05955974,6,1,false,false,-2.1270356,-4.0161233,11.459629,0.06187203,-0.061709236,3
82.861435,0.11071877,44.00224719720162,11.374593401919029,0.3323007,0.090998754,8817.878,-0.05157055,6,1,false,false,-3.0003004,-12.642978,9.922472,0.06081876,-0.064258516,3
82.59314,0.11098447,44.002258897094435,11.37459938599469,0.4397713,0,8803.157,-0.038980562,6,1,false,false,-3.0251646,-17.254496,10.451654,0.059752725,-0.060497206,3
82.26696,0.11124923,44.002270417360734,11.374605370070352,0.52341235,0,8873.734,-0.025179978,6,1,false,false,-3.287212,-21.826391,10.613409,0.058811087,-0.051004298,3
81.859695,0.11151281,44.002281937077726,11.374611354146014,0.5941855,0,9038.188,-0.014527131,6,1,false,false,-3.0695271,-24.889833,10.992672,0.05803767,-0.042675428,3
81.43603,0.111775056,44.00229345734403,11.374617338411905,0.656857,0,9001.472,-0.008715715,6,1,false,false,-2.284668,-25.748219,11.3443165,0.05740593,-0.031352155,3
80.99543,0.112035915,44.00230488697311,11.374623197886697,0.7160729,0,8950.048,-0.0075060567,6,1,false,false,-2.6262023,-26.43685,10.196507,0.05700601,-0.017300801,3
80.535324,0.11229534,44.00231622706359,11.374629181962359,0.76516163,0,8831.716,-0.0094422605,6,1,false,false,-2.2765946,-27.303534,11.159169,0.05677379,-0.01214855,3
80.064705,0.112553254,44.00232747706616,11.37463504143715,0.79816514,0,8611.179,-0.011379396,6,1,false,false,-1.5369343,-28.673677,8.937458,0.056634583,-0.0032952088,3
79.55506,0.11280963,44.00233863698082,11.374640900911944,0.83176464,0,8535.924,-0.015737724,6,1,false,false,-1.6550496,-31.180433,11.86711,0.056606703,-0.0016524822,3
79.03232,0.11306433,44.00234979744479,11.374646760386735,0.8569044,0,8488.334,-0.016463328,6,1,false,false,-1.896278,-31.085794,9.220549,0.05657036,-0.0034955237,3
78.499405,0.113317326,44.00236086727154,11.374652495070427,0.87632555,0,8439.409,-0.015737725,6,1,false,false,-1.2143387,-32.622776,8.625636,0.056457613,-0.011771929,3
77.958984,0.11356862,44.00237184701038,11.37465822994435,0.8933636,0,8391.307,-0.014284637,6,1,false,false,-1.0473367,-32.470375,9.04484,0.056222256,-0.013278401,3
77.399864,0.11381815,44.002382737210624,11.374663964628041,0.90921,0,8344.302,-0.01719081,6,1,false,false,-1.4450328,-33.386772,7.9294925,0.05600678,-0.015400177,3
76.818665,0.11406586,44.00239353732296,11.374669574901093,0.918861,0,8296.084,-0.019852623,6,1,false,false,-1.429269,-35.25264,10.13611,0.055661757,-0.026350437,3
76.21761,0.114311635,44.00240424734738,11.374675184983916,0.9292268,0,8248.447,-0.022758793,6,1,false,false,-1.3282665,-35.96102,9.463236,0.05515787,-0.032734737,3
75.608505,0.11455551,44.0024149573718,11.374680795066737,0.9360181,0,8201.762,-0.029295819,6,1,false,false,-1.9687568,-36.13928,13.819359,0.054620307,-0.03217954,3
75.00866,0.11479742,44.00242548722039,11.37468640514956,0.9424522,0,8081.6733,-0.036559373,6,1,false,false,-2.201066,-35.48254,12.909062,0.054042272,-0.03670814,3
74.419716,0.11503743,44.00243592698108,11.374691890631514,0.9488858,0,7982.3115,-0.04236985,6,1,false,false,-2.6060793,-34.72032,10.860392,0.05340908,-0.04013316,3
73.82584,0.11527554,44.002446367291085,11.374697376113465,0.95114976,0,7936.242,-0.04672818,6,1,false,false,-2.6062236,-36.002407,10.475065,0.052707348,-0.044734996,3
73.22465,0.11551172,44.00245662742527,11.374702861595418,0.9496009,0,7891.2153,-0.04914843,6,1,false,false,-2.7610948,-36.259483,11.44306,0.0519151,-0.049679074,3
72.6302,0.11574599,44.00246688701013,11.374708222286271,0.9459073,0,7825.486,-0.05035903,6,1,false,false,-3.076345,-35.193867,10.588668,0.0510489,-0.053967692,3
72.04684,0.11597836,44.0024769675178,11.374713583167352,0.94269043,0,7720.1924,-0.04939093,6,1,false,false,-3.0890498,-34.75277,10.918817,0.050124116,-0.05731301,3
71.461136,0.11620886,44.00248704747616,11.374718943858205,0.93756694,0,7642.545,-0.04842283,6,1,false,false,-3.147136,-34.74159,9.662043,0.04915535,-0.05849169,3
70.879616,0.11643746,44.00249703734661,11.374724304739289,0.92815423,0,7592.0005,-0.048664384,6,1,false,false,-3.3279018,-34.666424,9.21065,0.04817257,-0.05959976,3
70.29544,0.11666421,44.00250693712914,11.374729540829271,0.9225546,0,7510.3604,-0.049148433,6,1,false,false,-3.4198356,-35.41587,10.514339,0.04713764,-0.065023385,3
69.71724,0.11688908,44.00251665728518,11.374734776919254,0.91290355,0,7425.769,-0.049633425,6,1,false,false,-3.8880188,-35.08086,11.869365,0.046012916,-0.06808178,3
69.14203,0.1171121,44.00252637744121,11.374740013009237,0.8907422,0.5208334,7591.3716,-0.05011747,0,1,false,false,-4.100556,-34.155937,11.7406,0.044848394,-0.07317262,3
68.57875,0.11733327,44.00253600750932,11.37474512449835,0.86405325,0.5416666,8178.8174,-0.05060152,0,1,false,false,-4.174382,-33.094574,9.67003,0.043547872,-0.082959384,3
68.034996,0.11755273,44.00254554748953,11.374750360588333,0.8423686,0,8336.5625,-0.05302271,5,1,false,false,-4.0837293,-32.202324,9.648346,0.04209025,-0.09124002,3
67.50514,0.11777046,44.00255499738183,11.374755472077446,0.8243775,0,8312.324,-0.056170437,5,1,false,false,-4.417083,-31.351593,9.68317,0.0405315,-0.09513689,3
66.98564,0.117986605,44.002564447274125,11.374760583376329,0.8062672,0,8372.963,-0.059074737,5,1,false,false,-4.5492234,-30.906364,8.4907055,0.038924824,-0.09819774,3
66.47444,0.11820119,44.00257371753991,11.374765570264572,0.78708434,0,8347.715,-0.060286276,5,1,false,false,-4.726545,-30.164557,7.301596,0.037229966,-0.10551365,3
65.97361,0.11841413,44.00258298725639,11.374770681563454,0.7690933,0,8299.994,-0.0668233,5,1,false,false,-5.1247263,-29.780598,8.260635,0.03538966,-0.115719184,3
65.468605,0.11862535,44.002592167434265,11.374775668451697,0.7506254,0,8252.813,-0.07336033,5,1,false,false,-6.042865,-30.40235,9.434705,0.033383667,-0.12493459,3
64.96343,0.11883487,44.00260125752423,11.374780655149712,0.7412128,0,8189.796,-0.08691933,5,1,false,false,-7.0230875,-30.060871,9.105309,0.031225214,-0.13438483,3
64.467636,0.119042784,44.00261025752629,11.374785766638825,0.73799604,0,8062.3438,-0.102413654,5,1,false,false,-8.55051,-28.931791,11.207106,0.028927755,-0.14113417,3
63.98654,0.11924901,44.002619167440436,11.374790628735967,0.7379959,0,7992.6333,-0.11936198,5,1,false,false,-9.959992,-28.960014,12.5214,0.02648774,-0.15322867,3
63.50505,0.119453646,44.00262807735458,11.37479561543398,0.7379959,0,7947.769,-0.13364659,5,1,false,false,-11.063944,-28.168018,12.209,0.023857648,-0.16128443,3
63.037224,0.11965677,44.002636807092905,11.374800602322223,0.730847,0,7902.994,-0.14381637,5,1,false,false,-11.260083,-27.693453,10.5302305,0.021147493,-0.16259715,3
62.58604,0.119858354,44.002645537380545,11.374805589020237,0.720958,0,7858.6284,-0.15011086,5,1,false,false,-10.7228565,-26.45102,8.804252,0.018425863,-0.16379476,3
62.153324,0.12005849,44.002654177030955,11.37481057590848,0.71011543,0,7814.438,-0.15592231,5,1,false,false,-9.539998,-25.43674,7.3476696,0.015680514,-0.16993213,3
61.71627,0.12025725,44.00266272714278,11.374815562606493,0.7041582,0,7769.814,-0.1631849,5,1,false,false,-9.375474,-26.991684,8.473228,0.012666427,-0.19239843,3
61.265965,0.120454535,44.00267127725459,11.374820549304506,0.70296663,0,7725.888,-0.17383872,5,1,false,false,-9.952343,-26.743063,8.718434,0.009249366,-0.22009419,3
60.81638,0.120650366,44.0026797372785,11.37482541140165,0.70523053,0,7682.0967,-0.19054455,5,1,false,false,-11.144628,-26.978413,9.245322,0.0052800877,-0.25666425,3
60.359,0.12084473,44.00268801712658,11.374830398289893,0.7078519,0,7638.5957,-0.20797691,5,1,false,false,-12.893942,-27.318947,10.075181,0.0007344107,-0.28563783,3
59.904755,0.121037625,44.00269629752398,11.374835384987906,0.70785177,0,7523.618,-0.22541016,5,1,false,false,-15.021783,-26.831364,11.82636,-0.0041751172,-0.30272713,3
59.4508,0.12122907,44.002704577372064,11.374840247085048,0.7041582,0.5208334,7676.8633,-0.23557898,0,1,false,false,-16.680923,-26.887527,11.8242445,-0.009373083,-0.32097948,3
59.00498,0.12141906,44.00271267704433,11.374845233973293,0.6960562,0.6458333,8255.702,-0.23703203,0,1,false,false,-17.127045,-26.023743,9.759604,-0.014874253,-0.33696774,3
58.563923,0.12160765,44.00272068717799,11.374850220671306,0.6792563,0.020833299,8493.32,-0.23122063,4,1,false,false,-17.356264,-26.361832,11.3843775,-0.020570569,-0.34582633,3
58.12063,0.121794805,44.00272869731166,11.374855332160418,0.65387815,0,8449.845,-0.22395706,4,1,false,false,-17.896126,-25.929693,11.620719,-0.026374098,-0.34992293,3
57.688904,0.12198056,44.002736527269505,11.374860318858431,0.6232574,0,8479.224,-0.21959877,4,1,false,false,-17.37409,-25.128765,9.2967,-0.03223892,-0.35612708,3
57.270752,0.122164994,44.00274435722735,11.374865305746674,0.5840582,0,8492.954,-0.21911472,4,1,false,false,-17.319914,-24.169939,9.138107,-0.038295407,-0.36891776,3
56.879456,0.12234812,44.00275209709728,11.374870417045557,0.5517694,0,8443.634,-0.22056776,4,1,false,false,-17.841112,-22.41544,8.909752,-0.044456083,-0.3690158,3
56.50924,0.122530036,44.00275983751653,11.374875528534671,0.5145954,0,8395.365,-0.2271048,4,1,false,false,-18.300915,-21.402012,9.578824,-0.050579272,-0.36738628,3
56.155563,0.12271083,44.00276739721064,11.374880640023784,0.48349822,0,8347.702,-0.22589426,4,1,false,false,-18.9953,-20.265932,9.57542,-0.056755986,-0.37543833,3
55.817055,0.122890525,44.002774957454065,11.374885751512897,0.45776236,0,8300.131,-0.22371557,4,1,false,false,-19.662512,-19.627087,10.332019,-0.063168965,-0.39603332,3
55.485687,0.12306913,44.00278242706027,11.37489086281178,0.43834144,0,8252.518,-0.2195988,4,1,false,false,-20.619669,-19.00084,10.625388,-0.06996184,-0.41626722,3
55.174,0.12324678,44.00278980712787,11.374896099091993,0.41296312,0,8206.062,-0.21306178,4,1,false,false,-21.369492,-17.557344,10.422064,-0.07693059,-0.41550562,3
54.882267,0.12342347,44.002797187195476,11.374901335181976,0.38508287,0,8159.3306,-0.20652476,4,1,false,false,-21.259554,-16.49322,9.447147,-0.083723925,-0.39487842,3
54.605568,0.12359925,44.00280447717517,11.374906571271959,0.36732998,0,8113.1206,-0.20192394,4,1,false,false,-21.528444,-15.87896,10.926297,-0.090016015,-0.3617565,3
54.325268,0.12377418,44.00281167706695,11.37491180736194,0.3567259,0,8067.39,-0.20313448,4,1,false,false,-23.264612,-16.452673,13.672982,-0.09592899,-0.3557448,3
54.043762,0.12394824,44.00281878742014,11.374917168052793,0.35207918,0,8021.2,-0.2113671,4,1,false,false,-23.517439,-15.832692,13.122337,-0.10207986,-0.3861125,3
53.780205,0.1241214,44.00282589722401,11.374922653534746,0.35207912,0,7975.9385,-0.22952601,4,1,false,false,-23.333813,-14.744787,12.227197,-0.10881908,-0.41612172,3
53.528046,0.12429379,44.002832917489286,11.37492801441583,0.35279402,0,7931.1016,-0.25591663,4,1,false,false,-24.396414,-14.355798,13.259471,-0.1157756,-0.40783066,3
53.278397,0.12446541,44.002839847117336,11.37493349989778,0.35446197,0,7926.475,-0.28012854,4,1,false,false,-23.579454,-14.581395,11.041759,-0.12225064,-0.36391678,3
53.015423,0.12463622,44.0028467772947,11.374938985189504,0.35577273,0,7958.872,-0.29998398,4,1,false,false,-21.976122,-15.580109,11.173668,-0.12788291,-0.31469047,3
52.741394,0.12480617,44.002853617384154,11.374944595462557,0.35577267,0,7958.325,-0.314026,4,1,false,false,-21.829205,-15.951598,12.844538,-0.13298763,-0.30831042,3
52.47213,0.1249753,44.00286036738569,11.374950205545378,0.3549387,0,7914.471,-0.32976472,4,1,false,false,-22.317505,-15.411133,13.284874,-0.13836618,-0.34318352,3
52.21141,0.12514359,44.00286711738724,11.3749558156282,0.3500536,0,7869.1646,-0.35058725,4,1,false,false,-21.43204,-15.018482,12.4805565,-0.14462139,-0.40662006,3
51.958897,0.12531105,44.00287377730087,11.374961550502123,0.3429048,0,7824.457,-0.3818211,4,1,false,false,-21.988918,-14.332017,12.399556,-0.1518033,-0.44423032,3
51.72056,0.12547778,44.00288034712659,11.374967160584944,0.33480275,0,7780.409,-0.40869674,4,1,false,false,-22.15233,-13.399444,11.343247,-0.15927583,-0.4448622,3
51.492214,0.12564375,44.00288691750163,11.374973020059738,0.32288808,0,7737.1846,-0.42467698,4,1,false,false,-22.422321,-13.064231,10.963384,-0.16657884,-0.42862025,3
51.268616,0.12580903,44.00289339723943,11.37497875474343,0.3081138,0,7694.063,-0.42613003,4,1,false,false,-21.991385,-12.861891,10.346321,-0.17359336,-0.4134619,3
51.049294,0.1259736,44.00289978743865,11.37498461421822,0.2859526,0,7650.603,-0.41426575,4,1,false,false,-20.387924,-12.430528,8.998977,-0.18039525,-0.4044875,3
50.84039,0.12613761,44.00290617708855,11.374990473693012,0.24818297,0,7607.5493,-0.39731643,4,1,false,false,-19.044727,-11.958929,8.433588,-0.18706788,-0.40026,3
50.640427,0.12630095,44.00291247719985,11.374996333167804,0.20338377,0,7564.6143,-0.37794784,4,1,false,false,-18.696156,-11.237923,8.829702,-0.19375218,-0.40560928,3
50.4599,0.12646371,44.00291868722324,11.375002317243466,0.16835457,0,7521.972,-0.36027208,4,1,false,false,-18.056332,-9.727366,7.706587,-0.20055807,-0.41491774,3
50.304497,0.12662607,44.002924897246636,11.375008176718259,0.16585253,0,7479.829,-0.34913427,4,1,false,false,-17.051329,-8.4436655,6.0558486,-0.20756157,-0.42928317,3
50.15822,0.12678812,44.00293110727002,11.37501416098415,0.1658525,0.5208334,7625.333,-0.34622902,0,1,false,false,-17.48873,-8.247155,7.258108,-0.21481082,-0.44073918,3
50.01063,0.12694973,44.00293722720551,11.375020269660682,0.1701418,0.75,8185.518,-0.35276607,0,1,false,false,-18.998758,-8.3548565,8.620635,-0.222157,-0.4425035,3
49.861176,0.12711087,44.002943347140985,11.375026253736344,0.17669487,0.4375,8704.521,-0.36971435,0,1,false,false,-19.863068,-8.50722,8.971216,-0.22957407,-0.4516347,3
49.708908,0.12727097,44.002949377537874,11.375032362603106,0.18813297,0,8771.034,-0.39465368,3,1,false,false,-20.8386,-8.548304,9.233517,-0.23722965,-0.46718457,3
49.549793,0.12743048,44.002955317297534,11.375038471469868,0.20481354,0,8781.786,-0.4191081,3,1,false,false,-21.922066,-9.746694,9.759738,-0.24507165,-0.47243205,3
49.352108,0.12758946,44.00296125760651,11.375044704937498,0.22018349,0,8895.901,-0.43847844,3,1,false,false,-23.169853,-12.014026,10.569008,-0.25293502,-0.4726859,3
49.135166,0.1277477,44.00296710727825,11.37505081361403,0.22459197,0,8981.949,-0.4549437,3,1,false,false,-23.564388,-12.270279,9.835244,-0.2608859,-0.483021,3
48.934837,0.12790497,44.00297295749932,11.375057171872761,0.22363876,0,8973.726,-0.4731026,3,1,false,false,-23.115152,-10.576649,8.783364,-0.26901552,-0.49523434,3
48.758846,0.12806167,44.00297871708315,11.375063405340393,0.22042179,0,8920.542,-0.49731544,3,1,false,false,-23.40086,-9.672148,9.661505,-0.27739772,-0.51239425,3
48.58543,0.12821783,44.00298438712839,11.375069763408893,0.2174431,0,8869.038,-0.5193496,3,1,false,false,-24.177755,-9.834723,10.105984,-0.28609058,-0.53295135,3
48.407475,0.12837338,44.00299005717363,11.375076121477395,0.2147027,0,8817.637,-0.5372678,3,1,false,false,-24.520182,-10.098375,10.394641,-0.29522747,-0.56831,3
48.225513,0.1285283,44.002995637130965,11.375082479736127,0.21470273,0,8766.478,-0.5459836,3,1,false,false,-25.46596,-10.198086,10.865483,-0.3051057,-0.61508214,3
48.044945,0.12868266,44.0030011275497,11.375088962405497,0.21470273,0,8715.757,-0.54598355,3,1,false,false,-26.36891,-9.722738,10.651398,-0.3156759,-0.6445866,3
47.876072,0.1288365,44.00300661741912,11.375095445265098,0.21077088,0,8665.815,-0.5408995,3,1,false,false,-26.147635,-9.086344,9.908344,-0.32646507,-0.64251685,3
47.709908,0.12898989,44.003011927112716,11.37510205272557,0.20219228,0,8616.335,-0.53242457,3,1,false,false,-26.766495,-9.129488,10.720021,-0.33703095,-0.6244454,3
47.540462,0.12914276,44.00301732744354,11.37510866018604,0.19468606,0,8566.96,-0.5220122,3,1,false,false,-27.585682,-9.3341255,11.593079,-0.3473168,-0.61077434,3
47.370853,0.12929513,44.00302254759854,11.37511526764651,0.18884787,0,8517.701,-0.5130541,3,1,false,false,-27.364082,-8.977015,10.419796,-0.35741085,-0.6015973,3
47.20614,0.12944701,44.00302776720422,11.375121875297213,0.18265222,0,8469.062,-0.50845426,3,1,false,false,-27.091726,-8.942746,10.936503,-0.36741364,-0.60276747,3
47.040638,0.12959863,44.00303289727132,11.375128607358553,0.16859287,0,8420.626,-0.5077268,3,1,false,false,-27.816122,-8.989676,11.644444,-0.37755394,-0.6142223,3
46.880306,0.12974976,44.0030379372505,11.375135464210993,0.14595494,0,8376.516,-0.50554806,3,1,false,false,-27.913742,-8.333013,10.916254,-0.38786724,-0.62020206,3
46.72214,0.12990043,44.003042977229676,11.375142321063434,0.12403193,0,8391.85,-0.49997902,3,1,false,false,-27.369387,-8.604248,10.831509,-0.39823833,-0.62433326,3
46.5602,0.13005072,44.00304792712094,11.375149177725644,0.11116408,0,8434.154,-0.49392608,3,1,false,false,-28.168243,-8.733822,11.268962,-0.40872115,-0.62872225,3
46.401108,0.13020082,44.003052787473614,11.375156034578085,0.108661965,0,8455.934,-0.49174747,3,1,false,false,-29.045866,-8.042452,12.412606,-0.41918975,-0.6230823,3
46.26033,0.13035047,44.00305755718906,11.375163016031395,0.10842371,0,8443.28,-0.49755782,3,1,false,false,-28.898361,-6.8828025,11.435511,-0.42953888,-0.6162304,3
46.137737,0.13049977,44.00306232745382,11.375169997484706,0.1104492,0,8405.009,-0.51281255,3,1,false,false,-28.433512,-5.9448667,10.974365,-0.43973288,-0.60057896,3
46.01957,0.13064894,44.00306691754276,11.375177103729117,0.113904454,0,8360.948,-0.5350881,3,1,false,false,-29.128891,-6.269485,12.178799,-0.44957945,-0.5833175,3
45.891308,0.13079806,44.0030715971703,11.375184209973527,0.11688313,0,8327.49,-0.5588168,3,1,false,false,-29.768145,-6.652508,12.763423,-0.45930317,-0.5807101,3
45.76143,0.13094682,44.00307609717132,11.375191316027706,0.120100066,0,8309.658,-0.5827881,3,1,false,false,-29.35928,-6.725477,11.829282,-0.46898597,-0.5803401,3
45.63281,0.13109523,44.00308059717235,11.375198546872987,0.12081498,0,8297.956,-0.6040957,3,1,false,false,-28.455837,-7.044106,11.061117,-0.47872275,-0.5901089,3
45.49096,0.13124354,44.00308491754687,11.375205777718268,0.120814964,0,8280.52,-0.62201405,3,1,false,false,-29.749084,-7.759673,13.544273,-0.48883697,-0.6215053,3
45.349552,0.13139175,44.00308923737208,11.375213133164417,0.114381015,0,8255.743,-0.6360571,3,1,false,false,-29.463295,-7.0896053,12.15389,-0.49945885,-0.6452679,3
45.229717,0.13153958,44.00309355719729,11.375220364009698,0.10580243,0,8228.029,-0.64356315,3,1,false,false,-27.289785,-5.6742606,9.902499,-0.5102291,-0.63573736,3
45.120247,0.13168716,44.00309769739599,11.375227844246947,0.09615155,0,8200.41,-0.6379943,3,1,false,false,-27.227554,-6.066129,10.164667,-0.5206425,-0.6126193,3
44.98439,0.13183476,44.003101837594684,11.375235199693096,0.07839868,0,8175.126,-0.62152916,3,1,false,false,-29.93485,-7.7909484,14.772319,-0.53078675,-0.6124854,3
44.839302,0.13198219,44.00310588715616,11.375242679740117,0.061837234,0,8158.1816,-0.5968313,3,1,false,false,-31.30146,-7.283131,15.672701,-0.5413264,-0.6539094,3
44.7173,0.13212925,44.00310984717904,11.375250159977366,0.048611943,0,8150.449,-0.5813353,3,1,false,false,-29.740726,-5.6946397,13.13401,-0.5527739,-0.71191204,3
44.61427,0.13227606,44.00311380720191,11.375257764815485,0.03943762,0,8142.893,-0.5716505,3,1,false,false,-29.025036,-4.920481,11.844074,-0.56500983,-0.73313797,3
44.520836,0.13242295,44.00311758759829,11.375265245052736,0.03717384,0,8130.0996,-0.56196475,3,1,false,false,-28.964722,-4.3320127,11.997111,-0.57702863,-0.6837172,3
44.432602,0.13256983,44.00312136744534,11.375272974491725,0.037412126,0,8113.2812,-0.55784804,3,1,false,false,-28.765976,-4.184133,12.574034,-0.58775616,-0.5960935,3
44.342846,0.1327165,44.003125057204485,11.375280579329845,0.043369472,0,8097.63,-0.5672911,3,1,false,false,-30.289766,-4.519097,14.924863,-0.5971689,-0.5435966,3
44.245716,0.132863,44.003128747512946,11.375288308768834,0.051471468,0,8082.324,-0.5912622,3,1,false,false,-31.655365,-4.9509125,16.482147,-0.60636544,-0.56375957,3
44.144276,0.13300964,44.00313225764558,11.375296038207823,0.059692614,0,8067.661,-0.62467694,3,1,false,false,-32.283806,-5.149816,16.463524,-0.61619955,-0.60664046,3
44.04083,0.13315618,44.003135767228905,11.375303892437913,0.06803288,0,8053.7783,-0.66172314,3,1,false,false,-32.498737,-5.261533,16.321438,-0.62680906,-0.6485467,3
43.938103,0.13330247,44.00313909718572,11.375311621876902,0.07244132,0,8038.658,-0.68981117,3,1,false,false,-31.360748,-5.165892,14.996231,-0.63792866,-0.65553474,3
43.843555,0.13344856,44.003142427142535,11.375319600707861,0.07446683,0,8019.521,-0.7096666,3,1,false,false,-28.1137,-4.474384,12.069097,-0.6485731,-0.5956503,3
43.75701,0.13359484,44.00314566756076,11.375327454937949,0.0756583,0,7995.887,-0.7200778,3,1,false,false,-25.594332,-4.3786845,10.57617,-0.6578613,-0.511347,3
43.6722,0.13374102,44.00314890742966,11.375335433768909,0.075658284,0,7969.8784,-0.73291135,3,1,false,false,-23.7426,-4.4650083,10.429068,-0.6657381,-0.43603104,3
43.567524,0.13388701,44.00315196712275,11.375343412599868,0.07613487,0,7944.396,-0.7600313,3,1,false,false,-25.07342,-6.391337,14.126935,-0.67273265,-0.43374997,3
43.447826,0.13403274,44.003155027365146,11.375351391430828,0.08054331,0,7923.18,-0.79877305,3,1,false,false,-27.205547,-6.6001225,15.774961,-0.6806268,-0.5316712,3
43.331947,0.13417739,44.003158087607545,11.375359370261785,0.088526145,0,7908.496,-0.8423582,3,1,false,false,-27.989483,-6.222897,14.778969,-0.6906918,-0.66855234,3
43.224792,0.13432139,44.0031609671248,11.375367349092745,0.09436434,0,7893.9746,-0.8748054,3,1,false,false,-25.108433,-5.5242624,10.639984,-0.7027534,-0.748671,3
43.12912,0.13446514,44.00316384719138,11.375375452714804,0.09889192,0,7873.1523,-0.88376546,3,1,false,false,-22.803627,-4.988173,8.6556225,-0.7152654,-0.720467,3
43.037518,0.13460869,44.00316663717004,11.375383431545764,0.10175145,0,7844.923,-0.87335247,3,1,false,false,-22.054129,-4.7549033,9.018196,-0.72658455,-0.6293425,3
42.945564,0.13475148,44.00316933761011,11.375391534977592,0.104015246,0,7815.924,-0.8636667,3,1,false,false,-22.154562,-4.884495,9.348267,-0.7362923,-0.54462045,3
42.837643,0.13489375,44.00317203750087,11.375399638599651,0.104730144,0,7789.322,-0.87432146,3,1,false,false,-23.0915,-6.898586,10.227768,-0.7449219,-0.5278326,3
42.69843,0.13503563,44.00317464730371,11.375407742031479,0.106040746,0,7764.856,-0.89998907,3,1,false,false,-25.11182,-7.9126267,13.031285,-0.7544095,-0.634661,3
42.557014,0.13517709,44.00317725765587,11.375415845463309,0.106040746,0,7742.0186,-0.92759305,3,1,false,false,-29.138447,-7.497499,14.493243,-0.76621765,-0.77504367,3
42.425354,0.13531789,44.00317968728289,11.375424073686236,0.106040746,0,7720.341,-0.95035475,3,1,false,false,-31.346315,-6.6260552,14.830121,-0.7800932,-0.8638306,3
42.305244,0.1354581,44.003182117459225,11.375432177308296,0.106040746,0,7698.365,-0.9544707,3,1,false,false,-30.619387,-5.9302816,12.841012,-0.7948613,-0.8775342,3
42.19573,0.13559791,44.00318445754765,11.375440280740126,0.106040746,0,7675.6167,-0.94212204,3,1,false,false,-29.426165,-5.3911366,11.654287,-0.80920756,-0.8253258,3
42.084827,0.1357374,44.00318670754817,11.375448508963053,0.10699391,0,7652.3594,-0.92953014,3,1,false,false,-29.888527,-6.061046,12.187608,-0.82251674,-0.77004105,3
41.951473,0.13587652,44.003188867460764,11.375456736995751,0.10699392,0,7629.3354,-0.9266242,3,1,false,false,-31.678734,-7.203344,15.635506,-0.8352116,-0.75687003,3
41.80632,0.13601509,44.00319093728546,11.375464965218681,0.10866199,0,7609.358,-0.9394586,3,1,false,false,-33.665993,-7.4731946,16.722153,-0.84808517,-0.7916659,3
41.66569,0.13615315,44.00319291757155,11.37547306884074,0.11140235,0,7590.1655,-0.9566511,3,1,false,false,-33.870144,-6.98546,15.236917,-0.86192214,-0.8582099,3
41.53297,0.13629077,44.003194807220424,11.375481296873438,0.11557248,0,7565.2017,-0.9723897,3,1,false,false,-33.699123,-6.452361,14.254719,-0.87674856,-0.8982979,3
41.40402,0.13642812,44.0031966073307,11.375489525096368,0.120814964,0,7532.9907,-0.9796543,3,1,false,false,-32.94634,-6.2493753,13.5799465,-0.8918088,-0.88416535,3
41.280495,0.13656516,44.003198407440976,11.375497877920166,0.12641488,0,7501.4077,-0.9789276,3,1,false,false,-30.607344,-5.9710293,12.123276,-0.9062036,-0.82629514,3
41.157143,0.13670176,44.00320002737543,11.375506106143094,0.12987009,0,7474.118,-0.9779597,3,1,false,false,-28.950487,-5.9085736,11.214783,-0.91943794,-0.7556712,3
41.027702,0.13683797,44.00320164730988,11.375514334366024,0.13332535,0,7448.0156,-0.9779597,3,1,false,false,-28.79038,-6.8591604,12.287197,-0.9315331,-0.70846164,3
40.881573,0.13697386,44.00320308761783,11.375522562588952,0.13332538,0,7418.19,-0.98038083,3,1,false,false,-32.21117,-7.9564824,14.860266,-0.9434418,-0.734612,3
40.724987,0.13710965,44.003204527376454,11.375530790621651,0.13332538,0,7382.382,-0.9837701,3,1,false,false,-33.776188,-7.92603,15.653954,-0.95631695,-0.80609876,3
40.57486,0.13724488,44.00320587759649,11.375539018844579,0.13332538,0,7350.265,-0.9857074,3,1,false,false,-33.206524,-7.2862844,14.486288,-0.9704191,-0.866745,3
40.44084,0.13737962,44.003207137179295,11.375547247067509,0.13332538,0,7325.5903,-0.98401284,3,1,false,false,-28.749178,-6.394564,10.573587,-0.9852066,-0.8867841,3
40.31371,0.13751398,44.00320830722351,11.375555475290437,0.13261048,0,7301.2354,-0.97505337,3,1,false,false,-29.06155,-6.2232533,11.426428,-0.9998483,-0.8480126,3
40.180893,0.13764857,44.003209387179815,11.375563703323134,0.13118072,0,7271.68,-0.9602828,3,1,false,false,-29.6282,-6.7125897,11.936092,-1.0134537,-0.7785465,3
40.04596,0.13778275,44.00321037759752,11.375571931546064,0.12915523,0,7242.4785,-0.94866,3,1,false,false,-28.529974,-6.4876,11.469292,-1.025951,-0.7191555,3
39.908947,0.13791646,44.003211277378,11.375580159768992,0.12498513,0,7215.9673,-0.94599545,3,1,false,false,-28.79071,-7.093583,12.2805805,-1.0375818,-0.6878645,3
39.762993,0.13804969,44.003212177158474,11.375588263200822,0.11807457,0,7191.4937,-0.95374495,3,1,false,false,-29.13379,-7.3172326,12.79797,-1.0492731,-0.72147846,3
39.626133,0.138183,44.00321298740036,11.37559649142375,0.106993936,0,7168.6587,-0.9660935,3,1,false,false,-28.26793,-6.3414917,11.194458,-1.061638,-0.74981755,3
39.506886,0.1383162,44.00321370755434,11.375604594855579,0.092458,0,7147.764,-0.97408426,3,1,false,false,-26.772509,-5.425539,10.131219,-1.0740694,-0.7348498,3
39.394936,0.13844897,44.0032143376204,11.375612823078509,0.083522,0,7129.983,-0.9752961,3,1,false,false,-26.131605,-5.5236278,9.793364,-1.0862483,-0.73203665,3
39.268158,0.13858132,44.003214877598545,11.375620926700567,0.08256882,0,7112.5186,-0.97553766,3,1,false,false,-29.096422,-6.4854083,13.05629,-1.098575,-0.7444174,3
39.13249,0.13871343,44.0032154175767,11.375629030132396,0.084594324,0,7100.1665,-0.97989666,3,1,false,false,-31.018124,-6.583336,14.796216,-1.1112227,-0.77406543,3
39.000134,0.13884588,44.003215867466935,11.375637133564224,0.08673895,0,7092.2725,-0.99200356,3,1,false,false,-30.783598,-6.142727,13.8340645,-1.1246564,-0.83509624,3
38.874943,0.13897777,44.00321622726926,11.375645112395183,0.08697723,0,7078.3555,-1.0072594,3,1,false,false,-30.805017,-5.756569,12.694944,-1.139231,-0.89577633,3
38.75646,0.13910918,44.003216497533,11.375653216017243,0.08828786,0,7052.2173,-1.0167035,3,1,false,false,-30.058046,-5.1811833,12.171167,-1.1544574,-0.90843374,3
38.646038,0.13924019,44.00321667715951,11.3756611948482,0.08828786,0,7020.28,-1.0217881,3,1,false,false,-29.44628,-4.8215337,11.596285,-1.1694839,-0.86886305,3
38.539257,0.13937052,44.003216767247416,11.37566929828003,0.088764444,0,6991.0396,-1.0254203,3,1,false,false,-29.200424,-4.612054,12.14452,-1.1833358,-0.7847594,3
38.428665,0.13950023,44.003216767247416,11.37567727711099,0.08971761,0,6970.4336,-1.0307473,3,1,false,false,-29.366634,-5.027277,12.241684,-1.1958666,-0.7217902,3
38.30719,0.13962947,44.003216767247416,11.375685255941947,0.09043252,0,6954.0425,-1.0411608,3,1,false,false,-30.268211,-5.861375,13.33188,-1.2076579,-0.7004599,3
38.177303,0.13975821,44.00321667715951,11.375693110172037,0.09150484,0,6936.3447,-1.0564156,3,1,false,false,-30.752544,-6.2373815,13.350055,-1.2193494,-0.70629245,3
38.045387,0.13988617,44.003216497533,11.375701089002996,0.09293458,0,6916.742,-1.0733653,3,1,false,false,-31.222887,-6.3292155,13.962231,-1.2314205,-0.7462542,3
37.913414,0.14001282,44.00321622726926,11.375708943233086,0.093649484,0,6894.021,-1.0893477,3,1,false,false,-32.123993,-6.1047173,14.348743,-1.2444515,-0.80675536,3
37.7866,0.14013892,44.003215867466935,11.375716797463175,0.09364947,0,6868.4404,-1.1004862,3,1,false,false,-31.221375,-5.676738,12.869251,-1.2583815,-0.8476513,3
37.66967,0.14026456,44.0032154175767,11.375724526902165,0.0919814,0,6844.553,-1.1058134,3,1,false,false,-29.32541,-5.1151366,11.601015,-1.2727227,-0.8556807,3
37.56251,0.14038979,44.00321496713714,11.375732381132254,0.090670794,0,6822.9297,-1.1067828,3,1,false,false,-26.956587,-4.8047924,10.106667,-1.2869883,-0.8403795,3
37.454586,0.1405141,44.003214427158994,11.375740110571243,0.08804956,0,6800.9624,-1.1058134,3,1,false,false,-26.948101,-4.9720526,11.213737,-1.3007739,-0.80060166,3
37.33802,0.14063774,44.003213797642246,11.375747840010233,0.084832616,0,6778.909,-1.1077518,3,1,false,false,-28.002487,-5.496543,12.77597,-1.313803,-0.76242614,3
37.212467,0.14076087,44.003213077488276,11.375755444658122,0.081377335,0,6758.4907,-1.1157417,3,1,false,false,-29.110582,-5.9244504,13.254567,-1.3264173,-0.7537267,3
37.08449,0.14088352,44.00321226724639,11.375763174477571,0.07720721,0,6739.5737,-1.1285748,3,1,false,false,-29.64048,-5.8912964,13.146229,-1.3391006,-0.7673779,3
36.963066,0.14100571,44.00321145755382,11.37577065433436,0.07422851,0,6720.536,-1.1428624,3,1,false,false,-28.77324,-5.390736,11.950487,-1.3520938,-0.7875134,3
36.849037,0.14112715,44.00321055722402,11.375778259362711,0.07148816,0,6699.955,-1.1520652,3,1,false,false,-27.892052,-4.962148,11.237111,-1.3653823,-0.7979005,3
36.7448,0.14124808,44.00320956735563,11.37578573959996,0.06898604,0,6678.5396,-1.1561807,3,1,false,false,-26.259363,-4.4066668,10.1704445,-1.3786448,-0.7832011,3
36.64597,0.1413686,44.00320857748724,11.37579321983721,0.066007376,0,6657.0107,-1.1588446,3,1,false,false,-24.882355,-4.316239,9.330505,-1.3914452,-0.7509287,3
36.54486,0.14148876,44.003207497530944,11.375800699694,0.06183723,0,6636.103,-1.1610234,3,1,false,false,-24.305626,-4.6076097,9.66425,-1.4037604,-0.72973526,3
36.437866,0.14160855,44.00320632748673,11.37580805514015,0.056713935,0,6617.065,-1.1641719,3,1,false,false,-25.398226,-5.0035906,10.921296,-1.4158249,-0.7241391,3
36.32693,0.14172786,44.00320506735461,11.37581541096676,0.050518293,0.0049321824,6600.893,-1.1673199,3,1,false,false,-26.423801,-4.9716115,11.63021,-1.4280114,-0.7422721,3
36.21837,0.1418467,44.003203807222484,11.37582276641291,0.042416297,0.055733666,6599.7925,-1.167804,3,1,false,false,-26.217482,-4.7090325,10.853639,-1.4407135,-0.7809199,3
36.116314,0.1419651,44.003202457551765,11.37583012185906,0.03693554,0.08581996,6620.369,-1.1629623,3,1,false,false,-26.44675,-4.1687617,10.940368,-1.4540708,-0.8120086,3
36.022526,0.14208314,44.003201107331726,11.37583735251411,0.028356966,0.18224414,6689.083,-1.1515813,3,1,false,false,-27.22991,-3.7162561,11.931266,-1.4677706,-0.8232962,3
35.932335,0.14220096,44.0031996675731,11.37584445875852,0.021684734,0.25524047,6836.4023,-1.1402,3,1,false,false,-28.074707,-3.5119343,12.51399,-1.4816527,-0.8355666,3
35.8485,0.14231858,44.00319813717724,11.37585156500293,0.015250801,0.3171394,7012.2666,-1.1300282,3,1,false,false,-28.064514,-2.7140994,11.9810295,-1.4956913,-0.83558345,3
35.799305,0.14243583,44.00319651724279,11.375858671247341,0.009650899,0.3694204,6987.205,-1.1181629,3,1,false,false,-27.443144,0.31142518,11.625383,-1.5095885,-0.82201904,3
35.81163,0.14255294,44.00319489730834,11.37586577711129,0.0061956383,0.3953145,6850.1606,-1.1065401,3,1,false,false,-26.09988,3.8421535,10.901531,-1.523313,-0.8145007,3
35.859398,0.14267012,44.00319318728597,11.3758728833557,0.0039318493,0.41726258,6759.017,-1.0970958,3,1,false,false,-25.874397,5.041881,11.1095,-1.5368059,-0.78875476,3
35.90711,0.1427877,44.0031913871757,11.375879864809011,0.0022637905,0.4438964,6767.9424,-1.0932229,3,1,false,false,-27.058535,4.386121,12.594686,-1.5495995,-0.7353611,3
35.937843,0.14290558,44.00318949752683,11.375886846262322,0.00095317524,0.46609116,6828.5464,-1.0980649,3,1,false,false,-27.366854,3.3872545,12.449257,-1.5613952,-0.6806318,3
35.962284,0.14302342,44.00318760732864,11.375893827715633,-8.731149e-11,0.48458686,6881.2935,-1.1089612,3,1,false,false,-27.159945,3.5602121,12.086524,-1.5725447,-0.65904045,3
35.99523,0.14314124,44.00318562759186,11.375900809168941,0,0.49395803,6901.9995,-1.1193748,3,1,false,false,-27.809294,3.9121852,12.342177,-1.5835334,-0.6633349,3
36.033657,0.14325914,44.00318355721785,11.375907666211614,0,0.49445122,6896.0625,-1.1261551,3,1,false,false,-27.740143,4.2027426,12.621721,-1.5948938,-0.6979491,3
36.080894,0.14337757,44.003181397305255,11.375914522873824,0,0.4956844,6890.1553,-1.129787,3,1,false,false,-27.434683,4.726391,12.786867,-1.6068982,-0.73179466,3
36.130676,0.14349638,44.00317923739265,11.375921379916495,0,0.49568436,6899.72,-1.1285751,3,1,false,false,-26.361488,4.60077,11.365382,-1.6193537,-0.75070274,3
36.18004,0.14361517,44.00317698739214,11.375928236578705,0,0.49568436,6923.672,-1.1234905,3,1,false,false,-25.039747,4.6088605,10.493016,-1.6320128,-0.75505173,3
36.23195,0.14373404,44.00317464730371,11.375934968830276,0,0.49568436,6952.582,-1.116468,3,1,false,false,-25.039406,4.981906,11.103918,-1.6446458,-0.7484378,3
36.290493,0.143853,44.00317230721529,11.375941825492486,0,0.49568436,6968.5425,-1.1096877,3,1,false,false,-25.609486,5.2570543,11.811114,-1.6570393,-0.72791404,3
36.351643,0.14397256,44.00316987758826,11.375948557744056,0,0.4939581,6961.7305,-1.1053298,3,1,false,false,-25.52713,5.5425053,11.738914,-1.6690277,-0.70252883,3
36.41901,0.14409234,44.00316735732402,11.375955165204529,0,0.49395806,6945.8843,-1.1038761,3,1,false,false,-24.169806,5.869947,10.518251,-1.6804913,-0.6672119,3
36.48813,0.14421216,44.003164747521176,11.375961897456099,0,0.49395806,6939.714,-1.1031498,3,1,false,false,-23.943604,5.56259,10.358425,-1.6912807,-0.6303055,3
36.54743,0.14433204,44.003162137169014,11.37596850491657,0,0.49395806,6949.7036,-1.1033924,3,1,false,false,-26.111761,4.8830357,12.775351,-1.701681,-0.6274052,3
36.59414,0.14445199,44.00315943727826,11.375975112377041,0,0.49395806,6971.007,-1.109688,3,1,false,false,-28.213837,4.1643963,14.077851,-1.7124445,-0.6710898,3
36.631943,0.14457141,44.003156737387506,11.375981719837512,0,0.49395806,6997.867,-1.1159842,3,1,false,false,-30.092234,3.8491163,15.382625,-1.724355,-0.75435495,3
36.664944,0.14469068,44.00315385732093,11.375988202506882,0,0.49395806,7029.737,-1.1174376,3,1,false,false,-28.876032,3.4945233,12.998413,-1.7378271,-0.84387046,3
36.699123,0.14480987,44.00315097725436,11.375994685176254,0,0.49395806,7073.912,-1.1087198,3,1,false,false,-25.632883,3.9197977,10.688202,-1.7525457,-0.88817203,3
36.752735,0.1449291,44.00314800764918,11.376001168226084,0,0.49395806,7125.5938,-1.0908004,3,1,false,false,-24.28297,5.5696535,10.188425,-1.7673872,-0.85719097,3
36.827393,0.14504844,44.0031450374947,11.376007526104356,0,0.49149203,7142.27,-1.0687656,3,1,false,false,-23.95349,6.5112615,10.588825,-1.7811191,-0.7704171,3
36.910828,0.1451674,44.0031419772523,11.376013884363086,0,0.48877937,7097.4087,-1.0564151,3,1,false,false,-25.523283,6.7753477,12.563853,-1.7932298,-0.67958957,3
36.991676,0.1452864,44.003138827471304,11.376020242621818,0,0.48877928,7025.2017,-1.0564152,3,1,false,false,-26.798958,6.460383,13.05987,-1.8040644,-0.6289568,3
37.061188,0.14540553,44.0031355876024,11.37602647608945,0,0.48877928,6986.4385,-1.0636786,3,1,false,false,-27.709,5.679063,13.726728,-1.8144976,-0.6282117,3
37.119125,0.14552476,44.00313234718418,11.376032709557082,0,0.48877928,7006.087,-1.0685217,3,1,false,false,-29.156536,4.7977815,14.41266,-1.8251203,-0.64780664,3
37.16292,0.145644,44.003129017227366,11.376038943024712,0,0.487053,7056.685,-1.0690069,3,1,false,false,-28.868904,4.094629,13.217917,-1.8362601,-0.68434834,3
37.20347,0.14576286,44.00312568727055,11.376045051701244,0,0.487053,7102.6787,-1.066101,3,1,false,false,-26.372244,4.1182375,11.433329,-1.8480362,-0.7160368,3
37.251175,0.14588171,44.00312217713791,11.376051160377775,0,0.487053,7130.3794,-1.0619838,3,1,false,false,-24.582684,4.5771475,10.387863,-1.8601513,-0.7243539,3
37.307323,0.1460006,44.0031187576425,11.376057144643667,0,0.487053,7141.649,-1.0566568,3,1,false,false,-21.512863,4.9721136,9.085912,-1.872204,-0.70598567,3
37.369404,0.14611956,44.00311515742195,11.376063128909559,0,0.487053,7148.0093,-1.054478,3,1,false,false,-23.26794,5.3799725,11.389084,-1.8838694,-0.6863778,3
37.433537,0.14623857,44.0031115572014,11.37606911279499,0,0.487053,7150.437,-1.0556897,3,1,false,false,-24.386887,5.4034014,11.636146,-1.8952267,-0.6711359,3
37.496502,0.1463574,44.00310795753017,11.376074972269784,0,0.487053,7148.4507,-1.0571408,3,1,false,false,-24.849361,5.2264605,11.88209,-1.9063566,-0.661757,3
37.553947,0.14647627,44.00310417713379,11.376080831744575,0,0.487053,7149.5635,-1.0556895,3,1,false,false,-25.087072,5.104575,11.634735,-1.9174203,-0.6613397,3
37.61171,0.14659521,44.00310048737465,11.376086566808727,0,0.487053,7162.3003,-1.0506027,3,1,false,false,-24.003021,5.113052,11.236334,-1.9285115,-0.66662276,3
37.671597,0.14671424,44.00309661743969,11.37609242628352,0,0.487053,7181.324,-1.0428551,3,1,false,false,-24.968325,4.9972467,11.548355,-1.9396113,-0.6602751,3
37.72579,0.14683333,44.003092747504716,11.376098036176112,0,0.48557332,7191.9556,-1.035106,3,1,false,false,-25.14443,4.7206445,11.626606,-1.9506137,-0.6617914,3
37.77725,0.14695235,44.00308887756975,11.376103770859803,0,0.4836005,7198.4175,-1.0266314,3,1,false,false,-25.68877,4.625012,12.556277,-1.9618492,-0.68537116,3
37.82503,0.14707139,44.00308491754687,11.376109256341756,0,0.48360047,7210.964,-1.0203352,3,1,false,false,-25.778263,4.3875656,12.140807,-1.973611,-0.71931624,3
37.872032,0.14719048,44.00308086743608,11.376114866614808,0,0.48360047,7234.448,-1.0099218,3,1,false,false,-25.377958,4.4240217,11.354282,-1.9859077,-0.7438871,3
37.92,0.14730966,44.0030768173253,11.37612035209676,0,0.48360047,7262.79,-0.99345684,3,1,false,false,-24.914742,4.576523,11.308621,-1.9984801,-0.7522225,3
37.972042,0.14742896,44.003072677126596,11.376125712787614,0,0.48360047,7284.178,-0.9692411,3,1,false,false,-24.444773,4.8810787,10.973044,-2.0110579,-0.7426132,3
38.03009,0.14754832,44.00306853747721,11.376131073478465,0,0.4882861,7292.883,-0.9421222,3,1,false,false,-23.592064,5.2871857,10.061417,-2.0232365,-0.70772976,3
38.09443,0.14766777,44.003064307190606,11.376136434549778,0,0.49223176,7290.712,-0.91597027,3,1,false,false,-24.305422,5.465623,11.454859,-2.0346954,-0.666139,3
38.1551,0.14778732,44.0030599873654,11.376141670449531,0,0.49568433,7283.3433,-0.89393544,3,1,false,false,-25.119036,5.2399325,12.057223,-2.045668,-0.65291417,3
38.214264,0.14790699,44.00305566754019,11.376146781938644,0,0.49815038,7283.074,-0.87698513,3,1,false,false,-25.776117,5.1603284,12.300585,-2.0565925,-0.6563704,3
38.26937,0.14802699,44.003051347165666,11.376152018218857,0,0.5060419,7296.755,-0.85906684,3,1,false,false,-26.106949,4.69746,12.79825,-2.0676537,-0.670466,3
38.312748,0.14814709,44.00304693725255,11.376157004916871,0,0.512947,7327.295,-0.83945304,3,1,false,false,-25.36532,4.054805,11.316231,-2.0791588,-0.7051896,3
38.36052,0.14826722,44.00304243725152,11.376161991614884,0,0.51763266,7374.2217,-0.8162071,3,1,false,false,-25.621431,4.7876573,11.958284,-2.091201,-0.72444654,3
38.414978,0.14838746,44.0030379372505,11.376166978312897,0,0.519852,7413.94,-0.7910253,3,1,false,false,-25.481436,5.1052313,12.163722,-2.1033566,-0.7227833,3
38.47384,0.14850783,44.003033347161555,11.37617184060027,0,0.5230578,7427.6646,-0.76874804,3,1,false,false,-24.81009,5.4279437,11.241321,-2.1154463,-0.71634746,3
38.543575,0.14862883,44.003028757621934,11.376176578096544,0,0.5410603,7428.5103,-0.7476818,3,1,false,false,-25.088348,6.107477,12.288405,-2.127321,-0.69628805,3
38.617054,0.14874996,44.00302407744508,11.376181315212357,0,0.5733664,7437.433,-0.73000604,3,1,false,false,-25.219645,6.2359023,12.372931,-2.1388168,-0.6754368,3
38.693188,0.14887126,44.00301939726823,11.376186052708631,0,0.6051787,7462.118,-0.7123292,3,1,false,false,-25.083347,6.5250688,11.969109,-2.1499906,-0.6561592,3
38.776264,0.14899273,44.00301462755279,11.376190665413803,0,0.6293466,7491.803,-0.69513845,3,1,false,false,-24.96079,6.8013577,12.031568,-2.160764,-0.63088393,3
38.862164,0.14911458,44.00300985728802,11.376195153708338,0,0.64685595,7512.565,-0.6784308,3,1,false,false,-25.424458,6.7452183,12.925709,-2.1712096,-0.62350875,3
38.95033,0.14923726,44.003004997484666,11.376199641622412,0,0.659926,7528.131,-0.66414535,3,1,false,false,-25.65469,7.278389,13.210593,-2.1817873,-0.63831985,3
39.04375,0.14936012,44.00300013713199,11.376204129916946,0,0.67200994,7548.404,-0.6527648,3,1,false,false,-25.402,7.4032736,12.630634,-2.192624,-0.6524347,3
39.140007,0.14948319,44.00299518724072,11.37620849342038,0,0.68187433,7575.9287,-0.6399314,3,1,false,false,-23.998096,7.3948374,11.103825,-2.2036316,-0.6562708,3
39.23817,0.14960653,44.00299023734946,11.376212732132714,0,0.68606675,7609.2935,-0.62734044,3,1,false,false,-22.136618,7.8047776,10.163273,-2.214537,-0.6377105,3
39.347332,0.14973025,44.00298519737028,11.376216970845048,0,0.6860666,7639.3574,-0.61571765,3,1,false,false,-22.50575,8.318893,11.436816,-2.224921,-0.60083956,3
39.456783,0.14985432,44.0029801573911,11.376221209557382,0,0.6860666,7650.004,-0.60627455,3,1,false,false,-23.175814,8.162413,11.962889,-2.2347417,-0.57697856,3
39.56535,0.14997867,44.002975027324005,11.376225323478616,0,0.6860666,7647.1055,-0.6026428,3,1,false,false,-24.173944,8.1164055,12.699913,-2.2443676,-0.5770498,3
39.66985,0.15010332,44.00296980716901,11.376229312989212,0,0.6860666,7649.722,-0.6011897,3,1,false,false,-23.916193,7.6707716,11.894631,-2.2541726,-0.5955148,3
39.768612,0.15022825,44.002964677101915,11.376233302499806,0,0.6860666,7676.347,-0.5992534,3,1,false,false,-23.233204,7.7710214,11.188896,-2.2643616,-0.61539006,3
39.873352,0.15035336,44.00295936740832,11.3762372920104,0,0.6860666,7721.035,-0.5968312,3,1,false,false,-22.916275,7.826615,11.055095,-2.2746685,-0.6115856,3
39.977406,0.15047874,44.00295414725332,11.376241156729895,0,0.6860666,7753.4023,-0.5941684,3,1,false,false,-23.196821,7.906725,11.522799,-2.2848494,-0.6034395,3
40.07986,0.15060438,44.00294883755972,11.37624489665829,0,0.6860666,7760.099,-0.592958,3,1,false,false,-24.362007,7.751085,13.472898,-2.295012,-0.613535,3
40.17876,0.15073031,44.0029434372289,11.376248636967144,0,0.6860666,7757.9697,-0.5936836,3,1,false,false,-24.794006,7.5024095,12.988243,-2.3055124,-0.6395653,3
40.273224,0.1508565,44.00293803744739,11.37625225210444,0,0.689026,7776.7886,-0.593925,3,1,false,false,-24.246134,7.4072533,11.7295885,-2.3164678,-0.6609145,3
40.37098,0.15098287,44.00293254757797,11.376255867622195,0,0.6937116,7825.672,-0.590052,3,1,false,false,-23.493052,7.766577,11.157281,-2.3275535,-0.65278065,3
40.472515,0.1511095,44.00292705715923,11.37625935834885,0,0.6969173,7873.9717,-0.5847253,3,1,false,false,-23.704248,8.12167,11.914594,-2.3383172,-0.6280845,3
40.580677,0.15123644,44.00292156728982,11.376262849075506,0,0.6969174,7886.896,-0.58133507,3,1,false,false,-24.248621,8.153444,12.331684,-2.348604,-0.60281754,3
40.688152,0.1513637,44.002915987332486,11.37626621501106,0,0.69790375,7867.6104,-0.5798821,3,1,false,false,-24.727724,8.123746,12.35469,-2.3586218,-0.5965264,3
40.79277,0.15149122,44.00291040737516,11.376269581327076,0,0.6979038,7854.486,-0.58036625,3,1,false,false,-24.92514,7.8502846,12.472943,-2.3686876,-0.60725296,3
40.89298,0.151619,44.00290473732992,11.376272822471531,0,0.6979038,7875.7134,-0.5798819,3,1,false,false,-25.147436,7.7609677,12.264593,-2.3790495,-0.62637186,3
40.99253,0.15174706,44.00289906728467,11.376275939205346,0,0.6979038,7920.1587,-0.5798821,3,1,false,false,-24.61941,7.8185453,11.651507,-2.389647,-0.63063323,3
41.09226,0.15187542,44.002893307151524,11.376279055939163,0,0.6979038,7954.94,-0.5791554,3,1,false,false,-23.861172,7.737284,11.141617,-2.400136,-0.6175561,3
41.193295,0.1520041,44.00288754756769,11.37628204826234,0,0.6979038,7966.159,-0.57770246,3,1,false,false,-23.43439,7.987026,11.0401535,-2.4103403,-0.60011595,3
41.3007,0.15213305,44.00288178743453,11.376285040205055,0,0.6979038,7965.2964,-0.57600796,3,1,false,false,-22.967016,8.258605,10.827734,-2.4202077,-0.577782,3
41.40871,0.1522623,44.002875937213474,11.376287907737131,0,0.6979038,7965.2334,-0.57528216,3,1,false,false,-23.432405,8.065799,11.579878,-2.4296694,-0.5581986,3
41.50828,0.15239187,44.00287008754172,11.376290650478108,0,0.6979038,7975.3247,-0.5757663,3,1,false,false,-24.182228,7.571955,12.107308,-2.439024,-0.56525296,3
41.602047,0.15252174,44.002864237320665,11.376293393219083,0,0.6979038,8000.022,-0.57600796,3,1,false,false,-24.185265,7.3686633,12.039333,-2.4486825,-0.58824,3
41.69343,0.15265194,44.002858297561005,11.376296011168959,0,0.6979038,8034.1035,-0.57358664,3,1,false,false,-23.95021,7.0800505,11.483561,-2.4587328,-0.61105746,3
41.77971,0.15278237,44.002852267164116,11.376298629118835,0,0.6979038,8069.0635,-0.5643859,3,1,false,false,-23.572554,6.680803,11.238259,-2.4691648,-0.63435733,3
41.87382,0.15291306,44.00284632740446,11.376301122658072,0,0.6979038,8102.419,-0.5479207,3,1,false,false,-23.531883,7.1614676,10.5855465,-2.4798121,-0.6326845,3
41.973774,0.15304409,44.00284029755689,11.376303615816848,0,0.6979038,8123.737,-0.5263715,3,1,false,false,-22.729641,7.849556,10.250861,-2.490265,-0.60978556,3
42.076714,0.15317546,44.002834267160004,11.376305860154346,0,0.6979038,8129.9893,-0.503611,3,1,false,false,-22.289207,8.196564,10.2947235,-2.5002666,-0.58099514,3
42.179455,0.1533072,44.00282814722453,11.376308228902483,0,0.6979038,8130.581,-0.48278838,3,1,false,false,-22.101173,8.482235,10.403928,-2.5098364,-0.5587643,3
42.279884,0.15343927,44.00282202728904,11.37631034806842,0,0.698397,8138.102,-0.46995482,3,1,false,false,-22.579878,7.8457837,11.564472,-2.5190203,-0.54604334,3
42.376003,0.15357164,44.002815907353565,11.376312592025457,0,0.7006165,8159.3135,-0.46075508,3,1,false,false,-23.290148,7.340017,11.62581,-2.5281,-0.5481312,3
42.468063,0.15370433,44.00280969733017,11.376314586780754,0,0.7075216,8193.693,-0.4537322,3,1,false,false,-22.538168,7.020608,10.4919405,-2.5373294,-0.55732036,3
42.559986,0.15383746,44.00280357739469,11.37631658153605,0,0.71615297,8234.778,-0.44719508,3,1,false,false,-22.08998,7.157253,9.995918,-2.546749,-0.56538707,3
42.649445,0.15397088,44.002797277283385,11.376318451500248,0,0.7267573,8274.242,-0.43799445,3,1,false,false,-21.94449,7.5274806,10.536789,-2.5563388,-0.5768249,3
42.746563,0.1541046,44.00279106725999,11.376320321844906,0,0.7348953,8307.91,-0.42782477,3,1,false,false,-22.188383,7.929929,10.54427,-2.565981,-0.5757138,3
42.8486,0.15423869,44.00278476714869,11.376322067018004,0,0.74254024,8328.21,-0.41838154,3,1,false,false,-21.676361,7.7168446,10.25346,-2.5755248,-0.56988627,3
42.951183,0.15437327,44.00277846703739,11.376323812571561,0,0.754624,8344.195,-0.4091817,3,1,false,false,-21.119495,7.948154,9.876119,-2.5850365,-0.5660292,3
43.057163,0.15450826,44.0027721674754,11.376325432953559,0,0.7664611,8370.933,-0.39876944,3,1,false,false,-21.200432,8.198617,9.8726225,-2.594401,-0.55297405,3
43.160328,0.15464361,44.0027658673641,11.376326929305378,0,0.7824908,8408.898,-0.38714767,3,1,false,false,-22.503622,8.301354,11.3217325,-2.6036391,-0.55440533,3
43.264797,0.1547793,44.00275947716489,11.376328425276736,0,0.79112214,8445.653,-0.37576735,3,1,false,false,-22.850565,8.136504,11.485695,-2.6129606,-0.56484956,3
43.370663,0.15491548,44.00275308751499,11.376329796456993,0,0.79950666,8471.354,-0.36535692,3,1,false,false,-22.70822,8.172945,11.18168,-2.622571,-0.5854564,3
43.470573,0.15505224,44.00274660722786,11.376331168017712,0,0.80764496,8495.968,-0.3547032,3,1,false,false,-22.203562,7.92131,10.203127,-2.6326425,-0.6160612,3
43.57714,0.15518934,44.002740217577966,11.37633241440687,0,0.8143032,8537.841,-0.34114403,3,1,false,false,-22.613997,8.733127,10.749212,-2.6431227,-0.6278179,3
43.689537,0.1553268,44.00273373729084,11.376333536765848,0,0.8192354,8583.581,-0.32540545,3,1,false,false,-22.314486,8.84688,10.483993,-2.6535456,-0.6140084,3
43.803555,0.15546471,44.002727257553026,11.376334658744367,0,0.82244134,8609.833,-0.30894116,3,1,false,false,-21.73582,8.874673,10.056831,-2.663653,-0.5933753,3
43.91824,0.15560332,44.00272068717799,11.376335655931785,0,0.82244146,8617.912,-0.2915088,3,1,false,false,-22.303627,8.85731,10.849971,-2.673405,-0.577816,3
44.031105,0.15574233,44.00271411735227,11.376336653499663,0,0.82244146,8628.619,-0.2721383,3,1,false,false,-22.602077,8.856973,10.801857,-2.6830635,-0.5793599,3
44.139652,0.1558817,44.002707547526555,11.376337525895982,0,0.81972885,8658.31,-0.25204325,3,1,false,false,-23.15817,8.709148,11.6374,-2.692845,-0.59161055,3
44.247692,0.15602145,44.00270097715151,11.376338273881661,0,0.81381,8700.822,-0.23460996,3,1,false,false,-22.943272,8.445198,10.829152,-2.7028115,-0.6002081,3
44.350777,0.15616149,44.0026944073258,11.376339022247802,0,0.8101108,8740.769,-0.21160866,3,1,false,false,-22.090313,8.607443,9.826915,-2.712982,-0.6099924,3
44.46246,0.15630189,44.00268774741217,11.37633964544238,0,0.8049322,8768.915,-0.18400748,3,1,false,false,-22.034592,8.848056,9.971352,-2.7230988,-0.59914035,3
44.575855,0.15644267,44.00268108749853,11.376340144226319,0,0.7940814,8778.566,-0.13534123,3,1,false,false,-21.179876,9.029898,9.413667,-2.732973,-0.5792165,3
44.68787,0.15658388,44.002674427035586,11.376340642629797,0,0.7736129,8776.647,-0.06488614,3,1,false,false,-21.366486,9.00845,10.067589,-2.742507,-0.5632741,3
44.794132,0.15672538,44.002667767121956,11.376341016622638,0,0.74327993,8774.594,0.020821657,3,1,false,false,-21.327894,8.151756,10.422302,-2.7517834,-0.55474705,3
44.894444,0.1568672,44.002661107208326,11.376341390615478,0,0.70036995,8780.57,0.12420199,3,1,false,false,-20.979986,8.174011,10.159987,-2.7610853,-0.55450946,3
44.98818,0.15700936,44.00265435720678,11.376341640197676,0,0.6549938,8787.957,0.22685531,3,1,false,false,-20.517933,7.833532,10.777073,-2.7702827,-0.5434651,3
45.083286,0.1571519,44.00264760720524,11.376341764608316,0,0.6130702,8785.842,0.3304744,3,1,false,false,-19.138824,7.5567484,9.00685,-2.779057,-0.5020565,3
45.174053,0.15729469,44.002640857203694,11.376341889399416,0,0.612084,8782.437,0.39317855,3,1,false,false,-19.642664,7.7602487,10.368528,-2.7870142,-0.44642317,3
45.263054,0.15743779,44.002634107202155,11.376341889399416,0,0.61208385,8780.918,0.41472495,3,1,false,false,-18.981764,7.279102,9.804283,-2.7938955,-0.37826753,3
45.350403,0.1575812,44.00262735720061,11.376341889399416,0,0.61726266,8775.326,0.3876096,3,1,false,false,-19.709461,7.410851,10.58218,-2.7996821,-0.316994,3
45.43577,0.15772495,44.002620517111154,11.376341764608316,0,0.63896424,8775.606,0.32345372,3,1,false,false,-20.268658,7.302754,10.727304,-2.8046086,-0.27626705,3
45.526237,0.15786894,44.0026136770217,11.376341515406576,0,0.66781765,8791.391,0.22637084,3,1,false,false,-21.139149,7.5553017,10.636976,-2.8089852,-0.24823983,3
45.61736,0.15801322,44.00260692702016,11.376341266204838,0,0.69420475,8810.455,0.111854956,3,1,false,false,-21.486183,7.511125,10.778464,-2.8130217,-0.23686428,3
45.712753,0.15815787,44.00260008748002,11.376341016622638,0,0.71837246,8825.402,0.0031477176,3,1,false,false,-20.881958,7.74604,9.459992,-2.8170018,-0.23680551,3
45.81813,0.15830287,44.00259324739057,11.376340518219159,0,0.7410603,8838.815,-0.100719005,3,1,false,false,-19.55621,8.38019,8.549632,-2.8208807,-0.22167444,3
45.928917,0.15844823,44.002586407301116,11.376340019435219,0,0.75955623,8849.924,-0.18061727,3,1,false,false,-18.205349,8.092772,7.3995166,-2.824374,-0.20004112,3
46.04243,0.15859401,44.00257947712375,11.37633952065128,0,0.7787915,8863.918,-0.24550527,3,1,false,false,-18.529118,8.458376,9.006272,-2.8275714,-0.19069345,3
46.15238,0.15874018,44.0025726370343,11.376338897456701,0,0.80493206,8886.871,-0.28957167,3,1,false,false,-18.854471,7.7143173,9.500531,-2.8308904,-0.21857065,3
46.254498,0.15888676,44.00256570740625,11.376338149471021,0,0.83057946,8926.139,-0.30797395,3,1,false,false,-18.721024,7.410208,9.241014,-2.8349793,-0.27685153,3
46.3571,0.1590337,44.00255886731679,11.376337401485342,0,0.8508016,8984.546,-0.30579337,3,1,false,false,-18.616192,7.5729375,10.017696,-2.84017,-0.3439786,3
46.466286,0.15918101,44.00255193713943,11.376336653499663,0,0.8623922,9047.582,-0.28376123,3,1,false,false,-19.039772,8.598002,10.90181,-2.8464546,-0.40047625,3
46.592484,0.15932877,44.00254500751138,11.376335655931785,0,0.8749692,9083.841,-0.24356903,3,1,false,false,-19.095333,8.873936,11.2541275,-2.853445,-0.43080425,3
46.72331,0.15947698,44.002538077334016,11.376334783155006,0,0.8880394,9082.423,-0.19805057,3,1,false,false,-18.776289,9.629232,11.068267,-2.860885,-0.45078108,3
46.86965,0.15962568,44.00253105706874,11.376333661176488,0,0.9008633,9065.019,-0.1493843,3,1,false,false,-18.143576,10.214693,10.424922,-2.8684182,-0.44049338,3
47.021545,0.15977491,44.00252412744069,11.37633266398907,0,0.9087546,9049.401,-0.08982363,3,1,false,false,-17.219627,10.637216,9.614428,-2.8755026,-0.39840278,3
47.17237,0.15992472,44.002517107175414,11.37633141721945,0,0.90998775,9042.365,-0.038011517,3,1,false,false,-17.521711,10.235369,10.587338,-2.8816934,-0.34344402,3
47.31508,0.16007504,44.002510087459456,11.376330170449833,0,0.9099877,9045.378,0.014284637,3,1,false,false,-17.000837,9.850466,11.445204,-2.8870115,-0.29632077,3
47.449688,0.16022591,44.002503067194176,11.376328923680214,0,0.90900135,9060.67,0.06997009,3,1,false,false,-16.399794,8.912507,12.633609,-2.891647,-0.26450974,3
47.5725,0.16037725,44.00249604747822,11.376327552499957,0,0.9043156,9093.201,0.11742293,3,1,false,false,-14.261717,8.911758,10.537695,-2.8959553,-0.24797654,3
47.710682,0.16052908,44.00248893712503,11.376326180939238,0,0.9001232,9140.748,0.14938147,3,1,false,false,-12.238308,9.63326,7.6722755,-2.8997376,-0.19312742,3
47.84558,0.16068147,44.00248191740907,11.37632468496788,0,0.8969175,9170.86,0.17068674,3,1,false,false,-11.132086,9.111887,8.896835,-2.9024072,-0.12908404,3
47.993565,0.16083448,44.00247480705588,11.376323188996523,0,0.89519113,9173.921,0.17310745,3,1,false,false,-10.600598,10.270298,10.068219,-2.9039936,-0.060185615,3
48.140255,0.16098805,44.002467697252015,11.376321568234065,0,0.89519113,9153.007,0.1585817,3,1,false,false,-8.861096,9.176288,7.9918847,-2.9044645,-0.0065565845,3
48.26643,0.16114219,44.00246058744814,11.376319947471606,0,0.89519113,9148.831,0.12783423,3,1,false,false,-7.747371,8.627306,7.7970905,-2.9044614,-0.0018652872,3
48.41497,0.16129692,44.00245347709495,11.37631832708961,0,0.8944512,9194.226,0.0924864,3,1,false,false,-7.563671,9.994484,10.119582,-2.904403,0.011590277,3
48.55617,0.16145231,44.00244627720317,11.37631670632715,0,0.8944513,9234.802,0.049633414,3,1,false,false,-6.325485,8.950253,7.483146,-2.9040313,0.027462287,3
48.593876,0.16160813,44.002439077311394,11.376315085564693,0,0.8944513,9303.787,-0.008474159,0,1,false,false,-6.9601417,-0.6010586,7.982673,-2.9034011,0.042355005,3
48.569557,0.16176403,44.00243196750752,11.376313340011135,0,0.8944513,8850.247,-0.05834914,4,1,false,false,-6.755104,3.7091024,11.649717,-2.9026923,0.028277984,3
48.71121,0.16192034,44.00242476706642,11.376311594838038,0,0.9028359,7843.116,-0.11040375,4,1,false,false,-5.547923,10.968905,10.54139,-2.9027228,-0.035014678,3
48.88718,0.16207734,44.00241756717464,11.37630984928448,0,0.9181257,7425.9243,-0.15664789,4,1,false,false,-5.0642643,11.364428,8.084116,-2.9039032,-0.09902247,3
49.066925,0.16223499,44.002410367282856,11.376308104111382,0,0.9432799,7693.637,-0.19538686,4,1,false,false,-5.46963,11.306503,7.414269,-2.90596,-0.13467383,3
49.19286,0.16239332,44.00240316739107,11.376306234147187,0,0.9743528,7943.549,-0.23025256,4,1,false,false,-6.2883987,6.5902767,7.350555,-2.9081857,-0.12979315,3
49.300133,0.16255222,44.00239587741138,11.376304363802527,0,0.99999994,7867.093,-0.26100147,4,1,false,false,-7.2411304,8.151396,9.3827505,-2.9103806,-0.14550516,3
49.440327,0.16271162,44.00238858743169,11.376302493838331,0,1,7674.224,-0.28376126,4,1,false,false,-8.19028,9.521877,10.212285,-2.9131665,-0.19424658,3
49.582806,0.16287155,44.002381297452,11.376300623874133,0,1,7629.4175,-0.29780328,4,1,false,false,-9.118388,8.738097,9.700444,-2.9168334,-0.24540505,3
49.703712,0.16303197,44.0023740074723,11.376298753909936,0,1,7746.335,-0.30385727,4,1,false,false,-10.400397,7.5506907,10.217006,-2.921279,-0.28350067,3
49.80939,0.16319273,44.002366717492606,11.376296759154638,0,1,7860.302,-0.2987723,4,1,false,false,-11.225866,6.971108,10.057023,-2.9262123,-0.30359757,3
49.916615,0.1633539,44.0023594269636,11.376294764399342,0,1,7873.645,-0.28593996,4,1,false,false,-11.341786,7.4778194,9.228128,-2.9313958,-0.31593433,3
50.037975,0.16351552,44.00235204744531,11.376292645233404,0,1,7834.3994,-0.26899156,4,1,false,false,-11.338684,8.556836,9.390513,-2.936772,-0.3238538,3
50.167755,0.1636775,44.002344757465615,11.376290525687008,0,1,7821.1396,-0.24695845,4,1,false,false,-11.429809,8.736454,8.924264,-2.9421523,-0.31551373,3
50.29297,0.16383995,44.002337377398014,11.37628840614061,0,1,7845.6465,-0.2239571,4,1,false,false,-11.23037,8.050607,7.631298,-2.9472106,-0.28931493,3
50.408974,0.16400284,44.002329997330406,11.376286162183574,0,1,7878.9023,-0.20265043,4,1,false,false,-11.016091,7.5297093,7.0421734,-2.9517708,-0.26132452,3
50.52036,0.1641661,44.002322617262806,11.376283918226536,0,1,7904.678,-0.18158635,4,1,false,false,-10.780365,7.4063187,7.4315205,-2.9559176,-0.24124458,3
50.62786,0.16432968,44.0023152371952,11.3762816742695,0,1,7927.5024,-0.1653645,4,1,false,false,-10.275806,7.088354,7.330095,-2.9598072,-0.23144893,3
50.726345,0.16449362,44.00230785712759,11.376279305521363,0,1,7962.8174,-0.15543821,4,1,false,false,-9.771672,6.4586277,6.550619,-2.9636583,-0.23692629,3
50.825325,0.16465795,44.00230047705999,11.376276936773225,0,1,8019.3335,-0.14841619,4,1,false,false,-9.770303,6.8271513,6.4430647,-2.967683,-0.2475797,3
50.927837,0.1648225,44.00229300745379,11.376274568025089,0,1,8074.7275,-0.14163667,4,1,false,false,-10.26165,6.964136,7.8726892,-2.9718664,-0.25601864,3
51.035023,0.16498742,44.002285627386186,11.376272074485852,0,1,8101.9653,-0.13509971,4,1,false,false,-11.269882,7.4610276,9.812608,-2.9762352,-0.268851,3
51.152016,0.16515271,44.00227815723067,11.376269581327076,0,1,8101.416,-0.12759459,4,1,false,false,-12.085052,8.014482,9.605524,-2.9808362,-0.28034475,3
51.27409,0.16531837,44.00227068707515,11.37626708778784,0,1,8090.9077,-0.11500458,4,1,false,false,-12.112021,8.295315,8.823685,-2.985575,-0.2825949,3
51.405914,0.16548434,44.00226321746896,11.376264469837963,0,1,8085.7017,-0.097813755,4,1,false,false,-13.375018,8.950841,10.615494,-2.9901764,-0.2632117,3
51.53866,0.16565076,44.00225574731344,11.376261851888087,0,1,8071.887,-0.07578151,4,1,false,false,-13.919431,8.750983,11.916282,-2.9943025,-0.22851862,3
51.665382,0.1658176,44.002248277157925,11.37625910914711,0,1,8050.1187,-0.055685453,4,1,false,false,-13.408756,8.312485,10.946819,-2.997819,-0.19288225,3
51.78651,0.16598472,44.00224080700241,11.376256366406134,0,1,8043.7207,-0.03946368,4,1,false,false,-12.196057,8.000766,9.392357,-3.0007777,-0.16166042,3
51.90635,0.16615221,44.002233337396206,11.376253623665159,0,1,8062.8467,-0.027117118,4,1,false,false,-11.185375,7.834775,9.500594,-3.0031924,-0.12669972,3
52.021633,0.1663201,44.00222577715278,11.376250756133082,0,1,8087.2036,-0.023484403,4,1,false,false,-10.044499,7.607494,9.4559355,-3.005012,-0.093723886,3
52.13147,0.16648832,44.002218306997264,11.376247888601005,0,1,8102.986,-0.02977987,4,1,false,false,-8.376052,7.2102203,8.2052765,-3.0063577,-0.072239265,3
52.238945,0.16665678,44.00221074730315,11.376245021449389,0,1,8123.068,-0.0452751,4,1,false,false,-7.443512,7.171515,8.564459,-3.0074725,-0.064960934,3
52.34654,0.16682564,44.00220318705973,11.376242029506674,0,1,8155.782,-0.0665808,4,1,false,false,-7.0447226,7.1232324,8.505383,-3.0085588,-0.068006836,3
52.455387,0.16699485,44.00219571745353,11.376239037183497,0,1,8188.4297,-0.08909804,4,1,false,false,-6.565085,7.1472545,8.05449,-3.0097458,-0.07557421,3
52.565327,0.16716428,44.0021881572101,11.376236045240782,0,1,8210.583,-0.108709104,4,1,false,false,-6.781774,7.403836,9.916664,-3.0111148,-0.09043437,3
52.681026,0.1673341,44.002180596966674,11.376233053298066,0,1,8221.76,-0.12323622,4,1,false,false,-7.206612,7.7602034,10.435737,-3.0128024,-0.11125355,3
52.798923,0.16750428,44.002172947184654,11.37622993656425,0,1,8223.679,-0.13243693,4,1,false,false,-7.0650024,7.6708064,9.45767,-3.0148127,-0.12782098,3
52.916565,0.1676748,44.00216538694123,11.376226819830435,0,1,8227.165,-0.13316256,4,1,false,false,-7.400063,7.924136,11.516045,-3.017076,-0.14157526,3
53.037865,0.16784564,44.0021577371592,11.376223703096619,0,1,8235.71,-0.12493085,4,1,false,false,-7.774113,7.8952103,11.756828,-3.019525,-0.14858657,3
53.156425,0.16801687,44.00215017691578,11.376220586362804,0,1,8240.868,-0.11040376,4,1,false,false,-7.483767,7.7279963,9.931675,-3.0220027,-0.14512707,3
53.27209,0.16818845,44.002142527133756,11.376217344837888,0,1,8246.002,-0.091760784,4,1,false,false,-6.8566313,7.670928,9.796792,-3.0243406,-0.1331105,3
53.389374,0.16836032,44.002134877351736,11.376214103312972,0,1,8258.455,-0.06972854,4,1,false,false,-6.3378487,7.6467576,9.633272,-3.0264082,-0.11343127,3
53.50218,0.1685326,44.002127227020395,11.376210862168517,0,1,8273.943,-0.048664384,4,1,false,false,-5.498801,7.166243,8.173755,-3.0281062,-0.091947034,3
53.605713,0.16870521,44.002119577238375,11.376207620643601,0.007863696,0.890259,8290.416,-0.029779866,4,1,false,false,-4.4911265,6.7349324,8.175894,-3.0294852,-0.07581658,3
53.705177,0.16887811,44.002111926907034,11.376204379118684,0.02073156,0.6633784,8258.8545,-0.011620954,4,1,false,false,-3.9889324,6.4201603,9.318522,-3.0306406,-0.06419882,3
53.78867,0.16905129,44.002104187037105,11.376201013183131,0.03669725,0.2559803,8037.916,0.0014530877,4,1,false,false,-3.4658031,4.9080186,7.6619616,-3.0316155,-0.05296778,3
53.823265,0.1692247,44.002096537255085,11.376197646867114,0.052782074,0.054253995,7802.3247,0.0135580925,4,1,false,false,-3.3465235,0.5560014,8.035884,-3.0323677,-0.036123198,3
53.765312,0.16939805,44.00208879738515,11.376194280931559,0.070773266,1.8626451e-09,7767.2246,0.023969388,4,1,false,false,-2.829768,-4.696129,11.08044,-3.0327775,-0.013859993,3
53.664955,0.16957112,44.00208114705381,11.376190914996004,0.08721552,0,7805.6865,0.033169154,4,1,false,false,-2.1945744,-6.800036,12.678982,-3.0328481,0.0038348127,3
53.49816,0.16974378,44.00207349727179,11.376187673471089,0.106755614,0,8063.7783,0.04454762,4,1,false,false,-1.3629422,-10.577704,13.209313,-3.0326722,0.017962867,3
53.31169,0.1699158,44.002065846940454,11.376184307535533,0.12987013,0,8242.948,0.058349147,4,1,false,false,-0.041334346,-10.000475,13.243548,-3.0322738,0.03132333,3
53.16477,0.17008731,44.00205828724634,11.376180941219518,0.15846536,0,8223.902,0.07384345,4,1,false,false,0.8160166,-6.9964695,11.584022,-3.0316648,0.043063115,3
53.034447,0.17025836,44.00205072700292,11.376177575283963,0.1819373,0,8177.533,0.09054971,4,1,false,false,1.502816,-7.47532,9.324951,-3.030851,0.05522542,3
52.89154,0.17042898,44.002043167308805,11.376174333759046,0.20111994,0,8131.1094,0.11161293,4,1,false,false,2.306604,-8.242875,8.695534,-3.0298479,0.064469494,3
52.752125,0.17059904,44.00203560706537,11.37617096782349,0.2186346,0,7995.586,0.13388628,4,1,false,false,3.017775,-7.3693457,7.225477,-3.0286772,0.07483135,3
52.61297,0.17076866,44.00202804737127,11.376167726298576,0.23221728,0,7853.641,0.15809724,4,1,false,false,3.6033046,-8.3050375,6.8510494,-3.027283,0.092364304,3
52.448467,0.17093779,44.00202057721575,11.37616448515412,0.24210654,0,7796.625,0.18424438,4,1,false,false,4.369261,-9.924281,7.3977656,-3.0255287,0.11669637,3
52.268166,0.17110609,44.002013107060236,11.376161243629205,0.24425119,0,7752.3315,0.21039152,4,1,false,false,5.736853,-10.340328,7.9349566,-3.0233607,0.1428476,3
52.08769,0.17127322,44.00200563690472,11.376158002104289,0.24508515,0,7708.1294,0.24017093,4,1,false,false,7.1670413,-10.322522,7.540374,-3.0206988,0.1777114,3
51.90145,0.17143977,44.00199816729852,11.376154885370473,0.2450852,0,7665.6655,0.27091795,4,1,false,false,8.237859,-10.725694,9.04675,-3.0174146,0.2139182,3
51.706272,0.1716057,44.001990787230916,11.376151768636657,0.2450852,0,7681.544,0.301665,4,1,false,false,9.849136,-11.723714,9.812789,-3.0135818,0.24474078,3
51.49038,0.17177033,44.0019833170754,11.376148651902842,0.2450852,0,7754.9395,0.3336217,4,1,false,false,12.259099,-12.437175,11.012189,-3.0092437,0.27593857,3
51.27948,0.17193416,44.00197593700779,11.376145659960127,0.24377458,0,7782.6606,0.3612214,4,1,false,false,13.464403,-11.710272,10.498177,-3.0043325,0.31389773,3
51.08157,0.17209733,44.0019686470281,11.37614266801741,0.24031934,0,7743.5845,0.38664198,4,1,false,false,15.550013,-10.895431,12.498706,-2.9987392,0.35651118,3
50.897236,0.17225967,44.0019612669605,11.376139800485333,0.23638746,0,7699.5986,0.40600973,4,1,false,false,16.337484,-9.881957,10.244705,-2.9925382,0.38103884,3
50.729477,0.17242105,44.00195397725546,11.376136932953258,0.2310259,0,7655.801,0.41545194,4,1,false,false,15.137533,-9.134102,7.0494885,-2.9862013,0.37448236,3
50.56841,0.17258194,44.00194659718786,11.376134065801642,0.2243536,0,7612.431,0.4154519,4,1,false,false,14.054605,-8.932502,6.321457,-2.980106,0.3505647,3
50.407326,0.1727423,44.00193930720816,11.376131323060665,0.2158942,0,7569.5503,0.41109353,4,1,false,false,13.880963,-9.145718,6.248818,-2.9745424,0.31726393,3
50.235207,0.17290188,44.00193201722847,11.376128704730329,0.20874539,0,7526.919,0.40625167,4,1,false,false,14.116331,-10.144793,7.2280674,-2.9691715,0.33860967,3
50.05256,0.17306079,44.00192472724878,11.376126086780452,0.20338374,0,7485.541,0.40504113,4,1,false,false,14.906422,-10.104636,7.7299833,-2.962917,0.41319013,3
49.88356,0.17321914,44.001917527082334,11.376123468830576,0.19575834,0,7443.506,0.40770435,4,1,false,false,15.070241,-8.974935,6.117025,-2.955453,0.47632325,3
49.72197,0.17337696,44.00191023710264,11.37612097529134,0.18539262,0,7401.583,0.41254625,4,1,false,false,17.196985,-9.000353,8.157989,-2.9471545,0.51437753,3
49.55139,0.17353405,44.00190303721086,11.376118606543203,0.17180988,0,7389.8286,0.4118197,4,1,false,false,20.4841,-9.426113,10.994137,-2.9384053,0.53096956,3
49.379402,0.17369062,44.00189583704442,11.376116237795067,0.16394614,0,7412.2427,0.40600964,4,1,false,false,21.373173,-9.092592,10.054475,-2.9294653,0.53915805,3
49.218246,0.17384666,44.00188863715264,11.376113869046929,0.15632072,0,7420.6704,0.39680988,4,1,false,false,21.876278,-8.353017,9.168753,-2.9204962,0.533638,3
49.065372,0.17400216,44.001881437260856,11.376111749880993,0.1473847,0,7395.5244,0.3876096,4,1,false,false,23.37968,-7.9463487,10.671752,-2.9117193,0.5166113,3
48.91869,0.17415711,44.00187423709442,11.376109630334595,0.14047419,0,7356.596,0.38204175,4,1,false,false,23.994366,-7.4174447,11.193503,-2.9033153,0.4906243,3
48.77685,0.17431162,44.001867127015885,11.376107511168659,0.13928276,0,7329.2153,0.38494742,4,1,false,false,24.15098,-7.4059925,11.220465,-2.8952909,0.4747275,3
48.634193,0.1744657,44.00185992712411,11.376105641204461,0.13928273,0,7317.012,0.39487317,4,1,false,false,23.384836,-7.409941,9.261572,-2.8873577,0.47822934,3
48.49533,0.17461935,44.001852817045574,11.376103770859803,0.13999763,0,7305.643,0.40576765,4,1,false,false,21.885405,-7.029952,7.759378,-2.87934,0.47986636,3
48.36145,0.17477259,44.001845707241706,11.376101900895605,0.13999762,0,7282.9136,0.41569397,4,1,false,false,21.029032,-6.9683995,7.411534,-2.8714204,0.46716955,3
48.226135,0.17492548,44.00183850707526,11.376100280133148,0.1372572,0,7252.645,0.42416668,4,1,false,false,21.110723,-7.133766,8.268604,-2.863741,0.45558068,3
48.091255,0.17507799,44.001831396996735,11.37609865975115,0.13094242,0,7225.729,0.4282821,4,1,false,false,20.339928,-6.9062986,7.2759347,-2.8561366,0.4583416,3
47.957848,0.17523019,44.00182428719287,11.376097038988693,0.12248303,0,7204.7637,0.42561972,4,1,false,false,20.311634,-6.9710927,7.6629405,-2.8483746,0.47449774,3
47.822777,0.17538205,44.00181717711433,11.376095543017335,0.11461932,0,7187.39,0.41641963,4,1,false,false,21.022556,-6.9941998,8.595081,-2.8402393,0.50119156,3
47.69049,0.17553355,44.00181015712372,11.376094171456616,0.110925786,0,7171.662,0.4021359,4,1,false,false,21.738737,-6.6420846,8.685526,-2.8317049,0.51839197,3
47.56325,0.17568474,44.001803047045186,11.376092800276359,0.10973429,0,7156.701,0.3888203,4,1,false,false,22.081236,-6.45814,8.993668,-2.8230147,0.5258315,3
47.437233,0.17583567,44.00179602705457,11.37609155350674,0.10949599,0,7141.2134,0.37937853,4,1,false,false,22.539124,-6.203819,8.723734,-2.8141332,0.53718525,3
47.316208,0.17598628,44.00178891697604,11.376090431528223,0.109138556,0,7123.459,0.37671575,4,1,false,false,22.813383,-6.0760074,8.665392,-2.8052258,0.52866435,3
47.19151,0.1761366,44.00178189698542,11.376089309549704,0.10913857,0,7103.995,0.37986338,4,1,false,false,23.308565,-6.256413,9.51917,-2.7964344,0.52830285,3
47.065414,0.17628665,44.00177487699481,11.376088311981825,0.11164067,0,7085.091,0.3866421,4,1,false,false,24.188305,-6.398858,10.130572,-2.7875614,0.5353617,3
46.93673,0.1764364,44.00176785700419,11.376087314794406,0.11295127,0,7066.086,0.39342052,4,1,false,false,25.104918,-6.3701367,10.532724,-2.778586,0.54298764,3
46.809284,0.17658582,44.00176083701357,11.376086566808727,0.113427855,0,7047.074,0.40213582,4,1,false,false,24.730017,-6.3431096,9.562139,-2.769313,0.57002974,3
46.678394,0.17673495,44.00175390711086,11.376085818442588,0.113427855,0,7026.627,0.41230464,4,1,false,false,25.64035,-6.434553,10.333509,-2.759681,0.58037066,3
46.549843,0.17688377,44.00174688712025,11.37608507045691,0.113427855,0,7005.523,0.42804012,4,1,false,false,24.724539,-6.2209415,9.268994,-2.749978,0.58147734,3
46.436016,0.17703226,44.00173995721754,11.376084572053431,0.113427855,0,6983.8193,0.44861868,4,1,false,false,23.245329,-5.206917,7.547419,-2.7405214,0.5446642,3
46.319054,0.17718051,44.001733027040174,11.37608407326949,0.113427855,0,6961.979,0.4711336,4,1,false,false,22.861555,-6.0083194,7.60275,-2.7318263,0.5047529,3
46.18893,0.17732851,44.001726097137464,11.376083699276652,0.11211724,0,6940.1616,0.49074328,4,1,false,false,23.172039,-6.7904825,8.397752,-2.723564,0.49189144,3
46.054977,0.17747623,44.0017191669601,11.376083325283812,0.109496005,0,6918.102,0.5105949,4,1,false,false,23.018503,-6.575501,8.52918,-2.715431,0.48857492,3
45.932255,0.17762363,44.001712327145306,11.376083076082072,0.10544502,0,6895.577,0.52124727,4,1,false,false,20.676895,-5.8501773,6.068761,-2.7070916,0.5202266,3
45.815952,0.17777078,44.00170539696794,11.376082826499871,0.09710473,0,6869.16,0.51567876,4,1,false,false,20.906593,-5.802288,5.9632325,-2.6981823,0.5444225,3
45.69903,0.17791769,44.00169855715315,11.376082826499871,0.08256881,0,6843.874,0.49050117,4,1,false,false,20.795938,-5.65294,6.4770308,-2.6890726,0.54916435,3
45.584366,0.17806442,44.00169171706369,11.376082701708771,0.06553079,0,6829.6045,0.45539725,4,1,false,false,21.438087,-5.517282,7.670397,-2.6798568,0.55981266,3
45.472313,0.1782109,44.00168487697424,11.376082826499871,0.050756585,0,6826.192,0.41254616,4,1,false,false,22.700579,-5.4063377,8.311823,-2.6704218,0.5757747,3
45.361443,0.1783571,44.00167812697269,11.376082951290972,0.038484447,0,6826.4204,0.3653372,4,1,false,false,22.623707,-5.0004587,8.084942,-2.6606178,0.6004665,3
45.260036,0.17850302,44.0016712871579,11.376083076082072,0.027165493,0,6821.704,0.30892754,4,1,false,false,23.485157,-4.4038615,8.680635,-2.650531,0.6046146,3
45.16451,0.17864834,44.00166453715636,11.376083325283812,0.021208152,0,6813.5557,0.2474335,4,1,false,false,24.919212,-4.2040544,10.045433,-2.6405213,0.59702843,3
45.070877,0.17879309,44.00165778715481,11.376083699276652,0.017991187,0,6805.9136,0.18932831,4,1,false,false,25.952843,-3.868711,11.665051,-2.630618,0.59099436,3
44.983288,0.17893763,44.00165103715327,11.37608419806059,0.017276306,0,6799.7646,0.13364422,4,1,false,false,25.500687,-3.4114795,10.822018,-2.620838,0.57788277,3
44.902958,0.17908196,44.00164428715173,11.37608469646407,0.017276302,0,6791.9517,0.1070126,4,1,false,false,24.209036,-3.0875125,9.065924,-2.6114795,0.54079586,3
44.827076,0.1792259,44.001637626963436,11.37608532003911,0.019182649,0,6781.9175,0.11354962,4,1,false,false,23.74973,-2.9695983,8.243204,-2.6028006,0.49419016,3
44.752853,0.17936946,44.0016308769619,11.376086068024788,0.025616579,0,6767.9473,0.15301284,4,1,false,false,24.301085,-2.874099,9.78929,-2.5952654,0.4090578,3
44.67712,0.17951284,44.00162421704827,11.376086816010467,0.034552608,0,6751.0337,0.22322305,4,1,false,false,24.960686,-3.1759365,10.743243,-2.5890172,0.35078993,3
44.59556,0.17965609,44.00161755713464,11.376087688787246,0.04587157,0,6735.541,0.313528,4,1,false,false,25.038034,-3.5400047,10.380698,-2.583361,0.3371582,3
44.51069,0.17979902,44.001610896946346,11.376088685974665,0.062313836,0,6723.3975,0.40019923,4,1,false,false,23.995266,-3.87282,8.499181,-2.5776362,0.35051283,3
44.42139,0.17994165,44.001604327120624,11.376089683542544,0.073156215,0,6710.372,0.4803334,4,1,false,false,23.248772,-4.3643255,8.444881,-2.5716712,0.3694157,3
44.324413,0.18008406,44.001597666932334,11.376090805521061,0.079351835,0,6693.186,0.54037195,4,1,false,false,23.983543,-4.8742833,9.832903,-2.565293,0.39370462,3
44.22183,0.18022622,44.00159109710661,11.37609192749958,0.08161563,0,6671.8955,0.5909699,4,1,false,false,24.022816,-5.067931,10.151214,-2.5585291,0.4193427,3
44.121437,0.18036819,44.00158452700624,11.376093298679837,0.082330525,0,6651.954,0.6190522,4,1,false,false,23.057938,-4.996232,8.780702,-2.5512898,0.45026237,3
44.021053,0.1805099,44.00157804699377,11.376094545449456,0.08137734,0,6636.056,0.62365204,4,1,false,false,22.200016,-5.114299,8.5163765,-2.5434983,0.4806575,3
43.919113,0.18065134,44.00157147716805,11.376096041420814,0.076849766,0,6622.2153,0.6042851,4,1,false,false,22.206722,-5.182629,8.803021,-2.535357,0.49368498,3
43.817856,0.18079256,44.00156499715558,11.376097537392171,0.07315618,0,6608.4355,0.56797034,4,1,false,false,22.552828,-5.181882,9.63947,-2.5271552,0.490659,3
43.714195,0.18093364,44.00155851714312,11.37609903374399,0.07077328,0,6595.044,0.5367409,4,1,false,false,22.85039,-5.262405,10.689364,-2.5189078,0.50306267,3
43.612785,0.18107454,44.0015521269439,11.376100778917088,0.070773266,0,6582.037,0.52027875,4,1,false,false,22.766893,-5.1527166,10.2781105,-2.5103724,0.5228233,3
43.51171,0.18121517,44.00154573701934,11.376102399679546,0.070773266,0,6567.937,0.52512074,4,1,false,false,23.37795,-5.0649166,11.206985,-2.5014803,0.54343015,3
43.412773,0.18135557,44.00153934709479,11.376104269643744,0.07124985,0,6553.2695,0.544488,4,1,false,false,23.552687,-4.9366617,10.526224,-2.4922042,0.56855947,3
43.313297,0.18149586,44.001532957170234,11.37610613960794,0.071726434,0,6538.834,0.57426506,4,1,false,false,24.993467,-4.938743,11.977467,-2.48256,0.58331513,3
43.215233,0.1816361,44.00152665705893,11.376108009952597,0.07124986,0,6525.135,0.60259044,4,1,false,false,24.678614,-4.8701725,10.653871,-2.4727209,0.592327,3
43.11768,0.18177608,44.00152035694762,11.376110004327435,0.069224335,0,6511.3403,0.63212466,4,1,false,false,24.647388,-4.782371,10.586828,-2.4628227,0.5895653,3
43.02086,0.1819158,44.00151405711098,11.376112123873833,0.067318015,0,6496.4634,0.6553653,4,1,false,false,25.090803,-4.7206283,10.979215,-2.4530687,0.5790102,3
42.923138,0.18205541,44.00150775699968,11.37611436783087,0.06433932,0,6482.148,0.6735221,4,1,false,false,25.590704,-4.835483,11.522204,-2.4434304,0.575917,3
42.828346,0.18219513,44.001501546976286,11.376116611787905,0.060884066,0,6468.1245,0.68489987,4,1,false,false,24.635288,-4.5471544,9.61212,-2.4338894,0.5675608,3
42.73918,0.18233457,44.00149542704081,11.376118980536042,0.05540331,0,6454.2676,0.6904682,4,1,false,false,23.242514,-4.2954316,8.912946,-2.4245443,0.5535176,3
42.650623,0.1824738,44.001489217017415,11.37612134928418,0.052305494,0,6440.255,0.6938576,4,1,false,false,23.04089,-4.3776126,9.566678,-2.4153793,0.5497579,3
42.56302,0.18261285,44.00148309708193,11.376123842823416,0.048254505,0,6426.8525,0.69676304,4,1,false,false,22.694775,-4.384337,9.372488,-2.406211,0.553537,3
42.47116,0.1827522,44.00147697714645,11.376126460773293,0.045394972,0,6413.9766,0.7011199,4,1,false,false,24.023878,-4.48543,11.064431,-2.396789,0.5809986,3
42.380173,0.18289128,44.001470947024224,11.376129078723169,0.041939706,0,6402.5913,0.70571965,4,1,false,false,23.748796,-4.353583,10.454792,-2.386747,0.6264067,3
42.29706,0.1830301,44.001464917176655,11.376131821464146,0.03967593,0,6391.312,0.7086251,4,1,false,false,23.365828,-3.9791043,9.330938,-2.3761678,0.63821024,3
42.22081,0.18316874,44.001458887054426,11.37613456420512,0.037173823,0,6380.078,0.70693016,4,1,false,false,22.026297,-3.486328,7.370813,-2.3657002,0.6106517,3
42.147648,0.18330769,44.0014528569322,11.376137431737197,0.0345526,0,6366.7754,0.704267,4,1,false,false,21.24437,-3.297177,8.06662,-2.3558195,0.5760858,3
42.076717,0.18344647,44.001446917172544,11.376140299269274,0.03157392,0,6351.547,0.7074142,4,1,false,false,20.854563,-3.3300536,7.926514,-2.3464205,0.55684954,3
41.993076,0.18358502,44.00144097713822,11.376143291211989,0.029310144,0,6337.7544,0.71879226,4,1,false,false,23.102467,-3.8260584,11.879607,-2.3370707,0.5792329,3
41.906933,0.18372335,44.001435126917166,11.376146283154705,0.027642084,0.5208334,6510.9795,0.7347701,0,1,false,false,27.720978,-4.4848676,13.879908,-2.3272157,0.6402793,3
41.82479,0.18386173,44.001429276970754,11.37614939988852,0.02561659,0.6458333,7117.207,0.7492956,0,1,false,false,29.190126,-4.2176294,12.205713,-2.3161614,0.703992,3
41.744762,0.18399993,44.00142342702435,11.376152641413437,0.023471937,0.020833299,7374.651,0.7543788,3,1,false,false,30.666723,-4.281542,11.804243,-2.3039014,0.75989175,3
41.6611,0.18413784,44.00141766716586,11.376155882938352,0.020493269,0.001972873,7362.959,0.7466324,3,1,false,false,29.874323,-3.3947604,11.436874,-2.2905295,0.7890741,3
41.556282,0.18427548,44.001411907032704,11.376159248873908,0.017991181,0.00295931,7485.977,0.7267811,3,1,false,false,28.874924,-6.383467,10.884452,-2.2774732,0.76346517,3
41.434532,0.18441254,44.001406236987464,11.376162739600563,0.015250804,0.004438964,7617.2134,0.70717233,3,1,false,false,24.275816,-5.7979455,8.979026,-2.265379,0.7114943,3
41.325123,0.18454894,44.00140056694222,11.376166230327218,0.012033841,0.0054253996,7656.6895,0.6953102,3,1,false,false,22.688627,-4.0446134,9.654973,-2.253985,0.6750983,3
41.243683,0.184685,44.00139489689698,11.376169845844974,0.010127486,0.0073982743,7617.7354,0.7030573,3,1,false,false,24.368227,-2.5149136,11.756088,-2.2428882,0.64971066,3
41.174763,0.18482082,44.00138931693965,11.376173585773367,0.00917431,0.008877931,7576.135,0.7154031,3,1,false,false,30.368765,-1.9209596,12.967718,-2.2319098,0.6337653,3
41.079475,0.18495628,44.001383827070235,11.376177326082223,0.008578576,0.011344019,7544.6104,0.73235,3,1,false,false,45.880955,-2.1985102,51.520653,-2.220302,0.7916407,3
41.012978,0.18509103,44.00137833692616,11.376181190801718,0.007625403,0.014796549,7505.1265,0.7488116,3,1,false,false,39.703327,-3.458658,3.4179802,-2.2074437,0.74134505,3
40.936203,0.18522549,44.00137293714465,11.376185179931852,0.006433934,0.01972873,7460.633,0.76817805,3,1,false,false,40.51991,-2.7990096,19.656767,-2.1959138,0.63877153,3
40.866394,0.18535967,44.001367537088484,11.376189169442446,0.0057190517,0.024414305,7421.8765,0.78221893,3,1,false,false,34.462193,-2.3569064,9.088465,-2.186235,0.51653576,3
40.80475,0.18549371,44.00136222712023,11.37619340815478,0.004170143,0.029346485,7430.2407,0.79141814,3,1,false,false,20.584795,-2.6875892,6.181672,-2.1788692,0.353552,3
40.742493,0.18562706,44.00135691715197,11.376197646867114,0.0041701416,0.031565968,7478.1133,0.8001329,3,1,false,false,9.614644,-2.7628288,0.9776678,-2.1748393,0.14174712,3
40.66831,0.18576019,44.00135160690906,11.37620188595991,0.0041701416,0.03378545,7505.8384,0.81804717,3,1,false,false,16.222683,-5.818047,2.7476625,-2.17341,0.0987,3
40.625156,0.18589309,44.00134638702872,11.376206124672244,0.0034552603,0.034525268,7486.6074,0.8504864,3,1,false,false,2.4795883,-1.9410899,-1.7945458,-2.1721234,0.064041786,3
40.58936,0.1860259,44.001341167148375,11.376210487795216,0.003216967,0.03674476,7458.398,0.89454466,3,1,false,false,3.4736316,-1.5883343,-4.2634225,-2.1713321,0.048468333,3
40.55634,0.1861583,44.00133585690546,11.376214726888012,0.0025020852,0.041183725,7433.1904,0.9306155,3,1,false,false,10.160634,-1.9242294,-1.1011007,-2.1703207,0.10797769,3
40.49734,0.1862903,44.00133072711303,11.376219090010984,0.0011914689,0.04858199,7414.93,0.9613596,3,1,false,false,18.093618,-3.028911,8.613409,-2.1667712,0.3191608,3
40.43221,0.186422,44.001325506958025,11.376223453514418,0.00095317507,0.058692984,7414.577,0.9887135,3,1,false,false,18.799953,-1.5958893,29.902119,-2.161249,0.36637485,3
40.385033,0.1865535,44.00132037689094,11.376227817017853,0.00023829381,0.06880396,7408.585,0.9913769,3,1,false,false,25.795275,-3.9536471,22.460268,-2.1535013,0.58329004,3
40.28889,0.18668462,44.0013152470985,11.376232304931927,-2.1827873e-11,0.07842173,7398.2207,0.9674108,3,1,false,false,43.42667,-5.098265,15.71357,-2.141962,0.7881496,3
40.207848,0.18681516,44.001310207119325,11.376236918017561,0,0.08557337,7402.907,0.9211741,3,1,false,false,37.89286,-4.1875644,16.353403,-2.1274984,0.93237764,3
40.155968,0.18694544,44.0013052569534,11.376241655133374,0,0.08902591,7419.4116,0.87082154,3,1,false,false,13.562588,-2.0146058,2.8410635,-2.111327,0.95948696,3
40.132233,0.18707557,44.00130030706213,11.376246392629648,0,0.09445129,7443.402,0.83692956,3,1,false,false,13.915747,-0.7859305,2.4118776,-2.0964613,0.7860541,3
40.09565,0.1872056,44.00129535689621,11.37625125491702,0,0.10431566,7477.8525,0.83910835,3,1,false,false,6.970617,-1.2722584,6.6451178,-2.0846505,0.6330997,3
40.06119,0.18733531,44.00129049709285,11.376255992413295,0,0.118125774,7515.8594,0.88340986,3,1,false,false,9.610535,-1.3469374,4.6310735,-2.0757065,0.44362852,3
40.027103,0.18746479,44.00128563701484,11.376260854320208,0,0.13094944,7527.622,0.9148799,3,1,false,false,26.185892,0.45267126,10.507328,-2.0698936,0.2554478,3
40.015915,0.18759413,44.00128077693682,11.37626584101822,0,0.1422935,7428.085,0.93013036,3,1,false,false,24.579628,-0.4641398,14.1630335,-2.0656116,0.2957014,3
39.980576,0.18772338,44.00127600694672,11.376270828096695,0,0.14451292,7330.9785,0.9228688,3,1,false,false,27.342072,-1.6527885,11.522712,-2.0595644,0.44836769,3
39.931377,0.18785246,44.00127123695661,11.376275814794708,0,0.14944518,7330.292,0.89212453,3,1,false,false,25.212404,-2.645438,8.961766,-2.0503426,0.65994483,3
39.873417,0.18798126,44.001266466966506,11.37628092628382,0,0.15635021,7406.838,0.85508573,3,1,false,false,18.007881,-2.7435074,6.8674707,-2.0373168,0.88332,3
39.827232,0.18810986,44.001261787064315,11.376286037772934,0,0.1681874,7490.415,0.822405,3,1,false,false,14.280506,-1.8332399,4.631746,-2.0212538,1.0100495,3
39.813374,0.1882383,44.001257196975374,11.376291273672686,0,0.17805178,7575.8037,0.79093397,3,1,false,false,17.401684,-0.020962328,6.206991,-2.0050197,0.8784033,3
39.79351,0.18836668,44.00125251707318,11.3762965099529,0,0.1871763,7529.0337,0.76115763,3,1,false,false,18.946014,0.9930428,7.8734555,-1.991479,0.7275915,3
39.79452,0.18849508,44.00124792698424,11.376301745852652,0,0.19975339,7402.7256,0.73525417,3,1,false,false,26.504286,2.0801878,12.460303,-1.9804405,0.60797733,3
39.79701,0.18862346,44.001243426983216,11.376307106543504,0,0.22293465,7314.2065,0.7098355,3,1,false,false,29.226934,1.3877907,14.166534,-1.9708976,0.5487957,3
39.779274,0.18875179,44.00123892698219,11.376312592025457,0,0.25351417,7323.3994,0.6817528,3,1,false,false,30.378672,0.19323206,13.996094,-1.9617682,0.5476339,3
39.755917,0.18888003,44.00123451706907,11.37631807750741,0,0.28310716,7403.6226,0.6546395,3,1,false,false,28.90212,-0.07489774,12.486057,-1.9526945,0.5374755,3
39.734024,0.1890083,44.001230106881295,11.376323562989361,0,0.31935874,7478.4165,0.6316413,3,1,false,false,23.952026,0.070079476,9.430347,-1.9438269,0.52733487,3
39.728096,0.18913667,44.00122569696818,11.376329297673054,0,0.35980275,7512.1875,0.6159049,3,1,false,false,19.527435,0.9903655,6.5677137,-1.9351444,0.5180227,3
39.73083,0.18926501,44.001221376868315,11.376334907946106,0,0.38002458,7515.971,0.6083998,3,1,false,false,15.600103,1.1766288,4.85391,-1.9263103,0.5479182,3
39.74471,0.18939336,44.00121714685636,11.376340642629797,0,0.3879161,7527.2188,0.6071904,3,1,false,false,14.970472,2.190133,4.9503155,-1.9169008,0.5773987,3
39.776516,0.18952179,44.00121282703115,11.37634637769395,0,0.39580756,7559.596,0.60694736,3,1,false,false,17.142273,3.134754,7.568181,-1.9072218,0.57916045,3
39.80853,0.18965071,44.0012085970192,11.376352237168742,0,0.406905,7580.377,0.603558,3,1,false,false,18.112535,2.793752,7.4232883,-1.8976778,0.5675526,3
39.843624,0.18977977,44.00120436700725,11.376358096643534,0,0.41627616,7579.2505,0.59460115,3,1,false,false,20.90536,3.4679189,9.630587,-1.8883138,0.5554718,3
39.88428,0.18990894,44.00120022708321,11.376363956118327,0,0.4202219,7564.6772,0.5769286,3,1,false,false,22.632925,3.7493792,10.56414,-1.8791283,0.5483328,3
39.926125,0.19003822,44.001196086884505,11.376369940003757,0,0.42022192,7548.3096,0.55683494,3,1,false,false,24.121016,3.8250523,11.690035,-1.8699841,0.5511922,3
39.967304,0.19016773,44.00119194696047,11.376376048680289,0,0.4217016,7539.6196,0.536257,3,1,false,false,23.866577,3.6594481,10.852564,-1.860707,0.5618072,3
40.00453,0.19029745,44.00118789684968,11.37638215773728,0,0.42737356,7544.4365,0.5164056,3,1,false,false,22.792906,3.4566867,9.409016,-1.8512627,0.5692794,3
40.042233,0.1904273,44.00118384701354,11.376388266413812,0,0.45104802,7572.889,0.4905013,3,1,false,false,21.343159,3.4507496,8.336073,-1.8418199,0.56060356,3
40.080883,0.19055723,44.00117988699067,11.376394499881444,0,0.48310727,7620.0615,0.46266046,3,1,false,false,20.145163,3.5484576,8.050382,-1.8325951,0.5456389,3
40.126545,0.19068733,44.00117592696779,11.376400858140176,0,0.5176326,7666.824,0.43893498,3,1,false,false,21.157372,4.133694,10.315528,-1.8236469,0.52881896,3
40.177296,0.19081734,44.00117196694491,11.376407091607808,0,0.5445129,7694.2056,0.41787225,3,1,false,false,21.90427,4.457418,10.829915,-1.8148315,0.53411645,3
40.24051,0.19094747,44.001168097009945,11.376413574277178,0,0.5639951,7706.764,0.39826256,3,1,false,false,21.302727,5.2679996,9.569623,-1.8058313,0.5434997,3
40.314625,0.19107783,44.00116422707498,11.37641993253591,0,0.584957,7720.031,0.37816885,3,1,false,false,19.650473,5.8309393,8.282095,-1.7968049,0.5342652,3
40.39736,0.19120844,44.001160446953264,11.37642641520528,0,0.6049322,7744.409,0.35516942,3,1,false,false,19.227346,6.253637,8.525742,-1.7881298,0.505188,3
40.48544,0.19133928,44.00115666710621,11.37643302266575,0,0.6231812,7772.457,0.33241206,3,1,false,false,20.053999,6.46453,9.999906,-1.7799703,0.4752466,3
40.57484,0.19147038,44.0011528869845,11.376439630126223,0,0.63304573,7789.5596,0.31304395,3,1,false,false,20.54929,6.3827295,10.399328,-1.7722148,0.45964038,3
40.658566,0.19160174,44.00114919695069,11.376446362377793,0,0.63625145,7797.1777,0.29512852,3,1,false,false,19.915396,6.0420055,9.928693,-1.7644563,0.47682515,3
40.74311,0.19173336,44.00114550691689,11.376453094629364,0,0.6411836,7823.075,0.27503332,3,1,false,false,19.166498,6.255919,9.5102415,-1.756325,0.49628383,3
40.836678,0.19186527,44.00114181688309,11.376459826500474,0,0.6498151,7874.279,0.24961312,3,1,false,false,19.100973,6.83422,9.298112,-1.7480445,0.49117476,3
40.93339,0.19199732,44.0011382169372,11.376466683543144,0,0.65844643,7919.0747,0.22201343,3,1,false,false,19.034258,6.963892,9.600862,-1.7400255,0.4695174,3
41.032646,0.19212969,44.00113461699131,11.376473540205355,0,0.668804,7936.585,0.1936866,3,1,false,false,18.863834,7.1589217,10.07703,-1.7323601,0.4520127,3
41.136276,0.19226235,44.00113101704542,11.376480521658666,0,0.68138105,7939.7964,0.1665704,3,1,false,false,17.978834,7.2334476,9.177476,-1.7249156,0.4424273,3
41.248276,0.1923954,44.00112750691278,11.376487627903076,0,0.6924783,7951.9043,0.13751854,3,1,false,false,18.420153,7.8723526,9.900766,-1.71765,0.42679647,3
41.360928,0.19252864,44.0011239970548,11.376494609356387,0,0.70234287,7975.502,0.113791615,3,1,false,false,18.35979,7.752845,9.748838,-1.7106918,0.40794936,3
41.474968,0.19266218,44.00112048692216,11.376501715600797,0,0.7080148,8000.8677,0.09514961,3,1,false,false,17.833261,7.943017,9.849711,-1.7040588,0.38665,3
41.592846,0.19279608,44.001117066877434,11.376508946255846,0,0.7090011,8017.4014,0.084980324,3,1,false,false,17.20443,8.132669,9.510918,-1.6978219,0.36118114,3
41.711178,0.19293037,44.00111364683271,11.376516177291357,0,0.7112207,8026.0913,0.08304368,3,1,false,false,16.48612,8.012624,8.955972,-1.6919932,0.3394476,3
41.833664,0.19306496,44.00111022706264,11.376523407946406,0,0.72453773,8042.8394,0.086917,3,1,false,false,15.533745,8.286698,7.842223,-1.6865499,0.31042352,3
41.957123,0.1931998,44.00110680701791,11.376530763392557,0,0.7487054,8074.1685,0.09272797,3,1,false,false,15.03024,8.030169,8.3172865,-1.6816716,0.27778178,3
42.075745,0.19333501,44.00110347706109,11.376538243629806,0,0.7782983,8116.7935,0.09805437,3,1,false,false,14.961539,7.8845754,8.792896,-1.677163,0.26658428,3
42.19659,0.19347063,44.00110014682962,11.376545599075957,0,0.8017263,8164.2397,0.100959614,3,1,false,false,15.211119,8.066301,10.16623,-1.6726848,0.27386734,3
42.318916,0.1936066,44.00109681687281,11.376553079313206,0,0.81676954,8206.595,0.09708628,3,1,false,false,14.549324,8.148239,9.209069,-1.6679412,0.2954261,3
42.44528,0.19374275,44.0010935770039,11.376560684341555,0,0.82416767,8245.205,0.07941235,3,1,false,false,13.761995,8.584939,8.729731,-1.6628385,0.31432432,3
42.583622,0.19387932,44.00109024704709,11.376568164198346,0,0.8241677,8282.418,0.043095462,3,1,false,false,12.65181,9.162181,7.717644,-1.657595,0.30887523,3
42.730885,0.19401638,44.001087006903525,11.376575894017796,0,0.8241677,8307.863,-0.0075060613,3,1,false,false,11.793074,9.65697,7.648144,-1.6526874,0.27609888,3
42.884224,0.1941539,44.00108376703462,11.376583498665685,0,0.8241677,8312.876,-0.07263378,3,1,false,false,11.704456,9.741075,9.404169,-1.6484257,0.23531091,3
43.035244,0.19429171,44.00108061697897,11.376591228104674,0,0.8241677,8303.253,-0.13679433,3,1,false,false,10.845001,9.591087,9.662349,-1.6447932,0.20084111,3
43.184887,0.19442998,44.001077376835404,11.376599082334764,0,0.8241677,8303.793,-0.19901872,3,1,false,false,9.662199,9.398713,10.113576,-1.6417217,0.16654707,3
43.331516,0.19456871,44.0010741369665,11.376606811773753,0,0.8241677,8329.375,-0.2583378,3,1,false,false,8.103594,9.220809,9.447664,-1.6392848,0.12343949,3
43.48271,0.19470794,44.00107098691085,11.376614666003842,0,0.8298397,8370.204,-0.30627745,3,1,false,false,7.085686,9.718324,9.557306,-1.6377167,0.061765853,3
43.63823,0.19484751,44.001067747041944,11.376622645025032,0,0.84217,8395.35,-0.33097526,3,1,false,false,6.0777564,9.601992,8.338169,-1.637264,-0.0054613017,3
43.793583,0.19498752,44.001064596986296,11.37663049887466,0,0.8601725,8396.645,-0.33872205,3,1,false,false,4.865584,9.834653,8.909609,-1.6378436,-0.06204744,3
43.9554,0.19512804,44.00106144693064,11.376638477895849,0,0.8823674,8394.544,-0.33557522,3,1,false,false,3.619341,10.071045,10.222734,-1.6392908,-0.11035472,3
44.11577,0.19526908,44.00105820706174,11.376646581327678,0,0.9050554,8403.279,-0.32782754,3,1,false,false,1.9489696,9.812805,10.614427,-1.641474,-0.15020546,3
44.27354,0.19541053,44.001055057006084,11.376654560348868,0,0.93168914,8428.67,-0.32637453,3,1,false,false,0.3107122,9.689074,10.576291,-1.6442652,-0.18275572,3
44.43429,0.19555242,44.00105181686252,11.376662663780696,0,0.9551171,8464.161,-0.3377549,3,1,false,false,-1.3100594,9.970699,10.026048,-1.6475426,-0.20928605,3
44.597687,0.19569485,44.00104857699362,11.376670767212525,0,0.978545,8491.568,-0.3609976,3,1,false,false,-2.9675553,10.195846,9.730159,-1.6512448,-0.23364301,3
44.7644,0.1958378,44.001045336850055,11.376678870644353,0,0.9945746,8501.954,-0.39368466,3,1,false,false,-5.0213375,10.121751,9.6304655,-1.6553175,-0.2553282,3
44.928757,0.19598123,44.00104209698115,11.376686974076183,0,0.9999999,8504.336,-0.4384786,3,1,false,false,-7.0087233,10.04389,10.006092,-1.6597731,-0.2803714,3
45.087845,0.19612515,44.00103876702433,11.37669520229911,0,1,8519.457,-0.4830298,3,1,false,false,-9.105757,9.584122,10.316301,-1.6647079,-0.3137915,3
45.238277,0.19626954,44.00103543706752,11.37670330573094,0,1,8558.457,-0.5295193,3,1,false,false,-10.924934,9.049163,10.1902485,-1.6702716,-0.35504925,3
45.378876,0.19641443,44.00103210683604,11.376711533953868,0,1,8618.208,-0.5672912,3,1,false,false,-12.284499,8.718093,9.442814,-1.676592,-0.4028713,3
45.520588,0.19655973,44.001028687065975,11.376719762176798,0,0.9800247,8684.198,-0.58738804,3,1,false,false,-12.538593,8.853214,8.153882,-1.6836196,-0.43538067,3
45.664417,0.19670546,44.00102526702125,11.376727865608625,0,0.9573368,8736.46,-0.59150475,3,1,false,false,-13.017517,9.102656,8.148853,-1.6909888,-0.44641376,3
45.80885,0.19685167,44.00102184697652,11.376736093831555,0,0.94032073,8767.406,-0.57891387,3,1,false,false,-14.285094,8.994208,9.2530775,-1.6984824,-0.45515522,3
45.95004,0.19699833,44.001018336843885,11.376744322054483,0,0.9294698,8790.205,-0.5551853,3,1,false,false,-15.720566,8.769054,9.986944,-1.7062339,-0.47829673,3
46.08537,0.19714539,44.00101473689799,11.376752550277413,0,0.9255241,8824.615,-0.52370787,3,1,false,false,-16.301678,8.413295,9.440782,-1.7144874,-0.51289356,3
46.216137,0.1972928,44.0010111369521,11.37676065370924,0,0.9250309,8881.016,-0.48932523,3,1,false,false,-16.544315,8.435688,9.233415,-1.7233064,-0.5429974,3
46.350105,0.19744065,44.0010074469183,11.37676888193217,0,0.9223182,8946.761,-0.45058438,3,1,false,false,-16.354591,8.918389,8.609312,-1.7324954,-0.5525938,3
46.49138,0.19758894,44.0010037568845,11.376776985363998,0,0.91837245,8993.571,-0.41741338,3,1,false,false,-16.609638,9.163771,8.656116,-1.7415369,-0.53036255,3
46.631287,0.1977373,44.00100006685069,11.376785213586928,0,0.9119605,9008.661,-0.39780146,3,1,false,false,-18.103655,9.1082325,10.637004,-1.7502244,-0.51698273,3
46.769913,0.19788592,44.000996287003645,11.376793317018755,0,0.90628856,9013.085,-0.39198995,3,1,false,false,-19.150335,9.138919,10.308305,-1.758877,-0.5241313,3
46.8274,0.19803485,44.00099241706867,11.376801545241685,0,0.89839715,9283.514,-0.3992545,0,1,false,false,-21.475977,0.74978006,9.028737,-1.767414,-0.4901834,3
46.818024,0.19818382,44.00098854685905,11.376809524262875,0,0.887793,8778.439,-0.41329658,4,1,false,false,-20.442524,3.3826766,8.914221,-1.7752258,-0.4572289,3
46.961002,0.19833256,44.000984586836175,11.376817627694702,0,0.8725032,7723.4487,-0.43557328,4,1,false,false,-17.346226,11.791905,9.494773,-1.7831248,-0.50312763,3
47.150455,0.19848175,44.00098053700004,11.376825731126532,0,0.8564735,7278.8115,-0.4646284,4,1,false,false,-17.431475,12.130324,8.7437935,-1.7921381,-0.57071203,3
47.31231,0.1986315,44.00097648688925,11.376833710147721,0,0.8273737,7569.346,-0.5014321,4,1,false,false,-19.02832,8.958415,7.4089484,-1.8017297,-0.56606275,3
47.40993,0.19878165,44.00097243705312,11.37684181357955,0,0.7891493,7777.2676,-0.55252147,4,1,false,false,-19.355518,5.8798265,6.6831465,-1.8107451,-0.5204537,3
47.49691,0.19893171,44.000968296854424,11.376849792220279,0,0.75955623,7688.029,-0.593442,4,1,false,false,-20.34251,6.665172,8.412409,-1.8192743,-0.51742667,3
47.598766,0.19908203,44.00096406684247,11.376857771241468,0,0.7452528,7530.913,-0.6428376,4,1,false,false,-22.882954,7.4382915,10.928456,-1.8282573,-0.57192755,3
47.702118,0.19923267,44.00095983683052,11.376865750262658,0,0.734402,7526.645,-0.6893271,4,1,false,false,-24.892914,7.3549595,11.247787,-1.8383982,-0.6426946,3
47.790047,0.19938357,44.00095551700531,11.376873728903385,0,0.7186191,7630.249,-0.7174141,4,1,false,false,-24.755594,6.0544567,8.912624,-1.8495059,-0.6831851,3
47.86484,0.1995345,44.00095119690545,11.376881583133475,0,0.6971642,7689.0244,-0.7258903,4,1,false,false,-24.38386,5.7928467,8.97606,-1.8609884,-0.69147694,3
47.94275,0.19968563,44.00094678699233,11.376889437363564,0,0.6734894,7660.5703,-0.713541,4,1,false,false,-24.968288,6.303116,9.558914,-1.8725337,-0.69311124,3
48.02287,0.19983704,44.000942286991304,11.376897166802554,0,0.63181263,7601.897,-0.6939278,4,1,false,false,-26.028584,6.16701,9.760675,-1.8840728,-0.69556797,3
48.089317,0.19998863,44.00093769690236,11.376905021032643,0,0.58545005,7574.254,-0.68133616,4,1,false,false,-27.720707,5.1488867,11.166257,-1.895841,-0.7230038,3
48.136288,0.20014027,44.00093310681342,11.376912625680532,0,0.537608,7587.5034,-0.6772201,4,1,false,false,-29.388968,4.575676,11.6442795,-1.9082997,-0.7684708,3
48.175575,0.20029205,44.00092842691123,11.376920355119521,0,0.48606658,7597.805,-0.6731035,4,1,false,false,-29.390564,4.0594454,10.508449,-1.921273,-0.78159434,3
48.20333,0.20044392,44.00092374700904,11.37692796014787,0,0.44241667,7573.99,-0.66220725,4,1,false,false,-29.649284,3.6960247,10.848605,-1.9343443,-0.78194976,3
48.228134,0.2005959,44.000918977018934,11.376935440385122,0,0.4392108,7551.918,-0.64089966,4,1,false,false,-30.371471,3.4462814,11.131806,-1.9472115,-0.75998616,3
48.242985,0.20074789,44.00091411694092,11.37694292024191,0,0.44438964,7554.6323,-0.61426556,4,1,false,false,-31.003035,2.8177638,11.445825,-1.9596639,-0.735944,3
48.245323,0.20089988,44.000909256862904,11.376950276068522,0,0.44907528,7568.3975,-0.5839981,4,1,false,false,-31.410967,2.498871,11.221562,-1.9719862,-0.74402916,3
48.246765,0.20105192,44.000904306971634,11.37695750672357,0,0.4490752,7577.5786,-0.5576064,4,1,false,false,-32.10146,2.482627,12.181975,-1.9844935,-0.75606143,3
48.246826,0.20120399,44.000899266992455,11.376964737378621,0,0.4490752,7577.9956,-0.530245,4,1,false,false,-32.878746,2.5001311,12.595997,-1.997201,-0.76953477,3
48.244457,0.20135607,44.00089413692537,11.37697196841413,0,0.4490752,7578.576,-0.50070554,4,1,false,false,-34.778736,2.7546422,13.917341,-2.0103598,-0.8050257,3
48.247913,0.20150813,44.00088900685827,11.376978949867441,0,0.4490752,7580.208,-0.45881706,4,1,false,false,-33.292393,3.107726,11.930227,-2.0238853,-0.8062507,3
48.257595,0.20166028,44.000883876791185,11.376985931320752,0,0.4490752,7576.6123,-0.40361184,4,1,false,false,-29.740282,3.2537467,10.047014,-2.036949,-0.7519776,3
48.266506,0.20181257,44.00087856682293,11.376992912774062,0,0.44734892,7570.9863,-0.3251639,4,1,false,false,-32.732777,3.3206096,13.45806,-2.0490835,-0.70432913,3
48.269714,0.20196487,44.000873256854675,11.376999645025633,0,0.43131936,7555.382,-0.22516772,4,1,false,false,-34.56396,3.1424227,14.178217,-2.0606558,-0.6883863,3
48.270138,0.20211722,44.00086794688642,11.377006377277205,0,0.4039458,7530.374,-0.11621512,4,1,false,false,-32.672157,2.5972974,12.015589,-2.0721176,-0.6900795,3
48.265846,0.20226963,44.000862546830255,11.377013109148315,0,0.35215783,7502.021,0.018157989,4,1,false,false,-31.48281,2.539526,12.912116,-2.0838072,-0.70564544,3
48.26313,0.20242219,44.00085705696084,11.377019592198145,0,0.2900123,7470.7964,0.14768687,4,1,false,false,-31.953537,2.4408257,12.841754,-2.0953746,-0.6670247,3
48.253593,0.20257474,44.00085147700351,11.377026074867517,0,0.2335388,7426.957,0.27067634,4,1,false,false,-30.887714,2.0378718,12.240306,-2.1059155,-0.5875455,3
48.237488,0.2027273,44.000845897046176,11.377032557536888,0,0.17311957,7373.363,0.34354806,4,1,false,false,-27.04493,1.2865754,9.4838295,-2.1147645,-0.46763825,3
48.21173,0.20287994,44.00084031681419,11.37703879100452,0,0.1398274,7330.6284,0.35880077,4,1,false,false,-27.431957,0.25474387,10.534242,-2.1215081,-0.352131,3
48.169003,0.20303263,44.000834647043604,11.377045024472151,0,0.13760793,7323.364,0.31352788,4,1,false,false,-27.698376,-0.69068336,12.841487,-2.1266456,-0.2737443,3
48.116077,0.20318519,44.00082897699836,11.377051257939781,0,0.14180027,7339.0815,0.21886617,4,1,false,false,-28.759874,-1.1838937,13.702177,-2.1308863,-0.24294133,3
48.06232,0.20333765,44.000823216865214,11.377057242205675,0,0.14993834,7350.108,0.08159104,4,1,false,false,-25.914942,-1.3106652,8.987845,-2.1350174,-0.25622028,3
48.01699,0.20349014,44.00081745700672,11.377063226471567,0,0.1625154,7348.4253,-0.07360187,4,1,false,false,-26.360613,-0.7559969,9.14156,-2.1391463,-0.2289253,3
47.980602,0.20364262,44.00081169687357,11.377069210356998,0,0.17262636,7335.103,-0.25180078,4,1,false,false,-25.532911,-0.517552,9.230053,-2.142521,-0.17757113,3
47.948513,0.20379505,44.00080584692716,11.37707494542115,0,0.17583233,7314.166,-0.43823683,4,1,false,false,-26.659468,-0.5522672,11.271653,-2.145157,-0.1461394,3
47.913857,0.20394742,44.00079999698075,11.377080804515481,0,0.1758323,7295.908,-0.61499125,4,1,false,false,-27.055447,-1.0473607,10.974036,-2.147746,-0.17933872,3
47.875088,0.20409992,44.00079405694644,11.377086414788534,0,0.16892722,7289.245,-0.762694,4,1,false,false,-27.546812,-1.2852557,11.164031,-2.1513724,-0.25471082,3
47.83366,0.20425236,44.000788116912126,11.377092025061586,0.0009531753,0.15832305,7287.9263,-0.889576,4,1,false,false,-27.076878,-1.5379834,10.964391,-2.1562338,-0.3227695,3
47.7912,0.2044047,44.000782176877806,11.377097510543539,0.0032169668,0.14648585,7281.9727,-0.975779,4,1,false,false,-26.52998,-1.7114273,11.298979,-2.1620386,-0.36815846,3
47.74833,0.204557,44.00077614703024,11.377102871234392,0.007148814,0.13193591,7266.8296,-1.0338951,4,1,false,false,-25.605633,-1.8676722,10.206577,-2.1684647,-0.4018014,3
47.701237,0.20470935,44.00077011690801,11.377108231925243,0.011557248,0.11146732,7245.5786,-1.066101,4,1,false,false,-25.549013,-2.25633,11.044428,-2.175511,-0.4458654,3
47.647682,0.20486158,44.00076408678578,11.377113592616096,0.015727391,0.086806424,7225.6226,-1.0796607,4,1,false,false,-25.034943,-2.673042,9.866043,-2.1833935,-0.49913633,3
47.587585,0.20501366,44.00075805693821,11.377118704105209,0.02001668,0.06313194,7210.742,-1.0796608,4,1,false,false,-24.95517,-3.1190586,10.2645035,-2.1921535,-0.5508197,3
47.52039,0.20516554,44.00075193700273,11.377123815594322,0.022399623,0.059926026,7206.3115,-1.0714282,4,1,false,false,-25.045076,-3.577714,10.359111,-2.2017171,-0.5979193,3
47.447063,0.20531675,44.000745816792595,11.377128802292335,0.023948528,0.066337846,7208.5537,-1.059321,4,1,false,false,-26.20161,-3.765185,11.251402,-2.212084,-0.6447635,3
47.371838,0.20546776,44.0007396067692,11.37713378899035,0.024663404,0.078668326,7212.6235,-1.0467292,4,1,false,false,-26.032303,-3.7235625,10.210873,-2.223204,-0.68845737,3
47.296864,0.20561856,44.00073348683372,11.377138651277722,0.024901701,0.09001236,7205.731,-1.0324422,4,1,false,false,-27.544838,-3.5887852,11.5970125,-2.2350554,-0.73256373,3
47.22236,0.20576905,44.00072727681033,11.377143388773996,0.024901703,0.10382245,7194.2007,-1.017913,4,1,false,false,-29.271952,-3.4381673,12.686986,-2.247672,-0.7755453,3
47.149296,0.20591901,44.00072106678694,11.377148001479169,0.024663411,0.1218249,7190.3696,-1.0060484,4,1,false,false,-30.065933,-3.2001746,12.788122,-2.2608602,-0.8015835,3
47.07713,0.20606872,44.00071476695029,11.377152614184343,0.023471938,0.15166464,7200.594,-0.9900665,4,1,false,false,-30.51714,-3.1015644,12.194675,-2.274411,-0.82030517,3
47.009144,0.20621827,44.00070846683899,11.377157102478877,0.021923032,0.17731199,7214.389,-0.96730494,4,1,false,false,-30.695898,-2.500263,12.180314,-2.288156,-0.81916517,3
46.9512,0.20636751,44.000702167002345,11.377161465601851,0.020254977,0.19975337,7216.2666,-0.94405913,4,1,false,false,-29.747738,-1.8891449,11.718632,-2.301573,-0.7845239,3
46.90028,0.20651643,44.00069586689104,11.377165704694645,0.01799118,0.21750925,7207.1646,-0.92032856,4,1,false,false,-29.290947,-1.495257,10.939874,-2.3143144,-0.7428157,3
46.85658,0.2066652,44.00068956677974,11.37716981861588,0.015727388,0.23008631,7198.4526,-0.8985362,4,1,false,false,-28.609169,-1.0510155,10.220361,-2.326325,-0.70000756,3
46.81752,0.2068139,44.00068317685518,11.377173932537113,0.014535921,0.24241678,7196.9165,-0.8791648,4,1,false,false,-26.72415,-0.9345617,9.035744,-2.337691,-0.66776985,3
46.78023,0.2069624,44.000676786930626,11.377177922047707,0.013344452,0.25277433,7202.1313,-0.86536133,4,1,false,false,-25.058887,-0.7218822,8.72025,-2.3486724,-0.64960074,3
46.74672,0.20711072,44.00067030691816,11.377181786767203,0.011318956,0.259926,7207.1006,-0.85180223,4,1,false,false,-24.999964,-0.59772575,8.457383,-2.3593214,-0.63307,3
46.711437,0.20725897,44.0006639169936,11.377185651486696,0.009174312,0.26732424,7208.261,-0.83678913,4,1,false,false,-25.09614,-0.61022675,8.922804,-2.36992,-0.64335567,3
46.677162,0.20740715,44.000657436981136,11.377189391795552,0.0071488135,0.27447593,7211.2446,-0.8246825,4,1,false,false,-25.330708,-0.4826649,9.362132,-2.3808115,-0.66538733,3
46.64516,0.20755522,44.00065095696867,11.377193006932847,0.0057190517,0.28236735,7218.22,-0.81136394,4,1,false,false,-25.634296,-0.22369634,9.379009,-2.3920977,-0.68784136,3
46.617847,0.20770316,44.000644476956204,11.377196622450603,0.0039318483,0.29297164,7226.0576,-0.79320395,4,1,false,false,-26.347425,0.16341075,9.938109,-2.4036393,-0.692269,3
46.596848,0.20785104,44.00063790685582,11.377200113177258,0.0022637905,0.29642418,7223.599,-0.7728647,4,1,false,false,-26.326332,0.5803472,8.875235,-2.415004,-0.6676881,3
46.5776,0.20799895,44.000631426843356,11.377203479493273,0.00095317524,0.29790384,7208.2104,-0.75276667,4,1,false,false,-27.631493,0.6473278,10.809894,-2.4259038,-0.6435007,3
46.55621,0.20814683,44.000624856742974,11.377206845428828,-8.731149e-11,0.30012324,7193.7095,-0.73678565,4,1,false,false,-29.694626,0.5644821,11.71604,-2.4365904,-0.64088655,3
46.530266,0.2082946,44.00061819682934,11.377209962162643,0,0.30604187,7192.4575,-0.72395205,4,1,false,false,-29.835817,0.38881773,12.096866,-2.4474123,-0.658714,3
46.502144,0.20844235,44.00061162672897,11.37721307889646,0,0.323058,7208.1846,-0.71015054,4,1,false,false,-29.936466,0.22959274,11.728972,-2.458649,-0.6890767,3
46.475914,0.20859003,44.00060496681534,11.377216195630275,0,0.34056723,7229.97,-0.6939279,4,1,false,false,-30.79912,0.61390126,12.284411,-2.4703217,-0.7040074,3
46.456314,0.20873779,44.000598396989616,11.377219063162352,0,0.36794075,7242.1294,-0.67625105,4,1,false,false,-30.323088,1.1259397,11.484139,-2.4820626,-0.6967451,3
46.446354,0.20888554,44.000591736801326,11.377221805903329,0,0.39235517,7243.3276,-0.6631763,4,1,false,false,-29.362589,1.6109753,10.628938,-2.4934976,-0.6731831,3
46.444874,0.20903327,44.00058498679979,11.377224548644305,0,0.42120835,7244.384,-0.65784967,4,1,false,false,-28.878473,2.1673586,10.993838,-2.5045033,-0.6427679,3
46.450096,0.2091811,44.00057832688615,11.377227166594182,0,0.45376074,7255.515,-0.6629345,4,1,false,false,-28.358036,2.5632677,10.713402,-2.5149727,-0.60943747,3
46.460594,0.20932919,44.00057157688461,11.377229659752956,0,0.4789149,7270.4863,-0.6767351,4,1,false,false,-28.115904,2.7058156,11.1987915,-2.5248337,-0.57602143,3
46.472794,0.20947735,44.000564826883064,11.377232028501094,0,0.4924783,7278.4717,-0.69828624,4,1,false,false,-28.587875,2.8092394,11.893757,-2.5343451,-0.5706409,3
46.486874,0.2096256,44.000558076881525,11.37723439724923,0,0.5023428,7283.3296,-0.72249985,4,1,false,false,-28.803509,2.8243284,11.420553,-2.5439818,-0.5904269,3
46.50169,0.20977397,44.00055132687998,11.377236641206267,0,0.51812565,7299.2505,-0.74477553,4,1,false,false,-28.245367,2.7747722,10.867108,-2.5540962,-0.6231954,3
46.518223,0.20992278,44.00054448679053,11.377238760752665,0,0.5378547,7331.076,-0.7631788,4,1,false,false,-28.137114,3.2811823,10.304514,-2.564767,-0.6500393,3
46.544086,0.21007164,44.00053764697573,11.377240755507962,0,0.5558571,7361.481,-0.7709266,4,1,false,false,-27.106815,3.6729171,9.374747,-2.5755901,-0.64295805,3
46.576378,0.21022063,44.00053080688628,11.377242750263258,0,0.5590628,7366.701,-0.76874787,4,1,false,false,-26.75394,3.9898946,9.97985,-2.586169,-0.6277701,3
46.612762,0.2103699,44.00052396679683,11.377244620227456,0,0.5590629,7354.478,-0.7617269,4,1,false,false,-27.24975,4.237676,10.467114,-2.5965736,-0.62227845,3
46.650978,0.21051972,44.00051712698203,11.377246365781014,0,0.56251544,7352.5166,-0.7505881,4,1,false,false,-26.45007,4.2578077,9.965142,-2.6069343,-0.6191659,3
46.68615,0.21066964,44.00051019680466,11.377247986163011,0,0.5718867,7373.089,-0.7350909,4,1,false,false,-25.31724,3.9529061,9.141892,-2.617255,-0.6181572,3
46.721424,0.21081975,44.00050326690196,11.377249606925469,0,0.5861899,7405.3276,-0.71838325,4,1,false,false,-26.402029,4.1084666,10.355568,-2.6275609,-0.6169185,3
46.757946,0.2109702,44.000496336724595,11.377251102896828,0,0.598767,7425.0737,-0.69877017,4,1,false,false,-26.748001,4.1781225,10.099632,-2.6378531,-0.6197066,3
46.793972,0.21112114,44.000489406821885,11.377252474457546,0,0.6051789,7429.087,-0.6803678,4,1,false,false,-26.202896,4.2678504,9.785746,-2.6483173,-0.6360999,3
46.831676,0.21127224,44.00048247691918,11.377253845637803,0,0.6073983,7438.937,-0.66317606,4,1,false,false,-25.435413,4.6423154,8.807633,-2.6591084,-0.6539212,3
46.885395,0.21142356,44.00047554674181,11.377254967616322,0,0.6073983,7457.1606,-0.64162624,4,1,false,false,-24.419788,5.2472267,8.7114725,-2.669776,-0.6179631,3
46.93919,0.2115751,44.0004685267512,11.377256214385941,0,0.6086314,7459.315,-0.6191077,4,1,false,false,-24.138014,5.192657,8.642651,-2.6796317,-0.5656506,3
46.991325,0.21172678,44.00046150676058,11.37725721195382,0,0.6103576,7451.4204,-0.59683126,4,1,false,false,-24.596674,5.027261,9.222203,-2.6887066,-0.5308281,3
47.036392,0.21187869,44.00045448676996,11.377258209141237,0,0.6103576,7454.5415,-0.57842994,4,1,false,false,-25.8419,4.346277,9.642938,-2.6974757,-0.5339602,3
47.06763,0.21203072,44.00044746677934,11.377259081918016,0,0.6103576,7481.037,-0.5624486,4,1,false,false,-26.155247,3.8211102,10.190428,-2.7067568,-0.5847807,3
47.09491,0.21218263,44.00044044678872,11.377259829903696,0,0.6103576,7525.6377,-0.5464678,4,1,false,false,-26.201975,3.906004,9.521389,-2.7170746,-0.65149707,3
47.135098,0.21233445,44.000433426798104,11.377260577889375,0,0.6103576,7560.865,-0.5227397,4,1,false,false,-25.547646,4.8502316,9.279708,-2.7282243,-0.6750886,3
47.179653,0.21248648,44.000426316719576,11.377261201083954,0,0.6103576,7561.2583,-0.48569345,4,1,false,false,-24.232298,4.7584677,8.290019,-2.7394686,-0.67250454,3
47.22812,0.21263868,44.00041929672896,11.377261699867892,0,0.60172623,7546.483,-0.44816425,4,1,false,false,-23.345793,5.1619964,7.94109,-2.7505918,-0.657452,3
47.281715,0.21279076,44.00041218692509,11.377262198651833,0,0.5901356,7542.502,-0.41232952,4,1,false,false,-23.828106,5.259407,9.026281,-2.7612896,-0.6260564,3
47.324512,0.21294294,44.00040507684656,11.377262447853571,0,0.5810111,7549.2695,-0.3820627,4,1,false,false,-26.517214,4.709055,10.780567,-2.771606,-0.62116027,3
47.360718,0.2130953,44.00039796676803,11.377262821846411,0,0.5758323,7557.917,-0.35518807,4,1,false,false,-28.729874,4.557385,12.429529,-2.7821152,-0.6432805,3
47.389732,0.21324778,44.0003908566895,11.377262946637511,0,0.57410604,7559.9644,-0.32782763,4,1,false,false,-29.477638,4.4102383,12.315354,-2.793161,-0.682089,3
47.41952,0.21340008,44.00038374688563,11.377262946637511,0,0.57410604,7561.4346,-0.28933018,4,1,false,false,-29.44495,4.5464807,11.690183,-2.8048296,-0.71197927,3
47.45399,0.21355249,44.000376636807104,11.377262946637511,0,0.57410604,7565.2207,-0.24937953,4,1,false,false,-29.16264,5.072553,11.3319845,-2.8167648,-0.71001714,3
47.49136,0.21370505,44.00036952672857,11.377262821846411,0,0.57410604,7564.0874,-0.22056782,4,1,false,false,-27.942924,4.828231,10.079199,-2.8283982,-0.6833872,3
47.527397,0.21385773,44.0003624169247,11.377262572644671,0,0.5852036,7562.943,-0.21112464,4,1,false,false,-28.085903,4.849705,10.515449,-2.8395517,-0.65494674,3
47.56149,0.21401037,44.000355306846174,11.377262198651833,0,0.62663394,7583.4907,-0.22371553,4,1,false,false,-28.312492,4.831796,11.2368,-2.8502867,-0.6336687,3
47.593872,0.21416314,44.00034819676764,11.377261824658992,0,0.6727496,7624.581,-0.2525273,4,1,false,false,-28.79014,4.691679,11.521941,-2.860778,-0.6295397,3
47.626854,0.21431606,44.00034108668911,11.377261201083954,0,0.7070283,7660.85,-0.2917512,4,1,false,false,-29.170303,4.9910793,11.439628,-2.8713994,-0.64640516,3
47.667553,0.21446908,44.00033388679733,11.377260577889375,0,0.7321825,7683.875,-0.3283116,4,1,false,false,-29.020416,5.4787626,11.404581,-2.8823564,-0.6660699,3
47.711514,0.21462218,44.0003267767188,11.377259829903696,0,0.7430333,7700.5576,-0.36075616,4,1,false,false,-28.98269,5.6937304,11.8189945,-2.893702,-0.6935305,3
47.763573,0.21477549,44.00031966691493,11.377258957126918,0,0.7464858,7720.4917,-0.37843096,4,1,false,false,-28.248482,6.150469,10.731552,-2.9054017,-0.70270383,3
47.81533,0.21492901,44.0003125568364,11.377258084350137,0,0.74771893,7741.983,-0.37746286,4,1,false,false,-27.738789,6.215386,10.720192,-2.917182,-0.70602345,3
47.87488,0.21508275,44.00030535666996,11.37725696237162,0,0.7477189,7760.555,-0.35204035,4,1,false,false,-27.483175,6.6379786,10.9415045,-2.9288452,-0.68747663,3
47.934036,0.21523666,44.00029824686609,11.3772558403931,0,0.7435264,7765.0337,-0.29344591,4,1,false,false,-27.2384,6.3469267,10.662126,-2.9401112,-0.66649604,3
47.99033,0.21539085,44.00029113678756,11.377254593623483,0,0.7225649,7760.602,-0.17214406,4,1,false,false,-27.831062,6.4273305,11.0751295,-2.951192,-0.66326576,3
48.040638,0.21554524,44.00028402670903,11.377253222443224,0,0.69025886,7758.321,-0.03365414,4,1,false,false,-27.619852,5.8552995,11.238285,-2.962318,-0.67498887,3
48.085697,0.21569991,44.00027682681725,11.377251850882507,0,0.6577066,7768.794,0.13001294,4,1,false,false,-27.06025,5.8584933,10.844277,-2.9737551,-0.69320786,3
48.133488,0.21585476,44.00026971673872,11.37725023050051,0,0.6118372,7776.6997,0.33120143,4,1,false,false,-25.921104,5.8224435,9.686886,-2.985304,-0.6864221,3
48.176853,0.21600983,44.00026260666019,11.377248609738052,0,0.56670785,7761.054,0.5357731,4,1,false,false,-24.451942,5.507018,9.502338,-2.9965885,-0.6634087,3
48.220875,0.21616516,44.00025549685632,11.377246988975593,0,0.49001235,7717.2817,0.7313809,4,1,false,false,-23.499882,5.3722334,9.781516,-3.0072532,-0.6126759,3
48.25766,0.21632078,44.00024838677779,11.377245119011397,0,0.44956836,7671.678,0.8642851,4,1,false,false,-22.558456,4.7900095,9.957761,-3.016929,-0.547685,3
48.287098,0.21647654,44.00024127669926,11.377243249047199,0,0.44611588,7666.6816,0.9090694,4,1,false,false,-22.870771,4.3861594,10.401381,-3.0254102,-0.47026804,3
48.30658,0.21663247,44.00023416689539,11.377241254291901,0,0.44833532,7678.6963,0.87687373,4,1,false,false,-23.22009,3.8251262,10.48331,-3.0326464,-0.40284503,3
48.32259,0.2167887,44.00022705681686,11.377239259536605,0,0.45967934,7675.9917,0.78391296,4,1,false,false,-23.591528,3.8441455,9.576942,-3.0389209,-0.352491,3
48.341938,0.2169451,44.00022003682624,11.377237139990207,0,0.46831074,7660.563,0.6386614,4,1,false,false,-24.633093,4.121876,10.032119,-3.0444434,-0.3119298,3
48.364655,0.2171016,44.000212926747714,11.377234896033169,0,0.48779285,7651.758,0.47500694,4,1,false,false,-25.492998,4.294588,10.428313,-3.0493689,-0.27981156,3
48.388435,0.21725827,44.00020581666919,11.377232527285033,0,0.5080148,7656.7827,0.2740657,4,1,false,false,-25.840464,4.1712565,9.411242,-3.0538285,-0.25882676,3
48.41103,0.21741542,44.00019879667857,11.377230158536896,0,0.52626383,7666.0103,0.09708628,4,1,false,false,-26.125927,4.0075493,9.949988,-3.058119,-0.25937724,3
48.435272,0.21757269,44.00019177668795,11.37722766537812,0,0.54278666,7675.2173,-0.06101282,4,1,false,false,-26.971224,4.2270555,10.537334,-3.062602,-0.27868944,3
48.467396,0.2177301,44.00018475669733,11.377225171838884,0,0.56917393,7687.275,-0.19538686,4,1,false,false,-26.729235,4.555474,10.165064,-3.0673358,-0.28557208,3
48.505127,0.21788779,44.00017773670672,11.377222429097907,0,0.62170154,7707.4663,-0.27794975,4,1,false,false,-26.37372,4.7210226,9.830883,-3.0721362,-0.29035303,3
48.549824,0.21804604,44.0001707167161,11.37721968635693,0,0.6670778,7729.996,-0.30264667,4,1,false,false,-26.206785,5.092137,10.516509,-3.077086,-0.30353987,3
48.602356,0.21820447,44.00016378681339,11.377216818824854,0,0.7030826,7741.5566,-0.27262342,4,1,false,false,-26.217379,5.321884,10.574617,-3.0823452,-0.32926533,3
48.66194,0.21836315,44.00015676682277,11.377213826882139,0,0.7314426,7750.481,-0.19054455,4,1,false,false,-26.307594,5.945589,11.188973,-3.0881562,-0.3656709,3
48.73476,0.21852195,44.000149836645406,11.377210834939422,0,0.74944496,7761.8545,-0.064644575,4,1,false,false,-25.621994,6.4760036,11.027702,-3.094447,-0.38248518,3
48.815258,0.2186809,44.0001429067427,11.377207718205607,0,0.7588164,7766.5728,0.07892831,4,1,false,false,-23.231285,6.6653295,9.507091,-3.1007955,-0.3720567,3
48.90117,0.21884017,44.00013588675208,11.377204476680692,0,0.76744765,7768.395,0.22491771,4,1,false,false,-20.408604,6.776625,8.56994,-3.106717,-0.33440036,3
48.991997,0.21899976,44.00012895684937,11.377201235155775,0,0.7884096,7782.9204,0.36146295,4,1,false,false,-18.142935,6.865574,8.476988,-3.1118197,-0.27490836,3
49.086723,0.21915932,44.00012202667201,11.37719786922022,0,0.8115908,7807.1274,0.4505554,4,1,false,false,-16.77289,7.039202,10.49994,-3.1157491,-0.19744457,3
49.182266,0.2193192,44.000115096769306,11.377194378493565,0,0.831566,7823.01,0.4798489,4,1,false,false,-14.710993,6.8119917,9.939635,-3.1183496,-0.119146906,3
49.284744,0.2194794,44.000108166866596,11.377190887766911,0,0.84241676,7833.0225,0.4650812,4,1,false,false,-13.389328,7.299633,9.186042,-3.1197379,-0.050157487,3
49.39628,0.21963991,44.00010123668923,11.377187397040256,0,0.84488297,7842.624,0.41472498,4,1,false,false,-12.847865,7.85712,9.469281,-3.1200964,0.006266518,3
49.518898,0.21980071,44.00009421669861,11.3771837815225,0,0.8448829,7844.3213,0.3314434,4,1,false,false,-13.012249,8.326908,9.91719,-3.119576,0.054117985,3
49.645424,0.21996191,44.00008728679591,11.377180166004745,0,0.8436498,7826.7,0.23048666,4,1,false,false,-12.667294,8.186021,9.447268,-3.118407,0.08167725,3
49.77231,0.22012353,44.00008035661854,11.37717655086745,0,0.8436498,7803.5557,0.09902297,4,1,false,false,-12.89503,8.311807,10.360826,-3.1170068,0.08107647,3
49.89973,0.2202854,44.00007333662792,11.377172810558594,0,0.8532675,7795.2456,-0.021789763,4,1,false,false,-13.152555,8.196309,11.477197,-3.1158803,0.050893784,3
50.02627,0.2204476,44.00006640672522,11.3771689458391,0,0.87422925,7803.241,-0.1404261,4,1,false,false,-13.069087,8.125209,11.090055,-3.115431,0.0024061718,3
50.150654,0.22061019,44.0000593867346,11.377165081119605,0,0.90431553,7813.214,-0.24187449,4,1,false,false,-12.359846,7.7439284,9.552329,-3.1158524,-0.05249325,3
50.273922,0.22077315,44.000052456831895,11.377161216400111,0,0.9422936,7821.957,-0.31257302,4,1,false,false,-11.938907,7.9388223,9.87379,-3.117213,-0.10886987,3
50.398937,0.22093625,44.000045436841276,11.377157226889516,0,0.9933416,7831.987,-0.36099756,4,1,false,false,-11.4289055,7.7736826,8.931495,-3.119431,-0.15587859,3
50.51742,0.22109972,44.00003841685066,11.377153237759382,0,0.9999999,7844.9077,-0.38351586,4,1,false,false,-11.54397,7.2047586,9.28259,-3.1223955,-0.20229314,3
50.628242,0.22126357,44.000031486673294,11.377149248248788,0,1,7873.931,-0.38738912,4,1,false,false,-11.71594,6.9199796,9.735237,-3.1261897,-0.25401703,3
50.737804,0.22142754,44.000024466682675,11.377145133947092,0,1,7920.869,-0.37649477,4,1,false,false,-11.977243,6.9090686,9.647199,-3.1308227,-0.30000854,3
50.844437,0.22159177,44.000017446692056,11.377141020025858,0,1,7965.72,-0.3551882,4,1,false,false,-12.035504,6.8796053,8.601612,-3.1361609,-0.33776245,3
50.959827,0.2217563,44.00001042670144,11.377136905724164,0,1,7994.8696,-0.32419485,4,1,false,false,-11.4812,7.578485,7.655083,3.1412437,-0.34871283,3
51.08136,0.22192113,44.00000340671082,11.37713266701183,0,1,8003.806,-0.28860354,4,1,false,false,-10.134612,7.755201,5.170257,3.1356006,-0.32430676,3
51.203644,0.22208615,43.9999963867202,11.377128303888856,0,1,8006.3926,-0.25833786,4,1,false,false,-10.0632925,7.6097245,5.8165126,3.1305392,-0.28797448,3
51.316013,0.22225147,43.99998936672959,11.377124064796062,0,1,8023.9546,-0.23654807,4,1,false,false,-11.100174,6.687477,7.601182,3.1259494,-0.27493587,3
51.412663,0.2224171,43.99998234673897,11.377119701673088,0,1,8071.1377,-0.22831452,4,1,false,false,-11.964517,5.728129,8.317146,3.1212237,-0.30265903,3
51.49648,0.22258285,43.99997532674835,11.377115338169654,0,1,8150.2065,-0.22976753,4,1,false,false,-12.48801,5.706656,7.8029256,3.1157649,-0.35474288,3
51.59517,0.22274877,43.99996821666982,11.37711084987512,0,1,8232.631,-0.23606306,4,1,false,false,-11.282076,6.8793507,5.8006363,3.1095922,-0.37595806,3
51.713036,0.22291498,43.9999611966792,11.377106361961047,0,1,8261.114,-0.24163193,4,1,false,false,-10.662238,7.8632383,4.38864,3.1034987,-0.350863,3
51.83893,0.22308151,43.99995417668858,11.377101749255873,0,1,8229.392,-0.2457478,4,1,false,false,-13.411005,8.236716,7.179689,3.0978324,-0.3365112,3
51.94901,0.22324829,43.999947156697964,11.377097260961339,0,1,8203.275,-0.24889554,4,1,false,false,-14.727041,6.755282,7.62686,3.092132,-0.35619956,3
52.045258,0.22341536,43.999940136707345,11.377092523465064,0,1,8250.657,-0.2472009,4,1,false,false,-15.493827,5.993569,7.6915545,3.0858681,-0.39705306,3
52.142258,0.22358266,43.99993302662882,11.377087910759892,0,1,8351.834,-0.24284157,4,1,false,false,-16.541365,7.1966233,7.4709725,3.079,-0.42062005,3
52.2582,0.22375026,43.9999260066382,11.37708304885298,0,1,8404.713,-0.23509495,4,1,false,false,-17.911602,7.4067945,7.9266224,3.071992,-0.41778338,3
52.373096,0.22391817,43.99991898664758,11.377078311356705,0,1,8361.058,-0.22661987,4,1,false,false,-17.377893,6.8913693,7.040246,3.0650327,-0.4170932,3
52.486458,0.22408639,43.99991196665697,11.377073324658692,0,1,8314.463,-0.21669352,4,1,false,false,-16.97574,6.002056,7.344161,3.05819,-0.41076034,3
52.58282,0.22425497,43.99990494666635,11.377068462371318,0,1,8346.814,-0.2070088,4,1,false,false,-11.176661,2.7182255,7.1888533,3.0513403,-0.4126144,3
52.68024,0.22442384,43.99989792667573,11.377063475673305,0,1,8436.354,-0.19926113,4,1,false,false,-13.378573,3.3037221,8.622774,3.0446348,-0.40404335,3
52.74624,0.22459295,43.99989090668511,11.377058364184192,0,1,8497.164,-0.18642868,4,1,false,false,-9.537691,2.6672347,6.8697267,3.037976,-0.4001142,3
52.8461,0.22476228,43.99988388669449,11.37705325269508,0,1,8533.135,-0.16923787,4,1,false,false,-17.521149,5.8511767,5.6645465,3.031304,-0.4076945,3
52.913876,0.22493201,43.99987686670387,11.377048141205966,0,1,8560.194,-0.13921644,4,1,false,false,-15.766428,3.0417066,8.779041,3.0243235,-0.45083025,3
53.0031,0.22510198,43.99986993680117,11.377042905306213,0,1,8644.432,-0.093697935,4,1,false,false,-21.108994,6.8568273,11.541488,3.0163584,-0.5023018,3
53.102173,0.22527221,43.99986291681055,11.37703754461536,0,1,8719.741,-0.019127011,4,1,false,false,-20.315449,7.565363,11.316128,3.007797,-0.5213545,3
53.211212,0.2254429,43.999855986633186,11.377032183544047,0,1,8713.241,0.06415868,4,1,false,false,-19.295744,7.8402834,8.364006,2.9992142,-0.50516707,3
53.334667,0.2256141,43.999849056730476,11.377026698062096,0,1,8659.341,0.15131816,4,1,false,false,-17.03128,8.915219,6.429944,2.9911704,-0.45374873,3
53.46742,0.2257857,43.99984203673986,11.377021212580143,0,1,8625.243,0.23000212,4,1,false,false,-15.79665,8.571143,6.601681,2.9841807,-0.3831897,3
53.584717,0.22595769,43.99983510683715,11.377015602687552,0,1,8625.297,0.2806022,4,1,false,false,-17.897833,7.511062,10.662044,2.9782457,-0.33815065,3
53.686905,0.22613008,43.99982817665979,11.377009992414498,0,1,8642.327,0.30142242,4,1,false,false,-19.355022,6.9081674,12.655716,2.9726996,-0.33174723,3
53.797577,0.2263028,43.99982124675708,11.377004257730807,0,1,8651.767,0.29706514,4,1,false,false,-20.013536,7.977073,11.372015,2.9673514,-0.31164828,3
53.91534,0.22647588,43.999814316579716,11.376998523047115,0,1,8634.36,0.27721298,4,1,false,false,-18.640303,9.324087,8.24093,2.9625845,-0.2614491,3
54.061928,0.22664927,43.99980747676492,11.376992663572322,0,1,8591.874,0.25033918,4,1,false,false,-19.155466,10.490401,8.108547,2.9591393,-0.15185222,3
54.200665,0.22682306,43.99980054658756,11.37698667930643,0,1,8528.975,0.21571845,4,1,false,false,-18.745724,10.109927,7.241331,2.957496,-0.049931638,3
54.32214,0.2269973,43.99979361668485,11.376980695040539,0,1,8495.8545,0.16778108,4,1,false,false,-17.400713,8.248799,7.767774,2.9572213,0.011995589,3
54.42154,0.22717184,43.99978677659539,11.376974586364007,0,1,8531.584,0.10870771,4,1,false,false,-16.53519,7.551934,7.989828,2.957438,0.020776534,3
54.524,0.22734669,43.99977984669269,11.376968477687477,0,1,8611.549,0.047695354,4,1,false,false,-16.32939,7.801334,9.491073,2.9576583,0.016865218,3
54.62688,0.2275219,43.999773006603235,11.376962368630483,0,1,8648.3545,-0.008231665,4,1,false,false,-11.322097,5.1495867,6.2437773,2.9578488,0.0110321315,3
54.736053,0.22769742,43.99976616678844,11.376956135162853,0,1,8626.457,-0.06270747,4,1,false,false,-6.875249,4.003423,3.0301075,2.9581714,0.022842083,3
54.858654,0.22787331,43.999759326698985,11.376949901695221,0,1,8609.02,-0.09757126,4,1,false,false,-7.7402062,4.849053,3.8002856,2.9586248,0.023518434,3
54.957115,0.22804956,43.99975239679628,11.37694366860805,0,1,8627.072,-0.12662552,4,1,false,false,-7.7561703,4.7585177,4.24961,2.9587624,-0.017107798,3
55.0439,0.22822611,43.99974555670683,11.37693731034932,0,1,8701.948,-0.14430039,4,1,false,false,-9.561502,5.486004,6.739781,2.9579654,-0.08442002,3
55.138535,0.22840288,43.99973862680412,11.376930952090587,0,1,8805.322,-0.14526848,4,1,false,false,-11.763366,8.698564,11.558461,2.9558074,-0.17250878,3
55.26541,0.22857998,43.99973178671466,11.376924469421217,0,1,8844.278,-0.1232362,4,1,false,false,-13.376537,11.086763,13.262335,2.9523795,-0.22895028,3
55.420586,0.22875756,43.99972494662521,11.376917986371385,0,1,8757.199,-0.08135041,4,1,false,false,-12.68649,11.356944,12.152113,2.9485433,-0.22060621,3
55.58958,0.22893566,43.99971810681041,11.376911503702013,0,1,8605.784,-0.029053323,4,1,false,false,-10.892628,9.924736,11.619251,2.9453595,-0.15567754,3
55.746166,0.22911426,43.99971117663305,11.376905021032643,0,1,8506.936,0.017432367,4,1,false,false,-9.629308,7.21808,12.991188,2.9434338,-0.077059895,3
55.873116,0.22929332,43.999704336543594,11.376898413572173,0,1,8512.734,0.0573801,4,1,false,false,-7.9315505,5.506399,12.40347,2.942722,-0.012458907,3
55.968163,0.22947276,43.99969740664089,11.376891681320602,0,1,8594.314,0.07723273,4,1,false,false,-4.7912884,5.6642885,10.979921,2.9428685,0.025981706,3
56.064068,0.22965242,43.999690566551436,11.37688507386013,0,1,8689.667,0.07626462,4,1,false,false,-2.9566064,6.606665,10.770325,2.943565,0.054589532,3
56.16622,0.22983243,43.999683636648726,11.37687834160856,0,1,8731.924,0.06415869,4,1,false,false,-1.6381541,7.3628488,8.401202,2.9445872,0.068512715,3
56.272114,0.23001273,43.99967679655928,11.37687160935699,0,1,8726.423,0.04575915,4,1,false,false,-0.72082394,7.056231,9.027241,2.945717,0.07153571,3
56.371517,0.23019336,43.99966986665657,11.376864877485879,0,1,8728.995,0.012105,4,1,false,false,-0.38242966,5.3331985,8.366018,2.9468818,0.06860511,3
56.46789,0.23037428,43.999662936753865,11.376858145234307,0,1,8781.499,-0.027117122,4,1,false,false,-0.63809735,5.2490587,7.2474556,2.9479334,0.055103447,3
56.57873,0.23055549,43.999656006576494,11.376851412982736,0,1,8848.942,-0.06609675,4,1,false,false,-1.0856175,7.3222485,11.164484,2.9486775,0.027777296,3
56.704273,0.23073709,43.99964898672321,11.376844681111626,0,1,8852.64,-0.094666034,4,1,false,false,-1.8560306,8.239489,13.162961,2.9488585,-0.009755034,3
56.835464,0.2309191,43.99964205668317,11.376837824068955,0,1,8789.024,-0.119604446,4,1,false,false,-1.6672311,9.024669,12.354651,2.9484386,-0.04048416,3
56.97551,0.23110148,43.99963503669255,11.376831091817385,0,1,8730.375,-0.14430036,4,1,false,false,-1.8006587,8.409031,10.9132,2.9476361,-0.05748851,3
57.10077,0.2312843,43.999628106652516,11.376824235155174,0,1,8720.385,-0.1597956,4,1,false,false,-2.8809233,6.914425,10.607156,2.9465222,-0.07560945,3
57.202377,0.23146747,43.9996210866619,11.376817378492964,0,1,8763.491,-0.16487956,4,1,false,false,-3.59939,5.4858117,9.034395,2.9450548,-0.09722507,3
57.285244,0.2316509,43.999614066671285,11.376810521450293,0,1,8840.595,-0.16318493,4,1,false,false,-3.9223871,4.929703,7.8422823,2.9432135,-0.12026586,3
57.363075,0.23183459,43.999607046680666,11.376803664788083,0,1,8926.448,-0.15834253,4,1,false,false,-3.995967,4.80298,5.9116263,2.9410417,-0.13748153,3
57.446846,0.23201852,43.99960002669005,11.37679680774541,0,1,8994.745,-0.14599505,4,1,false,false,-4.162592,5.4690166,4.538095,2.9385846,-0.15298373,3
57.543255,0.23220272,43.99959300669943,11.3767898262921,0,1,9028.953,-0.12444686,4,1,false,false,-4.6720915,6.176727,5.428653,2.935915,-0.16470292,3
57.646927,0.23238726,43.99958598670881,11.376782844838791,0,1,9037.87,-0.099508405,4,1,false,false,-4.341408,6.4606223,4.336267,2.933117,-0.16633469,3
57.753254,0.23257212,43.99957896671819,11.37677586338548,0,1,9049.981,-0.076024,4,1,false,false,-4.4967756,6.320647,4.8585615,2.93037,-0.15950726,3
57.870037,0.23275732,43.99957185663966,11.37676888193217,0,1,9071.321,-0.047938764,4,1,false,false,-5.956125,6.983522,8.455054,2.9277918,-0.14566445,3
57.97767,0.2329429,43.99956483664904,11.37676190047886,0,1,9075.696,-0.018157976,4,1,false,false,-6.4075594,6.318175,9.482621,2.92542,-0.13647129,3
58.082733,0.23312885,43.999557816658424,11.376754794234449,0,1,9078.547,0.014768688,4,1,false,false,-5.5866137,6.871866,8.5952015,2.9232507,-0.120928094,3
58.20433,0.23331511,43.999550706579896,11.3767476883705,0,1,9093.268,0.03994867,4,1,false,false,-4.9343667,7.509568,5.6772504,2.9215462,-0.083056,3
58.32812,0.23350179,43.99954368658928,11.37674058212609,0,1,9088.055,0.06319059,4,1,false,false,-5.1106663,7.022315,9.698804,2.9204788,-0.04637793,3
58.44018,0.23368889,43.99953657664808,11.376733351090579,0,1,9061.703,0.09030771,4,1,false,false,-5.1776,6.576472,13.8431225,2.9198644,-0.026653254,3
58.540024,0.23387632,43.99952946670688,11.376726245226628,0,1,9057.395,0.11572829,4,1,false,false,-2.785778,5.7095995,14.279737,2.919615,-0.0019012418,3
58.648663,0.23406407,43.999522446578936,11.376719014191119,0,1,9107.291,0.12928687,4,1,false,false,-1.8395827,7.4021254,13.492741,2.9200337,0.04433873,3
58.77079,0.23425223,43.999515336637735,11.376711783536068,0,1,9136.902,0.13001293,4,1,false,false,-1.7792814,6.736326,15.927635,2.9212756,0.09372431,3
58.888916,0.23444076,43.999508226696534,11.376704552500557,0,1,9087.643,0.13170756,4,1,false,false,-1.1169246,7.7270308,14.710857,2.9231412,0.1189015,3
59.007236,0.23462965,43.999501116618006,11.376697321845509,0,1,9017.934,0.120328665,4,1,false,false,1.4394128,6.002432,8.508137,2.9252307,0.13678503,3
59.12166,0.23481886,43.99949391658889,11.376690090809998,0,1,9023.385,0.08619137,4,1,false,false,1.7577727,6.6898026,6.502959,2.927638,0.14917214,3
59.211826,0.23500839,43.999486806647695,11.376682735363849,0,1,9105.839,0.02517905,4,1,false,false,2.4653218,5.2034006,9.147587,2.9298887,0.12529248,3
59.206112,0.23519805,43.99947960661858,11.376675504708798,0,1,9302.348,-0.05834914,0,1,false,false,1.0065372,-2.7961435,8.029367,2.9316785,0.07972113,3
59.165024,0.23538756,43.99947240658947,11.376668273673287,0,1,8789.734,-0.13679433,5,1,false,false,0.07226691,1.816176,8.084017,2.9325194,0.02622341,3
59.231384,0.23557717,43.99946529664827,11.376661043018238,0,1,7755.8813,-0.19732401,5,1,false,false,-1.2948158,4.029455,0.23503041,2.9326234,-0.0064107324,3
59.34677,0.23576699,43.99945809661916,11.37665368757209,0,1,7698.548,-0.24356906,5,1,false,false,-2.0282288,12.176098,-0.19321764,2.9320393,-0.06854135,3
59.49532,0.23595728,43.99945089659005,11.376646456536578,0,1,8171.4023,-0.2728658,5,1,false,false,-2.8738742,9.81407,6.145331,2.930444,-0.12528686,3
59.578465,0.23614796,43.99944369656094,11.376639101090428,0,1,8140.4014,-0.2660863,5,1,false,false,-3.1550238,2.7572753,5.4194474,2.9280338,-0.15815863,3
59.70106,0.23633894,43.999436496669155,11.376631745644278,0,1,7759.362,-0.25228477,5,1,false,false,-2.5417986,5.725261,4.785648,2.9251602,-0.17977071,3
59.834522,0.23653038,43.999429296640045,11.376624390198128,0,1,7648.0596,-0.23388433,5,1,false,false,-5.0545883,7.460731,3.0053809,2.921908,-0.20033202,3
59.925644,0.23672219,43.99942209661093,11.376617034751979,0,1,7848.527,-0.1978081,5,1,false,false,-8.402851,5.259791,6.9429903,2.9183366,-0.213727,3
59.97592,0.2369142,43.999414806631236,11.37660955451473,0,1,8003.762,-0.14744808,5,1,false,false,-7.192203,1.8154846,7.3580995,2.9146898,-0.21787824,3
60.0285,0.2371064,43.99940760660213,11.376602199068579,0,1,7988.79,-0.0915183,5,1,false,false,-5.068261,1.5379268,4.867503,2.9109406,-0.22441782,3
60.095135,0.23729883,43.99940040657302,11.37659471883133,0,1,7954.4404,-0.050117463,5,1,false,false,-6.484614,6.122959,3.4190772,2.9072227,-0.21909425,3
60.200584,0.23749153,43.99939320668123,11.37658711418344,0,1,8008.782,-0.014043078,5,1,false,false,-8.210368,7.695913,6.929193,2.903664,-0.20381907,3
60.295483,0.23768461,43.999386006652124,11.37657963394619,0,1,8036.5703,0.025179047,5,1,false,false,-7.605935,5.70398,8.915448,2.900579,-0.16535343,3
60.400875,0.23787801,43.99937871667243,11.37657202891784,0,1,7985.338,0.058349144,5,1,false,false,-7.1309414,5.4353123,7.5622563,2.8983085,-0.10720545,3
60.514877,0.23807178,43.999371516643315,11.37656442426995,0,1,7913.118,0.082075104,5,1,false,false,-6.3077188,6.576765,4.7034574,2.897131,-0.03392459,3
60.616863,0.23826596,43.999364316614205,11.376556819241602,0,1,7899.928,0.09684423,5,1,false,false,-7.7711535,6.570046,16.897879,2.8969069,0.0045289095,3
60.70871,0.23846048,43.999357116585095,11.376549214593712,0,1,7933.714,0.12057067,5,1,false,false,-6.8609414,5.2033424,20.98607,2.8971715,0.026292384,3
60.767315,0.23865522,43.9993498266054,11.376541485154723,0,1,7979.616,0.1450232,5,1,false,false,-2.0370183,5.643071,12.864718,2.8979619,0.06675626,3
60.871372,0.23885033,43.99934262657629,11.376533755715734,0,1,8005.4785,0.14066575,5,1,false,false,-0.8654578,5.8900146,16.415386,2.8995614,0.11047085,3
60.972763,0.23904574,43.99933542654718,11.376526026276744,0,1,7944.8345,0.12420202,5,1,false,false,0.13186574,6.432566,11.522159,2.9016545,0.12767029,3
61.070644,0.2392415,43.999328136567485,11.376518296457293,0,1,7896.576,0.11814994,5,1,false,false,1.8292758,5.610619,6.759029,2.9037673,0.12350746,3
61.15675,0.23943762,43.99932084658779,11.376510567018304,0,1,7930.6377,0.09660176,5,1,false,false,3.1856,4.5715437,8.237483,2.9057143,0.11263162,3
61.224876,0.23963399,43.9993135566081,11.376502837579315,0,1,8002.362,0.06464368,5,1,false,false,3.4841313,3.7539177,9.646461,2.9074702,0.103238076,3
61.29068,0.23983054,43.99930626662841,11.376495108140325,0,1,8051.7524,0.03413725,5,1,false,false,3.116657,4.0923624,11.95502,2.909091,0.093851455,3
61.367825,0.2400274,43.99929897664871,11.376487378701336,0,1,8065.273,0.00847416,5,1,false,false,2.8575613,5.128619,11.987328,2.910562,0.08032608,3
61.459858,0.24022454,43.99929168653169,11.376479649262347,0,1,8058.321,-0.014527129,5,1,false,false,2.2295947,5.693237,10.872958,2.9117253,0.054459956,3
61.556087,0.24042198,43.99928430660142,11.376471919442897,0,1,8041.84,-0.036559377,5,1,false,false,1.94115,5.627306,9.833621,2.9124093,0.025055604,3
61.646927,0.24061981,43.99927692653381,11.376464190003908,0,1,8034.482,-0.055443898,5,1,false,false,1.2952108,5.391447,8.879254,2.9126363,0.001344585,3
61.73423,0.2408179,43.999269546603536,11.376456460564919,0,1,8046.2153,-0.071665674,5,1,false,false,0.37388492,4.9326835,7.826155,2.912455,-0.021296442,3
61.814796,0.24101631,43.99926216653593,11.37644860633483,0,1,8068.6753,-0.080623895,5,1,false,false,-0.3967622,4.6909738,8.867327,2.9119256,-0.039155062,3
61.891613,0.24121504,43.999254786605654,11.37644087689584,0,1,8092.2964,-0.08570877,5,1,false,false,-1.2389665,4.5224814,8.532381,2.911121,-0.054859456,3
61.96816,0.24141403,43.99924740653805,11.37643302266575,0,1,8114.1377,-0.08498125,5,1,false,false,-1.8727994,4.530165,7.8416996,2.910079,-0.06781154,3
62.04837,0.2416133,43.99924002660777,11.376425293226761,0,1,8132.8213,-0.0782027,5,1,false,false,-2.0934567,4.8299465,6.5173078,2.908864,-0.07522816,3
62.12997,0.24181291,43.99923264654017,11.376417438996672,0,1,8144.464,-0.06609677,5,1,false,false,-2.514096,4.910258,8.754579,2.907576,-0.07726852,3
62.21505,0.24201283,43.99922517652198,11.376409584766582,0,1,8151.292,-0.051812112,5,1,false,false,-2.7587996,5.068674,7.7355003,2.9063034,-0.07353631,3
62.297108,0.24221304,43.99921779659171,11.376401730916955,0,1,8157.9053,-0.03559034,5,1,false,false,-2.6861622,4.69092,8.117966,2.9051201,-0.066878736,3
62.38154,0.2424136,43.999210326573525,11.376393876686866,0,1,8171.405,-0.017190814,5,1,false,false,-2.7476177,5.096276,9.878901,2.9040928,-0.05555941,3
62.465157,0.24261445,43.99920294650592,11.376386022456776,0,1,8181.1978,-0.0016946439,5,1,false,false,-2.5749743,4.9235053,8.089213,2.903285,-0.04099964,3
62.550728,0.24281561,43.99919547662506,11.376378168226687,0,1,8185.6035,0.014043082,5,1,false,false,-2.033478,5.1397195,8.834024,2.9027333,-0.02402184,3
62.63656,0.24301715,43.99918800660687,11.376370189585957,0,1,8188.756,0.026632138,5,1,false,false,-1.6472391,5.0296946,9.47153,2.902491,-0.0044761784,3
62.718937,0.24321894,43.99918053658869,11.376362335355868,0,1,8196.148,0.032201055,5,1,false,false,-1.0624452,4.8159513,9.455006,2.9025445,0.010935864,3
62.799953,0.24342114,43.9991730665705,11.37635435633468,0,1,8213.084,0.036800932,5,1,false,false,-0.5129804,4.71222,9.308931,2.9028134,0.02129001,3
62.880077,0.24362366,43.99916559655232,11.37634637769395,0,1,8230.478,0.03704343,5,1,false,false,-0.120729074,4.8134956,9.701372,2.903239,0.029095193,3
62.962475,0.24382645,43.99915812653413,11.376338398672761,0,1,8239.303,0.0348638,5,1,false,false,0.4942267,4.9395385,11.407031,2.9037924,0.036153167,3
63.04687,0.24402955,43.99915065651594,11.376330420032032,0,1,8241.696,0.02977987,5,1,false,false,0.39810598,5.0626593,10.051065,2.9044344,0.038110714,3
63.13133,0.24423297,43.999143186497754,11.376322441010844,0,1,8242.787,0.025664039,5,1,false,false,0.91121674,5.0096855,11.334593,2.9050698,0.03713841,3
63.217052,0.24443665,43.99913562652898,11.376314462370114,0,1,8249.172,0.018642021,5,1,false,false,0.99831617,5.102603,10.677772,2.905695,0.035654277,3
63.29899,0.2446406,43.99912806656022,11.376306483348925,0,1,8255.676,0.007990108,5,1,false,false,0.81978923,4.7681437,10.895259,2.906241,0.028914062,3
63.37996,0.24484482,43.99912059654203,11.376298504708197,0,1,8265.351,0.00024155737,5,1,false,false,1.1971369,4.7816386,11.445109,2.906673,0.022621533,3
63.459,0.2450493,43.99911303657326,11.376290400895908,0,1,8278.622,-0.009684753,5,1,false,false,0.661226,4.5528545,9.448481,2.9069855,0.013496242,3
63.5371,0.24525401,43.99910547660449,11.376282422255178,0,1,8293.326,-0.015252739,5,1,false,false,0.47015196,4.8043385,10.343648,2.9071007,0.0010783778,3
63.617943,0.24545898,43.99909791649839,11.376274443233989,0,1,8305.099,-0.014768687,5,1,false,false,0.33987206,4.70844,7.712428,2.9070594,-0.0046261903,3
63.693626,0.24566421,43.999090266579046,11.37626633980216,0,1,8313.176,-0.01694738,5,1,false,false,-0.20108287,4.501328,7.1090703,2.9069211,-0.010031772,3
63.77111,0.24586967,43.999082706610274,11.376258236370331,0,1,8329.071,-0.013315599,5,1,false,false,-0.22007775,4.6060534,9.081496,2.9067082,-0.011715421,3
63.843357,0.24607536,43.999075146504175,11.376250257349142,0,1,8350.892,-0.012348433,5,1,false,false,-0.626029,4.1557193,7.9480824,2.9065049,-0.01155754,3
63.918133,0.2462813,43.99906749658483,11.376242153917314,0,1,8374.381,-0.011620952,5,1,false,false,-0.23313186,4.510538,10.9159,2.9063072,-0.010762118,3
63.99696,0.24648744,43.99905984652815,11.376234050485484,0,1,8389.697,-0.010895349,5,1,false,false,-0.6416373,4.858216,10.034835,2.9061522,-0.010737559,3
64.08057,0.24669388,43.999052286559376,11.376225947053657,0,1,8385.356,-0.011379397,5,1,false,false,-0.8374418,4.9868155,9.851056,2.9059753,-0.012442366,3
64.16923,0.24690056,43.999044636502695,11.376217968032467,0,1,8371.701,-0.007990108,5,1,false,false,-0.48275948,5.1693544,10.085844,2.9057899,-0.009724195,3
64.25258,0.24710752,43.99903698658335,11.376209739809537,0,1,8366.53,-0.0075060586,5,1,false,false,-0.6466986,4.8115363,9.980203,2.9056585,-0.006506103,3
64.32967,0.24731475,43.99902933652667,11.37620163637771,0,1,8381.897,-0.008474157,5,1,false,false,-0.7235519,4.4094005,10.682639,2.905562,-0.005351853,3
64.40437,0.24752218,43.99902168646999,11.37619353294588,0,1,8407.065,-0.0075060595,5,1,false,false,-0.7567714,4.332829,9.53556,2.9054596,-0.0061425227,3
64.477776,0.24772984,43.99901394660005,11.376185429514052,0,1,8424.771,-0.0070210705,5,1,false,false,-0.65635633,4.31785,8.714361,2.9053504,-0.0065170354,3
64.55527,0.24793775,43.99900629654338,11.376177201291123,0,1,8431.853,-0.008231664,5,1,false,false,-0.5006634,4.5915685,7.8373685,2.905259,-0.0031231535,3
64.63013,0.24814585,43.9989986464867,11.376169097859295,0,1,8436.427,-0.008958208,5,1,false,false,-0.5824547,4.505919,8.415415,2.9052002,-0.0031248068,3
64.705734,0.2483542,43.998990906479435,11.376160869636365,0,1,8451.1,-0.008715715,5,1,false,false,-0.82462645,4.370495,7.5517015,2.905124,-0.0038872014,3
64.7771,0.24856277,43.99898325656008,11.376152641413437,0,1,8469.9795,-0.00847416,5,1,false,false,-0.55631393,4.1114497,6.9609666,2.9050496,-0.0030808982,3
64.851006,0.24877155,43.99897551655282,11.376144537981608,0,1,8489.978,-0.011863449,5,1,false,false,-0.59754205,4.4587946,8.084169,2.9050188,0.00079897296,3
64.92386,0.24898057,43.998967776545555,11.37613630975868,0,1,8500.439,-0.014768688,5,1,false,false,-0.67714536,4.2688994,8.890383,2.9050102,-0.0014275288,3
65.001175,0.2491898,43.99896003653829,11.37612808153575,0,1,8506.783,-0.017432366,5,1,false,false,-0.5303396,4.4459624,8.731627,2.9049752,-0.0018886835,3
65.07591,0.24939924,43.99895229653104,11.376119853312822,0,1,8514.755,-0.022516305,5,1,false,false,-0.93774813,4.5902796,9.503343,2.904914,-0.006575931,3
65.1552,0.24960892,43.998944556523774,11.376111625089893,0,1,8523.157,-0.023969388,5,1,false,false,-0.5863094,4.563108,8.887776,2.9047675,-0.009793393,3
65.23145,0.24981883,43.99893681651651,11.376103396866965,0,1,8526.849,-0.025906524,5,1,false,false,-0.6876703,4.5974355,10.901618,2.9045956,-0.011453927,3
65.309975,0.25002897,43.99892907650925,11.376095044233395,0,1,8530.083,-0.028085217,5,1,false,false,-0.894114,4.495483,10.0371275,2.9043787,-0.014596099,3
65.38467,0.25023934,43.998921336501986,11.376086816010467,0,1,8536.464,-0.027358677,5,1,false,false,-0.9261834,4.412431,8.788889,2.9041104,-0.017388007,3
65.46103,0.25044993,43.99891350654414,11.376078462996437,0,1,8547.824,-0.02590653,5,1,false,false,-0.90598005,4.3482394,9.856811,2.903804,-0.018761404,3
65.5348,0.25066075,43.99890576653688,11.37607023477351,0,1,8557.594,-0.022032253,5,1,false,false,-0.9643151,4.322953,9.09971,2.9034915,-0.01830897,3
65.60783,0.25087175,43.998897936579034,11.376061882139942,0,1,8567.332,-0.017673928,5,1,false,false,-1.0051459,4.1954346,7.520152,2.9032,-0.01604391,3
65.68066,0.251083,43.99889019657177,11.376053529125912,0,1,8579.294,-0.011379395,5,1,false,false,-0.78733855,4.2529655,10.2353325,2.9029596,-0.011897794,3
65.753494,0.25129443,43.9988823664766,11.376045176492344,0,1,8593.838,-0.007747614,5,1,false,false,-0.69536996,4.2755775,9.660866,2.9028232,-0.004846164,3
65.82553,0.2515061,43.998874536518755,11.376036823478316,0,1,8606.199,-0.00605297,5,1,false,false,-0.55887693,4.2914762,8.666161,2.902769,-0.0016150059,3
65.901764,0.25171795,43.99886670656091,11.376028470844748,0,1,8613.591,-0.0036317823,5,1,false,false,-0.30763054,4.414764,10.266356,2.902777,0.0026419736,3
65.97897,0.25193006,43.99885887646574,11.376020117830718,0,1,8613.902,-0.0065370197,5,1,false,false,0.07104669,4.5633793,9.397744,2.9028652,0.007177226,3
66.05318,0.25214237,43.998851046507895,11.37601176519715,0,1,8617.813,-0.008715716,5,1,false,false,0.062097896,4.2917147,9.922855,2.9029872,0.007233496,3
66.12881,0.25235492,43.99884321655005,11.376003412183122,0,1,8630.302,-0.009442259,5,1,false,false,0.22287431,4.414761,9.850315,2.9030807,0.003586869,3
66.19987,0.25256768,43.99883538645488,11.375994934758454,0,1,8642.697,-0.009684754,5,1,false,false,0.44436482,4.1250834,8.6547365,2.9031343,0.0034635465,3
66.27482,0.25278065,43.99882746654645,11.375986581744424,0,1,8654.153,-0.008715715,5,1,false,false,0.18772589,4.4979653,8.441415,2.903172,0.00047631073,3
66.3471,0.25299382,43.99881963645128,11.375978104319756,0,1,8659.399,-0.0016946447,5,1,false,false,0.45598885,4.129313,9.3731365,2.9031749,0.000796123,3
66.42134,0.25320706,43.99881171654285,11.375969751305728,0,1,8667.684,0.004599883,5,1,false,false,0.41202173,4.3752937,8.070472,2.9032245,0.0042068516,3
66.49143,0.25342035,43.9988037964971,11.375961273881058,0,1,8681.46,0.012589993,5,1,false,false,0.7429478,4.1659675,9.005835,2.903333,0.009108041,3
66.56591,0.25363386,43.998795966539255,11.37595292124749,0,1,8698.828,0.022516299,5,1,false,false,1.0298549,4.402787,7.7356977,2.9035246,0.013180944,3
66.634346,0.25384757,43.998788046493495,11.375944443442362,0,1,8708.317,0.030747967,5,1,false,false,1.4054165,4.000012,9.561647,2.9038236,0.022209354,3
66.70905,0.2540615,43.99878012644774,11.375935966017694,0,1,8717.936,0.03728498,5,1,false,false,1.7436026,4.3250685,8.901612,2.9042513,0.028710138,3
66.77943,0.25427562,43.998772116451406,11.375927488593026,0,1,8726.559,0.04648568,5,1,false,false,2.4309945,4.168612,10.44372,2.9048,0.038262323,3
66.856445,0.25449,43.99876419654298,11.375919011168358,0,1,8735.444,0.052053683,5,1,false,false,2.6120284,4.379923,10.360659,2.9055116,0.046812125,3
66.92984,0.2547046,43.998756276497225,11.375910658154329,0,1,8736.146,0.058349133,5,1,false,false,2.9265745,4.4521375,10.207152,2.906346,0.053869877,3
67.00746,0.25491944,43.99874826650089,11.37590218072966,0,1,8735.711,0.06512771,5,1,false,false,3.6100366,4.631099,10.853355,2.907282,0.058974866,3
67.08205,0.25513455,43.99874025650455,11.375893703304992,0,1,8737.467,0.069727615,5,1,false,false,3.6641307,4.2032847,10.341377,2.9082987,0.06249778,3
67.15301,0.25534987,43.99873224650821,11.375885225499864,0,1,8746.762,0.07287535,5,1,false,false,3.921925,4.0486426,11.498088,2.909376,0.06714978,3
67.22063,0.25556543,43.998724236511876,11.375876748075195,0,1,8763.945,0.07578056,5,1,false,false,4.6145124,3.9557877,10.665953,2.9105601,0.07617567,3
67.28963,0.25578117,43.99871622651553,11.375868270650527,0,1,8782.88,0.07432842,5,1,false,false,4.682024,4.109468,11.320076,2.9118943,0.0831576,3
67.36113,0.25599718,43.9987082165192,11.375859793225858,0,1,8789.702,0.069001056,5,1,false,false,4.806991,4.302822,10.609089,2.9132779,0.082570136,3
67.43354,0.25621343,43.998700116434954,11.37585144021183,0,1,8787.352,0.06197997,5,1,false,false,4.947627,4.228679,11.530313,2.9146247,0.0793889,3
67.505196,0.25642985,43.99869210643861,11.375842962787162,0,1,8790.927,0.051569615,5,1,false,false,4.845913,4.225686,11.052885,2.915917,0.075522095,3
67.575066,0.25664657,43.99868400649169,11.375834485362494,0,1,8803.511,0.042611405,5,1,false,false,4.332585,4.056577,8.753493,2.9170907,0.06488767,3
67.64431,0.25686347,43.99867590640744,11.375826132348465,0,1,8816.773,0.036315955,5,1,false,false,4.2014985,4.0448265,12.137797,2.9180744,0.053687394,3
67.713165,0.2570806,43.99866771650994,11.375817654923797,0,1,8824.916,0.02929581,5,1,false,false,3.7302337,3.8641067,9.439991,2.9189084,0.046386193,3
67.777916,0.257298,43.9986596164257,11.375809177499129,0,1,8836.227,0.022516297,5,1,false,false,3.0735052,3.966433,8.343112,2.9196336,0.040777285,3
67.84886,0.25751555,43.99865142652819,11.3758008244851,0,1,8853.384,0.01815798,5,1,false,false,2.9511838,4.1293883,7.8439503,2.9202585,0.033484805,3
67.9179,0.25773335,43.99864332644395,11.37579234706043,0,1,8861.426,0.015495232,5,1,false,false,2.466018,3.980633,8.130907,2.92076,0.025251262,3
67.98473,0.25795135,43.99863513640911,11.375783869635763,0,1,8866.8,0.014768686,5,1,false,false,2.4182653,3.9002125,9.541531,2.9211504,0.021698652,3
68.04997,0.25816956,43.998626946511614,11.375775516621735,0,1,8882.678,0.017916417,5,1,false,false,2.5328827,3.6835537,9.322109,2.92152,0.023383075,3
68.11619,0.258388,43.99861875647678,11.375767039197067,0,1,8906.079,0.023000356,5,1,false,false,2.4180455,4.120224,12.298004,2.9219286,0.026421333,3
68.18815,0.25860667,43.998610566441954,11.375758561391937,0,1,8911.873,0.03026392,5,1,false,false,2.518722,4.3604035,10.835703,2.9223678,0.028440112,3
68.26422,0.25882557,43.99860228645654,11.375750083967269,0,1,8896.872,0.039222136,5,1,false,false,2.7205362,4.593461,10.6131525,2.92285,0.031156056,3
68.339966,0.25904468,43.998594096421705,11.3757417313337,0,1,8883.388,0.045759138,5,1,false,false,2.8364801,4.332543,11.456619,2.923398,0.034834582,3
68.40889,0.25926405,43.9985858164363,11.375733253528573,0,1,8890.3545,0.053264275,5,1,false,false,3.0210364,3.7168198,9.584966,2.9240255,0.040810917,3
68.47044,0.25948367,43.99857762640146,11.375724776103905,0,1,8919.641,0.0571376,5,1,false,false,3.292046,3.711603,10.0516205,2.9247987,0.051119335,3
68.534096,0.25970343,43.998569346416055,11.375716298679237,0,1,8947.073,0.059559733,5,1,false,false,3.3541067,3.6424923,8.182294,2.925699,0.055860467,3
68.59863,0.25992343,43.99856106643064,11.375707945855437,0,1,8954.343,0.062222473,5,1,false,false,3.697952,3.9505825,9.487676,2.9266717,0.060349833,3
68.66675,0.26014364,43.998552786445224,11.375699468240539,0,1,8954.079,0.062222477,5,1,false,false,3.8346415,3.8882048,8.76578,2.9277186,0.06455208,3
68.73205,0.2603641,43.9985444163719,11.37569099081587,0,1,8962.47,0.06415868,5,1,false,false,4.0983377,3.7866313,9.733252,2.9288251,0.068482935,3
68.798935,0.26058474,43.99853613638649,11.375682513200973,0,1,8980.793,0.06609675,5,1,false,false,4.528325,3.9759443,10.937356,2.9300005,0.07284487,3
68.86603,0.2608056,43.99852776645049,11.375674160377173,0,1,8991.794,0.06706485,5,1,false,false,4.737563,3.9869485,10.134693,2.931223,0.0744732,3
68.93585,0.26102668,43.99851939637717,11.375665682952505,0,1,8990.276,0.068759516,5,1,false,false,4.794632,4.2369466,9.436144,2.9324543,0.073434584,3
69.00735,0.26124802,43.99851102644118,11.375657330128707,0,1,8984.851,0.06827545,5,1,false,false,4.926746,4.1161413,8.854794,2.9336684,0.07199208,3
69.07393,0.26146957,43.998502656367855,11.375648852513809,0,1,8991.321,0.0651277,5,1,false,false,4.9861283,3.8354757,10.992709,2.9348845,0.07288175,3
69.137474,0.26169133,43.99849428643186,11.37564037508914,0,1,9010.614,0.063917145,5,1,false,false,4.641423,3.6836247,7.6611767,2.9360845,0.07081182,3
69.19928,0.2619133,43.9984859164272,11.375632022265341,0,1,9031.399,0.062222462,5,1,false,false,5.1345053,3.7087898,10.822508,2.9372883,0.0737477,3
69.26386,0.2621355,43.99847745640329,11.375623669251313,0,1,9041.126,0.06028534,5,1,false,false,5.3646235,3.7788775,12.459748,2.9385204,0.07549517,3
69.329025,0.2623579,43.998468996448054,11.375615191826645,0,1,9041.013,0.06270746,5,1,false,false,5.266462,4.1607184,10.422494,2.9397812,0.07782337,3
69.40052,0.2625805,43.99846053642415,11.375606839002847,0,1,9040.458,0.06464366,5,1,false,false,5.3512793,4.2909417,10.934625,2.9410627,0.075794965,3
69.4719,0.26280338,43.99845207640024,11.375598486179047,0,1,9034.162,0.065127715,5,1,false,false,5.0631747,4.166718,8.975333,2.942241,0.06556335,3
69.53853,0.26302645,43.998443616444995,11.37559000856415,0,1,9035.2,0.06609675,5,1,false,false,4.790501,3.7148259,8.660604,2.9432962,0.059861336,3
69.59837,0.26324975,43.998435066401846,11.375581655740351,0,1,9053.872,0.06706485,5,1,false,false,4.566543,3.235451,7.052704,2.9443076,0.06029775,3
69.65236,0.26347324,43.9984266064466,11.375573302916552,0,1,9088.795,0.0665808,5,1,false,false,4.853919,3.3534405,8.73212,2.9454012,0.06940146,3
69.71023,0.2636969,43.99841805640345,11.375564950092754,0,1,9118.704,0.06609675,5,1,false,false,4.4064426,3.469024,9.139639,2.9466085,0.072943345,3
69.77135,0.26392078,43.99840950642896,11.375556597268956,0,1,9123.459,0.068759516,5,1,false,false,5.4643674,3.743783,9.252021,2.9478714,0.08122134,3
69.841736,0.2641449,43.99840095638581,11.375548244445156,0,1,9118.205,0.06706484,5,1,false,false,5.341033,4.401022,9.613433,2.949286,0.086436614,3
69.91232,0.2643692,43.99839231639208,11.375539891621358,0,1,9108.785,0.0665808,5,1,false,false,5.7862883,4.3043013,11.769872,2.950663,0.080870844,3
69.98126,0.26459375,43.99838376641759,11.37553153860733,0,1,9103.154,0.065127715,5,1,false,false,6.0975504,4.018478,10.067531,2.9519823,0.07832311,3
70.04511,0.2648185,43.99837512642385,11.37552318578353,0,1,9109.823,0.058833197,5,1,false,false,5.439033,3.8944674,11.8815365,2.9532359,0.07194984,3
70.10699,0.26504347,43.9983665763807,11.375514957750832,0,1,9122.712,0.054958917,5,1,false,false,6.0434885,3.4960618,13.932769,2.954397,0.06931275,3
70.16531,0.2652686,43.99835793638697,11.375506604736804,0,1,9132.938,0.046969734,5,1,false,false,5.013848,3.633783,9.958094,2.9555295,0.06636736,3
70.22839,0.26549396,43.99834920637398,11.375498251913005,0,1,9139.672,0.039948657,5,1,false,false,4.629071,3.6961179,10.255254,2.9565485,0.056210913,3
70.291405,0.26571953,43.99834056638025,11.375490023880307,0,1,9140.552,0.030506404,5,1,false,false,4.0253696,3.6131759,8.610212,2.9573867,0.042894043,3
70.34847,0.2659453,43.99833192638651,11.375481670866279,0,1,9145.42,0.020821657,5,1,false,false,3.259084,3.2764242,6.0227337,2.9580152,0.03189476,3
70.40393,0.26617122,43.99832319637353,11.375473442833579,0,1,9171.02,0.010895349,5,1,false,false,2.5667748,3.050302,8.763706,2.9584951,0.023140112,3
70.45458,0.2663973,43.998314466360554,11.375465090009781,0,1,9199.644,0.0036317818,5,1,false,false,1.8050895,2.9809437,8.136722,2.9588003,0.013069554,3
70.5081,0.26662356,43.99830582636682,11.375456736995751,0,1,9214.923,-0.00024155714,5,1,false,false,1.7634155,3.1874516,9.505728,2.9589674,0.008308433,3
70.568825,0.26685,43.99829709635384,11.375448508963053,0,1,9216.781,-0.0075060576,5,1,false,false,0.8905784,3.8042653,11.196746,2.95907,0.002989363,3
70.630905,0.26707664,43.99828836640952,11.375440156139256,0,1,9205.956,-0.01501118,5,1,false,false,0.50386274,3.5415115,10.133392,2.9590354,-0.0061742896,3
70.692024,0.2673035,43.99827963639654,11.375431927916326,0,1,9201.992,-0.025179982,5,1,false,false,0.06615332,3.6329727,11.700768,2.9588616,-0.013969489,3
70.74958,0.2675305,43.99827081636431,11.375423575092528,0,1,9213.066,-0.039463684,5,1,false,false,-0.34302458,3.1118114,8.293348,2.958571,-0.022426989,3
70.8005,0.2677577,43.998262086351325,11.37541522226873,0,1,9232.732,-0.05399082,5,1,false,false,-0.95559406,2.7914648,7.5607243,2.9581199,-0.034285158,3
70.84728,0.26798508,43.99825335640701,11.3754068692547,0,1,9254.617,-0.06851794,5,1,false,false,-1.8337497,2.5165224,6.0141964,2.9574394,-0.050124235,3
70.892426,0.2682126,43.998244626394026,11.375398516430902,0,1,9284.041,-0.07844426,5,1,false,false,-2.3724015,2.7959018,6.9235115,2.956496,-0.06394593,3
70.949394,0.26844025,43.9982358063618,11.375390163607104,0,1,9311.125,-0.08425566,5,1,false,false,-2.762641,3.8082442,8.024784,2.9553235,-0.07470824,3
71.01257,0.26866806,43.99822707634882,11.375381810783304,0,1,9304.0625,-0.083045095,5,1,false,false,-3.4590073,3.6163838,8.905119,2.9540195,-0.082056865,3
71.07635,0.26889613,43.99821825638526,11.375373457959506,0,1,9283.716,-0.07529653,5,1,false,false,-4.5928383,3.711554,11.781104,2.952564,-0.092684045,3
71.137184,0.26912436,43.99820952637227,11.375365105135709,0,1,9281.862,-0.06052783,5,1,false,false,-5.2092843,3.4501548,13.175482,2.950938,-0.09998839,3
71.19376,0.26935276,43.99820079635929,11.37535662752081,0,1,9300.07,-0.043338895,5,1,false,false,-5.3502264,3.3448262,12.769365,2.9492788,-0.09518491,3
71.24982,0.2695814,43.99819197639573,11.37534815009614,0,1,9311.453,-0.028085217,5,1,false,false,-5.1133957,3.272261,12.639814,2.9478018,-0.079916686,3
71.305405,0.26981017,43.99818324638275,11.375339672481243,0,1,9307.826,-0.013315593,5,1,false,false,-4.344718,3.2218306,10.736948,2.94662,-0.061830506,3
71.359886,0.2700391,43.99817442635052,11.375331195056575,0,1,9308.257,-0.002178695,5,1,false,false,-3.5908697,3.0746493,8.661667,2.945737,-0.04511529,3
71.41435,0.27026823,43.99816569633754,11.375322717441676,0,1,9310.175,0.0045998837,5,1,false,false,-2.9587364,3.3946812,6.9178267,2.94512,-0.029107397,3
71.467705,0.27049753,43.998156876373976,11.375314115416138,0.020731563,0.9773121,9301.035,0.006295464,5,1,false,false,-2.1450386,3.1529295,8.295616,2.9447973,-0.010922528,3
71.51235,0.27072695,43.998148146361,11.37530563780124,0.058143687,0.7294698,9301.862,0.0029052384,5,1,false,false,-2.0921087,2.0892217,8.139759,2.9447174,-2.561614e-05,3
71.532745,0.2709565,43.99813941634801,11.375297035585472,0.12867868,0.25376076,9078.848,0.00048405048,5,1,false,false,-1.3430718,0.017369203,10.56448,2.9447606,0.0053684553,3
71.482735,0.271186,43.99813059638445,11.375288558160804,0.18682234,0.05573365,8855.789,-0.0012105941,5,1,false,false,-1.0864841,-5.778935,13.156315,2.9448922,0.010702273,3
71.31585,0.2714151,43.99812186637147,11.375279955945036,0.26796138,-3.7252903e-09,8830.284,0.0012105941,5,1,false,false,-0.89322656,-10.783516,11.800866,2.945089,0.009580914,3
71.09249,0.27164364,43.998113136358484,11.375271478520366,0.3064459,0,8951.832,0.010653791,5,1,false,false,-0.07387827,-15.708196,12.401578,2.945249,0.008656198,3
70.794426,0.2718713,43.998104406345504,11.375263000905468,0.3461218,0,9199.129,0.021064147,5,1,false,false,0.66117084,-18.014088,12.140506,2.9454684,0.01583395,3
70.51198,0.27209798,43.99809576635177,11.3752545234808,0.37173828,0,9216.741,0.039222125,5,1,false,false,1.5750823,-15.1439295,7.4542108,2.9458158,0.026721174,3
70.24617,0.2723238,43.99808712635804,11.375246045865902,0.38806155,0,9163.239,0.06440212,5,1,false,false,2.4513655,-15.71819,7.743799,2.946408,0.047696564,3
69.972725,0.2725487,43.99807857631488,11.375237693042104,0.39568684,0,9078.026,0.10410734,5,1,false,false,3.3098419,-17.482178,5.3884525,2.9473855,0.07154162,3
69.70381,0.2727728,43.99806993632115,11.375229340218304,0.39842722,0,8864.581,0.15591851,5,1,false,false,5.6348586,-17.199883,8.395441,2.9487674,0.098171726,3
69.4339,0.272996,43.99806138634666,11.375221111995376,0.3944955,0,8757.194,0.2200758,5,1,false,false,8.330909,-18.133827,10.106767,2.9507227,0.13851504,3
69.15068,0.27321833,43.99805292632276,11.375212759171577,0.38436794,0,8706.456,0.28810686,5,1,false,false,11.048347,-18.139626,11.823889,2.9533825,0.17867185,3
68.86471,0.27343985,43.99804437634827,11.375204655739749,0.36756817,0,8656.787,0.34863186,5,1,false,false,14.095543,-16.820267,14.885318,2.9568217,0.23609743,3
68.57659,0.2736605,43.99803591632436,11.37519655211769,0.34171334,0,8669.581,0.40286243,5,1,false,false,15.987877,-15.927463,12.193118,2.9614263,0.3199152,3
68.281334,0.27388024,43.998027456300456,11.375188448685861,0.3170499,0,8768.334,0.44353473,5,1,false,false,16.212563,-15.067199,8.390531,2.9674861,0.40486428,3
67.995384,0.27409917,43.99801899634521,11.375180594455772,0.3037054,0,8783.046,0.46120787,5,1,false,false,19.716436,-15.154883,8.623022,2.9746337,0.45298335,3
67.75257,0.27431726,43.9980105363213,11.375172740225683,0.29333964,0,8731.567,0.45999724,5,1,false,false,22.50637,-15.257439,6.993013,2.9824257,0.48288405,3
67.51513,0.2745345,43.9980020762974,11.375165010786693,0.28452277,0,8680.864,0.44377682,5,1,false,false,25.632462,-15.203106,10.349969,2.9903672,0.47682485,3
67.28071,0.27475053,43.99799361634216,11.375157281347704,0.27308464,0,8630.772,0.4171466,5,1,false,false,27.672594,-15.625951,12.287397,2.9984348,0.5001611,3
67.0346,0.2749658,43.99798515631825,11.375149801110453,0.25271064,0,8582.718,0.38954735,5,1,false,false,29.84854,-15.154554,13.307947,3.0070698,0.5302293,3
66.80634,0.27518007,43.99797660634376,11.375142321063434,0.22947693,0,8533.579,0.36678994,5,1,false,false,29.441177,-12.2825165,13.307546,3.0159905,0.52913266,3
66.60529,0.27539346,43.997968146319856,11.375134965427055,0.20064338,0,8483.621,0.3457272,5,1,false,false,27.42078,-10.45925,10.829783,3.0246756,0.50070477,3
66.41679,0.2756062,43.99795968629595,11.375127734581774,0.1826522,0,8434.811,0.31933743,5,1,false,false,24.287138,-9.686713,7.165379,3.0327568,0.4562641,3
66.23267,0.2758181,43.99795113632146,11.375120503926725,0.16609082,0,8415.114,0.29561245,5,1,false,false,22.631855,-10.492146,8.166113,3.0402758,0.45844996,3
66.02744,0.27602938,43.997942676297555,11.375113522283183,0.14941022,0,8464.834,0.2803593,5,1,false,false,24.589054,-11.899048,7.7129884,3.0480914,0.49050394,3
65.83028,0.27623993,43.99793412632307,11.375106540829874,0.13606578,0,8474.016,0.27624387,5,1,false,false,27.05723,-10.91003,8.446833,3.0563488,0.50799745,3
65.66342,0.27644983,43.99792557627992,11.375099683977433,0.13058503,0,8427.955,0.27842256,5,1,false,false,28.567757,-8.757304,9.120364,3.0645375,0.47319168,3
65.517265,0.27665925,43.99791711632468,11.375092951916091,0.12963185,0,8378.708,0.28157026,5,1,false,false,28.340618,-7.9455047,8.936242,3.0719168,0.41257328,3
65.36486,0.27686822,43.99790847629661,11.37508621985475,0.1298701,0,8354.952,0.28520167,5,1,false,false,28.765478,-8.984987,10.760948,3.0784814,0.3868106,3
65.19706,0.27707672,43.99789992632212,11.37507973699515,0.13332535,0,8358.523,0.29875967,5,1,false,false,27.669142,-9.468585,9.346707,3.0850558,0.40255925,3
65.031624,0.2772847,43.9978913763133,11.375073254135549,0.13952102,0,8351.693,0.32926467,5,1,false,false,26.565262,-9.037574,7.119351,3.0918634,0.41332942,3
64.86988,0.27749234,43.997882736285234,11.375066896067048,0.1461933,0,8320.212,0.38107318,5,1,false,false,27.687826,-8.918767,8.934801,3.0986767,0.40066406,3
64.71099,0.2776996,43.997874186310746,11.375060662599417,0.15524839,0,8281.492,0.44087118,5,1,false,false,28.096851,-8.966159,9.807438,3.1053452,0.40609425,3
64.54616,0.2779064,43.997865546282675,11.375054429131785,0.16299294,0,8255.634,0.48856455,5,1,false,false,28.027025,-9.769145,8.61942,3.1124048,0.4460448,3
64.36186,0.27811295,43.997856906288945,11.375048445056123,0.16585247,0,8235.601,0.5239097,5,1,false,false,32.09678,-10.595373,12.424631,3.1203337,0.50804573,3
64.17705,0.27831906,43.99784826629521,11.375042460790231,0.1644227,0,8215.663,0.5345626,5,1,false,false,32.65718,-10.085768,9.877173,3.1292987,0.5627108,3
63.998543,0.27852464,43.99783962630148,11.37503660131544,0.15918027,0,8194.546,0.52705693,5,1,false,false,32.60628,-9.907262,9.983885,3.1390302,0.59767723,3
63.82804,0.27873018,43.99783098630774,11.375030866631747,0.15727393,0,8171.1074,0.5035744,5,1,false,false,31.942108,-8.917677,7.8968143,-3.1343498,0.5692074,3
63.66392,0.27893528,43.99782234627967,11.375025381149795,0.15846536,0,8151.0625,0.47863823,5,1,false,false,30.510197,-9.2475395,6.9513345,-3.1251695,0.53685576,3
63.49315,0.27914006,43.99781370628594,11.375019771066972,0.16144407,0,8129.394,0.4544292,5,1,false,false,30.09584,-9.735518,7.1816235,-3.116434,0.51385206,3
63.314953,0.2793448,43.99780497627295,11.375014410185889,0.16370785,0,8103.113,0.43118733,5,1,false,false,28.41455,-9.811261,6.3097053,-3.107757,0.5337916,3
63.136265,0.27954912,43.99779633627922,11.375009174095908,0.16299295,0,8072.125,0.41109362,5,1,false,false,29.105707,-9.939888,7.905828,-3.0985909,0.5678329,3
62.955837,0.27975318,43.99778760626624,11.375004062606793,0.15179314,0,8041.9663,0.39245152,5,1,false,false,30.142431,-10.048335,9.38474,-3.0887868,0.60780245,3
62.776836,0.27995715,43.997778966272506,11.37499895130791,0.13630404,0,8018.2705,0.38083118,5,1,false,false,31.182365,-9.590434,8.994984,-3.0783942,0.639071,3
62.602333,0.2801607,43.99777023629385,11.374993964419668,0.12272133,0,7999.831,0.3779268,5,1,false,false,33.117043,-9.0711355,9.497446,-3.0675964,0.65004593,3
62.43811,0.28036416,43.997761506280874,11.374989227113625,0.10949601,0,7984.775,0.38034704,5,1,false,false,33.40169,-8.392598,9.030293,-3.0569022,0.628996,3
62.28118,0.28056744,43.997752776267895,11.37498448961735,0.091743134,0,7969.944,0.3834947,5,1,false,false,33.481636,-7.894293,9.573033,-3.0466967,0.5937969,3
62.13169,0.28077045,43.99774413627416,11.374979876912178,0.07839868,0,7955.3706,0.3827677,5,1,false,false,33.43748,-7.489622,8.495445,-3.0370784,0.5623302,3
61.987442,0.28097337,43.99773540626118,11.374975388807874,0.06803287,0,7941.624,0.37526312,5,1,false,false,32.80669,-7.193576,8.278159,-3.0278203,0.55115604,3
61.845848,0.28117615,43.997726676282525,11.37497102530444,0.06362445,0,7928.163,0.3604954,5,1,false,false,33.47768,-7.1202006,9.5223875,-3.0186117,0.55717343,3
61.70569,0.2813787,43.99771785628463,11.374966786592106,0.06338617,0,7915.2886,0.34306386,5,1,false,false,33.539257,-6.9881363,8.735644,-3.0091484,0.58036625,3
61.56936,0.28158116,43.99770912627165,11.374962672480642,0.06529249,0,7900.739,0.32466432,5,1,false,false,32.347748,-6.636858,7.2314415,-2.9993281,0.59326875,3
61.43969,0.28178343,43.99770039625867,11.374958682970046,0.06827119,0,7881.914,0.30916962,5,1,false,false,32.073345,-6.3683076,8.558019,-2.9895544,0.574136,3
61.31098,0.28198552,43.99769157626077,11.374954818250552,0.07124986,0.5208334,8019.244,0.29512843,0,1,false,false,33.147495,-6.2530365,9.488301,-2.9801943,0.55098575,3
61.184467,0.28218767,43.99768284624779,11.374950953531057,0.076849766,0.75,8580.566,0.28689727,0,1,false,false,32.337147,-6.0682697,8.520646,-2.971145,0.5373623,3
61.06277,0.28238955,43.997674116269145,11.374947338203532,0.08090074,0.22916664,8985.082,0.2881069,0,1,false,false,30.8613,-5.789109,7.775515,-2.9623272,0.51653147,3
60.94357,0.2825912,43.99766529627125,11.374943722685776,0.08256882,0,8960.798,0.29972732,4,1,false,false,31.558054,-5.8670034,8.525362,-2.9540453,0.4781515,3
60.803204,0.28279173,43.99765647623902,11.374940356559991,0.08090074,0,9061.537,0.32103306,4,1,false,false,31.599361,-8.194592,7.36026,-2.9463794,0.4461912,3
60.630913,0.28299186,43.99764774626037,11.374936990624436,0.0751817,0,9195.96,0.36436865,4,1,false,false,30.380733,-9.549378,7.570245,-2.9388816,0.46625063,3
60.456005,0.28319144,43.997638926262475,11.37493374909952,0.06850948,0,9202.671,0.42634544,4,1,false,false,32.653465,-8.798874,10.5431385,-2.930579,0.5368071,3
60.300793,0.28339007,43.997630196249496,11.374930632365706,0.06290956,0,9147.322,0.49122733,4,1,false,false,35.70242,-7.354582,12.110302,-2.920971,0.6121389,3
60.161137,0.2835883,43.997621376251594,11.374927640422989,0.05671393,0,9094.679,0.5568349,4,1,false,false,36.521297,-6.507815,11.29897,-2.9102383,0.6683258,3
60.031837,0.2837861,43.997612646238615,11.374924772890912,0.052782077,0,9041.274,0.60888475,4,1,false,false,37.141582,-5.8691764,11.085098,-2.8989983,0.6674122,3
59.91,0.28398323,43.99760382624072,11.374922154941038,0.05075659,0,8988.121,0.645198,4,1,false,false,36.810493,-5.543668,10.534157,-2.888138,0.63067657,3
59.783733,0.28418007,43.99759509624491,11.37491953680093,0.05075658,0,8980.188,0.668923,4,1,false,false,37.156143,-6.4099984,10.651176,-2.8779938,0.5904501,3
59.642536,0.2843765,43.997586276247006,11.374917043451923,0.05075658,0,9014.242,0.6926472,4,1,false,false,35.723145,-6.9253592,10.525733,-2.868365,0.5644709,3
59.49929,0.2845724,43.99757754623403,11.374914674703787,0.05075658,0,9025.039,0.71346676,4,1,false,false,36.802784,-7.1311793,10.8803425,-2.8590412,0.56757605,3
59.35641,0.28476784,43.99756872623613,11.37491255534762,0.05051829,0,8994.119,0.73235,4,1,false,false,36.98946,-6.5891,12.209726,-2.8491244,0.61565256,3
59.223484,0.28496298,43.99755999624032,11.374910435991453,0.050041705,0,8947.701,0.7495376,4,1,false,false,39.310818,-6.3917913,11.074047,-2.8384836,0.64433706,3
59.098522,0.2851577,43.99755126622733,11.374908566027255,0.049088534,0,8918.286,0.75558966,4,1,false,false,34.361893,-5.976114,8.853463,-2.8277533,0.6388881,3
58.97373,0.28535208,43.99754244622944,11.374906695872827,0.047539618,0,8910.655,0.7568001,4,1,false,false,32.44242,-5.9473367,8.3913,-2.8171017,0.6342182,3
58.852203,0.28554618,43.997533716233626,11.3749049505095,0.04634814,0,8902.272,0.759463,4,1,false,false,33.747776,-6.1889353,7.7887554,-2.806972,0.5835918,3
58.731976,0.28574002,43.99752498622064,11.374903454538142,0.046109855,0,8879.103,0.7739876,4,1,false,false,33.655056,-5.8166995,8.063451,-2.7976012,0.5434428,3
58.61423,0.2859335,43.99751625622483,11.374901958566785,0.04539498,0,8849.991,0.79916537,4,1,false,false,32.04689,-6.2100177,9.892373,-2.7887132,0.53524715,3
58.468212,0.2861267,43.997507526229015,11.374900587196297,0.043846063,0,8831.116,0.82724625,4,1,false,false,33.6436,-7.1705174,17.641094,-2.7789476,0.6367569,3
58.310005,0.2863196,43.99749879621603,11.374899340426678,0.041701414,0,8821.697,0.8541181,4,1,false,false,40.161743,-6.9840856,17.982443,-2.7676017,0.7217472,3
58.164364,0.28651202,43.9974901562223,11.374898218448159,0.039437633,0,8813.944,0.8504864,4,1,false,false,39.92408,-6.614847,13.850989,-2.7552314,0.7553309,3
58.032356,0.28670418,43.997481426217895,11.37489722107051,0.036697254,0,8807.943,0.8243416,4,1,false,false,35.028145,-6.0056667,10.405824,-2.7426271,0.75494194,3
57.914997,0.2868962,43.99747278621558,11.374896473084831,0.033480294,0,8793.718,0.7836714,4,1,false,false,32.7687,-4.7831817,9.106015,-2.730239,0.6878786,3
57.819725,0.2870878,43.99746414621326,11.374895725099153,0.031097341,0,8752.566,0.76551473,4,1,false,false,22.460144,-4.202075,5.5380096,-2.7202158,0.5099916,3
57.738277,0.28727937,43.99745541621745,11.374895101714344,0.029310143,0,8703.466,0.7797982,4,1,false,false,19.251846,-3.8992097,2.4547565,-2.713791,0.27608195,3
57.65066,0.28747088,43.99744677621513,11.374894478329535,0.027403792,0,8650.927,0.80303824,4,1,false,false,25.058823,-4.3533792,6.8635054,-2.7103193,0.16254812,3
57.545803,0.28766194,43.997438136212814,11.374894104336695,0.02585488,0,8621.494,0.82337356,4,1,false,false,31.71556,-5.902136,7.9388275,-2.707337,0.22823465,3
57.41017,0.2878528,43.997429586212576,11.374893730343855,0.02466341,0,8640.319,0.8313621,4,1,false,false,33.149593,-7.00194,14.950649,-2.7021654,0.42194572,3
57.2512,0.28804338,43.997420946210255,11.374893356351016,0.0231145,0,8664.617,0.83620405,4,1,false,false,53.95921,-8.549566,24.374723,-2.6929429,0.7474167,3
57.110535,0.28823337,43.997412396205725,11.374893356351016,0.022399623,0,8668.155,0.831846,4,1,false,false,39.29749,-6.672044,2.845883,-2.6791747,0.8293836,3
56.98501,0.28842303,43.997403846205486,11.374893356351016,0.021923035,0.0014796552,8656.246,0.81272167,4,1,false,false,41.56587,-4.8252177,18.357399,-2.6661255,0.7222552,3
56.875275,0.28861266,43.99739529620096,11.374893480951886,0.021208156,0.0027127003,8637.977,0.81925756,4,1,false,false,35.974743,-4.759369,9.503186,-2.6559484,0.48873222,3
56.828888,0.2888018,43.997386746200725,11.374893730343855,0.02120815,0.0032059196,8598.817,0.8444346,4,1,false,false,19.320044,-1.8888463,19.022102,-2.6527908,-0.01604674,3
56.765762,0.28899026,43.99737828619828,11.374894104336695,0.020493273,0.003699137,8546.974,0.8744526,4,1,false,false,26.569141,-4.5792775,9.117924,-2.65395,-0.08904563,3
56.667904,0.2891773,43.99736973619589,11.374894602930404,0.020493269,0.0036991374,8487.612,0.90350187,4,1,false,false,27.407137,-5.2536497,1.0419326,-2.6548045,-0.012378934,3
56.585327,0.28936377,43.99736127619452,11.374895226315214,0.020254977,0.0044389637,8437.253,0.9221423,4,1,false,false,10.115677,-3.9910555,-2.8795047,-2.654409,0.064383395,3
56.487984,0.28954962,43.99735281619287,11.374895849700023,0.019420942,0.0054253996,8394.023,0.93811923,4,1,false,false,15.963762,-9.140454,-2.179995,-2.652543,0.1864098,3
56.36244,0.28973436,43.99734435619123,11.374896473084831,0.019420946,0.00838471,8360.075,0.95772785,4,1,false,false,22.01597,-5.9534497,15.243208,-2.6480093,0.3701982,3
56.2519,0.28991842,43.99733589618932,11.37489722107051,0.019182654,0.009371148,8365.1045,0.98120934,4,1,false,false,31.175085,-8.117014,14.521157,-2.6396186,0.6207554,3
56.10126,0.2901018,43.997327526187874,11.37489796905619,0.01894436,0.009371147,8466.559,0.997671,4,1,false,false,40.96048,-8.017643,23.135418,-2.6281593,0.73502856,3
55.945564,0.2902842,43.99731915618536,11.374898966433838,0.018944358,0.009371147,8560.318,0.99718666,4,1,false,false,46.774048,-8.018147,29.630678,-2.6146863,0.8625331,3
55.815002,0.2904659,43.99731078618285,11.374900088412357,0.01822948,0.009371147,8558.824,0.9850822,4,1,false,false,44.608562,-5.3081183,26.38121,-2.5999756,0.86003476,3
55.71492,0.29064718,43.99730250618456,11.374901459782844,0.018229477,0.01159063,8511.704,0.9678958,4,1,false,false,41.60127,-5.222479,19.440445,-2.586245,0.76295006,3
55.629055,0.2908277,43.997294226181985,11.374902831153333,0.018229477,0.017262641,8469.946,0.9577277,4,1,false,false,40.231842,-4.8580055,18.48921,-2.5745602,0.62459785,3
55.55833,0.29100773,43.9972859461794,11.374904451915791,0.018229477,0.023181258,8425.687,0.95482355,4,1,false,false,29.25777,-4.148927,12.808134,-2.5654583,0.49689537,3
55.48499,0.29118738,43.9972777561789,11.374906072488018,0.017991185,0.027127,8379.894,0.9490132,4,1,false,false,24.28014,-4.0720177,5.983138,-2.5575144,0.47262242,3
55.4083,0.29136634,43.99726947617633,11.374907817851346,0.017276306,0.030826138,8338.266,0.93521434,4,1,false,false,18.14156,-4.2019386,0.779201,-2.5497005,0.47557417,3
55.339096,0.2915447,43.99726128617583,11.374909563214674,0.017276302,0.037731197,8319.701,0.9231108,4,1,false,false,9.380148,-3.857599,-3.7837448,-2.5415804,0.520039,3
55.264366,0.29172257,43.99725309617533,11.374911433369101,0.016799718,0.051048093,8366.752,0.92601544,4,1,false,false,13.79993,-4.8557777,-4.2085657,-2.5322902,0.6274057,3
55.16343,0.29189977,43.997244906174835,11.3749133033333,0.016799714,0.061405662,8395.002,0.94489723,4,1,false,false,28.615702,-6.01616,11.187393,-2.5200338,0.82536167,3
55.03597,0.29207626,43.997236806167834,11.374915298088595,0.015965682,0.076202214,8386.072,0.97152656,4,1,false,false,39.068333,-6.0052013,18.266073,-2.5050917,0.9589151,3
54.914906,0.29225224,43.997228706169416,11.374917292843893,0.01501251,0.101602964,8383.504,0.96934754,4,1,false,false,42.470047,-5.040785,20.324228,-2.487925,1.0566933,3
54.79319,0.29242775,43.997220606162415,11.37491953680093,0.014297629,0.14007398,8404.4,0.94029874,4,1,false,false,52.364906,-4.490247,23.255901,-2.470768,0.96791995,3
54.680958,0.2926027,43.99721259616607,11.374922030149937,0.013582747,0.17657214,8457.373,0.8962394,4,1,false,false,50.71926,-3.9470248,23.259533,-2.4560955,0.77708316,3
54.586937,0.29277733,43.99720458616115,11.374924523689174,0.013106158,0.21898894,8543.491,0.8565384,4,1,false,false,41.763195,-3.3268166,14.88625,-2.4451451,0.54067063,3
54.52943,0.29295167,43.9971966661669,11.37492726643015,0.012033835,0.2616523,8472.139,0.8434664,4,1,false,false,28.634792,-0.91087306,7.4127617,-2.4377682,0.36171547,3
54.517075,0.29312572,43.99718874615547,11.374930133771995,0.010842367,0.30727503,8316.226,0.85823303,4,1,false,false,18.13795,0.34733024,0.64963436,-2.4329019,0.24296457,3
54.493214,0.29329962,43.99718082616122,11.374932876512972,0.010127488,0.37114677,8270.779,0.88558835,4,1,false,false,16.339846,-2.0246468,-1.1140118,-2.4292247,0.2522031,3
54.437443,0.2934732,43.99717290614979,11.374935868455688,0.009889196,0.43205914,8394.606,0.92093205,4,1,false,false,19.81447,-3.2110322,5.2070317,-2.424033,0.4029446,3
54.374348,0.2936465,43.99716507615762,11.374938860588633,0.008578577,0.46732432,8550.277,0.94441354,4,1,false,false,25.322062,-2.5362074,6.7677813,-2.415569,0.60759,3
54.326183,0.29381958,43.99715724614828,11.37494185272158,0.008578577,0.5358816,8623.257,0.9240793,4,1,false,false,26.774984,-1.3899047,8.745136,-2.4041955,0.738145,3
54.31198,0.2939925,43.9971494161561,11.374944969455395,0.007863696,0.59580755,8630.302,0.862106,4,1,false,false,29.311485,2.6771762,7.759583,-2.391319,0.7746324,3
54.35261,0.2941654,43.99714158614675,11.37494821079008,0.007863696,0.6305795,8595.802,0.78464013,4,1,false,false,29.940042,4.1484036,10.526509,-2.3790238,0.69784194,3
54.409676,0.29433858,43.99713375615458,11.374951576915866,0.0076254015,0.63008636,8513.193,0.7066883,4,1,false,false,31.904917,5.218699,12.803775,-2.3681433,0.6056054,3
54.460827,0.2945119,43.99712601614732,11.37495506764252,0.0069105206,0.5982739,8415.877,0.64713466,4,1,false,false,34.24204,4.114641,14.163017,-2.3586679,0.54373133,3
54.488316,0.2946854,43.99711827614006,11.374958682970046,0.0069105206,0.55265117,8360.615,0.58370686,4,1,false,false,33.848274,2.6376793,13.045694,-2.349644,0.54566634,3
54.497234,0.29485914,43.99711053614996,11.374962298487802,0.0069105206,0.50702846,8380.434,0.51253164,4,1,false,false,30.461277,1.6555634,8.897517,-2.34051,0.5446653,3
54.498684,0.29503298,43.9971027961427,11.374966163207295,0.0069105206,0.4591862,8432.996,0.43046176,4,1,false,false,27.404097,1.3700006,7.25276,-2.3317304,0.5011324,3
54.502502,0.29520682,43.99709514613752,11.374970027926791,0.007625402,0.4254007,8449.854,0.35347372,4,1,false,false,24.747477,1.2441915,5.9854937,-2.323956,0.4318489,3
54.503242,0.29538086,43.99708749613234,11.374973892646285,0.007625402,0.40665853,8416.685,0.29488543,4,1,false,false,23.286985,0.94867694,6.5987062,-2.3171403,0.3968703,3
54.49746,0.2955551,43.997079846144324,11.37497800675775,0.007625402,0.40493217,8391.588,0.2484026,4,1,false,false,22.418846,0.58308506,6.6517863,-2.3104324,0.4129267,3
54.491825,0.29572934,43.997072196139136,11.374982120869214,0.0069105206,0.40616527,8413.323,0.20627616,4,1,false,false,22.686346,0.5937836,6.546886,-2.303392,0.42650083,3
54.487423,0.29590368,43.99706463613604,11.374986234980678,0.006433934,0.41676942,8447.953,0.16608638,4,1,false,false,22.630934,0.8249163,6.7592134,-2.2963781,0.4081606,3
54.489285,0.29607874,43.99705707611577,11.374990473693012,0.006433933,0.42540076,8450.67,0.10967533,4,1,false,false,24.373016,1.3788149,8.804885,-2.289906,0.36664325,3
54.497677,0.29625386,43.997049516147,11.374994837196446,0.006433933,0.43625152,8420.966,0.017673912,4,1,false,false,23.712368,1.6051819,9.246103,-2.284119,0.32700366,3
54.511604,0.29642904,43.9970419561439,11.37499920050965,0.0069105197,0.4404438,8392.443,-0.10023495,4,1,false,false,21.464783,1.6719495,8.196892,-2.2790132,0.28388044,3
54.52768,0.29660425,43.99703448612571,11.375003688613955,0.007625402,0.44044387,8385.741,-0.22468363,4,1,false,false,20.045467,1.795453,9.627736,-2.2747514,0.22048154,3
54.54352,0.2967795,43.997026926122615,11.375008301509359,0.008578576,0.43921077,8391.19,-0.35494465,4,1,false,false,16.908197,1.4877388,9.041971,-2.2717955,0.12969789,3
54.562263,0.29695487,43.99701945613876,11.375012789613661,0.009889194,0.43921083,8390.512,-0.45954365,4,1,false,false,12.9078455,1.5867804,8.390263,-2.2706602,0.0022248628,3
54.58472,0.29713014,43.997011986120576,11.375017526919706,0.009889194,0.4451294,8378.672,-0.5423517,4,1,false,false,8.487744,1.5125238,8.458048,-2.2717931,-0.13960735,3
54.61105,0.2973054,43.99700451613672,11.37502213981511,0.009889194,0.472503,8373.519,-0.6031267,4,1,false,false,4.306163,1.7139252,10.490581,-2.275349,-0.2863001,3
54.638405,0.29748073,43.99699704611853,11.375026877121153,0.009889194,0.5272503,8392.933,-0.64961696,4,1,false,false,-1.3060176,1.5646524,8.934052,-2.2812295,-0.41313893,3
54.666084,0.29765615,43.99698966611959,11.375031490016557,0.009889194,0.6034526,8441.427,-0.6861792,4,1,false,false,-7.306468,1.6337701,9.417616,-2.2889283,-0.50525576,3
54.70391,0.29783162,43.99698210611649,11.3750362273226,0.009889194,0.68508005,8499.358,-0.7019179,4,1,false,false,-12.790465,2.4402578,10.417948,-2.2979107,-0.5687118,3
54.75905,0.29800722,43.9969746360983,11.375040840218004,0.009889194,0.73045635,8525.135,-0.6922324,4,1,false,false,-16.143965,3.5401177,9.74278,-2.307751,-0.60755587,3
54.828274,0.29818302,43.996967076129536,11.375045328322308,0.009174312,0.77410614,8517.931,-0.6651134,4,1,false,false,-18.348505,4.4689493,9.452242,-2.3180654,-0.62513787,3
54.907974,0.29835922,43.996959606111346,11.37504994102748,0.0091743115,0.81183726,8516.019,-0.6283095,4,1,false,false,-20.051163,5.139506,9.843334,-2.328478,-0.6200637,3
54.988117,0.29853565,43.99695195612333,11.375054429131785,0.0091743115,0.8392108,8535.956,-0.5818193,4,1,false,false,-21.288757,4.828377,9.685254,-2.338688,-0.6056422,3
55.06585,0.2987123,43.996944396120234,11.375058792444989,0.0091743115,0.8441429,8566.8955,-0.5452571,4,1,false,false,-21.737812,4.818724,8.485076,-2.3486712,-0.5926626,3
55.1414,0.2988895,43.99693674609789,11.375063155948423,0.009650901,0.8278667,8591.849,-0.53532964,4,1,false,false,-21.776157,4.8789344,8.712612,-2.358452,-0.5820906,3
55.218937,0.2990669,43.996929006090625,11.375067394660757,0.011318954,0.7921084,8605.594,-0.54816324,4,1,false,false,-23.034912,5.0832796,9.349672,-2.3681066,-0.5770978,3
55.29557,0.2992446,43.99692135610261,11.375071633373091,0.013106158,0.743773,8605.192,-0.57552385,4,1,false,false,-24.108097,4.9526086,9.0605135,-2.3776975,-0.575404,3
55.36331,0.2994227,43.99691361609535,11.375075747484555,0.013582749,0.68384725,8594.256,-0.6120858,4,1,false,false,-24.515823,4.473718,8.954006,-2.387348,-0.584207,3
55.42168,0.29960126,43.99690578610317,11.37507986159602,0.014535921,0.6241676,8585.836,-0.647195,4,1,false,false,-25.943737,3.9098792,9.401024,-2.39722,-0.5996864,3
55.467556,0.29977995,43.99689804609591,11.375083726315514,0.015012512,0.5487054,8573.004,-0.6808521,4,1,false,false,-27.27367,3.1259277,9.607059,-2.40732,-0.6124469,3
55.498894,0.2999589,43.99689021610373,11.37508771582611,0.01501251,0.49568447,8554.915,-0.7106345,4,1,false,false,-28.48064,2.3032908,9.552354,-2.4176059,-0.6219767,3
55.51552,0.30013832,43.99688229609231,11.375091455944734,0.01501251,0.47842166,8557.343,-0.745503,4,1,false,false,-28.827976,1.5675156,9.097817,-2.4279947,-0.62241304,3
55.519978,0.30031776,43.99687446610013,11.37509519587313,0.015727391,0.4742294,8581.102,-0.778676,4,1,false,false,-29.635176,1.0203384,9.838026,-2.4383316,-0.6176764,3
55.522408,0.30049723,43.99686654608871,11.375098811390885,0.015965683,0.45943284,8593.326,-0.8070066,4,1,false,false,-28.050737,1.2951671,7.4810524,-2.4484947,-0.595971,3
55.526142,0.30067727,43.996858626077284,11.37510230211754,0.015965685,0.41578287,8565.409,-0.8225026,4,1,false,false,-27.39039,1.0707246,7.747604,-2.4581957,-0.57166475,3
55.525337,0.30085734,43.99685061608095,11.375105792844195,0.016799718,0.3726264,8517.636,-0.8317045,4,1,false,false,-28.877102,0.7256947,8.501183,-2.4676313,-0.5636513,3
55.50821,0.30103737,43.996842696103855,11.37510903417888,0.016799714,0.35832304,8502.023,-0.84550595,4,1,false,false,-28.564474,-0.51125383,7.656697,-2.4771538,-0.5833012,3
55.47168,0.30121776,43.996834686073186,11.375112275703795,0.016799714,0.3600493,8535.404,-0.8631827,4,1,false,false,-30.13468,-1.2935677,9.11436,-2.4873009,-0.63477224,3
55.432705,0.30139816,43.99682667607685,11.37511551703848,0.017276298,0.36350185,8575.274,-0.8772274,4,1,false,false,-30.347065,-1.1735382,8.851507,-2.4981356,-0.66074854,3
55.39902,0.30157843,43.996818666080515,11.375118509171427,0.01822948,0.36350185,8575.199,-0.88546014,4,1,false,false,-30.080898,-0.564219,9.02875,-2.5091064,-0.65311944,3
55.37065,0.30175894,43.99681065608418,11.375121376513272,0.01965924,0.36350185,8541.306,-0.8903035,4,1,false,false,-31.286945,-0.26033235,9.818474,-2.519898,-0.64390516,3
55.34223,0.30193952,43.996802556068594,11.375124243855119,0.021208148,0.36498153,8513.865,-0.8961139,4,1,false,false,-32.031906,-0.47592717,9.821211,-2.5305917,-0.64367205,3
55.306927,0.30212,43.99679454607225,11.375126986596095,0.022399621,0.3649815,8513.076,-0.9062845,4,1,false,false,-33.05456,-0.6396124,11.620281,-2.5413806,-0.65103966,3
55.262527,0.3023005,43.996786446091,11.375129604736202,0.023471944,0.3649815,8526.275,-0.91887563,4,1,false,false,-33.823357,-1.0692409,11.413115,-2.5524304,-0.6747968,3
55.216743,0.30248109,43.996778346075416,11.375132098085208,0.02561659,0.3649815,8531.899,-0.92662394,4,1,false,false,-33.50549,-1.0320723,9.717232,-2.5638616,-0.69113815,3
55.177162,0.3026615,43.99677024605983,11.375134466833345,0.025616584,0.36350182,8520.531,-0.9258985,4,1,false,false,-32.17701,-0.58173156,9.5360155,-2.575272,-0.67274046,3
55.144943,0.30284184,43.99676214604425,11.375136710790382,0.025616584,0.36350185,8500.867,-0.9169385,4,1,false,false,-31.685524,-0.1798639,9.439302,-2.5861225,-0.6262901,3
55.114655,0.30302215,43.99675404609733,11.375138830146549,0.02394853,0.3654747,8484.965,-0.9062847,4,1,false,false,-30.875015,-0.344665,8.794625,-2.596089,-0.5706454,3
55.077133,0.30320227,43.996745946081745,11.375140949692947,0.020731565,0.39260167,8489.918,-0.90337855,4,1,false,false,-31.265432,-0.9214762,9.6456175,-2.6053717,-0.5543637,3
55.03439,0.30338228,43.99673775604692,11.375142819657144,0.017991183,0.4290998,8521.634,-0.9101591,4,1,false,false,-31.744617,-0.9701814,9.951236,-2.6147301,-0.5745939,3
54.997906,0.3035618,43.996729656031334,11.37514468962134,0.017276306,0.4604193,8554.22,-0.9225082,4,1,false,false,-30.98342,-0.1345315,9.353843,-2.6244924,-0.5903191,3
54.976757,0.30374116,43.99672146606517,11.375146434984668,0.01703801,0.49395812,8567.439,-0.93316203,4,1,false,false,-30.606094,0.6005875,9.381618,-2.6342437,-0.5805943,3
54.96611,0.30392045,43.996713276030334,11.375148055747125,0.016799716,0.5292231,8569.322,-0.93727875,4,1,false,false,-30.307718,1.2399834,8.9289665,-2.6438432,-0.57139176,3
54.964622,0.30409923,43.99670517608342,11.375149551718485,0.016799714,0.56744754,8576.5,-0.9416372,4,1,false,false,-31.699165,1.7277336,10.184983,-2.6532357,-0.55625975,3
54.965782,0.30427784,43.99669698604858,11.375150923088972,0.017276298,0.6231814,8598.151,-0.94986975,4,1,false,false,-31.61164,1.6027292,10.418556,-2.662356,-0.5478815,3
54.969414,0.3044564,43.99668879608242,11.375152294459461,0.017276302,0.66337866,8626.917,-0.96076703,4,1,false,false,-30.913132,2.0475347,10.954826,-2.6715264,-0.5594494,3
54.975697,0.30463472,43.99668060604759,11.375153416628208,0.017276302,0.6848334,8648.462,-0.9685154,4,1,false,false,-29.060982,2.1290512,9.943705,-2.681063,-0.59363014,3
54.98335,0.30481273,43.996672326062175,11.375154538606727,0.017276302,0.6956843,8673.451,-0.96899974,4,1,false,false,-27.595152,2.9758546,10.219812,-2.6913865,-0.64112604,3
55.008705,0.30499074,43.99666413602735,11.375155535984376,0.017276302,0.69864374,8704.565,-0.96222,4,1,false,false,-27.174702,3.9055953,9.39846,-2.7022455,-0.6485516,3
55.04593,0.3051687,43.99665594606118,11.375156408570925,0.017276302,0.70160306,8713.274,-0.95180774,4,1,false,false,-26.481289,4.2577477,7.8916717,-2.7128575,-0.6142587,3
55.09231,0.30534643,43.996647666075766,11.375157156556604,0.015727393,0.70382243,8700.205,-0.94018424,4,1,false,false,-26.216501,4.8800836,6.3849783,-2.722697,-0.5562208,3
55.14417,0.30552426,43.99663947604093,11.375157904732513,0.014297629,0.70456237,8686.114,-0.93025595,4,1,false,false,-25.1669,4.3417597,6.731285,-2.7313988,-0.48965085,3
55.176975,0.30570212,43.996631196055525,11.375158527927091,0.013106158,0.7057954,8696.155,-0.9256561,4,1,false,false,-22.417332,2.3733397,5.387985,-2.739405,-0.47643507,3
55.185013,0.3058797,43.99662291607011,11.375159026711032,0.012033835,0.70850796,8761.189,-0.9258985,4,1,false,false,-26.692886,-0.29930022,5.8124366,-2.7476912,-0.535883,3
55.16875,0.30605718,43.996614636016034,11.37515952530474,0.010842367,0.7127005,8859.7,-0.93025583,4,1,false,false,-24.877558,-0.32397044,11.660208,-2.7575173,-0.6678869,3
55.18193,0.30623454,43.99660635603062,11.37515989929758,0.009889196,0.72083855,8937.3955,-0.9382471,4,1,false,false,-25.09204,3.4966657,8.426209,-2.7692273,-0.7375661,3
55.24168,0.3064118,43.99659807604521,11.375160148689549,0.009174312,0.7274968,8919.608,-0.9409106,4,1,false,false,-31.331156,7.799319,10.829463,-2.781201,-0.6935614,3
55.32287,0.3065892,43.996589796059794,11.375160273290419,0.008578576,0.73514193,8797.221,-0.9334047,4,1,false,false,-35.057808,8.324994,15.30339,-2.7918208,-0.5909063,3
55.38941,0.3067667,43.99658151600572,11.375160273290419,0.007863696,0.73859435,8682.583,-0.9220234,4,1,false,false,-34.95842,6.8815217,13.040589,-2.8012295,-0.5488336,3
55.427464,0.30694428,43.9965732360203,11.375160273290419,0.007863696,0.74130696,8695.709,-0.90967476,4,1,false,false,-31.357567,4.516458,9.550051,-2.8104987,-0.5553462,3
55.44898,0.30712184,43.996564866015646,11.37516002408868,0.0076254015,0.7418002,8816.819,-0.89926183,4,1,false,false,-27.84025,3.2783267,7.5985675,-2.8198907,-0.55375797,3
55.466343,0.30729932,43.99655658603023,11.37515977469671,0.007625402,0.7440197,8913.72,-0.8968406,4,1,false,false,-25.849667,1.3482245,6.6689034,-2.82895,-0.5418439,3
55.493988,0.30747685,43.99654830604482,11.375159276103002,0.007625402,0.7509248,8907.63,-0.9070104,4,1,false,false,-28.707993,3.44915,13.371589,-2.8378847,-0.5564047,3
55.53049,0.30765438,43.99653993604016,11.375158777319061,0.007625402,0.7585695,8841.456,-0.9271082,4,1,false,false,-33.92608,6.2210455,16.394472,-2.8475025,-0.6071691,3
55.573765,0.30783194,43.99653165605475,11.375158153934253,0.0069105206,0.76128227,8797.316,-0.9457538,4,1,false,false,-38.724644,6.5617647,18.436954,-2.858251,-0.6679223,3
55.62005,0.30800962,43.99652328605009,11.375157405948574,0.006433934,0.7632551,8792.168,-0.9421222,4,1,false,false,-40.428516,5.9581,17.678303,-2.8696437,-0.68021905,3
55.667767,0.3081875,43.99651500599601,11.375156533362025,0.0057190517,0.7622689,8790.236,-0.9191181,4,1,false,false,-39.898865,6.0964537,15.818843,-2.8807611,-0.6391463,3
55.718353,0.30836552,43.99650663599135,11.375155411193276,0.0048850244,0.7612825,8763.957,-0.89127064,4,1,false,false,-40.003807,5.681218,14.88348,-2.89083,-0.5678196,3
55.76483,0.30854362,43.99649835600594,11.375154289214757,0.0046467287,0.7635018,8725.222,-0.876016,4,1,false,false,-39.79113,5.1406283,15.049772,-2.8997269,-0.5104677,3
55.80457,0.30872205,43.99649007602053,11.37515291784427,0.0034552605,0.7635019,8710.425,-0.8726268,4,1,false,false,-38.947624,4.624112,15.666165,-2.9080024,-0.49372593,3
55.84029,0.30890054,43.996481706015864,11.375151421872912,0.003216967,0.76522815,8732.587,-0.86875254,4,1,false,false,-38.11852,4.4797974,14.589088,-2.9162555,-0.4940336,3
55.880287,0.30907908,43.996473426030455,11.375149925901553,0.0032169665,0.7662145,8767.822,-0.85737205,4,1,false,false,-36.965427,4.910554,13.393317,-2.9244492,-0.47983673,3
55.930756,0.30925792,43.99646514597638,11.375148180347995,0.0025020852,0.76621455,8777.116,-0.8421165,4,1,false,false,-34.86051,5.126739,12.305051,-2.932213,-0.4484978,3
55.990677,0.309437,43.996456865990965,11.3751463103838,0.0025020852,0.76621455,8756.046,-0.83146286,4,1,false,false,-32.014008,5.3722715,10.641386,-2.939353,-0.40793338,3
56.053673,0.30961624,43.99644858600555,11.375144315628502,0.0025020852,0.76621455,8739.183,-0.82783,4,1,false,false,-29.815685,5.4072623,9.564105,-2.945895,-0.37429276,3
56.11937,0.30979574,43.99644030602014,11.375142321063434,0.0020254971,0.76621455,8750.589,-0.83170426,4,1,false,false,-27.891634,4.830102,7.9505687,-2.9517481,-0.3351288,3
56.16911,0.30997565,43.996432026034725,11.375140076916168,0.0020254974,0.76621455,8783.678,-0.8430855,4,1,false,false,-25.35307,3.6559305,7.021091,-2.9573462,-0.3482691,3
56.212673,0.31015557,43.99642374598065,11.37513783295913,0.0020254974,0.76621455,8834.257,-0.85882413,4,1,false,false,-24.784058,3.7933064,7.6630154,-2.9635482,-0.39831194,3
56.266052,0.3103356,43.996415465995234,11.375135464210993,0.0020254974,0.7672009,8881.185,-0.8772275,4,1,false,false,-25.316425,4.5060406,8.693326,-2.9705677,-0.44179165,3
56.32826,0.3105161,43.996407186009826,11.375133095462857,0.0020254974,0.7676942,8892.592,-0.89320886,4,1,false,false,-25.028423,4.8793373,7.3975935,-2.9781933,-0.46978575,3
56.395176,0.3106966,43.99639899597499,11.37513060211385,0.0020254974,0.76917374,8876.627,-0.9050741,4,1,false,false,-25.425753,5.070852,9.164855,-2.9861505,-0.48736668,3
56.463024,0.31087726,43.99639071598958,11.375127983973744,0.0020254974,0.7694206,8868.761,-0.91040057,4,1,false,false,-26.318398,5.100971,9.419266,-2.9944868,-0.5128919,3
56.52847,0.31105784,43.99638243600417,11.375125241232768,0.0020254974,0.7694205,8882.296,-0.91209525,4,1,false,false,-27.584385,4.764174,9.806862,-3.0032156,-0.5357647,3
56.58253,0.31123847,43.996374245969335,11.375122498491791,0.0020254974,0.7694205,8904.725,-0.91379064,4,1,false,false,-28.774437,4.477838,10.921031,-3.0124667,-0.57576865,3
56.638382,0.31141922,43.99636596598393,11.375119631149945,0.0014297627,0.7694205,8922.879,-0.91427565,4,1,false,false,-30.04445,4.4677615,11.806637,-3.022322,-0.6083142,3
56.693745,0.31160003,43.99635777601776,11.375116639017,0.0011914689,0.7694205,8929.977,-0.9116121,4,1,false,false,-29.620947,4.9147353,10.305029,-3.0327322,-0.6333118,3
56.756607,0.31178087,43.99634958598293,11.375113522283183,0.001191469,0.7694205,8930.798,-0.9050742,4,1,false,false,-29.117659,5.187149,10.051,-3.0432186,-0.6200441,3
56.81911,0.31196186,43.99634139601676,11.375110280948498,0.001191469,0.7694205,8931.204,-0.89635545,4,1,false,false,-29.115288,5.2677555,9.800318,-3.0533524,-0.5961339,3
56.882088,0.31214294,43.996333205981934,11.375107039613813,0.001191469,0.7630086,8934.581,-0.89684045,4,1,false,false,-28.78618,4.7284927,9.468896,-3.0629914,-0.5657516,3
56.93127,0.31232405,43.9963250159471,11.375103548887157,0.001191469,0.74944526,8942.067,-0.9159704,4,1,false,false,-28.860855,4.2935348,10.102048,-3.0724325,-0.57292134,3
56.979664,0.31250525,43.996316825980934,11.375100058160502,0.0020254976,0.7284835,8959.627,-0.94115305,4,1,false,false,-29.138823,4.3531585,9.621938,-3.0821087,-0.58683807,3
57.025913,0.3126865,43.99630872596535,11.375096442642747,0.0025020854,0.7011098,8971.054,-0.9663369,4,1,false,false,-29.382338,4.1450033,9.730702,-3.0919366,-0.5926372,3
57.06704,0.31286776,43.996300625949765,11.375092827315223,0.0032169665,0.67965496,8967.683,-0.9888549,4,1,false,false,-30.315184,4.03819,10.986177,-3.1018898,-0.6026686,3
57.10395,0.3130491,43.9962924359836,11.375088962405497,0.0034552598,0.6739828,8965.323,-1.0031425,4,1,false,false,-30.930256,3.7271428,11.049049,-3.1120143,-0.61356467,3
57.13775,0.31323048,43.99628442598726,11.375085097686002,0.0041701416,0.67398274,8974.569,-1.0067744,4,1,false,false,-30.570639,3.7465372,9.720584,-3.1223118,-0.61757857,3
57.169178,0.31341186,43.99627632597168,11.375081108365638,0.0041701416,0.67398274,8987.969,-1.0031421,4,1,false,false,-29.93488,3.468411,9.65692,-3.1325343,-0.6091226,3
57.197754,0.31359327,43.99626831597534,11.375076994254174,0.0046467283,0.67398274,8998.162,-0.9953929,4,1,false,false,-30.305874,3.521756,10.038876,3.1405287,-0.6053497,3
57.225967,0.3137747,43.99626021595976,11.37507275554184,0.004646729,0.67398274,9004.915,-0.98473924,4,1,false,false,-29.957767,3.240612,9.07104,3.130473,-0.60488397,3
57.251022,0.31395617,43.996252295982664,11.375068392038406,0.004646729,0.67398274,9015.6875,-0.9706944,4,1,false,false,-28.536547,3.4173124,8.269297,3.1203148,-0.6102787,3
57.279716,0.31413764,43.99624428598633,11.375064028725202,0.004646729,0.67398274,9033.144,-0.95083874,4,1,false,false,-28.538265,3.3650322,8.682978,3.1102521,-0.59826404,3
57.30473,0.3143192,43.996236365940575,11.375059540620898,0.004646729,0.6781752,9049.512,-0.92396057,4,1,false,false,-29.245438,3.3524277,9.513036,3.1003177,-0.5953259,3
57.328766,0.31450078,43.99622835594423,11.375054927725493,0.0044084345,0.69075215,9064.982,-0.8903034,4,1,false,false,-29.61381,3.3061872,9.324861,3.090373,-0.60051787,3
57.3538,0.31468236,43.996220525986395,11.37505019041945,0.0041701407,0.706535,9083.294,-0.85446596,4,1,false,false,-27.73394,3.5980525,7.407784,3.080355,-0.59669054,3
57.382748,0.314864,43.996212605940634,11.375045452923178,0.0032169668,0.72009856,9105.577,-0.8188709,4,1,false,false,-27.727154,3.4553535,8.697203,3.0705476,-0.5847579,3
57.412598,0.31504574,43.99620477598279,11.375040466034934,0.0020254971,0.72946995,9127.186,-0.77359104,4,1,false,false,-27.849718,3.955998,7.847983,3.0608153,-0.5811344,3
57.44412,0.31522757,43.996196945956285,11.375035603937791,0.0011914687,0.73859435,9145.781,-0.7270999,4,1,false,false,-26.866226,3.594346,7.5409894,3.05116,-0.5813067,3
57.472366,0.31540945,43.99618911599844,11.375030492638908,5.820766e-11,0.7445131,9167.366,-0.66995555,4,1,false,false,-28.676039,4.058622,9.960613,3.0412583,-0.60734427,3
57.50734,0.31559142,43.99618137599118,11.375025381149795,0,0.75141805,9188.361,-0.6108752,4,1,false,false,-30.499102,4.324071,11.319308,3.0309446,-0.6318612,3
57.54297,0.31577358,43.996173635983915,11.375020145059812,0,0.75733674,9194.054,-0.5467101,4,1,false,false,-30.891888,4.6369967,11.277279,3.0202134,-0.6515945,3
57.584587,0.31595582,43.99616589597665,11.37501478417873,0,0.76769423,9187.162,-0.48763067,4,1,false,false,-32.4533,5.183765,12.195904,3.0093067,-0.6542032,3
57.634396,0.31613824,43.99615815596939,11.375009298696776,0,0.784217,9177.301,-0.42443532,4,1,false,false,-29.481632,5.683006,9.273192,2.9985995,-0.61543477,3
57.69153,0.31632093,43.99615050591271,11.375003688613955,0,0.7933416,9169.626,-0.3752832,4,1,false,false,-26.171839,5.539096,6.434799,2.98905,-0.5264499,3
57.752525,0.3165038,43.99614285599336,11.374998078531132,0,0.79901356,9170.003,-0.33412313,4,1,false,false,-22.882072,5.548085,5.0820756,2.98127,-0.40402737,3
57.80126,0.31668687,43.996135295887264,11.37499234384744,0,0.8019729,9182.127,-0.31111988,4,1,false,false,-22.140047,2.7879536,4.7058277,2.9754841,-0.3272781,3
57.796856,0.31687015,43.99612764596791,11.374986608973519,0,0.80764484,9243.822,-0.30434123,4,1,false,false,-24.858236,0.89650273,6.9266725,2.9693604,-0.43279845,3
57.78822,0.31705344,43.996120085999145,11.374980749498727,0,0.81997526,9276.574,-0.31378445,4,1,false,false,-29.42671,3.0873108,9.485104,2.9607496,-0.6008611,3
57.818893,0.31723672,43.996112615980955,11.374974765423065,0,0.8357582,9274.773,-0.32129055,4,1,false,false,-30.368076,3.6998606,12.632159,2.950058,-0.67614424,3
57.848442,0.3174204,43.99610505587486,11.374968781157172,0,0.8522811,9296.752,-0.31596315,4,1,false,false,-23.48295,3.3399913,10.659769,2.9391015,-0.63231546,3
57.877224,0.31760415,43.996097585994,11.374962547689542,0,0.8648582,9302.847,-0.29610875,4,1,false,false,-24.367044,4.0096,10.128212,2.9293244,-0.54884887,3
57.914944,0.31778803,43.9960902059264,11.37495643901301,0,0.889026,9310.739,-0.2694756,4,1,false,false,-27.835823,5.5726247,6.565124,2.920856,-0.46689805,3
57.958675,0.31797233,43.99608273590821,11.374950080754278,0,0.9183725,9301.257,-0.24453717,4,1,false,false,-25.246653,6.5565357,4.994535,2.913661,-0.39438307,3
57.98333,0.31815687,43.99607544592852,11.374943722685776,0,0.9531442,9283.62,-0.21499795,4,1,false,false,-17.44001,2.311874,1.2093501,2.9073176,-0.3852403,3
57.998634,0.31834143,43.99606806586091,11.374937239826176,0,0.98594344,9284.019,-0.1750493,4,1,false,false,-21.382612,1.7863735,7.127828,2.9001803,-0.47515815,3
58.001503,0.31852618,43.99606068593064,11.374930757156806,0,0.9999999,9283.493,-0.1302573,4,1,false,false,-27.233084,1.7992861,10.509784,2.8914006,-0.5774489,3
58.011765,0.318711,43.996053395950945,11.374924274297204,0,1,9367.874,-0.054959834,4,1,false,false,-37.44164,3.8511348,17.369888,2.881326,-0.6205865,3
58.013752,0.31889588,43.996046195921835,11.374917542235863,0,1,9336.963,0.008231662,4,1,false,false,-40.149807,4.059803,19.061195,2.8709314,-0.6208835,3
58.02017,0.31908077,43.99603899589272,11.374910685383423,0,1,9305.782,0.06125438,4,1,false,false,-39.451454,3.9083104,19.374857,2.8609104,-0.5809962,3
58.047955,0.31926563,43.996031885951524,11.374903828530982,0,1,9292.618,0.14357056,4,1,false,false,-33.584038,4.5469756,13.342767,2.851906,-0.50590724,3
58.09717,0.31945068,43.99602477587299,11.374896847077672,0,1,9220.459,0.21329725,4,1,false,false,-30.107037,5.7259307,8.638806,2.8441358,-0.44706553,3
58.168026,0.3196359,43.99601775588238,11.374889616232391,0,1,9210.05,0.2738227,4,1,false,false,-25.743317,6.9216156,5.0465064,2.8374798,-0.35598195,3
58.19043,0.31982127,43.99601073589176,11.37488250998798,0,1,9303.192,0.3052963,0,1,false,false,-19.337362,1.476425,0.8224718,2.8327675,-0.19699453,3
58.169853,0.32000667,43.99600380585172,11.374875279142701,0,1,8784.029,0.29464346,5,1,false,false,-16.927261,1.6684853,-0.7015724,2.8306758,-0.051990453,3
58.19231,0.32019207,43.9959967858611,11.37486792369655,0,1,7738.1665,0.22733934,5,1,false,false,-16.770338,1.7466488,1.6373819,2.8298013,-0.08128622,3
58.220215,0.32037756,43.9959898559584,11.374860568250401,0,1,7739.331,0.13001291,5,1,false,false,-13.895404,0.98592234,6.3212056,2.8276656,-0.18063523,3
58.26113,0.3205632,43.99598292591836,11.37485321280425,0,1,8368.643,0.009200703,5,1,false,false,-19.499245,3.3490953,5.852002,2.823871,-0.27907017,3
58.31658,0.320749,43.995976085966234,11.374845732567001,0,1,8496.479,-0.09055114,5,1,false,false,-28.498783,7.5722294,10.365041,2.818724,-0.33536842,3
58.415592,0.32093504,43.9959691559262,11.374838252519982,0,1,8037.171,-0.17432275,5,1,false,false,-31.525759,12.130912,12.084382,2.8126206,-0.38758144,3
58.538982,0.3211214,43.99596240592466,11.374830647681863,0,1,7778.782,-0.21451484,5,1,false,false,-26.09726,9.082499,12.13987,2.8056862,-0.42538825,3
58.644176,0.32130817,43.99595556597253,11.374822918052644,0,1,7961.136,-0.21959879,5,1,false,false,-22.547459,3.9386265,9.388474,2.7986593,-0.3940176,3
58.722317,0.32149523,43.99594881597099,11.374815188613654,0,1,8096.6587,-0.19296569,5,1,false,false,-22.862495,4.3413453,6.099518,2.7929478,-0.29614887,3
58.795837,0.32168254,43.995942065969444,11.374807209782695,0,1,7951.5913,-0.14890121,5,1,false,false,-25.255684,7.77452,5.8052044,2.788774,-0.2194744,3
58.88262,0.3218701,43.99593540591849,11.374799355552605,0,1,7816.1836,-0.094181985,5,1,false,false,-27.429976,8.450275,8.167681,2.7853744,-0.19010787,3
58.945408,0.32205784,43.99592865591694,11.374791252120776,0,1,7897.5273,-0.03510628,5,1,false,false,-24.031462,4.849785,9.335878,2.7818377,-0.21831769,3
58.98567,0.3222458,43.99592208595389,11.374783273289818,0,1,8042.7656,0.03195856,5,1,false,false,-16.270935,1.1415354,5.4899693,2.7778618,-0.25345728,3
59.03467,0.32243395,43.995915425902936,11.374775045066889,0,1,8071.8174,0.087402,5,1,false,false,-16.76531,3.158865,4.270104,2.7735958,-0.2671783,3
59.109215,0.32262227,43.99590885593989,11.37476694163506,0,1,8015.1807,0.15301284,5,1,false,false,-21.141258,7.218499,5.701967,2.769147,-0.26965335,3
59.195564,0.32281086,43.995902285839506,11.374758588811261,0,1,8000.275,0.2028869,5,1,false,false,-22.210386,8.568842,8.312445,2.7645633,-0.26732722,3
59.278675,0.32299975,43.99589571587646,11.374750360588333,0,1,8041.494,0.25711784,5,1,false,false,-18.023764,5.0917077,9.112301,2.7601223,-0.24786106,3
59.363346,0.3231889,43.99588923586399,11.374741882973433,0,1,8046.6494,0.30408564,5,1,false,false,-16.578897,4.086345,7.5881863,2.756332,-0.20175368,3
59.461628,0.3233784,43.995882755851525,11.374733530149635,0,1,7990.396,0.34887484,5,1,false,false,-19.754288,6.9468093,9.34045,2.7536123,-0.13267645,3
59.562557,0.32356822,43.99587627583905,11.374724927933867,0,1,7940.6445,0.3859151,5,1,false,false,-19.481441,7.373314,10.957265,2.7519429,-0.071017474,3
59.65292,0.3237584,43.995869795826586,11.374716450509199,0,1,7949.628,0.42077747,5,1,false,false,-16.225063,6.2745066,9.859549,2.7511115,-0.018652808,3
59.74373,0.32394886,43.995863405902035,11.374707848293431,0,1,7977.919,0.44571355,5,1,false,false,-13.5494,5.447125,8.737734,2.7514305,0.064669184,3
59.83336,0.32413968,43.99585692588956,11.374699121476793,0,1,7963.288,0.46120775,5,1,false,false,-11.343867,5.838619,7.3474126,2.753216,0.14421289,3
59.93435,0.32433087,43.99585053582768,11.374690394660155,0,1,7929.6772,0.46314436,5,1,false,false,-8.339993,6.1569166,9.477812,2.756313,0.22621667,3
60.03825,0.32452244,43.99584414590312,11.374681667653286,0,1,7916.766,0.44644,5,1,false,false,-4.630899,5.6772647,11.897935,2.760817,0.31675872,3
60.14505,0.32471445,43.99583775584124,11.374672940836648,0,1,7910.7515,0.4108516,5,1,false,false,-1.1389606,6.974066,14.620149,2.7668183,0.3884916,3
60.247314,0.32490695,43.99583127582877,11.374664089419142,0,1,7897.383,0.3713893,5,1,false,false,3.0794764,6.0976152,19.970476,2.7735946,0.4169243,3
60.3429,0.3250999,43.99582488590421,11.374655362412273,0,1,7887.71,0.3224853,5,1,false,false,5.2802362,5.404576,10.106398,2.7804806,0.40243495,3
60.435722,0.3252932,43.99581840589175,11.374646510994765,0,1,7899.637,0.26462337,5,1,false,false,8.261678,6.427157,6.5687103,2.7868328,0.35552076,3
60.533855,0.32548702,43.99581192587928,11.374637784178127,0,1,7925.6455,0.18811865,5,1,false,false,9.691531,3.7366757,10.005999,2.792216,0.28195062,3
60.59608,0.32568118,43.995805445866814,11.37462893257039,0,1,7941.124,0.112823054,5,1,false,false,7.0966487,2.276936,6.0762124,2.7966843,0.25547892,3
60.664993,0.3258757,43.995798875903766,11.374620205753752,0,1,7993.079,0.056412004,5,1,false,false,7.6425967,3.0511315,2.831715,2.8006253,0.22772498,3
60.744198,0.32607055,43.995792305803384,11.374611478937114,0,1,8049.1484,0.014768688,5,1,false,false,9.024808,7.2473917,9.64686,2.8042006,0.19536434,3
60.84046,0.32626575,43.995785735840336,11.374602752120476,0,1,8051.3403,0.004358328,5,1,false,false,8.149011,6.617768,14.299956,2.8070712,0.14359018,3
60.935722,0.32646137,43.99577916587729,11.374594025113607,0,1,8001.191,0.0036317827,5,1,false,false,8.261168,4.518296,10.923148,2.8092153,0.11301882,3
61.050446,0.32665747,43.99577250582633,11.374585298296969,0,1,7966.393,0.0016946448,5,1,false,false,9.889873,6.36429,10.731769,2.8107054,0.06701391,3
61.1535,0.326854,43.99576584591269,11.37457657148033,0,1,7961.2134,0.0019371378,5,1,false,false,8.974365,6.238027,11.329201,2.8114753,0.027655201,3
61.244385,0.3270509,43.995759185861736,11.374567844663693,0,1,7978.153,0.012832483,5,1,false,false,7.4548717,5.069072,10.778506,2.8117495,0.006582078,3
61.330475,0.32724774,43.99575243586019,11.374559117847056,0,1,7996.623,0.03220105,5,1,false,false,5.452562,4.7563677,10.38787,2.8117518,-0.0036262656,3
61.413933,0.32744482,43.99574577580923,11.374550515631288,0,1,8006.92,0.060285345,5,1,false,false,4.2255754,4.7615914,10.276634,2.8117056,0.0040744036,3
61.49254,0.32764217,43.99573902580769,11.37454178881465,0,1,8023.4478,0.090307705,5,1,false,false,3.7862985,4.5070033,9.9403925,2.811958,0.030120755,3
61.57125,0.32783964,43.995732185855566,11.374533061807782,0,1,8052.8096,0.12371792,5,1,false,false,4.022835,4.533803,8.317846,2.8127124,0.062274564,3
61.648624,0.32803732,43.99572543585402,11.374524334991143,0,1,8083.1846,0.14817092,5,1,false,false,4.6988354,4.277681,8.341631,2.8140426,0.09913846,3
61.725403,0.3282353,43.99571868585248,11.374515732775375,0,1,8108.342,0.16439176,5,1,false,false,5.4438877,4.3628707,7.816693,2.816015,0.13732736,3
61.811752,0.32843348,43.99571184590035,11.374507005958737,0,1,8130.0283,0.16875008,5,1,false,false,6.1988134,5.383473,6.7511506,2.8185601,0.16283861,3
61.906445,0.32863197,43.995705005810905,11.374498279142099,0,1,8130.8633,0.16439176,5,1,false,false,7.1129565,5.3543587,8.25266,2.8213184,0.16716869,3
61.99598,0.32883075,43.99569816585878,11.37448955232546,0,1,8115.3677,0.15519151,5,1,false,false,8.600319,5.0478516,11.689899,2.8241618,0.17644943,3
62.08061,0.3290298,43.995691325906655,11.374480950109692,0,1,8120.7246,0.14260247,5,1,false,false,9.49702,4.886055,12.695323,2.8272693,0.19592392,3
62.16622,0.32922912,43.99568439586662,11.374472223293054,0,1,8149.7905,0.12662365,5,1,false,false,9.800089,5.3545084,11.132616,2.830639,0.20018454,3
62.25697,0.32942873,43.99567746582658,11.374463621077286,0,1,8159.0474,0.11112794,5,1,false,false,10.407037,5.3119063,12.662801,2.8338404,0.17978309,3
62.354065,0.32962862,43.995670535786545,11.374455018861518,0,1,8133.065,0.09490666,5,1,false,false,9.440168,5.6478763,8.4433365,2.8365257,0.1392876,3
62.445446,0.32982883,43.995663515795925,11.37444629204488,0,1,8114.7886,0.078685805,5,1,false,false,7.844647,5.0509715,6.004504,2.8385065,0.10084996,3
62.53171,0.3300293,43.99565649580531,11.374437689829112,0,1,8137.703,0.070211634,5,1,false,false,7.052984,4.402606,7.9082327,2.8398836,0.07064972,3
62.59485,0.33023,43.99564947581469,11.374429087613343,0,1,8185.5693,0.07021165,5,1,false,false,5.9505043,3.368786,7.59883,2.841007,0.07215343,3
62.657547,0.33043087,43.995642455824076,11.374420485397575,0,1,8245.463,0.076991156,5,1,false,false,5.6110272,3.6986647,7.926241,2.8423326,0.088606045,3
62.732323,0.33063194,43.995635345882874,11.374411883181807,0,1,8285.198,0.084496744,5,1,false,false,6.0242543,5.0733657,8.254815,2.8439586,0.104454756,3
62.826775,0.33083326,43.995628325892255,11.374403405757139,0,1,8274.741,0.09248638,5,1,false,false,6.33435,5.6089616,8.086502,2.8457453,0.10741334,3
62.92517,0.3310349,43.99562121581373,11.374394803541371,0,1,8232.562,0.098780915,5,1,false,false,6.67921,5.7285266,9.698447,2.8475385,0.10697887,3
63.02167,0.33123684,43.99561410587253,11.374386201325603,0,1,8214.681,0.10386532,5,1,false,false,7.0532355,5.271214,10.291459,2.8493025,0.10446392,3
63.106384,0.33143908,43.99560690584342,11.374377599109835,0,1,8235.166,0.10773866,5,1,false,false,7.3358083,4.6969666,11.197542,2.8510613,0.10735028,3
63.187927,0.33164155,43.99559979576488,11.374368997084296,0,1,8265.57,0.10677101,5,1,false,false,7.502041,4.540515,10.917024,2.8528914,0.1120472,3
63.27037,0.33184424,43.995592595873106,11.374360519469398,0,1,8276.1875,0.10313833,5,1,false,false,6.8643823,4.892262,8.44186,2.8547754,0.11211474,3
63.356674,0.33204725,43.99558539584399,11.37435191725363,0,1,8271.765,0.095875695,5,1,false,false,6.355702,4.9162107,6.897395,2.8565707,0.10346708,3
63.441452,0.3322505,43.9955781058643,11.374343439828962,0,1,8276.115,0.08522235,5,1,false,false,6.0892467,4.690084,8.113887,2.858213,0.09522913,3
63.51649,0.332454,43.99557090583519,11.374334837613194,0,1,8300.634,0.076748684,5,1,false,false,5.7863417,4.011335,7.5077715,2.859741,0.09177644,3
63.58778,0.33265772,43.995563615855495,11.374326359998294,0,1,8340.9,0.073359385,5,1,false,false,5.443593,4.0475526,7.6179624,2.8612845,0.09409428,3
63.666096,0.33286166,43.9955563258758,11.374317757972756,0,1,8370.513,0.07093913,5,1,false,false,5.544396,4.6785665,7.8291984,2.8628623,0.0949308,3
63.752884,0.33306584,43.99554903575878,11.374309280357858,0,1,8368.286,0.069001056,5,1,false,false,5.7602143,5.0073805,9.122194,2.8644285,0.0925562,3
63.841938,0.3332703,43.995541745779086,11.37430067814209,0,1,8350.68,0.06706486,5,1,false,false,5.728527,5.163202,10.652574,2.8659484,0.08938749,3
63.930473,0.33347508,43.99553436584881,11.374292200717422,0,1,8347.143,0.06803295,5,1,false,false,5.838574,4.923239,8.434224,2.867402,0.08498466,3
64.015366,0.33368012,43.995526985781204,11.374283723102524,0,1,8363.984,0.068517,5,1,false,false,5.439174,4.74748,9.162332,2.868778,0.07909941,3
64.09901,0.3338854,43.99551960585093,11.374275245677856,0,1,8378.406,0.06730639,5,1,false,false,5.4986534,4.621098,10.097728,2.8700435,0.074285984,3
64.180435,0.33409095,43.99551222578332,11.374266643462088,0,1,8382.156,0.06512773,5,1,false,false,5.111441,4.5513597,6.5574827,2.871269,0.07328231,3
64.259674,0.33429676,43.99550484585305,11.37425816603742,0,1,8392.245,0.061254382,5,1,false,false,4.614633,4.420595,6.815836,2.8724594,0.070189424,3
64.339966,0.33450282,43.995497375834866,11.37424968842252,0,1,8414.017,0.057380103,5,1,false,false,4.39503,4.4074497,8.838487,2.8735707,0.06489805,3
64.411606,0.3347091,43.995489905816676,11.374241210997852,0,1,8434.518,0.055201408,5,1,false,false,4.9250445,3.8956273,10.981266,2.8746707,0.07187477,3
64.48801,0.3349156,43.995482435798486,11.374232733382954,0,1,8458.23,0.053022712,5,1,false,false,4.966268,4.463032,9.4121685,2.8759794,0.08254825,3
64.572,0.3351224,43.9954749657803,11.374224255958286,0,1,8471.125,0.049389992,5,1,false,false,4.8035326,5.059298,9.704858,2.8773892,0.081781425,3
64.66643,0.33532947,43.995467495762114,11.374215778343387,0,1,8455.427,0.04672725,5,1,false,false,5.1583233,5.4288907,12.031017,2.8786633,0.069489956,3
64.75605,0.33553687,43.99545993579335,11.37420730091872,0,1,8427.475,0.043580458,5,1,false,false,4.9012365,4.946046,11.53323,2.8797443,0.060054094,3
64.840515,0.3357445,43.99545246577516,11.37419869870295,0,1,8430.448,0.03922213,5,1,false,false,4.3506403,4.580271,9.756671,2.8806813,0.05216803,3
64.918365,0.33595243,43.995444905806394,11.374190221088051,0,1,8462.341,0.037043434,5,1,false,false,3.8172584,4.271105,10.973723,2.8814857,0.04473119,3
64.99481,0.3361606,43.99543734583762,11.374181743663383,0,1,8488.541,0.0348638,5,1,false,false,3.412269,4.2918005,8.654587,2.8821886,0.0407659,3
65.071556,0.33636904,43.99542969578094,11.374173266048485,0,1,8494.675,0.033169158,5,1,false,false,2.9118824,4.339429,6.434744,2.8828347,0.037920725,3
65.15105,0.33657777,43.99542213581218,11.374164788623817,0,1,8500.286,0.03244261,5,1,false,false,2.4533393,4.556059,7.8021107,2.8834403,0.03575655,3
65.22801,0.33678678,43.9954144857555,11.37415631100892,0,1,8515.8545,0.030747969,5,1,false,false,2.2961516,3.9908626,7.48075,2.8839927,0.033453926,3
65.299675,0.336996,43.995406925786725,11.37414783358425,0,1,8541.927,0.031232016,5,1,false,false,2.3472996,3.956678,7.4342146,2.8845587,0.03610248,3
65.374,0.3372055,43.995399275730044,11.374139355969351,0,1,8569.613,0.029779868,5,1,false,false,2.454325,4.275086,9.024732,2.885187,0.039387222,3
65.454994,0.33741525,43.9953916258107,11.374130878544683,0,1,8579.814,0.028811768,5,1,false,false,2.3182452,4.7274823,8.970769,2.8858461,0.038800623,3
65.53975,0.33762527,43.99538397575402,11.374122401120015,0,1,8569.088,0.027601173,5,1,false,false,2.296996,4.7296066,8.1726055,2.8864775,0.036886714,3
65.62478,0.33783555,43.995376235746754,11.374113798809132,0,1,8561.401,0.023969393,5,1,false,false,2.5016294,4.752757,11.11429,2.8870823,0.035959247,3
65.70524,0.3380461,43.9953685858274,11.374105321289349,0,1,8571.799,0.020580104,5,1,false,false,2.1427777,4.357735,11.466208,2.887668,0.03368423,3
65.78108,0.3382569,43.995360845820144,11.374096843769566,0,1,8592.331,0.01840047,5,1,false,false,2.1325097,4.2905393,10.740989,2.8882122,0.03105909,3
65.860985,0.338468,43.995353195763464,11.374088366344896,0,1,8606.699,0.015737727,5,1,false,false,2.0450287,4.588693,9.207884,2.8887205,0.028435845,3
65.94419,0.3386793,43.9953454557562,11.374079764129128,0,1,8603.429,0.012105007,5,1,false,false,1.7241836,4.7079134,7.791715,2.8891602,0.02383311,3
66.02692,0.3388909,43.99533771574894,11.374071286609345,0,1,8595.938,0.0089572705,5,1,false,false,1.6539708,4.387302,7.114161,2.889494,0.018174607,3
66.09999,0.33910275,43.995329885791094,11.374062809089562,0,1,8609.077,0.0077476134,5,1,false,false,1.361236,3.7403572,6.3506784,2.8897364,0.013593867,3
66.16682,0.33931482,43.99532214578383,11.374054206873794,0,1,8650.2705,0.0075060595,5,1,false,false,1.1110587,3.5818858,7.332808,2.8899179,0.010548743,3
66.234276,0.33952707,43.99531440577657,11.37404572935401,0,1,8689.625,0.010653792,5,1,false,false,1.3493692,3.7344847,9.467927,2.890083,0.011075424,3
66.3092,0.33973956,43.995306575818724,11.374037127233358,0,1,8702.784,0.012832481,5,1,false,false,1.0731667,4.432163,9.467072,2.8903058,0.014139124,3
66.39261,0.33995232,43.99529883581146,11.37402852501759,0,1,8691.518,0.016221773,5,1,false,false,1.0233157,4.858901,9.084422,2.8905504,0.014010031,3
66.481575,0.34016535,43.99529100571629,11.374020047497806,0,1,8674.004,0.02082166,5,1,false,false,1.1171858,4.85416,11.238741,2.890807,0.01631352,3
66.56472,0.34037867,43.995283175758445,11.374011445282038,0,1,8668.116,0.021064151,5,1,false,false,1.1427236,4.484209,10.380321,2.8911111,0.019810935,3
66.641685,0.34059224,43.9952753458006,11.374002843161385,0,1,8682.112,0.02106415,5,1,false,false,1.2321963,4.1283293,9.150236,2.8914645,0.02244959,3
66.718575,0.34080604,43.99526751570543,11.373994240945617,0,1,8703.47,0.017673926,5,1,false,false,1.0457352,4.276433,6.4852924,2.8918378,0.02209912,3
66.79316,0.3410201,43.995259685747584,11.373985763425832,0,1,8714.812,0.010410357,5,1,false,false,0.8584248,3.9949694,5.73685,2.8921652,0.019207416,3
66.86582,0.3412344,43.99525176570183,11.373977161210064,0,1,8724.16,0.00024155737,5,1,false,false,0.6405181,3.707948,6.99036,2.892431,0.015276315,3
66.92778,0.3414489,43.995243935743986,11.37396855908941,0,1,8751.249,-0.01065379,5,1,false,false,0.4047845,3.329801,7.4634724,2.8926413,0.012191103,3
66.99393,0.34166357,43.99523601569823,11.373959956873643,0,1,8798.018,-0.021547265,5,1,false,false,0.034035534,3.7988987,7.510805,2.8927898,0.004858446,3
67.0718,0.34187847,43.99522818574039,11.373951230057004,0,1,8820.504,-0.032201055,5,1,false,false,-0.16054979,4.5422935,10.025472,2.8927948,-0.0055542514,3
67.15854,0.34209368,43.99522026569463,11.373942627841236,0,1,8794.979,-0.04236985,5,1,false,false,-0.5050396,5.055957,10.26088,2.89262,-0.01712247,3
67.24759,0.34230915,43.99521234578621,11.373934025625468,0,1,8758.43,-0.051328078,5,1,false,false,-1.0835253,4.8051634,9.454325,2.8922386,-0.029855238,3
67.33379,0.34252492,43.99520442574045,11.373925423504815,0,1,8754.761,-0.059802216,5,1,false,false,-1.6992464,4.7276187,10.459243,2.891644,-0.04143041,3
67.40954,0.34274092,43.99519650569469,11.373916696593062,0,1,8777.399,-0.06754983,5,1,false,false,-2.2429035,3.96269,11.005885,2.8908725,-0.05037182,3
67.481155,0.34295717,43.995188585786266,11.373907969776425,0,1,8799.948,-0.074570924,5,1,false,false,-2.9117615,3.7482946,8.541422,2.8899546,-0.059115123,3
67.5518,0.34317368,43.99518066574051,11.373899367560657,0,1,8813.252,-0.07868676,5,1,false,false,-3.1336281,4.108643,8.673241,2.8888996,-0.06631508,3
67.62686,0.3433904,43.99517274569476,11.373890640744019,0,1,8822.343,-0.08159198,5,1,false,false,-3.5344503,4.083475,7.931526,2.8877406,-0.0714927,3
67.700745,0.34360737,43.99516482578633,11.373881913832266,0,1,8831.531,-0.08110793,5,1,false,false,-4.0315304,3.9231927,8.081853,2.8865001,-0.07622422,3
67.77157,0.34382457,43.99515681578999,11.373873062319642,0,1,8846.993,-0.07941331,5,1,false,false,-4.116558,3.8764696,9.222604,2.8851876,-0.079939105,3
67.84357,0.34404197,43.99514889574424,11.373864335503004,0,1,8866.603,-0.07771866,5,1,false,false,-4.6041174,3.9061356,9.703388,2.8838344,-0.08253189,3
67.919426,0.34425962,43.99514097569848,11.373855608591251,0,1,8878.372,-0.07360186,5,1,false,false,-4.9144797,4.3892145,9.705867,2.8824391,-0.08489577,3
67.99814,0.34447753,43.995133055790056,11.37384675707863,0,1,8874.701,-0.06779234,5,1,false,false,-4.8088994,4.4368877,9.669747,2.8810568,-0.08007444,3
68.078026,0.34469572,43.99512504579372,11.373837905566006,0,1,8865.944,-0.06367558,5,1,false,false,-4.865384,4.2729225,11.039031,2.8797915,-0.07179233,3
68.15165,0.34491414,43.99511712574797,11.373829054053383,0,1,8871.086,-0.058349147,5,1,false,false,-4.774184,3.9140341,11.688725,2.878629,-0.06813246,3
68.221756,0.3451328,43.99510920570221,11.373820077844776,0,1,8894.337,-0.052780222,5,1,false,false,-4.5609555,3.7669399,9.872218,2.8775203,-0.065197006,3
68.29453,0.34535167,43.99510119570587,11.373811226332153,0,1,8916.43,-0.04600071,5,1,false,false,-4.3671784,4.112171,10.486878,2.8764837,-0.058559816,3
68.36868,0.3455708,43.99509327566012,11.373802250123545,0,1,8918.573,-0.038738087,5,1,false,false,-3.8642347,4.0972576,9.782645,2.8755836,-0.04928456,3
68.44256,0.34579018,43.99508526566378,11.373793398610921,0,1,8914.913,-0.030264845,5,1,false,false,-3.5652866,3.9312038,9.939031,2.874827,-0.04110817,3
68.51483,0.34600976,43.995077345755355,11.373784422402315,0,1,8926.832,-0.023000356,5,1,false,false,-3.0413585,3.941167,9.931818,2.8742125,-0.032614373,3
68.584946,0.34622958,43.995069425709595,11.373775446193706,0,1,8950.48,-0.018400464,5,1,false,false,-2.8643653,3.8391736,8.714992,2.873735,-0.025294147,3
68.655464,0.34644964,43.99506141571326,11.37376634538423,0,1,8966.181,-0.011379395,5,1,false,false,-2.3019965,3.9533062,10.327947,2.8733573,-0.019275963,3
68.72869,0.34666994,43.995053405716924,11.373757369175621,0,1,8968.86,-0.006537021,5,1,false,false,-1.6494187,4.0215044,10.60157,2.8731127,-0.010186051,3
68.8003,0.34689048,43.99504548567117,11.373748392967014,0,1,8971.633,-0.002905238,5,1,false,false,-1.7302911,3.8888633,11.956312,2.8729846,-0.00661087,3
68.87221,0.34711123,43.99503747567483,11.373739292157536,0,1,8982.256,0.006537021,5,1,false,false,-1.0874,3.7837496,11.123261,2.8729,-0.0033835394,3
68.94292,0.34733224,43.99502946581582,11.373730191252944,0,1,8996.606,0.012832484,5,1,false,false,-0.58529425,3.9371858,10.78536,2.8729386,0.006454557,3
69.01663,0.3475535,43.995021455682156,11.373721215044336,0,1,9003.617,0.018642025,5,1,false,false,-0.26619184,4.154778,10.470299,2.8731244,0.014797215,3
69.09006,0.34777495,43.99501344582315,11.37371211423486,0,1,9001.395,0.025664037,5,1,false,false,0.2036751,4.0476127,9.996766,2.8734298,0.021511104,3
69.16138,0.34799668,43.99500543568948,11.373703013330266,0,1,9004.74,0.029053317,5,1,false,false,0.527169,3.769734,9.782792,2.8738377,0.02779475,3
69.22933,0.3482186,43.99499742583047,11.373693912520789,0,1,9020.814,0.028569272,5,1,false,false,0.9557196,3.5767097,8.355954,2.874337,0.03320492,3
69.29416,0.34844074,43.99498941569681,11.373684811616195,0,1,9044.624,0.026389642,5,1,false,false,1.2472554,3.5569513,9.484745,2.874911,0.035972703,3
69.36053,0.34866306,43.99498131574989,11.373675710711604,0,1,9062.948,0.022516306,5,1,false,false,1.2832958,3.4933887,9.019707,2.8755121,0.035994288,3
69.42627,0.34888563,43.99497330561622,11.373666609902127,0,1,9072.161,0.016947385,5,1,false,false,1.3475664,3.769845,11.480463,2.8761113,0.03492343,3
69.49872,0.3491084,43.9949652056693,11.373657508997534,0,1,9076.464,0.012589992,5,1,false,false,1.4782184,4.061589,8.144441,2.876676,0.03143598,3
69.57251,0.34933144,43.994957195810294,11.373648408188057,0,1,9075.289,0.006537022,5,1,false,false,1.1820889,3.9415102,7.5558414,2.8771608,0.026134191,3
69.6456,0.34955466,43.994949095588716,11.373639307283463,0,1,9072.884,0.0021786937,5,1,false,false,1.1941574,3.8013675,9.171163,2.877511,0.019114053,3
69.70625,0.34977812,43.9949409956418,11.373630081778002,0,1,9085.189,-0.0021786948,5,1,false,false,0.71510553,3.0667152,6.307225,2.877788,0.017067414,3
69.76569,0.35000175,43.99493289569487,11.373620980873408,0,1,9124.073,-0.007262629,5,1,false,false,0.70986193,3.114719,6.9668117,2.8780408,0.015860295,3
69.82581,0.35022557,43.994924795747956,11.373611880063931,0,1,9159.839,-0.01186345,5,1,false,false,0.5852949,3.2641103,6.656492,2.8782938,0.015730662,3
69.88957,0.3504496,43.99491660571312,11.37360265455847,0,1,9169.854,-0.017916419,5,1,false,false,0.50348794,3.4616008,6.421299,2.8785312,0.013341535,3
69.96023,0.3506738,43.994908505766205,11.373593553653876,0,1,9165.317,-0.022516295,5,1,false,false,0.7328114,4.0405173,8.48909,2.878734,0.011214381,3
70.03311,0.35089824,43.99490040581929,11.373584452749284,0,1,9161.52,-0.027842732,5,1,false,false,0.29547846,3.886698,8.219731,2.8788824,0.005699781,3
70.10578,0.3511229,43.99489221578445,11.37357522724382,0,1,9161.461,-0.029779864,5,1,false,false,0.21781093,3.8914514,9.709591,2.8789089,-0.0019615071,3
70.17687,0.3513478,43.99488402574963,11.373566001738359,0,1,9163.498,-0.031232014,5,1,false,false,0.10617426,3.7772717,9.760146,2.878829,-0.006994398,3
70.244286,0.35157293,43.9948759258027,11.373556900833767,0,1,9167.952,-0.030747967,5,1,false,false,-0.040892944,3.5261362,10.03367,2.878678,-0.01078466,3
70.31029,0.35179827,43.994867735767876,11.373547675328304,0,1,9176.616,-0.029779868,5,1,false,false,-0.058628038,3.5716553,9.932606,2.878482,-0.012469007,3
70.376144,0.3520238,43.99485954573304,11.373538449822842,0,1,9187.197,-0.028085224,5,1,false,false,-0.35107732,3.564595,8.51339,2.878251,-0.0152649,3
70.442505,0.3522496,43.994851355698216,11.373529224222265,0,1,9194.386,-0.024937492,5,1,false,false,-0.3682979,3.4552422,8.882131,2.8779812,-0.01609816,3
70.5073,0.35247552,43.99484316566338,11.373519998716803,0,1,9199.486,-0.021547267,5,1,false,false,-0.35460955,3.2706401,8.8919115,2.8777342,-0.012478686,3
70.57012,0.3527017,43.99483497562855,11.37351077321134,0,1,9211.116,-0.017432364,5,1,false,false,-0.50187534,3.2915297,8.203855,2.8775516,-0.0093313595,3
70.63068,0.35292807,43.99482678559372,11.373501547705878,0,1,9229.959,-0.012832483,5,1,false,false,-0.43963253,3.1773205,8.863433,2.877431,-0.0046534734,3
70.68957,0.3531546,43.99481850574564,11.373492322105301,0,1,9248.119,-0.009200701,5,1,false,false,0.26857907,3.369216,8.8390465,2.8774061,0.0029065053,3
70.75653,0.35338134,43.99481031571081,11.373483096599838,0,1,9261.269,-0.0055679837,5,1,false,false,0.11548646,3.7955897,7.730385,2.8775024,0.006175434,3
70.82612,0.3536083,43.994802125675974,11.37347374639839,0,1,9250.961,-0.0021786941,5,1,false,false,0.2395542,3.811627,9.409676,2.87761,0.006695762,3
70.89758,0.3538355,43.99479384555323,11.373464520892929,0,1,9233.103,0.0016946448,5,1,false,false,0.5186236,3.7653959,10.275951,2.8777368,0.009031707,3
70.96483,0.35406289,43.99478556570515,11.373455295387467,0,1,9235.095,0.0043583266,5,1,false,false,0.20097321,3.4295795,8.347247,2.8779023,0.0105769625,3
71.02848,0.35429052,43.994777375670324,11.373445945186019,0,1,9254.359,0.006295465,5,1,false,false,0.42696664,3.2939303,10.220393,2.8780746,0.011024334,3
71.08793,0.35451832,43.99476909554758,11.373436719585442,0,1,9271.807,0.004358325,5,1,false,false,0.86426365,3.2147403,9.689871,2.8783085,0.016935928,3
71.14782,0.3547463,43.99476081569949,11.373427369383995,0,1,9281.843,-0.00096903695,5,1,false,false,0.46622962,2.8493948,7.6669397,2.878596,0.015783649,3
71.212524,0.3549745,43.99475253557675,11.373418019182548,0,1,9288.239,-0.005083934,5,1,false,false,0.6276535,3.5872276,9.505285,2.878808,0.01019569,3
71.277275,0.35520294,43.99474425572867,11.373408793677084,0,1,9288.399,-0.010410359,5,1,false,false,0.7331321,3.5697026,10.292955,2.8789577,0.008104107,3
71.33981,0.35543153,43.99473597560593,11.373399443475638,0,1,9290.39,-0.016221773,5,1,false,false,0.5238987,3.2688937,10.3037615,2.879074,0.005592389,3
71.40056,0.35566035,43.99472760566994,11.37339009327419,0,1,9300.363,-0.01815797,5,1,false,false,0.21520172,3.0566864,8.620252,2.8791082,-0.0018719992,3
71.46244,0.35588935,43.994719325547194,11.373380743072744,0,1,9311.654,-0.016221777,5,1,false,false,0.22772568,3.0728805,9.344814,2.8790288,-0.006944514,3
71.52198,0.35611853,43.994711045699106,11.373371392871297,0,1,9311.423,-0.013315599,5,1,false,false,0.103532255,3.1389072,10.877579,2.878901,-0.0071789036,3
71.582214,0.35634792,43.994702675763115,11.37336204266985,0,1,9309.696,-0.00895821,5,1,false,false,-0.20066023,3.2905092,8.996898,2.8787773,-0.0076552564,3
71.638954,0.35657752,43.99469439564037,11.373352692468403,0,1,9302.775,-0.0024211877,5,1,false,false,0.06145426,2.9367828,8.833545,2.878659,-0.0054653334,3
71.68978,0.3568074,43.994686025704375,11.373343342266955,0,1,9286.406,0.0012105941,5,1,false,false,0.18065277,2.0175376,7.1686063,2.878596,-0.001868638,3
71.733345,0.35703748,43.994677655768385,11.373333992065508,0,1,9304.797,0.002178695,5,1,false,false,0.3505358,2.1795464,11.512438,2.8786073,0.0036746508,3
71.769966,0.35726762,43.99466928555773,11.37332464186406,0,1,9258.449,-0.008474159,5,1,false,false,0.10208491,1.5469,11.169959,2.8787208,0.008857075,3
71.7983,0.3574978,43.994660915621736,11.373315291662614,0,1,9273.867,-0.027842728,5,1,false,false,-0.43689775,1.3070003,10.627001,2.8788245,0.00055656006,3
71.82052,0.35772806,43.994652635498994,11.373305941461167,0,1,9273.001,-0.051570557,5,1,false,false,-0.99001455,0.5564079,8.746578,2.8787205,-0.015136192,3
71.839096,0.3579581,43.994644265563,11.373296466611292,0,1,9300.011,-0.0782027,5,1,false,false,-1.7211136,-0.026981592,8.739778,2.8782992,-0.03524621,3
71.85425,0.3581882,43.994635895627,11.373287116409845,0,1,9277.849,-0.10483578,5,1,false,false,-3.6603436,0.52693576,11.713682,2.877483,-0.06351203,3
71.86516,0.35841823,43.99462752569101,11.373277766208398,0,1,9285.464,-0.1302573,5,1,false,false,-5.094704,0.6965126,11.590666,2.8761737,-0.09397255,3
71.871895,0.35864815,43.99461915575501,11.373268291310966,0,1,9261.675,-0.15519577,5,1,false,false,-6.42836,-0.027744204,8.87173,2.8743782,-0.12172252,3
71.87436,0.3588781,43.99461087563227,11.37325881646109,0,1,9292.908,-0.18061726,5,1,false,false,-7.302517,-0.6379287,6.4622083,2.872158,-0.14264752,3
71.874855,0.35910794,43.99460250569628,11.373249466259644,0,1,9261.475,-0.2031345,5,1,false,false,-9.061963,-0.47889256,7.431225,2.869597,-0.16013265,3
71.87371,0.35933772,43.994594225573536,11.373239991362212,0,1,9264.183,-0.22758892,5,1,false,false,-10.808032,-0.15340304,7.0436716,2.8667023,-0.1857916,3
71.86802,0.35956746,43.99458594572545,11.373230391816353,0,1,9267.2705,-0.2556741,5,1,false,false,-12.509325,-0.60423374,8.772596,2.8633184,-0.21932758,3
71.8536,0.35979712,43.994577665602705,11.373220916966478,0,1,9259.638,-0.29247686,5,1,false,false,-14.606975,-1.8266495,8.172298,2.8593533,-0.25621164,3
71.831245,0.36002672,43.99456938575462,11.373211317420619,0,1,9278.221,-0.34525993,5,1,false,false,-17.655334,-1.9303637,9.410365,2.8547666,-0.29381907,3
71.81169,0.36025625,43.9945611957198,11.37320171787476,0,0.94623923,9288.327,-0.4016747,5,1,false,false,-20.801563,-1.2429819,11.799288,2.849585,-0.3280263,3
71.79314,0.3604857,43.99455300568496,11.373191993680473,0.0051233177,0.7573366,9266.001,-0.4539746,5,1,false,false,-22.765425,-1.045566,10.562591,2.843822,-0.3619211,3
71.77116,0.36071515,43.99454481565013,11.373182269486186,0.012629574,0.36152902,9288.508,-0.48932528,5,1,false,false,-23.665998,-1.6306171,9.229005,2.83755,-0.38983622,3
71.74454,0.3609445,43.99453671570321,11.373172545244342,0.021684736,0.09001234,9112.802,-0.50433743,5,1,false,false,-23.65399,-2.5200968,6.8161154,2.8309257,-0.39791328,3
71.68265,0.36117378,43.99452870556955,11.37316269635407,0.02859526,0.015043162,9017.193,-0.49634632,5,1,false,false,-21.933903,-5.3472905,4.9465127,2.8245163,-0.36199278,3
71.58787,0.36140284,43.994520605622625,11.373152847511356,0.038961034,0,8966.63,-0.47092387,5,1,false,false,-21.44329,-6.016612,4.8295894,2.8186688,-0.3394988,3
71.4739,0.3616316,43.99451268557687,11.373142873972657,0.048016198,0,9051.476,-0.43847847,5,1,false,false,-21.116287,-8.642787,6.601809,2.8127356,-0.37664217,3
71.31382,0.36185995,43.99450476553112,11.373133025082387,0.05695223,0,9246.782,-0.41499218,5,1,false,false,-22.815094,-10.316175,9.771072,2.8058226,-0.45070183,3
71.16013,0.36208785,43.994496935573274,11.373122926847703,0.07315621,0,9270.349,-0.40215874,5,1,false,false,-24.32061,-8.516827,8.384569,2.797826,-0.50060797,3
71.03329,0.36231533,43.99448910561543,11.373112953309004,0.080305,0,9216.563,-0.39537925,5,1,false,false,-25.094545,-7.160593,7.498597,2.7895164,-0.49091244,3
70.9155,0.36254257,43.99448136547084,11.37310285507432,0.08459432,0,9164.211,-0.3932006,5,1,false,false,-25.652027,-6.9960895,7.9569016,2.7816234,-0.45378,3
70.79554,0.36276942,43.994473625600904,11.373092756887194,0.08602405,0,9111.211,-0.39998013,5,1,false,false,-26.772308,-7.339101,5.630271,2.7743123,-0.42473376,3
70.66755,0.36299598,43.99446597554422,11.373082534004084,0.083045386,0,9057.411,-0.42298236,5,1,false,false,-27.505445,-7.8839417,7.4723425,2.767268,-0.4173943,3
70.53413,0.36322218,43.99445841557546,11.373072311120973,0.07565828,0,9004.837,-0.46365947,5,1,false,false,-27.918238,-7.732996,7.4452114,2.7602813,-0.42279544,3
70.40377,0.36344796,43.994450945694595,11.373062088190304,0.07005837,0,8951.825,-0.5048224,5,1,false,false,-27.881681,-7.7498426,7.080252,2.7530026,-0.4497347,3
70.269554,0.36367345,43.994443475539086,11.373051740658767,0.0652925,0,8951.166,-0.532667,5,1,false,false,-28.30745,-8.341516,6.9602895,2.7452228,-0.47835734,3
70.12149,0.36389852,43.99443609547148,11.37304139307967,0.064101025,0,9024.112,-0.539688,5,1,false,false,-27.657324,-8.927303,5.0940404,2.7370813,-0.49768433,3
69.97353,0.3641231,43.994428805491786,11.373031045548132,0.06290955,0,9039.131,-0.5353297,5,1,false,false,-29.18966,-8.289824,7.322003,2.7285979,-0.5172132,3
69.83946,0.36434734,43.994421515512094,11.37302057332061,0.06159895,0,8988.984,-0.53557223,5,1,false,false,-30.119757,-7.4057646,7.0203056,2.719793,-0.53678745,3
69.71084,0.36457112,43.99441431562031,11.373010101093085,0.06112237,0,8936.985,-0.5457421,5,1,false,false,-31.87299,-7.2638664,9.1525,2.7107134,-0.5495936,3
69.57949,0.36479455,43.99440720554178,11.372999504217136,0.065769106,0,8903.173,-0.56341773,5,1,false,false,-33.846848,-7.522248,9.872612,2.7014663,-0.5578957,3
69.43901,0.36501753,43.994400185551164,11.372988907293626,0.07518168,0,8913.409,-0.58569336,5,1,false,false,-33.890717,-7.9770145,7.9119096,2.692134,-0.557416,3
69.2955,0.36524007,43.994393255648454,11.372978185721692,0.08828787,0,8917.223,-0.6065171,5,1,false,false,-33.443306,-7.9705334,7.0396967,2.683002,-0.53324497,3
69.1507,0.3654621,43.99438632547109,11.372967464197314,0.10353868,0,8886.554,-0.6220141,5,1,false,false,-34.331352,-8.192786,8.201695,2.6742854,-0.51292497,3
68.99867,0.36568362,43.994379575469544,11.372956742625378,0.11974265,0,8843.287,-0.63412017,5,1,false,false,-34.014523,-8.623259,8.420837,2.6655564,-0.5380805,3
68.83585,0.36590475,43.994372825468005,11.372945896357459,0.12641487,0,8814.856,-0.6428376,5,1,false,false,-34.88795,-9.388142,9.592572,2.6561584,-0.58776337,3
68.66116,0.3661254,43.994366165554375,11.37293492548867,0.13058499,0,8799.573,-0.6447749,5,1,false,false,-36.627728,-9.759141,11.148608,2.6459942,-0.6291304,3
68.48555,0.3663455,43.99435959545399,11.372924079220748,0.131419,0,8782.969,-0.6370264,5,1,false,false,-36.26962,-9.423682,8.805269,2.6352677,-0.6503794,3
68.32176,0.3665649,43.99435311544153,11.37291310832818,0.13118076,0,8757.636,-0.61789745,5,1,false,false,-35.068665,-8.560861,7.850381,2.6245728,-0.62157464,3
68.16534,0.3667838,43.99434672551697,11.372902012763404,0.1279638,0,8726.034,-0.5924739,5,1,false,false,-34.07559,-8.338608,6.8886886,2.6147428,-0.54970205,3
68.01475,0.36700213,43.99434042568033,11.37289091719863,0.12129155,0,8700.594,-0.57310265,5,1,false,false,-31.11556,-8.214463,4.8072915,2.606333,-0.45913526,3
67.86959,0.3672197,43.994334215656934,11.372879821610077,0.11140235,0,8684.423,-0.56390184,5,1,false,false,-27.691805,-7.955957,2.9759903,2.5992033,-0.4039387,3
67.707306,0.36743674,43.99432800563354,11.372868601373096,0.096151546,0,8664.958,-0.5619646,5,1,false,false,-28.828142,-10.043501,4.779399,2.592399,-0.4341982,3
67.52158,0.36765304,43.99432197551132,11.372857505808321,0.075181685,0,8636.014,-0.566322,5,1,false,false,-30.21847,-10.269208,7.1106653,2.5842032,-0.54429704,3
67.34874,0.36786866,43.99431594566375,11.37284628557134,0.059930883,0,8616.634,-0.5815778,5,1,false,false,-32.61432,-9.026392,7.6908083,2.5744407,-0.6133586,3
67.18855,0.36808375,43.99431000562943,11.37283506533436,0.047301315,0,8613.205,-0.58981025,5,1,false,false,-35.59605,-8.185248,9.905437,2.564006,-0.62919426,3
67.03841,0.36829817,43.994304155683025,11.372823720425172,0.035982355,0,8612.28,-0.57988214,5,1,false,false,-36.215324,-7.5373425,8.81023,2.5535038,-0.6286095,3
66.89421,0.36851212,43.99429830546196,11.372812375492208,0.02740379,0,8598.772,-0.5542162,5,1,false,false,-37.491436,-7.136912,10.098842,2.5429928,-0.6284338,3
66.758644,0.36872563,43.99429263569138,11.372800905910815,0.022161322,0,8575.734,-0.525161,5,1,false,false,-37.417206,-6.4557304,9.637809,2.5327568,-0.59219605,3
66.63373,0.3689386,43.99428705545939,11.372789561001627,0.02049327,0,8557.14,-0.50627464,5,1,false,false,-35.091774,-6.019786,7.377239,2.523357,-0.5290168,3
66.51231,0.3691512,43.99428156558997,11.372777966771807,0.02073156,0.007644883,8545.771,-0.49755782,5,1,false,false,-34.693596,-5.97748,8.594196,2.5149941,-0.47633538,3
66.39313,0.36936346,43.994276165533805,11.372766497190414,0.023710234,0.013316894,8534.774,-0.5004631,5,1,false,false,-33.593353,-5.8774133,7.1161485,2.5073156,-0.44565213,3
66.275795,0.3695753,43.99427076547764,11.372754902936816,0.027880376,0.014796546,8518.464,-0.5222548,5,1,false,false,-32.52096,-6.133091,6.084289,2.4997752,-0.4626268,3
66.15684,0.36978674,43.994265455509385,11.372743308683216,0.035267487,0.014796548,8497.939,-0.56147975,5,1,false,false,-32.88975,-6.0201917,6.3896456,2.4919713,-0.46566018,3
66.03487,0.36999786,43.9942603254423,11.37273158975741,0.041939706,0.011837238,8478.77,-0.6111178,5,1,false,false,-33.930443,-6.4840016,7.0030127,2.4842,-0.4688072,3
65.90571,0.3702086,43.99425519564986,11.372719995503811,0.048850223,0.0039457437,8461.845,-0.6692302,5,1,false,false,-34.982445,-6.845109,8.329407,2.47626,-0.48644832,3
65.769516,0.37041897,43.994250155670684,11.372708276589895,0.05468844,0,8447.799,-0.72322655,5,1,false,false,-35.67786,-7.1229057,11.608877,2.4677937,-0.52879745,3
65.62549,0.37062895,43.99424520550476,11.372696433003775,0.058858573,0,8432.205,-0.76826394,5,1,false,false,-38.95797,-7.5879993,11.440261,2.458503,-0.5864059,3
65.478325,0.37083852,43.994240345426746,11.372684714089859,0.062075548,0,8415.495,-0.7881193,5,1,false,false,-40.639313,-7.7145743,11.551899,2.448308,-0.6275933,3
65.3383,0.3710477,43.99423557543664,11.372672870503736,0.06338616,0,8396.213,-0.7835183,5,1,false,false,-37.562492,-6.933486,10.113498,2.438288,-0.57769233,3
65.2093,0.3712566,43.99423089553445,11.372660902245409,0.064101055,0,8372.216,-0.7600312,5,1,false,false,-30.873114,-6.113886,7.3591447,2.429439,-0.48708218,3
65.088776,0.37146512,43.99422630544551,11.372649058659286,0.06410103,0,8343.534,-0.73097503,5,1,false,false,-30.345028,-5.8140717,5.395606,2.4224157,-0.3457415,3
64.97464,0.37167335,43.99422180544448,11.372637090400959,0.06410103,0.0056720106,8316.547,-0.7157194,5,1,false,false,-24.863407,-5.8381767,4.977329,2.4175992,-0.24683493,3
64.8538,0.37188134,43.994217395531365,11.372625122142631,0.06410103,0.017016033,8299.628,-0.71814173,5,1,false,false,-26.490355,-7.048161,6.1967554,2.4139643,-0.20261206,3
64.70003,0.37208894,43.99421298561825,11.372613153884302,0.063147865,0.025893964,8292.819,-0.7346068,5,1,false,false,-38.553482,-10.083609,13.466211,2.4102304,-0.2684154,3
64.53323,0.3722962,43.994208755606294,11.372601185625975,0.06112236,0.03822441,8297.678,-0.7651161,5,1,false,false,-36.72736,-9.462633,17.795042,2.4044702,-0.45479974,3
64.369125,0.37250307,43.99420452559434,11.37258909269544,0.060884073,0.058199763,8309.264,-0.79296243,5,1,false,false,-36.953995,-8.612196,12.122228,2.394429,-0.71060014,3
64.24034,0.3727095,43.99420047548355,11.372577124437113,0.060169194,0.079408154,8305.802,-0.79223514,5,1,false,false,-29.497305,-5.9481645,9.521009,2.3825743,-0.68201566,3
64.1339,0.37291586,43.99419642564742,11.372565031512524,0.058858573,0.1112207,8316.991,-0.77431685,5,1,false,false,-25.913076,-5.526531,6.8642917,2.3723147,-0.49306196,3
64.03893,0.37312192,43.99419246562454,11.372552938584962,0.057905406,0.1676942,8362.233,-0.76196826,5,1,false,false,-18.039701,-4.475754,6.7930202,2.3670313,-0.16876711,3
63.95719,0.37332776,43.99418850560166,11.372540845658886,0.05599904,0.22860664,8460.966,-0.77722293,5,1,false,false,-22.654442,-5.5282226,-0.1802825,2.3654876,-0.02688001,3
63.879257,0.37353358,43.9941846356667,11.372528752732068,0.053973556,0.29050556,8364.918,-0.798289,5,1,false,false,-21.653526,-4.3758645,3.224756,2.3648894,-0.06779432,3
63.810993,0.37373918,43.99418085554498,11.372516535135643,0.050756574,0.37977803,8234.016,-0.8183869,5,1,false,false,-13.999752,-5.4330235,-0.69100213,2.3628767,-0.19335517,3
63.727417,0.3739446,43.99417707542327,11.372504442208454,0.048254505,0.45154124,8301.396,-0.839453,5,1,false,false,-20.902643,-4.4868073,9.574079,2.3583198,-0.34541896,3
63.65613,0.37414995,43.994173385664126,11.372492349280892,0.04634814,0.51146734,8437.743,-0.8832806,5,1,false,false,-32.97042,-2.901551,10.872286,2.351279,-0.45868075,3
63.61385,0.37435514,43.994169785443574,11.372480131684096,0.045871563,0.5504316,8421.354,-0.9239603,5,1,false,false,-27.410686,-2.2347693,13.443115,2.3435755,-0.45696557,3
63.611664,0.3745604,43.99416618549768,11.3724679140873,0.042654585,0.59753406,8304.635,-0.92759323,5,1,false,false,-33.770153,1.0559387,13.20231,2.3361757,-0.41714892,3
63.631165,0.3747658,43.99416267563971,11.372455696490505,0.041939717,0.6298399,8244.504,-0.90676856,5,1,false,false,-35.621094,2.14674,13.715594,2.3300035,-0.31147605,3
63.652863,0.3749713,43.99415925559498,11.37244335422745,0.04086739,0.6599262,8277.212,-0.87892234,5,1,false,false,-22.682516,0.4235183,8.953509,2.3257058,-0.2040903,3
63.668274,0.3751767,43.99415592563816,11.372431011964393,0.040152512,0.6808877,8319.565,-0.8699622,5,1,false,false,-14.549081,-0.2874935,5.591956,2.323493,-0.083200894,3
63.649673,0.37538198,43.99415259540669,11.372418669701336,0.039437633,0.69519114,8314.204,-0.89102894,5,1,false,false,-27.01066,-1.5324003,8.713925,2.3218384,-0.15797131,3
63.599045,0.37558714,43.994149355537786,11.37240632742639,0.03872275,0.70727503,8327.741,-0.9375214,5,1,false,false,-29.559376,-4.8175406,15.498148,2.3171492,-0.42461547,3
63.567684,0.37579185,43.99414620548213,11.372393860491126,0.03800787,0.71442676,8399.532,-0.9653677,5,1,false,false,-32.458717,-2.8917227,15.504632,2.3074903,-0.7154183,3
63.56547,0.37599644,43.994143055426484,11.372381393555864,0.037412122,0.715413,8436.677,-0.9535024,5,1,false,false,-37.51511,2.0268435,13.599712,2.2940516,-0.84604496,3
63.601254,0.37620112,43.994140085546654,11.3723689266206,0.037173837,0.71418,8381.883,-0.9162127,5,1,false,false,-35.909214,3.8392587,14.766346,2.2800846,-0.78562766,3
63.658905,0.3764057,43.994137115666824,11.372356459685337,0.037173834,0.7122073,8288.76,-0.87868047,5,1,false,false,-29.48292,4.026301,10.73533,2.2685008,-0.57194,3
63.713177,0.3766105,43.99413423560025,11.372343868089757,0.037173834,0.71146727,8245.519,-0.86851007,5,1,false,false,-28.640879,2.8384738,11.5422945,2.2611535,-0.33106613,3
63.73972,0.37681532,43.99413144562158,11.372331151810084,0.037173834,0.710481,8278.092,-0.88400704,5,1,false,false,-22.21038,0.2720647,7.97371,2.2567377,-0.23772338,3
63.751472,0.37702,43.99412865564292,11.372318560202615,0.037173834,0.70357585,8356.512,-0.90459,5,1,false,false,-20.954678,0.9506934,1.8860588,2.252828,-0.23176245,3
63.76188,0.37722465,43.99412595547751,11.37230584392294,0.037173834,0.6818743,8387.986,-0.92396057,5,1,false,false,-14.775743,-0.8710347,1.1400976,2.2491796,-0.2356812,3
63.69192,0.3774291,43.994123345400006,11.372293252339249,0.037412126,0.6547471,8393.759,-0.9578607,5,1,false,false,-26.799109,-5.8605595,9.14403,2.2438447,-0.44944257,3
63.643944,0.37763315,43.994120735597164,11.372280536059574,0.03741213,0.6327989,8472.33,-1.0058062,5,1,false,false,-40.64406,-0.72803974,22.960629,2.2334743,-0.77415484,3
63.644497,0.37783718,43.99411821560757,11.372267819779898,0.03741213,0.63255227,8488.056,-1.0518142,5,1,false,false,-37.674038,-1.4490951,25.207323,2.2189898,-0.90388817,3
63.658894,0.3780412,43.99411587551915,11.372254978828018,0.03741213,0.63255244,8371.026,-1.0602894,5,1,false,false,-48.941334,3.964881,23.105906,2.2043397,-0.84257925,3
63.69756,0.3782453,43.99411362551864,11.372242262572122,0.03645896,0.63107264,8279.926,-1.0472138,5,1,false,false,-50.23753,3.6071653,22.641052,2.1915953,-0.65420586,3
63.706394,0.37844953,43.99411146560603,11.37222942162024,0.036458954,0.63107276,8266.841,-1.019609,5,1,false,false,-36.695568,0.17864066,12.503629,2.1824017,-0.460272,3
63.708214,0.37865373,43.99410939550668,11.372216456019931,0.036458954,0.6325526,8347.008,-0.99660456,5,1,false,false,-23.649958,1.3122196,1.5217547,2.1760957,-0.27324355,3
63.73523,0.3788579,43.99410732540733,11.37220361506805,0.03598237,0.63255244,8414.561,-0.9956364,5,1,false,false,-10.951913,1.0005317,-4.0562096,2.1735723,-0.060005236,3
63.746014,0.37906212,43.994105345395894,11.372190649443963,0.035982367,0.6475957,8408.224,-1.0370426,5,1,false,false,-3.6037133,-0.38894385,-9.026221,2.1734154,0.0046803188,3
63.711258,0.37926617,43.994103365659115,11.372177683843654,0.0350292,0.6660914,8437.071,-1.1021812,5,1,false,false,-16.120789,-4.001038,-3.3308232,2.1733205,-0.089217484,3
63.657642,0.37946993,43.99410147546092,11.372164842891774,0.034314316,0.688286,8545.82,-1.174343,5,1,false,false,-23.490108,-1.9700868,15.563947,2.1701248,-0.3201707,3
63.646336,0.3796736,43.9940995855374,11.372151877291465,0.033480275,0.70036995,8613.851,-1.22132,5,1,false,false,-40.597664,-0.73182356,20.241724,2.1619966,-0.6564065,3
63.651066,0.3798773,43.99409778542712,11.372138911667378,0.031812217,0.7141801,8515.809,-1.2031583,5,1,false,false,-45.355896,1.9683762,24.752182,2.1487057,-0.8882289,3
63.70263,0.38008112,43.99409616549267,11.37212594606707,0.030025024,0.7292233,8381.733,-1.1510962,5,1,false,false,-48.20742,5.1620417,23.518053,2.1335769,-0.881106,3
63.777832,0.38028523,43.99409463564613,11.372112855794555,0.029071841,0.7528978,8310.182,-1.094917,5,1,false,false,-43.63252,4.4883823,19.892778,2.1202555,-0.6819846,3
63.83165,0.38048965,43.99409319561284,11.372099890170468,0.026093174,0.7844637,8290.381,-1.0513303,5,1,false,false,-33.34318,3.2043839,12.229023,2.1111152,-0.42140386,3
63.879337,0.38069424,43.994091755579554,11.372086799897954,0.023710232,0.80838466,8314.438,-1.0409169,5,1,false,false,-24.745481,2.4639664,7.942386,2.105796,-0.2442395,3
63.916344,0.38089904,43.99409049544743,11.372073584929455,0.021446448,0.8192355,8351.913,-1.0428555,5,1,false,false,-20.834782,0.93042874,3.7559872,2.1024468,-0.19240189,3
63.91101,0.3811039,43.99408923558996,11.37206049465694,0.019182649,0.82022184,8389.936,-1.0440646,5,1,false,false,-21.127956,-1.595988,5.5827394,2.0985155,-0.3132391,3
63.885345,0.38130867,43.99408806554575,11.372047404384425,0.017991181,0.82022196,8469.831,-1.0467292,5,1,false,false,-21.578556,-1.6381683,3.6899664,2.0917106,-0.50997126,3
63.888382,0.38151348,43.99408689550154,11.372034189415926,0.016799713,0.82022196,8581.755,-1.0430967,5,1,false,false,-21.972046,1.0179003,4.06493,2.0817192,-0.6699143,3
63.935295,0.3817184,43.99408581554524,11.372021099143412,0.015965682,0.8212083,8613.587,-1.0217879,5,1,false,false,-23.500446,3.3454893,5.6685877,2.0699255,-0.71994835,3
63.99797,0.38192344,43.99408482540219,11.372007884174913,0.01501251,0.8212084,8527.503,-0.98570716,5,1,false,false,-27.53336,4.2088847,9.154505,2.0578897,-0.71603024,3
64.063255,0.38212886,43.9940838355338,11.37199466925397,0.014059337,0.8202221,8444.536,-0.9440594,5,1,false,false,-31.395199,4.4264307,11.008309,2.0459685,-0.7029186,3
64.11505,0.3823345,43.99408293547866,11.371981454285471,0.012272134,0.82022196,8442.562,-0.9062845,5,1,false,false,-34.253174,3.3798866,12.615218,2.0345063,-0.6670615,3
64.148895,0.3825403,43.99408221559935,11.371968239316972,0.01203384,0.82022196,8476.472,-0.8651199,5,1,false,false,-36.958946,2.8220088,14.068568,2.023636,-0.633775,3
64.17585,0.38274646,43.99408149544537,11.371954899700045,0.010365783,0.82022196,8483.306,-0.8103969,5,1,false,false,-35.70009,2.3325422,10.452906,2.0132706,-0.61166406,3
64.20108,0.3829527,43.99408086565397,11.371941684779102,0.009889192,0.82022196,8475.257,-0.7498604,5,1,false,false,-34.200176,2.572676,9.428106,2.0030193,-0.61542666,3
64.23145,0.383159,43.99408032540116,11.371928345162177,0.008101988,0.82022196,8489.285,-0.6791575,5,1,false,false,-32.793438,2.6859894,7.713474,1.9927616,-0.6090806,3
64.26195,0.38336557,43.99407987551092,11.371915130193678,0.006910521,0.82022196,8517.172,-0.6113593,5,1,false,false,-30.535395,2.7435415,6.5722384,1.9827248,-0.5887223,3
64.29758,0.3835722,43.99407951543393,11.37190179057675,0.006433934,0.82022196,8535.317,-0.5508269,5,1,false,false,-29.811052,2.9597332,7.3666906,1.9732051,-0.55119705,3
64.3358,0.38377866,43.99407924544486,11.371888450959824,0.0057190517,0.82022196,8537.338,-0.49683148,5,1,false,false,-29.919199,3.038817,7.807624,1.9642756,-0.5208927,3
64.37332,0.3839847,43.994078975455785,11.371875111342897,0.005480757,0.8212083,8538.257,-0.44332093,5,1,false,false,-30.203337,2.8548255,7.7148705,1.9557064,-0.5094279,3
64.40865,0.3841909,43.99407888564253,11.371861771725971,0.005480758,0.8212084,8552.466,-0.3866635,5,1,false,false,-30.976145,2.9789553,9.890308,1.9471637,-0.514211,3
64.444145,0.38439712,43.99407879555462,11.371848432109044,0.005480758,0.8212084,8570.077,-0.3212906,5,1,false,false,-32.07727,3.1905274,10.304738,1.9384707,-0.5253909,3
64.48611,0.38460338,43.99407879555462,11.371835092492116,0.005480758,0.81578314,8572.623,-0.24114703,5,1,false,false,-29.903217,3.7975426,7.227025,1.9297247,-0.5102912,3
64.539665,0.38480976,43.99407888564253,11.371821752827632,0.005480758,0.8078916,8559.595,-0.1576169,5,1,false,false,-28.045944,4.141288,6.357746,1.9217933,-0.43424442,3
64.59654,0.38501623,43.994079065543694,11.371808413210706,0.005480758,0.8076447,8546.478,-0.08207697,5,1,false,false,-28.036383,4.12897,7.239574,1.9152478,-0.34932008,3
64.64066,0.38522282,43.99407924544486,11.371795073593779,0.0046467306,0.80665857,8546.003,-0.017190803,5,1,false,false,-25.90876,2.608737,6.92587,1.9098319,-0.30948508,3
64.67532,0.3854295,43.99407960552185,11.371781609328425,0.004646729,0.80665845,8574.671,0.03050641,5,1,false,false,-26.452002,2.7471967,9.554806,1.9046226,-0.31700742,3
64.71717,0.38563618,43.99407996559883,11.371768269711499,0.004646729,0.8096178,8613,0.06682236,5,1,false,false,-26.330307,3.3008852,9.34381,1.8992625,-0.32091656,3
64.770004,0.385843,43.99408041548907,11.371754805398588,0.004646729,0.81775594,8618.713,0.10531796,5,1,false,false,-26.147936,4.017541,9.155849,1.8940165,-0.301974,3
64.83703,0.38605002,43.99408086565397,11.37174146578166,0.004646729,0.83945745,8592.307,0.15228674,5,1,false,false,-26.4413,4.7603817,11.488625,1.8893638,-0.25133386,3
64.91058,0.38625717,43.99408140563212,11.371728001516306,0.004646729,0.86387163,8563.721,0.2142658,5,1,false,false,-25.518997,5.1612244,10.188387,1.8857033,-0.18168396,3
64.990524,0.38646454,43.994082035423524,11.371714661851822,0.004646729,0.8816276,8549.6875,0.2864122,5,1,false,false,-22.828455,4.871061,10.471151,1.883543,-0.074561484,3
65.07096,0.3866721,43.994082755577494,11.371701197634026,0.004646729,0.89272517,8540.025,0.3580737,5,1,false,false,-19.659605,4.831707,11.359027,1.88328,0.044404216,3
65.153694,0.38687986,43.99408347545681,11.371687733321114,0.004646729,0.9186191,8529.15,0.42997766,5,1,false,false,-13.457477,4.464995,9.0963125,1.8851168,0.17548084,3
65.23597,0.38708788,43.99408428542404,11.371674269008203,0.0041701426,0.9644883,8527.45,0.4863854,5,1,false,false,-6.871908,4.6029615,8.527056,1.8890296,0.29307893,3
65.32125,0.3872961,43.99408509539126,11.371660804695292,0.0041701416,1,8527.54,0.5377097,5,1,false,false,0.16964717,3.9830544,7.131352,1.8948572,0.3979663,3
65.39625,0.38750458,43.99408581554524,11.37164734038238,0.0032169668,1,8533.548,0.57934874,5,1,false,false,7.7559276,3.7373464,7.647621,1.9021657,0.47423136,3
65.46654,0.38771322,43.994086625512466,11.371633751468599,0.0029786732,1,8563.44,0.60646313,5,1,false,false,14.370273,2.884095,8.981469,1.9106293,0.5398324,3
65.52431,0.3879221,43.994087345391776,11.371620287155688,0.0020254967,1,8605.864,0.6234101,5,1,false,false,20.40429,2.7466052,11.107246,1.9203005,0.619943,3
65.58801,0.38813117,43.99408806554575,11.371606698241905,0.0011914687,1,8642.473,0.62534666,5,1,false,false,24.092392,3.487287,10.167898,1.9312371,0.68033093,3
65.659874,0.38834047,43.994088695611815,11.371593233928994,0.00023829368,1,8646.555,0.6045271,5,1,false,false,26.940765,4.234016,10.217339,1.9427614,0.6885396,3
65.73534,0.38855004,43.99408923558996,11.371579645015213,0.00023829381,1,8627.357,0.5720866,5,1,false,false,28.690054,4.416396,10.31603,1.9540839,0.65937006,3
65.80456,0.38875985,43.994089685480205,11.371566056006316,0.00023829381,1,8621.103,0.53117335,5,1,false,false,29.805426,3.8298597,10.514114,1.9648184,0.6272782,3
65.86675,0.3889699,43.9940901356451,11.37155234239655,-2.1827873e-11,1,8647.209,0.49485862,5,1,false,false,30.410133,3.5879052,10.423728,1.9750831,0.6016247,3
65.92352,0.38918012,43.99409049544743,11.371538753387654,0,1,8679.979,0.46580765,5,1,false,false,30.201807,3.3880143,9.47803,1.9849557,0.58237773,3
65.98361,0.38939053,43.9940907654365,11.371525039777888,0,1,8696.781,0.44837672,5,1,false,false,29.518295,3.7175488,7.790091,1.9944743,0.5556863,3
66.044,0.38960114,43.99409094561233,11.371511450864107,0,0.9884093,8700.66,0.4420821,5,1,false,false,29.621017,3.7990985,8.764801,2.0036123,0.53955984,3
66.10485,0.38981193,43.99409103542558,11.37149773725434,0,0.95585704,8709.114,0.44474545,5,1,false,false,29.2908,3.6715345,7.0913534,2.0125358,0.5288275,3
66.16033,0.39002287,43.99409103542558,11.37148402354946,0,0.9198521,8725.407,0.45128193,5,1,false,false,29.265732,3.5735443,8.408647,2.0213747,0.52958584,3
66.21598,0.390234,43.99409103542558,11.371470309939692,0,0.8969174,8743.706,0.4602393,5,1,false,false,30.129004,3.5320804,8.515804,2.0302455,0.5328816,3
66.269455,0.39044523,43.99409094561233,11.371456596329926,0,0.8836004,8754.478,0.47428095,5,1,false,false,29.481583,3.5035737,6.9461246,2.0391817,0.53447586,3
66.324196,0.39065668,43.9940907654365,11.37144288272016,0,0.866831,8759.101,0.49582726,5,1,false,false,29.79581,3.5742347,8.266774,2.0480423,0.5257944,3
66.37712,0.3908682,43.99409049544743,11.371429169110394,0.00023829383,0.83107257,8760.143,0.5222151,5,1,false,false,31.228533,3.3077075,8.550914,2.0567837,0.52345043,3
66.41925,0.3910798,43.9940901356451,11.371415455405513,0.00023829381,0.7691738,8752.65,0.550056,5,1,false,false,31.859573,2.7361047,9.008834,2.0657415,0.5518491,3
66.45495,0.39129153,43.99408977556811,11.371401741795747,0.00023829381,0.72281134,8751.901,0.5781393,5,1,false,false,33.562187,2.6324308,10.203602,2.0753152,0.5915515,3
66.48701,0.3915032,43.99408923558996,11.371387903489996,0.00023829381,0.7154131,8769.652,0.59726334,5,1,false,false,34.528004,2.6026583,9.6370125,2.0854046,0.6079076,3
66.51639,0.39171502,43.994088695611815,11.37137418988023,0.00023829381,0.71467316,8780.453,0.60694724,5,1,false,false,34.80478,2.401359,10.331867,2.0954537,0.59288466,3
66.5429,0.39192674,43.99408797545784,11.371360476270464,0.00023829381,0.7144265,8770.302,0.6064631,5,1,false,false,37.213444,2.360981,12.51131,2.1052837,0.5877219,3
66.56456,0.39213836,43.99408725557853,11.371346762660698,0.00023829381,0.7104809,8758.042,0.60259044,5,1,false,false,37.813347,1.9206331,11.362658,2.1152122,0.605317,3
66.57958,0.39235008,43.994086355523386,11.371333048955817,0.00023829381,0.7094946,8766.309,0.5977484,5,1,false,false,40.088882,1.917045,14.56139,2.125648,0.64356685,3
66.5952,0.39256224,43.994085365654996,11.371319210745181,0.00023829381,0.7094945,8782.871,0.5912117,5,1,false,false,41.14094,2.1249466,13.880569,2.1365929,0.66182834,3
66.612656,0.39277443,43.99408428542404,11.3713054970403,0.00095317524,0.70850813,8778.595,0.58055955,5,1,false,false,39.88876,2.6066198,12.043792,2.1476133,0.6459787,3
66.64073,0.39298677,43.99408320546774,11.371291908126517,0.00095317524,0.70554864,8758.948,0.56095034,5,1,false,false,38.432533,2.9740696,10.306734,2.1578708,0.5726415,3
66.67211,0.39319938,43.99408194561027,11.371278194516751,0.00095317524,0.70382243,8742.652,0.539646,5,1,false,false,36.28759,2.8070745,8.783723,2.166682,0.481279,3
66.69682,0.39341205,43.99408059539024,11.37126448081187,0.0011914693,0.70135623,8743.002,0.5260894,5,1,false,false,34.36827,2.133755,8.208559,2.174181,0.42506614,3
66.713356,0.39362466,43.9940791556316,11.371250767202104,0.001191469,0.6979038,8762.621,0.52318394,5,1,false,false,32.870716,1.5816007,8.167,2.1811707,0.4189821,3
66.72502,0.3938371,43.99407762551041,11.371237178288323,0.001191469,0.6956844,8790.217,0.5263312,5,1,false,false,32.091137,1.2912514,8.54954,2.1884,0.45056692,3
66.73916,0.39404956,43.994076005575955,11.371223464678557,0.001191469,0.6932182,8809.141,0.5289935,5,1,false,false,31.789272,1.6167519,7.154211,2.1962762,0.48985967,3
66.76019,0.3942619,43.99407429555359,11.37120987566966,0.001191469,0.6929715,8811.212,0.52463657,5,1,false,false,32.290565,1.981477,9.367463,2.2046478,0.5097081,3
66.78579,0.39447424,43.99407258553123,11.371196286755879,0.00095317507,0.69297165,8802.853,0.509627,5,1,false,false,32.9919,2.3633277,9.175803,2.2132213,0.5127304,3
66.81421,0.39468667,43.9940706956077,11.371182697746983,0.00095317524,0.69297165,8795.531,0.4890486,5,1,false,false,31.880482,2.1685605,6.909046,2.2216697,0.49647146,3
66.843185,0.394899,43.99406880540951,11.371169108833202,0.00023829381,0.7048088,8797.259,0.46895498,5,1,false,false,32.117496,2.2751982,8.288721,2.2297525,0.46814,3
66.86663,0.39511138,43.99406682539807,11.371155519824304,0.00023829381,0.7418001,8814.171,0.45781845,5,1,false,false,33.76456,1.9201541,10.37908,2.2374918,0.46592936,3
66.88819,0.3953238,43.99406475557338,11.371141930910523,-2.1827873e-11,0.79876685,8844.114,0.45636582,5,1,false,false,33.72221,2.0586352,9.87015,2.2454567,0.48933426,3
66.915405,0.3955362,43.99406259538612,11.371128466597613,0,0.85252774,8866.814,0.4621759,5,1,false,false,33.983967,2.609151,10.785639,2.2538855,0.51843464,3
66.956184,0.3957488,43.994060345385606,11.3711150022847,0,0.8823675,8865.841,0.4684705,5,1,false,false,35.563637,3.4366622,11.908686,2.2626743,0.53107125,3
67.00314,0.39596143,43.99405800557184,11.37110153797179,0,0.9038223,8848.182,0.47258618,5,1,false,false,35.83304,3.7069569,10.879933,2.271576,0.5325528,3
67.053665,0.39617425,43.99405557539551,11.371087949058008,0,0.92305785,8842.371,0.47863835,5,1,false,false,35.728123,3.9420338,10.737046,2.280399,0.51851016,3
67.105385,0.3963872,43.994053055405914,11.37107460944108,0,0.94475955,8849.337,0.49679577,5,1,false,false,35.48336,3.7502708,10.597386,2.2888007,0.486892,3
67.15586,0.39660037,43.99405044560307,11.37106114512817,0,0.9615291,8855.764,0.52947867,5,1,false,false,35.359577,3.745945,10.001474,2.2967036,0.4602945,3
67.20372,0.39681363,43.99404774543766,11.37104768081526,0,0.9652283,8857.228,0.57305515,5,1,false,false,34.266487,3.401739,8.978863,2.3042917,0.4521045,3
67.24907,0.39702713,43.994044955458996,11.371034341198332,0,0.96103567,8866.232,0.6180835,5,1,false,false,34.88113,3.2610953,10.691705,2.311986,0.47204366,3
67.29235,0.3972408,43.99404216548033,11.371021001581404,0,0.9346486,8881.91,0.6633544,5,1,false,false,34.605907,3.188689,9.681694,2.3201323,0.5033584,3
67.33568,0.39745462,43.9940391956005,11.371007661964478,0,0.91467327,8893.641,0.7001523,5,1,false,false,34.663033,3.3781352,10.10223,2.3288012,0.53106076,3
67.383156,0.39766863,43.99403613563276,11.370994322347551,0.00023829383,0.9075215,8896.179,0.7294448,5,1,false,false,34.986298,3.3926249,10.420072,2.3377488,0.53831494,3
67.4271,0.39788285,43.99403307539036,11.37098110742661,0.00023829381,0.9030827,8893.695,0.75195885,5,1,false,false,35.650345,3.2889898,11.433724,2.3468578,0.5518111,3
67.47031,0.3980973,43.99402983552146,11.370967892505668,0.00023829381,0.8887793,8896.416,0.7679357,5,1,false,false,35.698498,3.188663,9.524993,2.3561647,0.5613619,3
67.510765,0.39831194,43.994026595377896,11.37095467748961,0.00095317524,0.8646115,8901.712,0.7768928,5,1,false,false,35.075905,3.187421,9.767954,2.3655987,0.56411207,3
67.55209,0.3985268,43.99402317560783,11.37094146256867,0.00095317524,0.822688,8898.672,0.7814927,5,1,false,false,34.938663,2.992037,9.517654,2.3749044,0.54982173,3
67.5884,0.3987418,43.9940197555631,11.370928247647727,0.0011914693,0.79901344,8894.391,0.7807661,5,1,false,false,34.21392,2.7578423,8.911658,2.3840277,0.54268575,3
67.61904,0.39895713,43.99401615561721,11.37091515742277,0.001191469,0.79778045,8908,0.77810335,5,1,false,false,32.553356,2.3675995,7.1241155,2.3931022,0.54164135,3
67.650856,0.39917257,43.99401255539666,11.370902067102698,0.001191469,0.7982737,8933.132,0.77495676,5,1,false,false,31.229546,2.5336356,6.3884373,2.4019868,0.5173609,3
67.68191,0.3993882,43.99400886563752,11.370889101383495,0.001191469,0.8032058,8947.416,0.7710829,5,1,false,false,32.181812,2.531265,8.661927,2.410496,0.50300896,3
67.712105,0.3996041,43.9940050855158,11.370876011253655,0.001191469,0.81627613,8948.364,0.77398753,5,1,false,false,33.3701,2.1996481,8.931726,2.4188855,0.50945735,3
67.73899,0.3998201,43.99400121558084,11.370863045534453,0.001191469,0.8401972,8956.337,0.7836715,5,1,false,false,32.452938,2.513404,10.717739,2.42763,0.5337345,3
67.75971,0.40003642,43.99399734537121,11.37085020460635,0.00095317507,0.8660914,8979.47,0.7921444,5,1,false,false,36.742287,1.8235247,11.338279,2.4370217,0.59285736,3
67.77718,0.4002529,43.99399329553508,11.370837239077378,0.00095317524,0.8836007,9005.722,0.795291,5,1,false,false,37.84941,2.1953423,10.90495,2.4475129,0.66775715,3
67.810814,0.4004695,43.99398924542429,11.370824397959044,0.00095317524,0.89519125,9017.21,0.7902077,5,1,false,false,34.95964,3.472508,14.310072,2.4588616,0.68115366,3
67.84534,0.40068653,43.993985015412335,11.370811681822042,-8.731149e-11,0.9090013,8997.994,0.77737695,5,1,false,false,40.96446,3.4483995,13.375697,2.4703124,0.68212026,3
67.88121,0.4009037,43.99398078540038,11.37079884089394,0,0.92577076,8975.522,0.762368,5,1,false,false,38.245804,2.6297293,12.6021805,2.4814947,0.6611263,3
67.92509,0.4011212,43.993976375487264,11.370786249167578,0,0.94525284,8976.015,0.74808484,5,1,false,false,36.44643,4.509624,11.213868,2.4919493,0.5870161,3
67.97076,0.40133908,43.99397196557415,11.370773533030576,0,0.96054244,8984.566,0.73815966,5,1,false,false,34.060818,3.9200494,7.4366174,2.500908,0.48197842,3
68.01243,0.40155712,43.99396737548521,11.370760941304212,0,0.97262645,8987.004,0.73888624,5,1,false,false,30.819971,3.0010715,4.8666916,2.508184,0.39177296,3
68.04967,0.40177554,43.99396278539627,11.37074834976808,0,0.98076457,8996.757,0.75389534,5,1,false,false,27.882935,2.8522997,4.5252705,2.5142179,0.34863678,3
68.06445,0.40199423,43.99395810549408,11.370735882832816,0,0.9953146,9052.704,0.7817349,5,1,false,false,24.311838,0.47270578,2.2850368,2.5203516,0.39293727,3
68.07261,0.40221295,43.99395342559188,11.370723415897555,0,1.0000001,9149.901,0.8185319,5,1,false,false,24.293905,0.35331738,0.74513656,2.5275471,0.47367173,3
68.10813,0.4024314,43.993948655601784,11.37071094896229,0,1,9198.413,0.8640437,5,1,false,false,32.294197,5.2168684,11.901434,2.5359476,0.52255213,3
68.148224,0.40265003,43.99394379552377,11.370698606627897,0,1,9129.439,0.9223848,5,1,false,false,44.984673,3.3474765,21.154537,2.5455515,0.6218967,3
68.19425,0.40286875,43.99393875554459,11.370686264483735,0,1,9015.265,0.9618432,5,1,false,false,46.35219,4.8405066,26.249147,2.5565503,0.6809552,3
68.24977,0.40308753,43.99393371556541,11.370673922149342,0,1,8962.465,0.95506513,5,1,false,false,52.15996,6.200768,24.941572,2.5673623,0.6030007,3
68.28516,0.40330648,43.99392849541041,11.370661829206918,0,1,8966.424,0.918753,5,1,false,false,46.893116,3.0755832,19.813124,2.5765803,0.4966754,3
68.30841,0.4035254,43.993923275530065,11.370649736264495,0,1,8978.0625,0.8812306,5,1,false,false,40.882534,2.6934578,16.689705,2.584205,0.42817655,3
68.332375,0.40374437,43.9939178754739,11.370637643322071,0,1,8989.496,0.8705797,5,1,false,false,42.61332,3.0522087,13.566253,2.5912,0.41646254,3
68.362656,0.40396345,43.99391238560448,11.370625675170748,0,1,9005.457,0.8831674,5,1,false,false,34.457527,1.8074038,12.96207,2.598351,0.4255094,3
68.4077,0.40418246,43.99390680537249,11.370613831430065,0,1,9007.026,0.9030185,5,1,false,false,31.712847,4.3427787,7.1332994,2.604853,0.36495367,3
68.46151,0.40440166,43.993901225415165,11.370601863278742,0,1,9012.505,0.8979341,5,1,false,false,27.98922,3.129828,8.324149,2.6104865,0.31746435,3
68.49572,0.404621,43.99389555536992,11.370590144329157,0,1,9031.256,0.88825166,5,1,false,false,25.12408,1.2078879,4.6409206,2.615888,0.33358616,3
68.540955,0.40484032,43.99388979551143,11.370578300778703,0,1,9066.998,0.88631403,5,1,false,false,30.60511,4.173699,5.524287,2.6215432,0.3508781,3
68.574684,0.4050598,43.993883945565024,11.370566581829118,0,1,9086,0.89890254,5,1,false,false,37.25093,1.7228028,18.793549,2.6281362,0.44889906,3
68.618835,0.40527934,43.99387809534396,11.370554987670635,0,1,9055.238,0.93013036,5,1,false,false,41.000916,3.979824,20.314104,2.636484,0.5372662,3
68.66896,0.405499,43.9938721555843,11.37054339332192,0,1,8999.13,0.94296104,5,1,false,false,44.165245,4.4455237,22.193815,2.6461413,0.58966404,3
68.723724,0.40571895,43.99386603537416,11.370531923764307,0,1,8971.778,0.921174,5,1,false,false,43.611084,3.836199,17.652973,2.655593,0.5252123,3
68.77824,0.40593898,43.993859915438684,11.370520454206693,0,1,8981.128,0.8739683,5,1,false,false,39.98663,4.0048957,14.105656,2.6635294,0.42373163,3
68.831345,0.40615925,43.993853615602035,11.370509109249948,0,1,8991.7705,0.8383823,5,1,false,false,34.38924,3.3493862,10.178357,2.669863,0.34357345,3
68.87854,0.40637973,43.99384731549073,11.370497889084303,0,1,8996.942,0.8366882,5,1,false,false,33.045403,2.3944778,11.427787,2.675362,0.34145737,3
68.91084,0.40660033,43.993840925566175,11.370486668728429,0,1,9013.083,0.86840004,5,1,false,false,32.317665,2.1517844,13.907073,2.6816611,0.42262715,3
68.94283,0.40682107,43.99383444555371,11.370475573163654,0,1,9041.465,0.9107642,5,1,false,false,33.10883,1.9025917,13.750216,2.6895425,0.52262723,3
68.97747,0.40704203,43.99382796554124,11.37046447759888,0,1,9069.231,0.9303726,5,1,false,false,33.123707,2.6608727,12.153508,2.6990235,0.5984893,3
69.02112,0.40726304,43.99382130535295,11.370453382034105,0,1,9083.732,0.922142,5,1,false,false,34.130882,3.0561166,11.299067,2.7093387,0.6254133,3
69.06635,0.40748435,43.99381464543932,11.370442535861299,0,1,9077.299,0.90689147,5,1,false,false,34.218533,3.1839848,11.152297,2.719817,0.62580216,3
69.114044,0.40770587,43.99380798552569,11.370431564897395,0,1,9071.691,0.9001132,5,1,false,false,35.940403,3.3634255,13.287787,2.7301435,0.61142546,3
69.1559,0.4079276,43.99380114543624,11.370420843325459,0,1,9075.743,0.90616536,5,1,false,false,38.58535,2.7716851,16.60099,2.7402914,0.610717,3
69.18572,0.40814957,43.993794215533526,11.370410121753524,0,1,9085.467,0.9189948,5,1,false,false,40.20972,2.1625853,16.38968,2.7507696,0.6487005,3
69.214615,0.40837172,43.99378728535616,11.370399400181588,0,1,9101.676,0.9221421,5,1,false,false,39.551754,2.7286355,14.739903,2.7619708,0.6784646,3
69.25094,0.40859407,43.993780265365544,11.370388928001622,0,1,9111.047,0.90858597,5,1,false,false,38.89018,3.0723863,14.775956,2.773154,0.65065354,3
69.292206,0.40881675,43.993773155561676,11.370378455821658,0,1,9103.392,0.8824412,5,1,false,false,37.00147,3.2922487,10.933561,2.7835324,0.5888927,3
69.33211,0.40903962,43.99376595539523,11.370368108242562,0,1,9097.799,0.85314965,5,1,false,false,35.126717,3.0464177,9.4576235,2.7928846,0.53709805,3
69.36651,0.4092628,43.99375866541554,11.370357760663467,0,1,9113.062,0.83329874,5,1,false,false,36.28229,2.6045682,12.876633,2.8016536,0.5235294,3
69.39406,0.40948626,43.99375137543585,11.370347537875471,0,1,9137.053,0.8265207,5,1,false,false,36.247303,2.447236,11.689748,2.8105216,0.5407841,3
69.42316,0.40970984,43.99374399536824,11.370337439498114,0,1,9153.365,0.82143635,5,1,false,false,36.469944,2.8443727,12.243868,2.819754,0.56101394,3
69.4615,0.40993398,43.993736525487385,11.370327466102088,0,1,9152.342,0.8107847,5,1,false,false,36.40553,3.2365448,11.363118,2.829087,0.55156577,3
69.502556,0.41015825,43.99372896551862,11.37031749251583,0,1,9139.6455,0.79141825,5,1,false,false,35.737186,3.4303904,10.725714,2.83809,0.5236734,3
69.544174,0.41038296,43.99372140554985,11.370307643530445,0,1,9136.857,0.7626102,5,1,false,false,35.33913,3.158217,10.677599,2.846565,0.49441767,3
69.581696,0.41060802,43.99371375549317,11.370297794735288,0,1,9146.358,0.73694855,5,1,false,false,34.716938,2.8788202,9.895136,2.854653,0.478163,3
69.61731,0.41083324,43.99370601534858,11.370288195141871,0,1,9160.089,0.7129827,5,1,false,false,33.692837,2.8947177,9.617251,2.8625534,0.46955574,3
69.65455,0.4110583,43.993698185390734,11.370278470947586,0,1,9169.411,0.69192106,5,1,false,false,33.92241,2.936856,11.500422,2.8703337,0.46559456,3
69.691475,0.41128346,43.99369035543289,11.370268996145269,0,1,9173.942,0.6747327,5,1,false,false,33.826126,2.838603,10.668195,2.8781617,0.47550878,3
69.72859,0.41150868,43.993682435387136,11.370259521152722,0,1,9178.96,0.6619019,5,1,false,false,33.37589,2.9371371,10.219699,2.8862076,0.48648864,3
69.769485,0.4117338,43.99367451534138,11.370250170951273,0,1,9185.242,0.6517342,5,1,false,false,34.00736,3.1254826,11.152616,2.8943076,0.48319617,3
69.81001,0.41195908,43.99366650548237,11.370240945540926,0,1,9186.772,0.6386613,5,1,false,false,35.182793,2.9873016,12.793637,2.9023385,0.48354402,3
69.84714,0.41218433,43.99365840553545,11.37023171994035,0,1,9184.6,0.6282519,5,1,false,false,36.17245,2.9634237,13.165343,2.9105496,0.50076556,3
69.88629,0.41240963,43.99365021550062,11.370222619130871,0,1,9187.669,0.616147,5,1,false,false,36.30742,3.126255,12.319191,2.9190397,0.50919396,3
69.928986,0.41263506,43.99364202546579,11.370213642922264,0,1,9188.778,0.59871656,5,1,false,false,36.223354,3.4203234,12.530437,2.9274533,0.49210316,3
69.97551,0.41286045,43.99363374534305,11.370204666713656,0,1,9183.231,0.57741225,5,1,false,false,35.25536,3.452279,11.089092,2.9353533,0.45180705,3
70.020096,0.41308594,43.993625375407056,11.370195939897018,0,1,9177.643,0.56022424,5,1,false,false,34.52854,3.316575,11.677726,2.9426422,0.4242682,3
70.06397,0.41331154,43.99361700547106,11.37018721308038,0,1,9183.345,0.5459405,5,1,false,false,33.187984,3.1061268,9.585369,2.9495614,0.4074221,3
70.105675,0.41353717,43.99360854544715,11.370178486073511,0,1,9196.912,0.53625727,5,1,false,false,32.650864,3.1395187,12.155555,2.9563057,0.40212673,3
70.14664,0.41376296,43.993600085423246,11.370170008648843,0,1,9206.209,0.5297204,5,1,false,false,32.98846,2.6278813,12.589007,2.9630177,0.40999758,3
70.18599,0.41398868,43.99359153531143,11.370161531033945,0,1,9211.941,0.52439475,5,1,false,false,31.813591,2.86914,10.449988,2.9701076,0.43664584,3
70.23251,0.4142146,43.99358289538636,11.370153178210147,0,1,9219.885,0.51616347,5,1,false,false,32.870213,3.4808588,13.154228,2.977503,0.4425888,3
70.2826,0.41444057,43.99357425546129,11.37014482538635,0,1,9219.069,0.5050269,5,1,false,false,32.57551,3.489551,11.286244,2.9848034,0.42796752,3
70.33289,0.41466668,43.99356552544831,11.37013659716342,0,1,9209.877,0.4972798,5,1,false,false,31.448057,3.5464876,10.344502,2.9917784,0.40628132,3
70.3865,0.41489297,43.993556795435325,11.370128493731592,0,1,9208.146,0.4938906,5,1,false,false,31.166647,3.5803964,10.268838,2.9983325,0.37952736,3
70.43534,0.41511932,43.99354797533444,11.370120514900632,0,1,9214.136,0.49606922,5,1,false,false,30.596432,3.0100813,11.179401,3.0045345,0.37049472,3
70.47753,0.41534582,43.9935391555082,11.370112536069673,0,1,9225.625,0.50768965,5,1,false,false,31.159277,2.8094666,13.470896,3.0108938,0.39578357,3
70.51973,0.41557243,43.9935302453194,11.370104681839583,0,1,9240.483,0.5241517,5,1,false,false,31.223555,2.977281,12.242458,3.0178044,0.43026426,3
70.56652,0.4157992,43.99352124531734,11.370096952400594,0,1,9249.327,0.53577316,5,1,false,false,31.120956,3.3257236,11.783654,3.0251803,0.4446983,3
70.61701,0.41602612,43.99351224531528,11.370089222961605,0,1,9245.51,0.5418245,5,1,false,false,30.99433,3.323454,11.533448,3.0325804,0.43850112,3
70.667145,0.41625315,43.99350315549997,11.370081618123486,0,1,9238.865,0.5444879,5,1,false,false,31.148472,3.1911867,12.151241,3.0398133,0.42893267,3
70.71267,0.4164804,43.993494065410005,11.370074137886236,0,1,9243.36,0.5440044,5,1,false,false,31.475945,3.050798,13.323695,3.0469997,0.43468493,3
70.758675,0.41670775,43.99348497532004,11.370066657648985,0,1,9258.885,0.540615,5,1,false,false,31.087215,2.9379466,11.50418,3.054266,0.43518963,3
70.80309,0.41693532,43.99347579541681,11.370059426993937,0,1,9268.126,0.53504604,5,1,false,false,30.635973,2.969007,10.98818,3.0615113,0.43102297,3
70.850296,0.41716304,43.99346652542568,11.370052071357556,0,1,9269.34,0.5265732,5,1,false,false,29.03705,2.848462,8.331487,3.068589,0.41843987,3
70.89803,0.41739097,43.99345725543455,11.370044965303375,0,1,9274.077,0.5159203,5,1,false,false,28.508295,3.11164,9.644128,3.075477,0.4072819,3
70.94464,0.4176191,43.99344798544342,11.370037859058966,0,1,9284.493,0.5062366,5,1,false,false,27.361727,2.752354,7.355135,3.0821662,0.3983171,3
70.98708,0.4178474,43.99343862536438,11.370030877605656,0,1,9299.816,0.4977638,5,1,false,false,27.375866,2.634723,10.16219,3.088838,0.40577936,3
70.95198,0.41807586,43.99342917547208,11.370024020753215,0,1,9303.742,0.49025926,0,1,false,false,29.605059,-4.1784434,11.269382,3.0956159,0.40413123,3
70.88763,0.41830403,43.99341981539303,11.370017164091005,0,1,8695.688,0.48033345,6,1,false,false,29.566097,0.5464958,11.432908,3.102372,0.41007552,3
70.99707,0.4185325,43.993410365500736,11.370010431839432,0,1,7626.0444,0.47016513,6,1,false,false,28.148945,8.374212,10.595735,3.1096613,0.46265617,3
71.07674,0.4187613,43.99340082524587,11.370003824378962,0,1,7745.0967,0.4546712,6,1,false,false,29.206892,1.8720891,10.129718,3.1174145,0.44937885,3
71.06183,0.41899028,43.993391285265666,11.369997216918492,0,1,8127.2886,0.44450244,6,1,false,false,30.151358,-0.820259,12.101642,3.1244237,0.39269155,3
71.07943,0.4192195,43.99338174528546,11.36999073405889,0,1,8051.515,0.4321564,6,1,false,false,29.682222,2.9584231,10.85637,3.1307302,0.37336266,3
71.144005,0.41944882,43.993372115492,11.36998437599039,0,1,7815.6997,0.4239252,6,1,false,false,29.439138,4.4064035,12.368833,3.1371262,0.39461386,3
71.19582,0.41967854,43.99336248542388,11.369978017921888,0,1,7843.5566,0.41738862,6,1,false,false,29.998566,2.270484,10.610261,-3.139372,0.40342414,3
71.21626,0.4199085,43.99335276526785,11.369971909055126,0,1,7987.568,0.4103671,6,1,false,false,28.15652,1.3613133,10.383253,-3.132735,0.38309675,3
71.24629,0.42013857,43.993343045386474,11.369965800188364,0,1,7988.1177,0.40019915,6,1,false,false,27.061186,2.5049052,9.995332,-3.1267114,0.34041476,3
71.292694,0.42036906,43.993333325230445,11.369959691511832,0,1,7903.8955,0.39148396,6,1,false,false,24.395475,3.0564752,9.671371,-3.121347,0.30730215,3
71.33246,0.42059967,43.99332351526117,11.36995370724594,0,1,7907.128,0.38470542,6,1,false,false,24.116749,2.1838038,9.862966,-3.1162963,0.30404413,3
71.35796,0.42083025,43.99331370529188,11.369947847771149,0,1,7978.129,0.38422042,6,1,false,false,23.894936,1.2339362,9.670791,-3.111111,0.3215953,3
71.38524,0.42106074,43.9933038953226,11.369942113087458,0,1,8006.297,0.3847053,6,1,false,false,24.521086,2.2085545,9.925523,-3.1054807,0.35364875,3
71.42921,0.42129135,43.993293995265404,11.369936378213534,0,1,7978.015,0.3839783,6,1,false,false,25.640186,2.8191261,9.79476,-3.0994215,0.37024042,3
71.47562,0.42152196,43.99328409548287,11.369930643529843,0,1,7951.8105,0.37986347,6,1,false,false,27.086548,3.0509248,12.181629,-3.0931606,0.37675723,3
71.51614,0.42175275,43.99327419542568,11.36992515804789,0,1,7960.4365,0.37308496,6,1,false,false,25.816463,2.149896,10.081409,-3.086932,0.36700624,3
71.553825,0.42198354,43.99326420528057,11.369919547965068,0,1,7974.3833,0.36703184,6,1,false,false,26.430311,2.8102903,12.621399,-3.0810502,0.3357342,3
71.588234,0.42221442,43.993254215410126,11.369914187083985,0,1,7970.4995,0.36218998,6,1,false,false,24.008284,1.4696807,11.94957,-3.0757515,0.31003973,3
71.62199,0.42244536,43.993244225265016,11.369908826393132,0,1,7973.098,0.35928482,6,1,false,false,26.266836,2.824933,13.461334,-3.070555,0.32179046,3
71.65521,0.42267632,43.99323423539457,11.36990359030315,0,1,7994.161,0.35589552,6,1,false,false,23.844473,1.3533281,12.02659,-3.0649662,0.34106103,3
71.69122,0.42290732,43.99322415543621,11.369898354213166,0,1,8004.038,0.35105318,6,1,false,false,20.31987,3.040797,3.9009843,-3.0596402,0.29016045,3
71.73275,0.42313832,43.9932140752032,11.369893242724054,0,1,7991.026,0.34524268,6,1,false,false,19.526318,1.428025,8.958294,-3.055191,0.25657374,3
71.761696,0.4233694,43.993203905431585,11.36988825583581,0,1,7997.9346,0.34112722,6,1,false,false,19.416105,0.97407293,8.962054,-3.0508754,0.27258202,3
71.79142,0.4236005,43.99319382519857,11.369883269137798,0,1,8032.7974,0.3401586,6,1,false,false,23.621016,2.728897,10.568518,-3.0458124,0.3325833,3
71.828865,0.42383155,43.993183655426954,11.369878282439785,0,1,8039.127,0.3382221,6,1,false,false,21.822378,1.7804542,9.986008,-3.040141,0.33746487,3
71.88526,0.42406273,43.99317348538069,11.36987342034264,0,1,7990.9023,0.32151723,6,1,false,false,27.11133,5.001357,11.97138,-3.0347779,0.30266076,3
71.92503,0.424294,43.993163225246505,11.369868682846368,0,1,7967.7163,0.29561254,6,1,false,false,19.682713,1.2718775,7.5942674,-3.0300052,0.26355863,3
71.97146,0.4245253,43.99315305520024,11.369863945350094,0,1,7991.4277,0.26559106,6,1,false,false,24.778309,3.7096198,13.495917,-3.0258431,0.23765856,3
71.998405,0.4247567,43.99314279534072,11.369859332644921,0,1,8016.412,0.24331817,6,1,false,false,18.711414,0.4688231,10.765859,-3.0220687,0.22122824,3
72.04421,0.42498812,43.99313244539328,11.369854844540617,0,1,8013.29,0.23048666,6,1,false,false,23.587273,4.558515,11.930993,-3.0183525,0.22980483,3
72.08145,0.4252196,43.993122185259104,11.369850356436313,0,1,8008.2197,0.22031873,6,1,false,false,17.889727,0.6900952,9.025562,-3.014323,0.2493701,3
72.13075,0.42545116,43.993111835311666,11.369845868332009,0,1,8010.2285,0.21329719,6,1,false,false,21.929031,4.9974365,11.362052,-3.010295,0.23266508,3
72.16423,0.42568278,43.993101485364235,11.369841504828575,0,1,8008.9297,0.21111855,6,1,false,false,15.188172,0.5070393,8.303996,-3.0066154,0.20537087,3
72.21213,0.42591453,43.9930911354168,11.36983714151537,0,1,8020.3594,0.21717148,6,1,false,false,19.023771,3.5345168,10.46753,-3.0033605,0.18807769,3
72.2496,0.42614627,43.99308078519471,11.369832902803036,0,1,8031.843,0.2297601,6,1,false,false,14.163817,0.06582254,7.819355,-3.0001667,0.19939412,3
72.28774,0.42637807,43.99307034543402,11.369828663900472,0,1,8036.5083,0.24646595,6,1,false,false,18.639027,3.8309052,10.196141,-2.9967275,0.21489364,3
72.320526,0.42660996,43.99305999521193,11.369824549789008,0,1,8045.8843,0.25469708,6,1,false,false,14.512477,0.775097,8.809865,-2.99296,0.23518522,3
72.36819,0.4268419,43.99304955517658,11.369820435867775,0,1,8051.2056,0.25784478,6,1,false,false,19.080353,3.2346888,10.977749,-2.9889183,0.25095648,3
72.40047,0.42707396,43.9930391154159,11.369816446357179,0,1,8049.2075,0.25518122,6,1,false,false,16.352442,0.6338869,9.095721,-2.984466,0.28157783,3
72.44533,0.4273061,43.99302867538055,11.369812456846585,0,1,8061.9634,0.24816057,6,1,false,false,19.48677,3.5046308,11.603557,-2.9796693,0.2906072,3
72.482994,0.42753825,43.993018145257295,11.369808467526221,0,1,8065.5317,0.24210761,6,1,false,false,18.504541,1.3768231,8.933699,-2.9748468,0.28607562,3
72.528336,0.42777056,43.9930076154087,11.369804602806726,0,1,8056.8726,0.23653959,6,1,false,false,20.241104,3.1182773,11.304987,-2.9701796,0.27430993,3
72.566376,0.428003,43.992997175373354,11.369800738087232,0,1,8054.508,0.23218128,6,1,false,false,20.034508,1.9820317,11.895602,-2.9656897,0.2652674,3
72.61036,0.42823553,43.9929866452501,11.369796997968606,0,1,8063.0005,0.22976005,6,1,false,false,20.782333,2.4762,12.33685,-2.9613538,0.2571058,3
72.64842,0.42846826,43.99297602531359,11.369793382450851,0,1,8066.385,0.23072863,6,1,false,false,21.3078,2.2185135,14.92374,-2.9571013,0.25512987,3
72.689735,0.42870104,43.99296549519033,11.369789767123326,0,1,8066.9663,0.235329,6,1,false,false,20.379942,2.5016704,11.787738,-2.9529402,0.24380396,3
72.73171,0.42893404,43.99295487525382,11.36978627639667,0,1,8067.3315,0.24210757,6,1,false,false,19.882917,2.4241412,12.343269,-2.949045,0.22429603,3
72.77265,0.42916715,43.99294425531731,11.369782785670015,0,1,8071.1816,0.2522759,6,1,false,false,17.533657,1.994463,9.83756,-2.945467,0.20863514,3
72.81196,0.42940038,43.99293363538081,11.369779294943362,0,1,8082.788,0.26462337,6,1,false,false,16.771997,2.127803,9.380652,-2.9419677,0.21349663,3
72.84858,0.42963383,43.99292301516964,11.369775928817575,0,1,8090.231,0.28108627,6,1,false,false,17.045681,1.8156017,9.831126,-2.9382584,0.23645796,3
72.88782,0.42986742,43.99291230514522,11.36977268748289,0,1,8096.7334,0.29052854,6,1,false,false,18.212236,2.117198,10.886465,-2.9340627,0.26655588,3
72.92763,0.4301012,43.99290168520871,11.369769445957974,0,1,8100.012,0.29319072,6,1,false,false,19.08443,2.3770602,11.089177,-2.9294384,0.28685308,3
72.96835,0.43033516,43.99289097518429,11.36976620462329,0,1,8099.5337,0.28592813,6,1,false,false,19.720703,2.1996982,10.977814,-2.9246128,0.2911986,3
73.00857,0.43056926,43.99288026515987,11.369763087889472,0,1,8100.3613,0.27237105,6,1,false,false,20.262268,2.2360334,11.817779,-2.919781,0.28881583,3
73.0464,0.43080366,43.99286955513545,11.369759971155657,0,1,8105.893,0.25348648,6,1,false,false,20.493544,2.1050322,13.291477,-2.914987,0.2882007,3
73.083466,0.43103817,43.99285884538568,11.36975710381381,0,1,8112.8306,0.23508699,6,1,false,false,20.825275,2.2497044,13.080257,-2.910204,0.2878674,3
73.12228,0.43127272,43.992848045273355,11.369754111680866,0,1,8115.137,0.21232915,6,1,false,false,20.512041,2.4166903,14.569256,-2.90551,0.27653217,3
73.16262,0.4315074,43.99283724516102,11.36975124433902,0,1,8110.696,0.18787667,6,1,false,false,20.563702,2.4916482,15.248096,-2.901072,0.25899914,3
73.20331,0.43174228,43.9928265351366,11.369748501598043,0,1,8108.555,0.16051844,6,1,false,false,19.509325,2.324076,14.90962,-2.8970158,0.23097187,3
73.24405,0.43197712,43.99281573529893,11.369745758857066,0,1,8110.2344,0.13146552,6,1,false,false,17.585197,2.4906938,13.907808,-2.89351,0.1907186,3
73.28413,0.43221217,43.99280484537334,11.36974314071696,0,1,8109.845,0.107738644,6,1,false,false,15.683327,2.150393,12.975786,-2.8906932,0.15180324,3
73.323425,0.43244725,43.992794045261014,11.369740522767083,0,1,8115.435,0.08377066,6,1,false,false,12.922031,2.1725233,9.78568,-2.8883913,0.12487371,3
73.36147,0.43268245,43.992783245148686,11.369737904626977,0,1,8126.722,0.0665808,6,1,false,false,10.230656,2.1873882,7.4564342,-2.886532,0.097007066,3
73.40083,0.4329177,43.992772355223096,11.36973541127797,0,1,8135.9434,0.05641201,6,1,false,false,8.685848,2.1294587,9.260745,-2.8851082,0.07348509,3
73.438484,0.4331531,43.99276155511077,11.369732793137864,0,1,8141.267,0.053506766,6,1,false,false,7.7983136,2.0198746,10.160205,-2.8839636,0.065907456,3
73.474335,0.43338862,43.992750665185184,11.369730299788857,0,1,8154.977,0.05181212,6,1,false,false,7.234638,2.2155278,13.515151,-2.8828447,0.07079598,3
73.51752,0.4336242,43.99273977498494,11.369727931040721,0,1,8164.8945,0.045759153,6,1,false,false,6.5586944,2.6587193,13.798099,-2.881702,0.06908183,3
73.562004,0.43385997,43.99272888533402,11.369725437691715,0,1,8151.51,0.030263912,6,1,false,false,6.1450415,2.700124,14.060308,-2.880644,0.06159591,3
73.60983,0.43409586,43.99271799513377,11.369723068943578,0,1,8135.293,0.0048423745,6,1,false,false,4.813185,2.6473641,13.827496,-2.8797987,0.04239681,3
73.65158,0.4343319,43.99270710548284,11.369720575594572,0,1,8137.304,-0.027117122,6,1,false,false,3.6640418,2.3088548,14.935836,-2.8792968,0.018767819,3
73.689095,0.43456802,43.9926962152826,11.369718206846434,0,1,8152.56,-0.069486976,6,1,false,false,1.3710308,2.0059907,11.155335,-2.8792303,-0.011884395,3
73.72601,0.43480432,43.99268523499445,11.369715838098298,0,1,8163.852,-0.1113728,6,1,false,false,-1.0247813,2.0862217,9.414165,-2.8797262,-0.049399607,3
73.763985,0.43504068,43.992674345343524,11.369713344749291,0,1,8166.3184,-0.15374357,6,1,false,false,-2.773805,2.0147367,7.474101,-2.8808432,-0.08634632,3
73.79908,0.4352772,43.99266345514328,11.369710976001155,0,1,8174.1895,-0.19732402,6,1,false,false,-4.930803,1.7873796,5.941194,-2.88257,-0.124211915,3
73.83355,0.4355138,43.99265247540444,11.369708482652149,0,1,8194.1455,-0.23267284,6,1,false,false,-7.48603,1.715301,7.4201727,-2.8849475,-0.16520116,3
73.86558,0.43575048,43.9926415852042,11.36970611390401,0,1,8211.753,-0.2651173,6,1,false,false,-9.878744,1.9046346,9.010959,-2.8880818,-0.21193191,3
73.9008,0.4359873,43.992630605465365,11.369703620555004,0,1,8220.235,-0.29804587,6,1,false,false,-12.409183,1.9693519,7.966476,-2.892013,-0.25885284,3
73.94168,0.43622422,43.99261971526512,11.369701002605128,0,1,8217.707,-0.32806906,6,1,false,false,-15.3053465,2.4354844,11.129513,-2.8966544,-0.29401493,3
73.98102,0.43646133,43.99260873497697,11.369698384465021,0,1,8209.15,-0.36487293,6,1,false,false,-18.522533,2.1993942,12.556154,-2.9017942,-0.32399058,3
74.01528,0.43669856,43.99259784532604,11.369695766515145,0,1,8210.66,-0.39973855,6,1,false,false,-21.986029,2.0253344,14.840981,-2.9075563,-0.36720845,3
74.04674,0.4369359,43.992586955125795,11.36969302377417,0.0016680567,1,8220.9,-0.43000424,6,1,false,false,-24.13585,1.9271398,12.909107,-2.9139805,-0.39835453,3
74.07991,0.4371734,43.99257597538696,11.369690156242093,0.00345526,1,8222.018,-0.4566383,6,1,false,false,-25.085173,2.1467674,10.929394,-2.9207036,-0.4019913,3
74.11287,0.43741092,43.99256508518672,11.369687288900247,0.0054807584,1,8213.152,-0.4762503,6,1,false,false,-26.540684,1.9130566,12.7925825,-2.927334,-0.39511523,3
74.136665,0.43764865,43.992554194986475,11.369684296767302,0.0069105206,1,8214.694,-0.49804205,6,1,false,false,-27.928104,1.4292682,12.40588,-2.9340308,-0.41366145,3
74.15552,0.43788642,43.99254330533555,11.369681180033485,0.008578577,1,8233.818,-0.52564406,6,1,false,false,-28.136799,1.3839962,10.464272,-2.9411688,-0.43820977,3
74.17544,0.43812427,43.99253241513531,11.36967806329967,0.010127486,1,8244.93,-0.549858,6,1,false,false,-29.675642,1.4311793,13.872193,-2.9486039,-0.45303482,3
74.19489,0.43836218,43.992521524935064,11.369674697364115,0.0103657795,1,8237.093,-0.56535494,6,1,false,false,-30.349314,1.3000454,10.889813,-2.9562964,-0.46936625,3
74.21138,0.43860015,43.99251072537205,11.36967133123833,0.010842371,1,8237.47,-0.5747981,6,1,false,false,-30.47429,1.4509605,11.399839,-2.9642596,-0.48146832,3
74.22881,0.4388382,43.992499835171806,11.369667840511674,0.011318958,1,8248.787,-0.57891405,6,1,false,false,-32.21798,1.319751,13.41707,-2.9722931,-0.4814712,3
74.24056,0.43907624,43.99248903505947,11.369664224993919,0.0113189565,1,8252.618,-0.5796406,6,1,false,false,-32.422985,1.0430269,11.971938,-2.9803855,-0.49090484,3
74.25264,0.43931437,43.99247823494714,11.369660485065523,0.0113189565,1,8254.501,-0.5772183,6,1,false,false,-33.0393,1.3541698,12.934476,-2.988675,-0.4998579,3
74.26624,0.43955246,43.99246743538413,11.3696566201558,0.0113189565,1,8256.662,-0.56826013,6,1,false,false,-34.246273,1.2959971,14.146168,-2.9970145,-0.49916893,3
74.2785,0.43979055,43.99245663527179,11.369652630835434,0.0113189565,1,8256.238,-0.55760646,6,1,false,false,-33.51389,1.2388601,10.723713,-3.0053217,-0.49438658,3
74.292175,0.4400286,43.992445925247374,11.36964864132484,0.0113189565,1,8258.646,-0.549858,6,1,false,false,-34.181595,1.4052281,13.634524,-3.013443,-0.4780027,3
74.30494,0.44026667,43.992435215222955,11.369644402612506,0.0113189565,1,8258.993,-0.5450156,6,1,false,false,-35.000088,1.2774513,14.737662,-3.0213058,-0.46837565,3
74.31404,0.44050473,43.992424505198535,11.369640163900172,0.0113189565,1,8260.654,-0.54985774,6,1,false,false,-34.728203,1.1923842,13.204793,-3.0291822,-0.47507674,3
74.32771,0.44074267,43.992413795174116,11.369635675795868,0.0113189565,1,8264.428,-0.5629327,6,1,false,false,-34.405464,1.5455109,12.072287,-3.037069,-0.4643178,3
74.34295,0.44098064,43.992403175237605,11.369631187691564,0.0113189565,1,8259.867,-0.5789141,6,1,false,false,-35.017197,1.4640695,13.496206,-3.044661,-0.44838756,3
74.35526,0.44121855,43.992392555301095,11.369626450195291,0.012033838,1,8254.255,-0.5968312,6,1,false,false,-34.73398,1.1409619,11.591327,-3.052116,-0.44878486,3
74.36413,0.44145647,43.99238193536459,11.369621712889247,0.01227213,1,8260.559,-0.6169293,6,1,false,false,-34.426453,1.2271554,12.389274,-3.0597155,-0.46049067,3
74.374855,0.44169474,43.99237131542808,11.369616850792104,0.013106159,1,8268.517,-0.6350892,6,1,false,false,-34.061043,1.1403717,10.77583,-3.0673892,-0.45920274,3
74.38507,0.4419331,43.992360785030165,11.369611863903861,0.01310616,1,8267.253,-0.6532488,6,1,false,false,-32.560913,1.1479546,10.738248,-3.0750043,-0.45414078,3
74.39441,0.44217128,43.99235025518157,11.369606752604978,0.01310616,0.9819977,8267.118,-0.66729295,6,1,false,false,-31.329771,0.86947596,10.955251,-3.0825207,-0.45279655,3
74.39933,0.4424092,43.99233972533297,11.369601516324765,0.013582749,0.9371146,8276.649,-0.6832732,6,1,false,false,-30.888445,0.7329408,10.570798,-3.0901992,-0.4705184,3
74.403465,0.44264704,43.99232928502297,11.369596280234783,0.014297629,0.87940824,8284.488,-0.6936855,6,1,false,false,-31.071968,0.78425795,11.306995,-3.0981987,-0.4870645,3
74.40686,0.4428846,43.99231884526228,11.36959079475283,0.015727391,0.7741061,8266.45,-0.7028861,6,1,false,false,-31.948322,0.80304396,12.498609,-3.1064172,-0.49678993,3
74.404396,0.44312203,43.992308404952276,11.369585309461106,0.01846777,0.72379786,8246.26,-0.71160364,6,1,false,false,-33.268337,0.30025485,13.299425,-3.1147692,-0.503297,3
74.39125,0.4433593,43.99229796519159,11.369579699188055,0.023114497,0.69001234,8255.795,-0.720078,6,1,false,false,-34.54031,-0.33225855,12.970937,-3.1231954,-0.5046326,3
74.36734,0.4435963,43.9922876149695,11.369573964504363,0.026808059,0.6187421,8245.677,-0.7278273,6,1,false,false,-35.97463,-0.73800945,13.218671,-3.1317103,-0.512872,3
74.33636,0.44383317,43.99227726529672,11.36956810502957,0.030859051,0.44069046,8157.8374,-0.73097515,6,1,false,false,-36.07509,-1.4161711,12.766279,-3.1402884,-0.5144599,3
74.2835,0.44406968,43.99226700516254,11.369562120953908,0.0347909,0.26757088,8066.605,-0.72709984,6,1,false,false,-35.952076,-3.2161074,12.61222,3.134368,-0.5042712,3
74.18914,0.4443059,43.992256745028364,11.369556012087147,0.03741213,0.17509243,8095.1987,-0.7191097,6,1,false,false,-36.15139,-5.974011,12.491429,3.1260672,-0.49605083,3
74.06225,0.44454166,43.99224657498209,11.369549903220385,0.03943762,0.13859431,8170.745,-0.71232915,6,1,false,false,-36.381096,-6.992844,10.58896,3.117933,-0.48116368,3
73.93415,0.4447769,43.99223649502373,11.369543545151885,0.039675917,0.14056718,8168.0996,-0.70627713,6,1,false,false,-36.141655,-6.593742,12.139825,3.1099017,-0.48560518,3
73.817505,0.44501165,43.992226415065375,11.369537187083383,0.03967592,0.1723798,8120.8027,-0.6982864,6,1,false,false,-35.43788,-6.096961,10.18928,3.1017334,-0.49800086,3
73.70136,0.44524592,43.992216425194925,11.369530704223783,0.03967592,0.20172627,8112.569,-0.69102174,6,1,false,false,-36.3982,-6.132386,12.326814,3.093243,-0.51764125,3
73.58629,0.4454798,43.99220643532448,11.36952409676331,0.038722754,0.23156594,8128.6123,-0.68545276,6,1,false,false,-36.60173,-5.96158,10.922614,3.0845258,-0.5254637,3
73.4764,0.44571325,43.99219653499263,11.36951736451174,0.03741213,0.25943282,8122.121,-0.6810944,6,1,false,false,-37.275127,-5.449231,12.618221,3.075735,-0.52486503,3
73.37631,0.44594628,43.992186635210096,11.3695106324504,0.036220647,0.2860666,8097.9634,-0.6786733,6,1,false,false,-37.01132,-4.9614453,10.91468,3.0670755,-0.5120562,3
73.28153,0.446179,43.99217682496615,11.369503650997089,0.03526749,0.31023434,8085.9727,-0.67867327,6,1,false,false,-36.87121,-4.684254,11.194494,3.0586479,-0.49864227,3
73.188644,0.44641137,43.992167105359435,11.369496669543778,0.034314316,0.3287299,8085.721,-0.68254745,6,1,false,false,-37.220623,-4.709538,12.801752,3.0504367,-0.4917949,3
73.09597,0.4466434,43.992157385203406,11.369489563299368,0.033718567,0.33489513,8076.568,-0.6905377,6,1,false,false,-37.744064,-4.5796175,12.778737,3.0420985,-0.50836474,3
73.00708,0.44687515,43.99214775513529,11.369482332454089,0.033718575,0.33588153,8058.4966,-0.69998085,6,1,false,false,-37.771133,-4.3887806,12.944269,3.0334475,-0.5259309,3
72.918785,0.44710657,43.99213821515508,11.369474977007938,0.033718575,0.33588162,8046.832,-0.70797205,6,1,false,false,-39.23546,-4.293078,14.609278,3.0245428,-0.5352015,3
72.830185,0.44733778,43.992128675174875,11.369467496770689,0.033718575,0.33588162,8040.16,-0.7145097,6,1,false,false,-39.669926,-4.3863325,14.263612,3.015584,-0.5344813,3
72.74125,0.44756866,43.99211922528258,11.36945989193257,0.033718575,0.33588162,8030.542,-0.71983635,6,1,false,false,-39.69885,-4.308286,14.105699,3.0066707,-0.5282265,3
72.65334,0.44779924,43.99210986492888,11.36945228709445,0.033718575,0.33316898,8014.8066,-0.7270997,6,1,false,false,-40.11324,-4.3348565,14.41325,2.9979265,-0.5204907,3
72.56574,0.44802964,43.99210050512449,11.369444433054591,0.033718575,0.32355124,7997.135,-0.73605984,6,1,false,false,-39.67424,-4.4067936,12.697221,2.9893112,-0.5089615,3
72.476974,0.44825974,43.9920912348587,11.369436578824502,0.033718575,0.29864362,7978.189,-0.748166,6,1,false,false,-38.734333,-4.623315,12.538725,2.9809356,-0.4948368,3
72.38653,0.4484896,43.99208205523014,11.369428599993542,0.033718575,0.26831073,7958.2773,-0.7590621,6,1,false,false,-37.62228,-4.8183556,11.586552,2.9728286,-0.48142537,3
72.28931,0.44871923,43.99207287505226,11.369420496561714,0.033718575,0.24611595,7949.363,-0.7658428,6,1,false,false,-36.934734,-5.2302995,11.776754,2.9648106,-0.4842656,3
72.18772,0.4489486,43.992063875050206,11.369412268338785,0.033718575,0.23847106,7951.328,-0.7697168,6,1,false,false,-36.174534,-5.4046564,10.591925,2.9566526,-0.49427873,3
72.08562,0.44917768,43.99205487504815,11.369403915514987,0.033718575,0.25030825,7953.3,-0.7745602,6,1,false,false,-35.90974,-5.4007916,12.169723,2.948338,-0.5039527,3
71.98595,0.44940645,43.99204587504609,11.369395562691189,0.033480283,0.28113434,7952.0234,-0.7803706,6,1,false,false,-36.443855,-5.1518645,11.849361,2.9398181,-0.51897377,3
71.88905,0.449635,43.992036965131945,11.369387085076289,0.033480283,0.32749692,7954.493,-0.78569716,6,1,false,false,-36.79699,-4.883669,12.7315035,2.9309502,-0.5419795,3
71.80193,0.44986337,43.99202814530571,11.36937848286052,0.033480283,0.38027132,7959.6523,-0.7910254,6,1,false,false,-36.40111,-4.110567,11.147972,2.921801,-0.54940283,3
71.72635,0.45009145,43.99201941501807,11.369369880834983,0.033480283,0.3876695,7936.528,-0.79320407,6,1,false,false,-35.76432,-3.4840584,11.136194,2.9126835,-0.5402173,3
71.65643,0.45031944,43.992010685279745,11.369361029227246,0.032765407,0.38569668,7900.9287,-0.79441464,6,1,false,false,-35.852024,-3.5376532,11.034637,2.9038532,-0.52486295,3
71.58107,0.4505473,43.99200213516793,11.369352177619508,0.0327654,0.3822441,7895.2603,-0.79392976,6,1,false,false,-35.85441,-3.7888157,11.067488,2.8950756,-0.53037167,3
71.50116,0.4507749,43.9919934949682,11.369343326202,0.032288816,0.38076445,7909.0894,-0.79223526,6,1,false,false,-35.81616,-4.0777793,11.46892,2.8861516,-0.54111373,3
71.422935,0.45100242,43.99198503494429,11.369334225392523,0.031573936,0.38150424,7905.1465,-0.7900564,6,1,false,false,-35.918213,-3.6487448,10.533547,2.8770595,-0.5451723,3
71.34825,0.45122972,43.991976574920386,11.369325124392814,0.03157393,0.3879162,7885.849,-0.7895721,6,1,false,false,-36.121395,-3.6549888,12.367429,2.8679702,-0.5480721,3
71.27214,0.451457,43.991968204984396,11.369315898982467,0.031335637,0.38939583,7874.938,-0.7961104,6,1,false,false,-37.67901,-3.6644216,13.166694,2.8587594,-0.5554789,3
71.19415,0.45168415,43.991959925136314,11.36930654878102,0.031335637,0.38446358,7868.141,-0.8057959,6,1,false,false,-37.88481,-3.7577376,11.7039795,2.8493733,-0.56699413,3
71.11755,0.45191103,43.991951645288225,11.369297198579574,0.031335637,0.36226887,7851.6987,-0.81523913,6,1,false,false,-37.99678,-3.5668957,12.34738,2.8399415,-0.5557397,3
71.03934,0.4521377,43.99194345497874,11.369287723587025,0.031335637,0.335635,7827.019,-0.8241984,6,1,false,false,-38.45128,-3.866688,13.515596,2.8308485,-0.53792924,3
70.9537,0.45236412,43.99193544484507,11.36927812418384,0.031335637,0.3237977,7818.262,-0.8280718,6,1,false,false,-38.8377,-4.421968,12.944853,2.821881,-0.54110223,3
70.8608,0.45259,43.99192734517281,11.369268399989553,0.031335637,0.32379776,7828.086,-0.82976824,6,1,false,false,-39.169064,-4.654926,13.728134,2.8127143,-0.5557697,3
70.76906,0.4528153,43.99191942512706,11.369258675795265,0.030620761,0.336868,7830.1553,-0.828799,6,1,false,false,-39.90923,-4.3567176,13.747833,2.803292,-0.56429976,3
70.683685,0.45304027,43.99191159516921,11.36924882680988,0.030263318,0.35980272,7819.392,-0.8263769,6,1,false,false,-39.43808,-3.970887,13.325161,2.7938936,-0.5558817,3
70.604416,0.45326465,43.99190376521137,11.369238853413853,0.029310135,0.39284825,7812.8,-0.82298666,6,1,false,false,-39.4158,-3.6146443,13.214876,2.7847154,-0.5415571,3
70.529945,0.45348868,43.99189611488003,11.369228755226727,0.029071847,0.44315654,7819.8555,-0.8181445,6,1,false,false,-38.764233,-3.3479507,12.96702,2.7757392,-0.5329119,3
70.46335,0.45371243,43.99188846509801,11.36921865665914,0.02740379,0.5070284,7833.2993,-0.8162071,6,1,false,false,-37.800797,-2.7749815,12.058157,2.766899,-0.5249511,3
70.4096,0.4539358,43.99188090485458,11.369208434061376,0.026808059,0.5733662,7835.781,-0.8154816,6,1,false,false,-37.651314,-1.9892911,13.022211,2.7581892,-0.5203877,3
70.36745,0.45415902,43.99187343524838,11.369198086292048,0.025616584,0.6335389,7827.575,-0.8179021,6,1,false,false,-37.087505,-1.4802886,12.468647,2.7494648,-0.5298727,3
70.33384,0.4543819,43.99186596509286,11.369187738903184,0.02394853,0.68138087,7823.8994,-0.8241983,6,1,false,false,-36.32805,-1.0221162,10.759778,2.740457,-0.5457774,3
70.30944,0.4546047,43.99185858502526,11.369177266723218,0.02239962,0.71344024,7824.0474,-0.83170426,6,1,false,false,-36.372055,-0.4244996,11.81707,2.7312772,-0.5499128,3
70.29081,0.4548274,43.99185138513348,11.369166669752152,0.02239962,0.74821204,7823.2573,-0.8382422,6,1,false,false,-36.919754,-0.16675739,12.949876,2.7221234,-0.5496278,3
70.27331,0.45504993,43.99184409515379,11.369156072781086,0.021684743,0.77681875,7823.9595,-0.8464749,6,1,false,false,-36.95713,-0.0348425,12.803502,2.7128723,-0.5600434,3
70.26003,0.45527247,43.9918369848006,11.369145226608282,0.021684738,0.789889,7824.145,-0.8583403,6,1,false,false,-38.041367,0.21855474,14.127389,2.7034347,-0.569087,3
70.24838,0.4554949,43.99182996508464,11.369134504846116,0.021684738,0.7935883,7818.8438,-0.86923647,6,1,false,false,-38.932358,0.27604714,13.506945,2.6937969,-0.579749,3
70.23786,0.45571733,43.99182294481936,11.369123534262672,0.021684738,0.80197275,7816.4395,-0.87819576,6,1,false,false,-39.53221,0.3536343,13.90197,2.6840236,-0.5827966,3
70.22922,0.4559397,43.99181601519131,11.369112563298767,0.021208154,0.8293464,7821.6846,-0.881101,6,1,false,false,-40.408653,0.586304,15.701792,2.674309,-0.5750652,3
70.22063,0.4561621,43.99180917510186,11.36910146754376,0.020493273,0.8614057,7825.0356,-0.88207006,6,1,false,false,-41.095116,0.49990126,15.863841,2.664677,-0.5757039,3
70.21275,0.45638448,43.99180242510032,11.369090247378118,0.020254977,0.89099866,7823.149,-0.8849753,6,1,false,false,-42.36311,0.6240838,17.31956,2.6548781,-0.5905633,3
70.2088,0.45660692,43.99179576518669,11.369078902421373,0.018944358,0.9218249,7821.502,-0.8866707,6,1,false,false,-42.50712,1.0122093,15.843092,2.644771,-0.6026388,3
70.21028,0.45682943,43.99178919481165,11.369067557464628,0.017752888,0.9353883,7819.3545,-0.8827966,6,1,false,false,-42.276245,1.3275551,16.75119,2.6346593,-0.5928148,3
70.21452,0.45705196,43.99178271507384,11.369056088097244,0.015727397,0.9504317,7813.328,-0.8745639,6,1,false,false,-43.12827,1.4019809,18.186192,2.6247613,-0.58204913,3
70.13516,0.45727453,43.99177623478671,11.369044493558299,0.0133444555,0.9701605,8588.49,-0.8672994,0,1,false,false,-42.973484,-6.88612,15.643629,2.6151288,-0.5568628,3
70.009155,0.45749682,43.99176993522473,11.369032899399816,0.011557253,0.9903824,9345.958,-0.8607613,5,1,false,false,-43.109737,-6.3494987,17.79521,2.6059906,-0.5345115,3
69.90008,0.4577188,43.99176372520134,11.369021180450233,0.008578579,0.99999994,9375,-0.8542243,5,1,false,false,-42.354668,-4.1019573,17.120205,2.5971062,-0.5290357,3
69.85896,0.45794073,43.99175760526585,11.369009337090008,0.005957346,1,9309.5205,-0.8510758,5,1,false,false,-40.443222,0.08483785,16.099663,2.588042,-0.55049294,3
69.87996,0.4581627,43.99175157486897,11.368997493349324,0.003216966,1,9234.298,-0.8481704,5,1,false,false,-38.98241,3.3301218,15.402282,2.5785189,-0.57842493,3
69.937126,0.45838496,43.99174563510931,11.368985525198001,0.00071488146,1,9079.676,-0.84235835,5,1,false,false,-37.627823,4.531566,14.073361,2.5685956,-0.59319085,3
69.98662,0.45860758,43.991739784888246,11.368973432255578,-1.4551915e-11,1,9052.924,-0.8365478,5,1,false,false,-37.593967,3.1524446,14.316576,2.5586607,-0.5848965,3
70.011055,0.4588304,43.99173402530441,11.368961339313154,0,1,9141.709,-0.8348532,5,1,false,false,-38.157433,1.9525337,15.360975,2.5489852,-0.56665784,3
70.02827,0.45905358,43.99172826517126,11.36894912157963,0,1,9206.75,-0.83121955,5,1,false,false,-38.822033,2.182754,16.64429,2.5395956,-0.55541444,3
70.05848,0.4592769,43.99172259512602,11.368936904226567,0,1,9186.319,-0.82661957,5,1,false,false,-39.180363,3.044032,16.955418,2.5302532,-0.5588062,3
70.09656,0.45950052,43.9917171052566,11.368924437291305,0,1,9140.029,-0.82347167,5,1,false,false,-40.04501,3.2267058,17.685694,2.520679,-0.57712144,3
70.13152,0.45972452,43.99171161483787,11.368912094766682,0,1,9135.447,-0.8195976,5,1,false,false,-40.279675,2.940436,16.243008,2.5107913,-0.5883685,3
70.15995,0.45994872,43.991706215056354,11.36889950342078,0,1,9165.495,-0.81427026,5,1,false,false,-40.419365,2.5881991,16.73443,2.5008764,-0.58354306,3
70.18742,0.46017325,43.99170090481344,11.368886911694416,0,1,9184.422,-0.8103967,5,1,false,false,-41.27373,2.700336,18.669508,2.4910984,-0.57758605,3
70.2166,0.46039802,43.99169577529567,11.368874195557414,0,1,9177.001,-0.8094276,5,1,false,false,-41.53578,2.8682272,18.648031,2.481284,-0.58526105,3
70.24875,0.4606231,43.99169064522858,11.368861479039952,0,1,9166.996,-0.80942774,5,1,false,false,-40.966225,2.9787483,19.37682,2.4713457,-0.5883389,3
70.28343,0.46084854,43.9916856052494,11.36884863811185,0,1,9170.414,-0.8070066,5,1,false,false,-38.27254,3.1652806,14.415494,2.4615526,-0.5653782,3
70.32198,0.46107417,43.99168065480882,11.368835672392647,0,1,9180.439,-0.8045843,5,1,false,false,-33.66002,3.19654,10.128199,2.4525595,-0.50368243,3
70.36239,0.46130028,43.99167579500546,11.368822707053905,0,1,9186.931,-0.80894357,5,1,false,false,-31.726786,3.156425,8.88411,2.444853,-0.43531,3
70.39593,0.46152666,43.99167102529002,11.368809741334703,0,1,9190.291,-0.8254089,5,1,false,false,-30.792686,2.375517,9.272186,2.437879,-0.43360838,3
70.419304,0.46175328,43.99166625502525,11.36879665120486,0,1,9209.603,-0.85301274,5,1,false,false,-29.579784,1.9243724,8.45997,2.430364,-0.48527673,3
70.44105,0.46197993,43.9916615748484,11.368783560694558,0,1,9244.736,-0.8830379,5,1,false,false,-31.871672,2.0315433,12.577817,2.4217834,-0.5497197,3
70.46014,0.46220672,43.991657074847375,11.368770345773616,0,1,9266.403,-0.9021679,5,1,false,false,-36.306007,2.0421832,16.064413,2.4118705,-0.63414156,3
70.47701,0.46243337,43.99165248475843,11.368757130852675,0,1,9266.865,-0.903137,5,1,false,false,-39.847584,2.2633245,17.108349,2.4003546,-0.72440743,3
70.499886,0.46265993,43.991648074845315,11.368743791140632,0,1,9262.046,-0.8861857,5,1,false,false,-44.498146,3.0794616,21.09543,2.3874965,-0.7693918,3
70.5262,0.46288657,43.99164384510802,11.368730327017952,0,1,9247.901,-0.86366665,5,1,false,false,-46.822002,3.253597,22.083872,2.3745573,-0.74218476,3
70.552124,0.46311295,43.99163961482141,11.368716987305909,0,1,9229.107,-0.8358203,5,1,false,false,-48.711765,3.3393192,24.401955,2.362449,-0.6807421,3
70.57878,0.46333945,43.99163556525994,11.368703398392128,0,1,9216.299,-0.8094276,5,1,false,false,-47.190964,3.3637319,20.320835,2.351555,-0.60153294,3
70.60828,0.4635659,43.99163151514915,11.368689809478347,0,1,9211.328,-0.7852131,5,1,false,false,-43.96319,3.2857702,18.446112,2.34221,-0.5098909,3
70.63912,0.4637922,43.99162764521418,11.368676095773466,0,1,9209.583,-0.77673876,5,1,false,false,-40.900955,2.8684742,16.54907,2.33435,-0.44282,3
70.658585,0.46401873,43.99162395490572,11.368662382068585,0,1,9213.934,-0.78521323,5,1,false,false,-39.048183,2.0269167,17.857775,2.3269222,-0.46964028,3
70.6736,0.46424505,43.99162026514658,11.368648668744164,0,1,9237.074,-0.8048268,5,1,false,false,-36.905525,1.9832666,14.430554,2.3184261,-0.54105663,3
70.692894,0.46447143,43.99161666492603,11.368634830248183,0,1,9268.534,-0.8249249,5,1,false,false,-33.49681,2.523481,10.210548,2.308854,-0.5792265,3
70.72674,0.46469793,43.99161315479339,11.368620992132662,0,1,9277.082,-0.8324307,5,1,false,false,-32.399544,3.1985884,9.697822,2.2993853,-0.5426183,3
70.76222,0.46492437,43.991609734748664,11.368607028845581,0,1,9259.476,-0.83436817,5,1,false,false,-33.476402,3.0800357,12.438678,2.2906477,-0.51421964,3
70.78719,0.46515092,43.99160631525326,11.36859319073006,0,1,9251.181,-0.8399378,5,1,false,false,-35.970856,2.3827183,17.353378,2.2818139,-0.5573919,3
70.80449,0.46537745,43.991603074835034,11.368579103032339,0,1,9273.429,-0.84623325,5,1,false,false,-40.35457,2.2828538,16.977333,2.271905,-0.61710167,3
70.82198,0.46560404,43.99159992505404,11.36856514012572,0,1,9291.011,-0.8433273,5,1,false,false,-41.27191,2.677494,17.011795,2.2612162,-0.63292325,3
70.8507,0.46583065,43.99159686481164,11.368551052427998,0,1,9276.332,-0.8295249,5,1,false,false,-40.40534,3.2368093,15.8727865,2.2510152,-0.57330525,3
70.88132,0.46605733,43.99159389520647,11.368536840319637,0,1,9250.638,-0.8082162,5,1,false,false,-39.74472,3.0222633,15.075917,2.241875,-0.52464604,3
70.90299,0.4662841,43.991591015139896,11.368522752621917,0,1,9251.091,-0.7929627,5,1,false,false,-39.742493,2.2104373,16.484768,2.2331812,-0.5240173,3
70.918365,0.46651098,43.99158822516123,11.368508415722456,0,1,9279.075,-0.7842457,5,1,false,false,-39.506527,2.264694,15.638685,2.2241068,-0.55186194,3
70.93736,0.46673784,43.99158552527047,11.368494203233636,0,1,9301.086,-0.77649647,5,1,false,false,-39.67487,2.627995,17.978168,2.2146773,-0.56137663,3
70.961525,0.46696484,43.99158300500623,11.368479866334175,0,1,9294.485,-0.7663276,5,1,false,false,-40.589104,2.8646436,19.254288,2.20528,-0.5551572,3
70.98643,0.46719193,43.99158048474198,11.368465529434715,0,1,9276.764,-0.75518894,5,1,false,false,-40.45332,2.8367841,17.243383,2.195852,-0.56277275,3
71.01133,0.46741918,43.99157814520287,11.368451192154794,0,1,9276.198,-0.7464713,5,1,false,false,-41.01121,2.833636,18.168718,2.186295,-0.56405073,3
71.0331,0.46764654,43.99157589520236,11.368436855255334,0,1,9284.987,-0.74066085,5,1,false,false,-43.096313,2.6282644,22.424393,2.1767924,-0.56368685,3
71.05272,0.46787402,43.991573734740435,11.368422393564774,0,1,9287.204,-0.7375122,5,1,false,false,-43.463554,2.660716,19.904037,2.1671286,-0.57284,3
71.07682,0.4681016,43.991571664915746,11.368407807463575,0,1,9280.884,-0.7338804,5,1,false,false,-41.89889,2.9080634,19.829445,2.1574864,-0.5572681,3
71.10587,0.46832946,43.991569685178966,11.368393345773015,0,1,9271.696,-0.72322655,5,1,false,false,-41.61229,3.0654712,20.857,2.148423,-0.5150385,3
71.13029,0.46855742,43.99156788506869,11.368378759291355,0,1,9266.791,-0.70530826,5,1,false,false,-39.856884,2.6487522,17.78045,2.139897,-0.5025438,3
71.15501,0.46878564,43.991566084958414,11.368364297600793,0,1,9276.337,-0.6861794,5,1,false,false,-36.182518,2.7672896,15.358153,2.1314082,-0.49840364,3
71.18332,0.46901405,43.99156446502396,11.368349586708494,0,1,9291.325,-0.667293,5,1,false,false,-34.35872,2.9331236,14.830252,2.1232467,-0.46917877,3
71.21057,0.46924266,43.99156284508951,11.368335000607294,0,1,9295.349,-0.6544595,5,1,false,false,-33.70425,2.8294587,15.763288,2.1155252,-0.45976052,3
71.23616,0.46947166,43.991561404781564,11.368320414125634,0,1,9296.11,-0.6467111,5,1,false,false,-32.8938,2.7083852,14.469851,2.1076536,-0.48108283,3
71.26345,0.46970078,43.99155996502294,11.368305703233334,0,1,9305.651,-0.64695346,5,1,false,false,-34.126007,2.7967422,15.612429,2.0993402,-0.5001416,3
71.291275,0.46993023,43.991558704890814,11.368290992341036,0,1,9311.611,-0.6510701,5,1,false,false,-35.534912,2.8378103,16.602985,2.0908496,-0.5060271,3
71.32217,0.47016,43.99155744475868,11.368276281068274,0,1,9308.329,-0.6544595,5,1,false,false,-34.438046,3.2148023,13.394588,2.0823407,-0.49690711,3
71.35708,0.4703899,43.991556364802385,11.368261570175974,0,1,9302.136,-0.65881795,5,1,false,false,-32.695114,3.1837466,12.126501,2.0743124,-0.46008134,3
71.39245,0.47062045,43.991555284846086,11.368246859283676,0,1,9300.774,-0.6677771,5,1,false,false,-31.414007,2.9923491,10.785606,2.0670226,-0.42076886,3
71.41761,0.4708511,43.991554294977696,11.368232148391376,0,1,9311.029,-0.6823049,5,1,false,false,-30.108839,2.332008,11.23147,2.0600557,-0.43000448,3
71.43965,0.4710819,43.991553395197215,11.368217312707976,0,1,9311.542,-0.7007075,5,1,false,false,-29.70174,2.2625296,10.604592,2.0526226,-0.4634589,3
71.45512,0.47131285,43.99155258495533,11.368202601435216,0,1,9301.995,-0.7212895,5,1,false,false,-30.823471,1.8607342,12.359942,2.044571,-0.49946442,3
71.462746,0.4715438,43.99155186480136,11.368187766132277,0,1,9266.042,-0.74283934,5,1,false,false,-32.180283,1.2579646,12.262799,2.0360088,-0.52278936,3
71.45878,0.47177434,43.9915511451967,11.368172930448877,0,1,9260.19,-0.75591433,5,1,false,false,-33.44989,0.8841587,12.889242,2.0270436,-0.5422243,3
71.4489,0.47200477,43.99155060521855,11.368158094765478,0,1,9267.535,-0.76148415,5,1,false,false,-34.61981,0.45578432,12.444164,2.0179164,-0.54258645,3
71.434265,0.47223502,43.99155015477899,11.368143259082078,0,1,9271.773,-0.75906205,5,1,false,false,-35.47184,0.5066528,13.199533,2.0089207,-0.52769727,3
71.419174,0.47246507,43.991549704888754,11.368128548189778,0,1,9276.381,-0.7513138,5,1,false,false,-35.514793,0.41619247,13.25091,2.0002646,-0.51014787,3
71.40263,0.47269502,43.991549435174335,11.368113712506378,0,1,9275.109,-0.741628,5,1,false,false,-37.011787,0.30242926,15.839525,1.991706,-0.5178233,3
71.386375,0.47292468,43.99154925499852,11.368098876822978,0,1,9269.201,-0.7326697,5,1,false,false,-36.700256,0.38183808,12.558885,1.9828534,-0.53477764,3
71.37317,0.47315416,43.99154907482269,11.368084041139578,0,1,9267.394,-0.72056186,5,1,false,false,-36.65944,0.77286214,13.469863,1.9738867,-0.5265154,3
71.36294,0.47338358,43.99154907482269,11.36806920545618,0,1,9261.654,-0.7016763,5,1,false,false,-37.67368,0.5781717,15.630505,1.9652755,-0.50271463,3
71.347336,0.4736127,43.9915491649106,11.36805436977278,0,1,9263.993,-0.68690574,5,1,false,false,-38.052555,0.32968634,15.533403,1.9568379,-0.5064467,3
71.334435,0.47384176,43.991549345086426,11.36803965888048,0,1,9258.436,-0.6728618,5,1,false,false,-37.327576,0.8960106,13.694416,1.9481767,-0.512864,3
71.33015,0.47407058,43.991549614800846,11.36802482319708,0,1,9259.615,-0.6595445,5,1,false,false,-35.55224,1.2845945,12.851967,1.9398328,-0.47186026,3
71.33164,0.47429934,43.99154997515249,11.36800998751368,0,1,9264.154,-0.6505851,5,1,false,false,-34.00935,1.3790002,11.657522,1.9324676,-0.41839644,3
71.33252,0.474528,43.991550425042725,11.36799527662138,0,1,9260.842,-0.65058523,5,1,false,false,-32.163006,1.2168267,11.903598,1.9256563,-0.4112823,3
71.33237,0.47475654,43.99155087493297,11.367980440937982,0,1,9259.587,-0.66220707,5,1,false,false,-31.416367,0.9592295,11.393859,1.9185793,-0.4433883,3
71.26521,0.47498494,43.99155150499903,11.367965730045682,0,1,9319.925,-0.67649364,0,1,false,false,-31.791624,-5.561792,10.6830635,1.9110107,-0.45554733,3
71.18079,0.4752129,43.991552225153,11.367950894362282,0,1,8718.1,-0.6905377,6,1,false,false,-31.672134,0.85066086,11.854269,1.9034243,-0.46054095,3
71.281105,0.47544083,43.99155294475766,11.367936183089522,0,1,7648.7915,-0.70458174,6,1,false,false,-29.567461,8.140125,9.631023,1.8952471,-0.5219886,3
71.333534,0.475669,43.99155384508745,11.367921472197223,0,1,7752.6567,-0.71547717,6,1,false,false,-31.834822,1.0859945,10.415733,1.886271,-0.5367135,3
71.292244,0.47589704,43.99155474486793,11.367906636513823,0,1,8152.8853,-0.717414,6,1,false,false,-33.2352,-1.6079254,11.939215,1.877549,-0.51225376,3
71.28178,0.476125,43.99155573473632,11.367891925621523,0,1,8097.424,-0.7183833,6,1,false,false,-34.115536,2.4137893,13.428542,1.8689744,-0.52235764,3
71.32213,0.47635287,43.99155681524194,11.367877214729223,0,1,7847.935,-0.71668875,6,1,false,false,-35.515484,4.215479,14.187718,1.8598105,-0.56789035,3
71.35164,0.47658083,43.991557984736836,11.367862503456463,0,1,7859.1885,-0.7065187,6,1,false,false,-35.93131,2.1191335,12.482751,1.8501129,-0.5763431,3
71.34693,0.47680882,43.99155924486896,11.367847792564163,0,1,8006.925,-0.6876314,6,1,false,false,-37.665966,1.0654283,15.2220955,1.8406159,-0.5502058,3
71.346664,0.4770367,43.99156068517691,11.367833206462963,0,1,8013.3784,-0.6646292,6,1,false,false,-38.289825,2.0216317,15.478513,1.8316051,-0.53033483,3
71.36622,0.47726464,43.99156212493554,11.367818495190203,0,1,7922.751,-0.64501625,6,1,false,false,-38.228085,3.048017,14.740056,1.822703,-0.526147,3
71.38665,0.47749263,43.99156365478208,11.367803784297903,0,1,7906.118,-0.6263714,6,1,false,false,-37.51009,2.5508277,13.959599,1.813982,-0.5052867,3
71.39758,0.47772068,43.991565364804444,11.367789198196704,0,1,7952.426,-0.6062746,6,1,false,false,-36.668545,1.8831525,13.206973,1.8058712,-0.462632,3
71.40866,0.47794876,43.991567074826804,11.367774611715044,0,1,7964.938,-0.584967,6,1,false,false,-35.149475,2.2628572,12.656306,1.7984718,-0.42498866,3
71.42453,0.47817695,43.99156896502499,11.367760025613844,0,1,7939.2583,-0.5672912,6,1,false,false,-33.880356,2.392984,13.09803,1.7914634,-0.41790888,3
71.444115,0.47840515,43.99157085522318,11.367745439132184,0,1,7933.1567,-0.5520376,6,1,false,false,-31.808285,2.3349664,10.27865,1.7844902,-0.4125544,3
71.46024,0.47863358,43.99157283495996,11.367730852650524,0,1,7951.67,-0.5401721,6,1,false,false,-30.944363,2.207662,10.98254,1.7776517,-0.40429375,3
71.47913,0.47886208,43.99157499487256,11.367716266549325,0,1,7959.532,-0.53000337,6,1,false,false,-28.94196,2.249301,8.637422,1.7710686,-0.38646808,3
71.49905,0.47909063,43.99157715478516,11.367701804858765,0,1,7953.674,-0.52080154,6,1,false,false,-27.908834,2.3788137,9.569863,1.764715,-0.3793599,3
71.51892,0.4793195,43.99157931524709,11.367687218377103,0,1,7954.386,-0.51087433,6,1,false,false,-27.977177,2.1009052,10.484402,1.7583821,-0.38553867,3
71.53489,0.4795484,43.991581654786195,11.367672757067004,0,1,7967.361,-0.5021587,6,1,false,false,-27.450329,2.0208268,8.870609,1.7518069,-0.4027194,3
71.55451,0.47977751,43.99158399487462,11.367658295376444,0,1,7977.704,-0.4881147,6,1,false,false,-27.862165,2.4594245,10.424953,1.7449589,-0.41175863,3
71.57682,0.48000687,43.991586425050954,11.367643833685884,0,1,7972.555,-0.47164953,6,1,false,false,-28.302025,2.3676777,11.327793,1.7381229,-0.40782085,3
71.59826,0.48023626,43.99158894476589,11.367629371995324,0,1,7967.391,-0.4527641,6,1,false,false,-28.03456,2.5774465,10.213499,1.7312804,-0.40864217,3
71.622215,0.4804661,43.99159155511804,11.367614910304763,0,1,7972.406,-0.42951933,6,1,false,false,-27.588964,2.5246584,9.991547,1.7245656,-0.39300707,3
71.64638,0.48069602,43.99159416492089,11.367600573405303,0,1,7975.644,-0.41039234,6,1,false,false,-27.469461,2.4779983,10.3367605,1.7182088,-0.37000918,3
71.66664,0.48092598,43.99159686481164,11.367586111714743,0,1,7974.0874,-0.39683235,6,1,false,false,-27.075851,2.3658814,10.627931,1.7120816,-0.36837262,3
71.68954,0.48115593,43.991599654790306,11.367571774815284,0,1,7978.514,-0.39102197,6,1,false,false,-27.398594,2.4899476,11.581788,1.7059047,-0.36932948,3
71.71153,0.481386,43.99160253485688,11.367557437915822,0,1,7982.438,-0.39174843,6,1,false,false,-27.29314,2.4491024,10.939352,1.6997379,-0.36835992,3
71.73535,0.48161587,43.991605414923455,11.367543100635903,0,1,7980.7534,-0.39271653,6,1,false,false,-27.395638,2.4735146,12.267556,1.6935892,-0.36603835,3
71.75956,0.48184574,43.991608385077946,11.367528763736441,0,1,7978.653,-0.392959,6,1,false,false,-27.528484,2.538219,11.2472315,1.6874754,-0.36410072,3
71.78294,0.4820757,43.991611444771024,11.367514551628082,0,1,7979.4517,-0.39174846,6,1,false,false,-26.932455,2.4348767,10.84757,1.681419,-0.3591171,3
71.80667,0.48230577,43.99161459510134,11.36750021434816,0,1,7982.346,-0.3893273,6,1,false,false,-27.58703,2.4466026,13.283252,1.675466,-0.35447595,3
71.827385,0.4825358,43.99161774488233,11.3674860022398,0,1,7983.0327,-0.38472638,6,1,false,false,-28.730923,2.2638574,15.296901,1.6694494,-0.36807564,3
71.84573,0.4827659,43.991620984751236,11.36747178975098,0,1,7987.001,-0.37843093,6,1,false,false,-30.418196,2.2779188,16.563822,1.6630032,-0.39904618,3
71.86718,0.48299608,43.99162431525737,11.36745770243372,0,1,7988.735,-0.36777723,6,1,false,false,-31.12965,2.5828328,17.941969,1.6561252,-0.41028485,3
71.892044,0.48322624,43.991627734752775,11.367443489944899,0,1,7978.964,-0.34985983,6,1,false,false,-31.371101,2.7804825,18.095264,1.6493343,-0.3907127,3
71.91828,0.48345643,43.99163124488542,11.367429402247177,0,1,7966.26,-0.32879573,6,1,false,false,-30.240704,2.6425445,16.72036,1.6430519,-0.35573533,3
71.94426,0.4836867,43.991634755018055,11.367415314549458,0,1,7964.1675,-0.3084581,6,1,false,false,-27.791273,2.6815538,15.611661,1.6373836,-0.31671646,3
71.97018,0.48391694,43.99163835523861,11.367401227232197,0,1,7969.158,-0.2917513,6,1,false,false,-24.564615,2.3898435,13.842658,1.6324449,-0.27519542,3
71.99402,0.48414722,43.99164204499775,11.367387263945115,0,1,7973.0967,-0.2818232,6,1,false,false,-21.716827,2.311948,12.287353,1.6280457,-0.25441074,3
72.01608,0.48437756,43.9916458248448,11.367373176627856,0,1,7980.2725,-0.27867636,6,1,false,false,-18.993418,2.1043718,9.515633,1.6238533,-0.25073117,3
72.038666,0.4846079,43.99164960524117,11.367359213340775,0,1,7994.531,-0.28061342,6,1,false,false,-18.525728,2.3929858,10.080297,1.619617,-0.25519764,3
72.06344,0.48483828,43.99165338508823,11.367345250434154,0,1,8001.2153,-0.28327617,6,1,false,false,-18.116047,2.3123484,10.4633875,1.6153256,-0.2597793,3
72.08873,0.4850687,43.9916572550232,11.367331287527533,0,1,8002.0176,-0.2852142,6,1,false,false,-19.334446,2.5103583,13.470476,1.6108707,-0.2732603,3
72.11331,0.48529917,43.99166121504607,11.367317324620913,0,1,8003.4346,-0.2849709,6,1,false,false,-20.25242,2.37421,11.887839,1.6061423,-0.29032058,3
72.13978,0.48552963,43.99166517506895,11.36730348612493,0,1,8005.2124,-0.28230813,6,1,false,false,-20.208715,2.5980496,12.094067,1.6011674,-0.29695562,3
72.1684,0.48576018,43.99166922517974,11.36728952321831,0,1,8001.305,-0.27649665,6,1,false,false,-19.386147,2.5115747,10.285196,1.5963557,-0.27452964,3
72.19516,0.4859908,43.99167327529053,11.36727568510279,0,1,7998.695,-0.26681197,6,1,false,false,-18.566633,2.4193497,8.949815,1.592029,-0.24550167,3
72.216774,0.4862214,43.991677324852,11.367261846606809,0,1,8005.8306,-0.255191,6,1,false,false,-16.558674,1.9425275,9.79414,1.588115,-0.22986905,3
72.23539,0.48645207,43.99168155513861,11.367248008491288,0,1,8023.9214,-0.24163195,6,1,false,false,-15.3500395,1.9173803,8.460512,1.5843287,-0.22663361,3
72.25559,0.4866828,43.991685694787996,11.367234169995307,0,1,8043.2173,-0.22371551,6,1,false,false,-14.446698,2.098215,7.1478796,1.5805917,-0.22114295,3
72.27984,0.48691362,43.99168992507461,11.367220456670886,0,1,8048.7095,-0.20071426,6,1,false,false,-14.01303,2.148303,8.437053,1.576991,-0.21245955,3
72.30266,0.48714447,43.9916941548119,11.367206618174905,0,1,8049.5864,-0.1748077,6,1,false,false,-13.856995,2.125362,9.015501,1.5735018,-0.208867,3
72.32559,0.48737538,43.991698475186425,11.367192904470024,0,1,8063.8687,-0.14284733,6,1,false,false,-13.721805,2.1322832,10.453073,1.5699843,-0.21331555,3
72.35492,0.48760638,43.99170279501163,11.367179066354502,0,1,8075.1226,-0.10798254,6,1,false,false,-14.696397,3.032905,13.605744,1.5664079,-0.20898943,3
72.39096,0.48783746,43.991707114836835,11.367165352649621,0,1,8055.015,-0.07505496,6,1,false,false,-14.877898,3.0300908,14.51681,1.5630419,-0.18532526,3
72.4284,0.4880687,43.99171152529927,11.36715163894474,0,1,8024.8945,-0.04382202,6,1,false,false,-14.132432,3.0279317,15.789196,1.5602474,-0.14048573,3
72.461075,0.4883,43.9917160253003,11.367137925239858,0,1,8017.997,-0.015252729,6,1,false,false,-11.929716,2.7205381,15.553763,1.5583227,-0.085779965,3
72.48796,0.48853144,43.991720435213416,11.367124211915439,0,1,8028.554,0.0014530891,6,1,false,false,-9.3135805,2.3394122,15.094079,1.5572989,-0.038305335,3
72.51257,0.48876297,43.99172493521444,11.367110498210556,0,1,8038.0996,0.0038733396,6,1,false,false,-6.4458942,2.235828,12.808132,1.5569245,-0.01034045,3
72.53541,0.48899463,43.991729435215476,11.367096909296775,0,1,8045.102,-0.0055679847,6,1,false,false,-4.715179,2.2202125,10.063028,1.5568867,0.003034603,3
72.56024,0.48922637,43.9917339352165,11.367083195591894,0,1,8054.233,-0.02638964,6,1,false,false,-3.3728645,2.2001042,9.931303,1.5569423,0.002807576,3
72.587685,0.48945823,43.99173843521753,11.367069481887013,0,1,8063.429,-0.05108557,6,1,false,false,-3.222989,2.448654,9.796085,1.5569017,-0.00923838,3
72.61861,0.48969036,43.99174302530647,11.367055892973232,0,1,8063.6743,-0.0782027,6,1,false,false,-4.061072,3.263259,11.618465,1.5565488,-0.033725794,3
72.65052,0.48992252,43.991747525307495,11.367042179268351,0,1,8052.1074,-0.09805533,6,1,false,false,-4.766007,2.5464249,13.415323,1.5557162,-0.061852675,3
72.68367,0.49015492,43.991752114847124,11.367028465563468,0,1,8044.9146,-0.11306741,6,1,false,false,-6.13706,3.0591154,17.800575,1.55441,-0.090773806,3
72.70949,0.49038753,43.99175670493606,11.367014876649687,0,1,8048.0127,-0.122509696,6,1,false,false,-6.8285565,2.053711,16.486115,1.5526413,-0.11439852,3
72.73663,0.49062017,43.991761295025,11.367001162944806,0,1,8052.6953,-0.13243692,6,1,false,false,-8.454726,2.7421842,18.800226,1.5505471,-0.13165773,3
72.757904,0.49085316,43.99176588511394,11.366987449620385,0,1,8051.24,-0.1409111,6,1,false,false,-7.9831038,1.8508465,14.497928,1.5482707,-0.13510495,3
72.78272,0.49108613,43.99177047520288,11.366973860326144,0,1,8054.2983,-0.15374358,6,1,false,false,-8.474014,2.6414857,11.487669,1.5459859,-0.13678527,3
72.79959,0.49131924,43.991775154830414,11.366960271412362,0,1,8065.6294,-0.16899632,6,1,false,false,-7.0596547,1.3159871,5.7703943,1.5437243,-0.13340129,3
72.82069,0.49155244,43.991779835007264,11.366946558087943,0,1,8083.357,-0.19562842,6,1,false,false,-8.202667,2.248844,5.6341314,1.5415282,-0.135804,3
72.832794,0.4917857,43.991784515184115,11.3669329687937,0,1,8100.968,-0.2370321,6,1,false,false,-8.166612,0.88526434,5.868836,1.539161,-0.15407304,3
72.85336,0.49201855,43.99178928489956,11.366919379879919,0,1,8116.2363,-0.28933012,6,1,false,false,-12.782255,3.0545127,9.619694,1.5362396,-0.20178027,3
72.871826,0.49225146,43.99179396507641,11.366905790966138,0,1,8116.947,-0.34937674,6,1,false,false,-13.525587,1.123064,9.454315,1.5323273,-0.2640544,3
72.90004,0.49248424,43.99179873479186,11.366892202052355,0,1,8103.9253,-0.39489612,6,1,false,false,-21.380178,3.3096974,16.151728,1.5272938,-0.33423594,3
72.92293,0.49271694,43.99180359514453,11.366878613138574,0,1,8086.796,-0.4210452,6,1,false,false,-20.228285,1.3497488,14.987767,1.5211097,-0.3841177,3
72.94827,0.4929497,43.991808454947886,11.366865149015894,0,1,8080.977,-0.42830968,6,1,false,false,-23.119268,3.0891829,12.946115,1.5147353,-0.36788574,3
72.97058,0.49318218,43.99181340483916,11.366851684512751,0,1,8081.8857,-0.41692942,6,1,false,false,-20.038122,1.5594974,11.912533,1.5088282,-0.34122843,3
72.98732,0.4934148,43.99181835527974,11.36683822039007,0,1,8086.3955,-0.39199,6,1,false,false,-20.43334,2.3308485,7.1525283,1.503408,-0.30811343,3
73.00199,0.49364728,43.99182339525892,11.36682475588693,0,1,8102.976,-0.3619668,6,1,false,false,-16.276075,1.3552934,5.175367,1.498581,-0.28155547,3
73.0135,0.49387974,43.9918284352381,11.366811291764247,0,1,8118.8213,-0.32806912,6,1,false,false,-19.153244,2.7230053,8.758064,1.4941598,-0.26120746,3
73.015396,0.49411225,43.991833565305186,11.366797952052206,0,1,8131.5474,-0.30869964,6,1,false,false,-14.700989,-0.68049717,7.953702,1.4893972,-0.31556424,3
73.030266,0.49434465,43.99183869482296,11.366784612340163,0,1,8160.7554,-0.30288815,6,1,false,false,-21.961647,3.1327755,9.511918,1.4837097,-0.36192268,3
73.04973,0.49457717,43.991843824890054,11.366771272628123,0,1,8158.079,-0.31063676,6,1,false,false,-20.86852,1.4758964,14.006643,1.4773983,-0.38646415,3
73.075745,0.49480966,43.991849135132966,11.36675805770718,0,1,8120.5093,-0.33387953,6,1,false,false,-26.077448,3.7215931,11.587434,1.4710473,-0.36327463,3
73.10408,0.49504223,43.99185444482656,11.3667447183756,0,1,8100.2046,-0.36438793,6,1,false,false,-23.671251,1.7242179,12.342608,1.4651486,-0.33470744,3
73.12243,0.4952748,43.99185975506947,11.366731503454657,0,1,8108.595,-0.39586434,6,1,false,false,-28.488506,3.639031,14.600944,1.4598382,-0.2998102,3
73.13756,0.4955075,43.99186515485098,11.366718412944355,0,1,8115.735,-0.4333945,6,1,false,false,-24.20991,0.78438306,12.810083,1.4548763,-0.30085564,3
73.152336,0.4957402,43.991870645269714,11.366705198023412,0,1,8112.5493,-0.47746092,6,1,false,false,-29.255085,3.2209876,12.9754925,1.4497694,-0.31336346,3
73.15803,0.49597293,43.99187613513914,11.36669223230421,0,1,8113.644,-0.5198336,6,1,false,false,-23.783203,0.110700965,12.634021,1.4441981,-0.35872534,3
73.16501,0.49620572,43.99188171509646,11.36667914217437,0,1,8133.375,-0.55566937,6,1,false,false,-29.612928,2.9501417,14.714861,1.4377196,-0.41445258,3
73.16592,0.49643856,43.99188738514171,11.366666176455167,0,1,8149.5864,-0.58036625,6,1,false,false,-23.191692,0.11885995,8.438104,1.4304379,-0.4512361,3
73.178116,0.4966715,43.99189314527486,11.366653211116425,0,0.9903823,8151.8184,-0.59392524,6,1,false,false,-28.949621,2.8541474,10.486664,1.4226934,-0.47073337,3
73.18238,0.49690446,43.991898904858694,11.366640370188323,0,0.9750926,8148.553,-0.5939251,6,1,false,false,-27.000154,0.71238965,8.082449,1.4146322,-0.49620077,3
73.193436,0.49713752,43.99190466499184,11.366627528879759,0,0.9625154,8153.4946,-0.57818735,6,1,false,false,-31.974455,2.2359214,13.06914,1.406181,-0.5092618,3
73.19481,0.4973707,43.99191060530082,11.366614687951657,0,0.9491984,8154.416,-0.5455006,6,1,false,false,-34.090973,1.7035778,14.576095,1.3974534,-0.5278375,3
73.20353,0.4976039,43.99191654506048,11.366601971814655,0,0.9413071,8148.24,-0.49779937,6,1,false,false,-35.380898,2.178729,16.232355,1.3885634,-0.5237697,3
73.210106,0.49783722,43.991922574908045,11.366589380088293,0,0.93859446,8138.7695,-0.45155352,6,1,false,false,-37.087193,2.2555668,19.207165,1.3799435,-0.49771166,3
73.219086,0.4980705,43.99192869484353,11.366576788742389,0,0.93859434,8132.6187,-0.42685658,6,1,false,false,-33.995445,2.1863093,15.92877,1.3719214,-0.4494229,3
73.22879,0.498304,43.99193490486692,11.366564321807127,0,0.93538857,8131.618,-0.4297618,6,1,false,false,-30.768389,2.1844716,11.760348,1.3649492,-0.3817822,3
73.23861,0.49853754,43.99194111489031,11.366551854871863,0,0.9001235,8131.3286,-0.46390188,6,1,false,false,-27.631779,1.8949199,10.170325,1.3592135,-0.30956727,3
73.241035,0.49877116,43.99194741500162,11.36653951234724,0.0020254974,0.813317,8123.7485,-0.5287917,6,1,false,false,-24.362255,1.1298319,5.749761,1.3543454,-0.29770577,3
73.23682,0.499005,43.99195380520083,11.366527170203078,0.0059573455,0.6475957,8096.5737,-0.6147498,6,1,false,false,-25.002827,0.61775726,8.621112,1.3491302,-0.3388512,3
73.21515,0.49923876,43.991960194850726,11.366514828058914,0.007625403,0.48360035,8044.2783,-0.6871485,6,1,false,false,-25.981737,-0.61527497,7.9609427,1.3429444,-0.40878674,3
73.16842,0.4994726,43.99196667513785,11.36650261032539,0.009174311,0.29617754,7997.5493,-0.7394493,6,1,false,false,-29.033752,-2.1162517,9.9392805,1.3354328,-0.48245642,3
73.08617,0.49970627,43.991973244963575,11.366490392591867,0.0091743115,0.27570906,8032.699,-0.7619683,6,1,false,false,-33.85634,-4.37351,13.457415,1.326894,-0.53243184,3
72.97978,0.4999397,43.99197981533861,11.366478300029906,0.009889193,0.28409377,8103.8374,-0.75252515,6,1,false,false,-35.242073,-4.6098447,11.166496,1.3175915,-0.5636519,3
72.884865,0.50017285,43.99198638516433,11.36646633149812,0.009889194,0.311714,8090.2344,-0.7283105,6,1,false,false,-35.241364,-3.6113937,11.363775,1.3082521,-0.54376096,3
72.80429,0.5004057,43.99199313516587,11.366454488137897,0.009889194,0.33662146,8032.4033,-0.697317,6,1,false,false,-37.77543,-2.9893503,15.270707,1.2994367,-0.5150503,3
72.72069,0.50063837,43.99199988516742,11.366442644397214,0.009889194,0.34106034,8011.1084,-0.67019826,6,1,false,false,-36.396957,-3.5748866,11.063383,1.2907493,-0.52909446,3
72.63189,0.5008707,43.99200672525687,11.366430925447629,0.009889194,0.34278667,8031.9077,-0.6530063,6,1,false,false,-36.5651,-3.5857291,12.478954,1.2817212,-0.5432646,3
72.547035,0.50110286,43.992013565346326,11.366419331289146,0.009889194,0.3462392,8033.8003,-0.64017403,6,1,false,false,-36.85792,-3.189573,11.978289,1.2726908,-0.52737266,3
72.46666,0.50133467,43.992020585062285,11.366407861541301,0.009889194,0.35265112,8006.11,-0.6362998,6,1,false,false,-35.836914,-3.087237,10.8231535,1.2640711,-0.5052542,3
72.388405,0.50156635,43.99202760532756,11.366396392173918,0.009889194,0.35635015,7988.2104,-0.6430792,6,1,false,false,-37.043934,-2.9810238,13.51764,1.2557194,-0.49351346,3
72.30669,0.50179803,43.992034625043516,11.366385172008274,0.009889194,0.35635018,7987.657,-0.6593027,6,1,false,false,-35.854336,-3.2237394,9.918393,1.2474929,-0.48675966,3
72.22622,0.50202954,43.9920418249353,11.366373951462167,0.009889194,0.35635018,7985.575,-0.6796415,6,1,false,false,-35.461823,-3.0545108,11.417952,1.2394438,-0.4718959,3
72.15072,0.5022606,43.99204902482708,11.366362731296523,0.009889194,0.35635018,7968.9766,-0.6992544,6,1,false,false,-34.802986,-2.7374568,9.339846,1.2317909,-0.44185296,3
72.07539,0.50249124,43.992056315356095,11.366351760332618,0.009889194,0.3548705,7952.6978,-0.7169301,6,1,false,false,-31.746107,-3.0210443,7.3022304,1.2246275,-0.41940492,3
71.99399,0.5027216,43.99206360533579,11.366340789368714,0.009889194,0.35487053,7947.7036,-0.7338802,6,1,false,false,-36.69511,-3.6199963,14.870434,1.2174678,-0.46066704,3
71.90471,0.5029514,43.992070984854074,11.366329943195908,0.008816869,0.35856965,7953.0894,-0.7563987,6,1,false,false,-36.034428,-3.7583952,11.175009,1.2090229,-0.54295826,3
71.81781,0.50318086,43.99207836492168,11.366319221814203,0.007387108,0.37558562,7963.177,-0.7716541,6,1,false,false,-37.41775,-3.157392,13.260304,1.1992956,-0.60177255,3
71.74312,0.50341,43.99208583507719,11.366308500052037,0.0057190508,0.4098643,7958.321,-0.76971674,6,1,false,false,-38.668285,-2.4184299,13.423582,1.1892458,-0.5798418,3
71.67223,0.5036387,43.99209339532062,11.366298027872071,0.0046467297,0.4345253,7939.2407,-0.7602737,6,1,false,false,-37.16863,-2.44821,12.732283,1.1797947,-0.5546065,3
71.60956,0.5038672,43.99210104510264,11.366287555692107,0.0034552605,0.4591862,7932.39,-0.7457447,6,1,false,false,-38.230843,-1.8948524,12.5754795,1.1706877,-0.5286408,3
71.550064,0.5040953,43.992108694884664,11.366277208303242,0.0020254976,0.48853272,7935.527,-0.73606014,6,1,false,false,-36.24596,-1.808282,10.440449,1.1620176,-0.5099173,3
71.49604,0.5043233,43.99211643530391,11.366266985325016,0.00095317536,0.5159063,7935.662,-0.7396917,6,1,false,false,-35.66978,-1.3877378,10.2028475,1.153642,-0.4931949,3
71.44624,0.50455105,43.99212417517385,11.366256887137888,-8.731149e-11,0.55462384,7933.646,-0.7530091,6,1,false,false,-36.109993,-1.1299355,11.884113,1.1454183,-0.49488857,3
71.40095,0.5047785,43.9921320952196,11.366246788950763,0,0.60024655,7939.9824,-0.7702011,6,1,false,false,-36.129227,-0.8630353,11.416559,1.1369263,-0.52046853,3
71.36161,0.5050059,43.99213992517745,11.366236939965376,0,0.64759547,7949.5225,-0.7919934,6,1,false,false,-36.037045,-0.32935178,11.986676,1.1279835,-0.54198706,3
71.33179,0.5052331,43.99214793531111,11.36622709097999,0,0.67472273,7943.224,-0.8106384,6,1,false,false,-35.907127,0.2953354,10.995765,1.1188549,-0.54115635,3
71.30762,0.50546026,43.992155944895465,11.366217366785703,0,0.6831072,7922.09,-0.82468235,6,1,false,false,-36.51618,0.35146695,12.599023,1.1097907,-0.5417272,3
71.28288,0.50568736,43.99216404511704,11.366207642591416,0,0.6848336,7915.3555,-0.8380008,6,1,false,false,-36.660637,0.35486692,11.266552,1.1006601,-0.54366904,3
71.25795,0.5059144,43.99217214533862,11.366198167979329,0,0.69395804,7924.183,-0.84623337,6,1,false,false,-36.51484,0.32708138,10.23161,1.0916686,-0.53056973,3
71.23397,0.5061413,43.99218033509879,11.366188692986782,0,0.71072763,7927.9395,-0.8525287,6,1,false,false,-37.57403,0.22634554,13.825514,1.082977,-0.5170866,3
71.145836,0.50636816,43.992188614946876,11.366179342785335,0,0.7279902,8561.734,-0.86027646,0,1,false,false,-37.913292,-5.6912327,11.88901,1.0743089,-0.52739763,3
71.01532,0.5065946,43.99219689534427,11.366170117374988,0,0.7450061,9192.8,-0.86487734,5,1,false,false,-39.56512,-5.9757595,14.41595,1.0652204,-0.55431104,3
70.88665,0.50682074,43.99220517519236,11.36616114116638,0,0.763502,9334.987,-0.8656047,5,1,false,false,-39.84306,-5.8915176,13.624262,1.0557728,-0.56724054,3
70.77336,0.5070466,43.99221354512835,11.366152164957773,0,0.7940812,9367.194,-0.8617295,5,1,false,false,-40.16205,-3.809988,14.495159,1.04614,-0.57373774,3
70.701,0.50727206,43.99222200515226,11.366143313159805,0,0.81701607,9303.941,-0.8534969,5,1,false,false,-42.302807,-1.4776983,16.869926,1.036294,-0.59790164,3
70.65956,0.50749743,43.99223055526407,11.366134586152937,0,0.854994,9265.0205,-0.84308565,5,1,false,false,-41.8204,0.34648895,16.56631,1.0258135,-0.6276068,3
70.64793,0.50772285,43.992239105375894,11.366125983937168,0,0.8757091,9310.074,-0.8336414,5,1,false,false,-39.608738,2.1560962,13.722369,1.0153358,-0.5972392,3
70.66497,0.5079483,43.992247654938396,11.3661175065125,0,0.89395803,9267.38,-0.82226104,5,1,false,false,-39.850746,3.4343495,15.595993,1.0058081,-0.53468966,3
70.684296,0.50817406,43.992256385226035,11.366109153878933,0,0.9085078,9206.62,-0.8171764,5,1,false,false,-38.98771,2.8988543,14.689676,0.997051,-0.519389,3
70.69817,0.50839984,43.992265114964354,11.366100926036463,0,0.92355126,9211.809,-0.81838685,5,1,false,false,-39.420204,2.5312736,15.196487,0.98812246,-0.53689605,3
70.702835,0.5086258,43.992273845251994,11.366092822224175,0,0.93884087,9257.162,-0.8210498,5,1,false,false,-42.377533,2.1101823,20.813158,0.97870845,-0.5723614,3
70.70697,0.5088519,43.99228266507823,11.366084843202986,0,0.9501849,9275.926,-0.81983906,5,1,false,false,-42.47768,2.4729748,18.881794,0.9687115,-0.6000211,3
70.71512,0.509078,43.99229157499238,11.366076988972896,0,0.9622689,9261.268,-0.8125756,5,1,false,false,-43.340824,2.8115275,18.415369,0.95813364,-0.6397891,3
70.735855,0.50930446,43.99230057499443,11.366069259533907,0,0.9723797,9245.992,-0.80071115,5,1,false,false,-42.205597,3.7875543,17.068373,0.9472155,-0.625131,3
70.75881,0.509531,43.99230957499649,11.366061654886018,0,0.9829842,9236.898,-0.7881191,5,1,false,false,-42.727127,3.2962174,18.816414,0.93703496,-0.56976074,3
70.781296,0.50975776,43.99231866508646,11.366054175029229,0,0.9908754,9232.861,-0.77601135,5,1,false,false,-37.29661,3.6734202,15.305169,0.9280688,-0.49586394,3
70.813034,0.50998485,43.992327845264334,11.366046819202618,0,0.9985205,9236.524,-0.7648745,5,1,false,false,-36.638287,3.4750485,12.229821,0.9205869,-0.39400977,3
70.83512,0.51021206,43.9923370248929,11.366039463376007,0,0.9999999,9232.896,-0.756157,5,1,false,false,-34.875774,1.9906933,14.407091,0.9145323,-0.35314062,3
70.85438,0.5104397,43.99234620507078,11.366032357892518,0,1,9236.294,-0.7517985,5,1,false,false,-28.208277,3.8347383,13.881965,0.9087784,-0.3471026,3
70.8698,0.5106675,43.992355475336566,11.366025251648107,0,1,9263.77,-0.75252527,5,1,false,false,-31.396488,0.664729,10.959202,0.9028884,-0.36955312,3
70.89055,0.5108955,43.992364835140954,11.366018270194797,0,1,9288.177,-0.7563986,5,1,false,false,-23.91386,3.0680609,9.325005,0.89676726,-0.3587717,3
70.92105,0.5111238,43.992374105406746,11.366011288741486,0,1,9288.282,-0.76584274,5,1,false,false,-29.248455,4.5855126,9.284128,0.89079356,-0.35188693,3
70.93465,0.51135224,43.99238346521113,11.366004556109456,0,1,9281.52,-0.77746445,5,1,false,false,-20.74569,1.9308956,6.5607214,0.884867,-0.35761726,3
70.969574,0.5115806,43.99239291510342,11.365997699447245,0,1,9292.505,-0.79247844,5,1,false,false,-29.339474,4.6794434,12.909473,0.8788171,-0.37136385,3
70.9649,0.51180893,43.99240236499572,11.365991092367235,0,1,9309.548,-0.81136405,5,1,false,false,-27.040905,0.45767844,15.307567,0.87183404,-0.46790195,3
70.984184,0.5120372,43.992411815437336,11.365984484526303,0,1,9310.639,-0.8280716,5,1,false,false,-31.48969,4.9403048,10.633244,0.86367995,-0.49340972,3
70.99107,0.51226526,43.99242126532963,11.36597800147647,0,1,9311.886,-0.8372734,5,1,false,false,-27.698671,0.19191647,10.684222,0.8551596,-0.5157042,3
71.01508,0.5124934,43.99243080530984,11.36597151918756,0,1,9311.324,-0.8396955,5,1,false,false,-28.612608,3.6561925,6.694438,0.8468568,-0.46889007,3
71.04093,0.5127214,43.99244043537796,11.36596528571993,0,1,9312.02,-0.84453875,5,1,false,false,-26.376062,2.065889,6.794117,0.83958167,-0.40679413,3
71.05413,0.5129494,43.99244997535816,11.365959052252299,0,1,9308.733,-0.8614881,5,1,false,false,-26.078617,2.7695763,6.039445,0.83293635,-0.39415026,3
71.06958,0.5131774,43.99245969496488,11.365952818784667,0,1,9300.695,-0.89877784,5,1,false,false,-32.200207,1.306105,14.189586,0.82600695,-0.4485383,3
71.06727,0.5134052,43.992469325033,11.365946834138315,0,1,9282.75,-0.9409105,5,1,false,false,-30.243042,1.7394211,11.426221,0.8179291,-0.5180101,3
71.076805,0.51363295,43.99247904518903,11.365940850252883,0,1,9294.372,-0.97529584,5,1,false,false,-39.185062,3.914631,15.201083,0.80879414,-0.55671394,3
71.0645,0.5138606,43.99248876534506,11.365934991158552,0,1,9280.026,-0.994909,5,1,false,false,-32.83517,-0.25720823,11.47282,0.79923475,-0.5715845,3
71.06022,0.51408803,43.99249857503968,11.365929256094399,0,1,9302.115,-1.0043532,5,1,false,false,-43.47287,3.349462,15.659975,0.7897129,-0.55990076,3
71.04556,0.5143154,43.99250829519571,11.365923645821347,0,1,9309.953,-1.0111337,5,1,false,false,-34.092045,0.04832709,15.798014,0.7801803,-0.5650638,3
71.04299,0.5145426,43.992518194978246,11.365918160339394,0,1,9295.361,-1.0099219,5,1,false,false,-42.504677,3.3813548,16.822989,0.7707431,-0.5520494,3
71.03906,0.51476973,43.9925280953101,11.365912924439641,0,1,9308.754,-0.9973308,5,1,false,false,-37.682194,0.96278787,15.987986,0.761518,-0.5446012,3
71.04402,0.51499677,43.99253799509263,11.365907688539888,0,1,9309.307,-0.9801384,5,1,false,false,-40.612312,3.345313,17.57221,0.7523176,-0.546859,3
71.054436,0.5152238,43.99254789542449,11.365902576670315,0,1,9292.599,-0.96294576,5,1,false,false,-39.132385,2.8152037,14.7106085,0.7430221,-0.54274434,3
71.06772,0.5154508,43.992557885294936,11.365897590352763,0,1,9275.291,-0.9467219,5,1,false,false,-38.586163,2.92801,15.90209,0.7338904,-0.538237,3
71.08275,0.5156778,43.992567875165385,11.36589272806539,0,1,9275.342,-0.9353409,5,1,false,false,-36.952084,2.9266958,14.320873,0.7249657,-0.5130303,3
71.09319,0.5159048,43.99257795512374,11.365888115360216,0,1,9281.712,-0.92371786,5,1,false,false,-38.064995,2.2703187,14.593727,0.7166532,-0.48997813,3
71.09659,0.5161318,43.9925880350821,11.365883502655043,0,1,9290.6875,-0.9113694,5,1,false,false,-34.144222,2.096883,9.052502,0.7083754,-0.5014145,3
71.10549,0.51635885,43.99259811504046,11.365879013980047,0,1,9308.7,-0.89756715,5,1,false,false,-33.117767,2.5261536,8.362576,0.69986236,-0.5123374,3
71.11782,0.51658595,43.992608285086725,11.365874650857075,0,1,9311.908,-0.88546026,5,1,false,false,-33.67354,2.617205,10.949128,0.6913868,-0.5020471,3
71.12166,0.5168131,43.99261836504508,11.365870411764279,0,1,9311.323,-0.8791648,5,1,false,false,-32.352333,2.1365638,8.981011,0.68287534,-0.524184,3
71.124916,0.5170403,43.992628625179265,11.365866298223505,0,1,9311.525,-0.8772274,5,1,false,false,-32.411846,2.190505,9.689942,0.6738112,-0.55573416,3
71.127205,0.5172676,43.99263879522554,11.365862308712911,0,1,9300.496,-0.87359476,5,1,false,false,-33.262882,1.984874,9.566073,0.6643152,-0.57027316,3
71.123146,0.51749486,43.99264905535971,11.365858319202317,0,1,9302.524,-0.8631825,5,1,false,false,-32.867218,1.7623942,8.351722,0.65481335,-0.55845475,3
71.11399,0.5177222,43.992659315493896,11.365854579273922,0,1,9300.14,-0.8510758,5,1,false,false,-32.772163,1.3509235,8.271453,0.64574134,-0.5259336,3
71.09731,0.51794964,43.99266957507876,11.365850839345526,0,1,9257.069,-0.8406634,5,1,false,false,-33.703938,0.77402174,9.410318,0.6371743,-0.50983626,3
71.07182,0.5181771,43.99267983521294,11.365847348238411,0,1,9291.812,-0.840421,5,1,false,false,-34.733047,0.5325425,10.314758,0.6284794,-0.5358682,3
71.04256,0.5184044,43.99269009534712,11.365843857892218,0,1,9299.999,-0.84744304,5,1,false,false,-35.530167,0.34567684,9.844277,0.6191813,-0.5696582,3
71.01651,0.51863194,43.9927004450199,11.3658404915762,0,1,9304.163,-0.8576136,5,1,false,false,-37.035328,0.90242267,11.271437,0.6095534,-0.5670065,3
70.99158,0.51885927,43.99271079524199,11.365837250051285,0,1,9293.988,-0.86947906,5,1,false,false,-36.770214,0.8051707,10.351907,0.60028136,-0.5386973,3
70.96791,0.5190868,43.99272114546408,11.365834258108569,0,1,9294.941,-0.88182825,5,1,false,false,-36.005184,0.8246152,9.796059,0.5915515,-0.5068483,3
70.946594,0.5193143,43.99273149513686,11.365831266165854,0,1,9266.629,-0.89635557,5,1,false,false,-35.463284,1.0558413,8.858652,0.5832157,-0.49260306,3
70.92853,0.5195418,43.9927419351722,11.365828398253317,0,1,9262.723,-0.91475976,5,1,false,false,-33.0471,0.8233217,6.9071107,0.57506096,-0.484193,3
70.91289,0.51976955,43.992752285119636,11.3658257806839,0,1,9259.025,-0.9304993,5,1,false,false,-34.44034,1.3731352,8.353902,0.5669407,-0.48716486,3
70.897125,0.51999724,43.99276272515498,11.365823162353564,0,1,9260.394,-0.93461525,5,1,false,false,-35.15836,1.1499553,10.220897,0.5587097,-0.50226665,3
70.8782,0.52022517,43.99277316519032,11.365820668814328,0,1,9257.947,-0.93170905,5,1,false,false,-34.88511,1.2598128,10.892951,0.55007017,-0.5275078,3
70.859314,0.52045316,43.99278360522567,11.365818300066191,0,1,9261.039,-0.9174225,5,1,false,false,-36.22724,1.1615205,12.277175,0.54100066,-0.5509704,3
70.840256,0.520681,43.992794045261014,11.365816056109153,0,1,9259.473,-0.8898186,5,1,false,false,-36.319664,1.0876896,9.557107,0.53162843,-0.56067973,3
70.824814,0.5209085,43.99280448529636,11.365813936943217,0,1,9257.84,-0.8510756,5,1,false,false,-36.198837,1.6885865,9.867782,0.5223089,-0.54134774,3
70.81772,0.52113587,43.992815015144956,11.36581194180746,0,1,9309.687,-0.8031314,5,1,false,false,-35.4473,2.0896254,9.545534,0.51363844,-0.49049202,3
70.811424,0.5213631,43.9928254551803,11.365810072223724,0,1,9294.69,-0.752041,5,1,false,false,-34.12728,1.9159689,8.82449,0.5057922,-0.45445427,3
70.80859,0.52159023,43.99283598530356,11.365808451461264,0,1,9304.697,-0.702402,5,1,false,false,-33.09681,2.179826,8.081588,0.49830335,-0.44460425,3
70.809166,0.52181745,43.99284651515216,11.365806830698807,0,1,9305.557,-0.64888954,5,1,false,false,-31.233555,2.2020173,7.0592875,0.49086112,-0.44738665,3
70.81728,0.5220445,43.992857045275414,11.36580520993635,0,1,9304.008,-0.6011896,5,1,false,false,-29.214949,2.7311468,5.3246574,0.48354438,-0.4200933,3
70.82678,0.5222716,43.992867485310754,11.365803838756092,0,1,9299.37,-0.550827,5,1,false,false,-26.963926,2.4066768,4.248389,0.47693563,-0.3744097,3
70.83131,0.52249867,43.992878105247264,11.365802467575833,0,1,9258.393,-0.51087445,5,1,false,false,-26.645714,1.8105557,5.64259,0.47093284,-0.3564092,3
70.82491,0.52272564,43.99288863537052,11.365801345216854,0,1,9307.83,-0.4839989,5,1,false,false,-25.911001,1.5143574,4.4256186,0.46486738,-0.37121254,3
70.8193,0.52295274,43.99289916521912,11.365800223618796,0,1,9305.417,-0.46148068,5,1,false,false,-27.0533,1.9584174,6.3342094,0.4585283,-0.3803628,3
70.81615,0.5231796,43.99290969534238,11.365799101259817,0,1,9297.694,-0.44477394,5,1,false,false,-26.899717,1.6062992,5.9426665,0.4522888,-0.36483473,3
70.80772,0.5234065,43.99292022519097,11.365798228483039,0,1,9291.312,-0.43194154,5,1,false,false,-28.117344,1.4499419,8.367323,0.44630122,-0.35449567,3
70.80086,0.52363336,43.99293084540214,11.36579735570626,0,1,9293.516,-0.42249832,5,1,false,false,-27.938017,1.5412021,6.8117375,0.4405101,-0.3413376,3
70.79636,0.52386016,43.99294137525074,11.365796607720581,0,1,9262.282,-0.42031962,5,1,false,false,-27.45278,1.4750876,7.492899,0.434946,-0.33108446,3
70.79741,0.52408695,43.99295199518725,11.365795859734902,0,1,9285.522,-0.4210452,5,1,false,false,-27.377266,1.6553943,6.677551,0.4294886,-0.32861784,3
70.80124,0.5243137,43.9929625253105,11.365795361331424,0,1,9277.587,-0.42588747,5,1,false,false,-26.763311,1.8461726,6.22284,0.4239495,-0.3378669,3
70.80881,0.5245404,43.992973145247014,11.365794862167023,0,1,9311.301,-0.4326671,5,1,false,false,-26.82572,2.0316052,6.5360374,0.41821137,-0.34831488,3
70.81855,0.5247672,43.99298367537027,11.365794488554645,0,1,9276.106,-0.4360574,5,1,false,false,-27.429752,2.2962687,7.8663855,0.4123028,-0.3562634,3
70.82931,0.52499396,43.99299429530678,11.365794238972445,0,1,9311.123,-0.4370254,5,1,false,false,-27.654331,2.337114,8.851014,0.4063084,-0.35992685,3
70.77201,0.52522063,43.993004825430035,11.365793990151165,0,1,9308.633,-0.43387863,0,1,false,false,-28.460485,-3.9282732,7.724043,0.40040818,-0.33640444,3
70.6956,0.5254471,43.993015445366545,11.365793990151165,0,1,8689.038,-0.42830962,6,1,false,false,-26.343317,0.87803704,5.76706,0.39513093,-0.30427036,3
70.78027,0.5256735,43.99302597521514,11.365793990151165,0,1,7621.8193,-0.4237088,6,1,false,false,-24.92814,7.9190173,8.124849,0.38979685,-0.34362742,3
70.832825,0.5259003,43.99303659542631,11.365793990151165,0,1,7762.6426,-0.42104524,6,1,false,false,-25.831675,1.8947634,7.0448956,0.38384748,-0.36056814,3
70.803925,0.52612704,43.993047215362814,11.365794238972445,0,1,8145.3027,-0.42128766,6,1,false,false,-25.771524,-0.5259461,6.701761,0.37790698,-0.3520173,3
70.80326,0.5263537,43.993057745211416,11.365794488554645,0,1,8032.7363,-0.43266705,6,1,false,false,-25.557453,2.8066864,7.4692945,0.37198892,-0.36355156,3
70.850624,0.5265806,43.99306836542258,11.365794862167023,0,1,7795.02,-0.43412012,6,1,false,false,-26.119476,4.486255,7.4214582,0.36570764,-0.38688043,3
70.88209,0.52680755,43.99307898535909,11.365795361331424,0,1,7850.911,-0.43242556,6,1,false,false,-26.654066,2.7292151,8.342741,0.35909784,-0.3951042,3
70.88753,0.5270346,43.993089515207686,11.365795859734902,0,1,7988.0127,-0.4217727,6,1,false,false,-24.782763,1.578232,6.681196,0.35280222,-0.35393104,3
70.902916,0.5272617,43.99310013541886,11.36579648292948,0,1,7959.16,-0.40458095,6,1,false,false,-22.964025,2.819985,4.773825,0.3474452,-0.2916145,3
70.927055,0.52748895,43.99311075535537,11.36579723091516,0,1,7881.8486,-0.3856946,6,1,false,false,-23.623425,2.5571759,6.370431,0.34271845,-0.28808156,3
70.934135,0.52771634,43.99312137529187,11.365797978900838,0,1,7918.3813,-0.36923024,6,1,false,false,-23.836926,1.2529278,9.394989,0.33750695,-0.34664857,3
70.942055,0.5279437,43.99313190541513,11.365798851677617,0,1,8003.1875,-0.36196667,6,1,false,false,-24.644934,2.2111332,6.0044417,0.3311931,-0.40029603,3
70.96806,0.5281712,43.99314252535164,11.365799849245496,0,1,7985.283,-0.35881904,6,1,false,false,-27.980965,3.6614754,9.349749,0.3243313,-0.40661904,3
71.001945,0.5283989,43.99315314528815,11.365800971604475,0,1,7901.9697,-0.3576084,6,1,false,false,-21.967613,3.3472455,5.4315643,0.31797484,-0.34818098,3
71.03468,0.52862674,43.9931636754114,11.365802093202534,0,1,7889.9727,-0.36099762,6,1,false,false,-24.247446,3.7636194,5.564483,0.3127667,-0.27386823,3
71.044395,0.5288547,43.99317429534791,11.365803340352613,0,1,7934.927,-0.3697143,6,1,false,false,-16.992031,-0.521834,4.3438,0.30865046,-0.23332544,3
71.05323,0.52908283,43.993184915284424,11.36580458674177,0,1,7964.202,-0.37843096,6,1,false,false,-21.737827,2.8929665,3.7067335,0.30484894,-0.226545,3
71.0569,0.529311,43.99319544540768,11.365805957922028,0,1,7965.76,-0.379884,6,1,false,false,-14.415813,0.3180462,-0.20245448,0.30095786,-0.23112737,3
71.06383,0.5295394,43.99320606534419,11.365807329102285,0,1,7981.66,-0.36971438,6,1,false,false,-13.752489,2.5596757,-0.01954589,0.29739198,-0.19642632,3
71.08518,0.52976793,43.99321668528069,11.365808825073644,0,1,8011.8657,-0.35228193,6,1,false,false,-18.687044,1.7594228,5.3437595,0.2939138,-0.22674204,3
71.05797,0.52999645,43.993227215403955,11.365810321805922,0,1,8054.7876,-0.32685855,6,1,false,false,-22.3545,0.50792116,7.0917478,0.28884426,-0.38368547,3
71.08381,0.53022504,43.99323783534046,11.36581194180746,0,1,8117.373,-0.2941724,6,1,false,false,-26.720734,3.150178,12.25387,0.2814476,-0.48830593,3
71.1293,0.5304537,43.99324836546372,11.365813687361017,0,1,8055.579,-0.2544644,6,1,false,false,-24.603218,5.581414,8.074455,0.2729767,-0.49753678,3
71.19314,0.5306824,43.993258985400225,11.365815432914575,0,1,7934.62,-0.19998682,6,1,false,false,-23.93042,4.96328,7.6447563,0.26551643,-0.385753,3
71.23993,0.5309112,43.99326951524883,11.365817303259233,0,1,7904.03,-0.1440588,6,1,false,false,-23.747149,3.456439,6.8639717,0.26013356,-0.2600153,3
71.25903,0.53114015,43.99328013545999,11.36581929763407,0,1,7954.141,-0.09345636,6,1,false,false,-20.995487,1.6377676,7.67341,0.25652242,-0.18201579,3
71.26855,0.5313691,43.99329066530859,11.365821292008906,0,1,7986.1387,-0.06294995,6,1,false,false,-19.631252,2.046954,8.097695,0.253725,-0.15259294,3
71.28293,0.53159803,43.993301285245096,11.365823411935764,0,1,7979.1924,-0.05157055,6,1,false,false,-19.069149,2.085148,9.313993,0.2511601,-0.15679513,3
71.30037,0.53182703,43.99331181536835,11.3658255311017,0,1,7981.2715,-0.05035903,6,1,false,false,-16.781242,2.2228782,6.867372,0.24842168,-0.17131166,3
71.32995,0.53205603,43.99332234549161,11.365827775058738,0,1,8005.603,-0.05568545,6,1,false,false,-18.955141,3.4432578,6.3818436,0.24557276,-0.1628435,3
71.366905,0.5322851,43.99333296542812,11.365830019015775,0,1,7990.212,-0.07021258,6,1,false,false,-16.040049,2.9213066,5.7798047,0.24320118,-0.12190984,3
71.41654,0.5325143,43.99334349527672,11.365832387763911,0,1,7940.7603,-0.096603155,6,1,false,false,-18.721195,4.5164037,8.76379,0.24166484,-0.06345674,3
71.45647,0.5327435,43.993354025399974,11.365834756512049,0,1,7912.4277,-0.13437407,6,1,false,false,-14.203459,1.7877021,7.676892,0.24093594,-0.033047915,3
71.492874,0.5329728,43.993364645336484,11.365837250051285,0,1,7929.131,-0.18352342,6,1,false,false,-13.948808,3.2347035,7.9632454,0.24048848,-0.02499472,3
71.513626,0.5332022,43.99337517545974,11.365839743590522,0,1,7948.673,-0.22976759,6,1,false,false,-12.952688,0.94762087,9.272844,0.2397972,-0.068625465,3
71.53839,0.5334315,43.993385705308334,11.365842237129758,0,1,7960.2793,-0.26390672,6,1,false,false,-11.766452,2.7585952,6.243667,0.23817612,-0.12453426,3
71.56305,0.53366077,43.99339623543159,11.365844854699175,0,1,7975.778,-0.27891886,6,1,false,false,-13.729205,2.7352438,9.785792,0.23552445,-0.1870727,3
71.59178,0.5338902,43.9934068553681,11.365847473029511,0,1,7979.43,-0.27891883,6,1,false,false,-11.250677,3.4055972,2.6966188,0.23210564,-0.21251719,3
71.63367,0.5341196,43.993417385491355,11.365850091359848,0,1,7963.2476,-0.2660864,6,1,false,false,-12.499145,3.5172102,7.091025,0.22866283,-0.19572148,3
71.66847,0.534349,43.99342791533996,11.365852833720364,0,1,7950.8076,-0.24962205,6,1,false,false,-10.823204,2.992277,4.465547,0.2256154,-0.16865546,3
71.69482,0.5345786,43.99343844546321,11.365855576080879,0,1,7959.7104,-0.22879945,6,1,false,false,-12.710106,1.3293183,10.593755,0.22272147,-0.18445607,3
71.71542,0.5348081,43.99344897531181,11.365858443993416,0,1,7992.413,-0.2101556,6,1,false,false,-11.926224,1.4027257,7.6070433,0.21936283,-0.21450125,3
71.7466,0.5350377,43.99345959552298,11.365861186353932,0,1,8005.9355,-0.18037573,6,1,false,false,-13.967681,4.4286556,9.45643,0.2155819,-0.2259438,3
71.77891,0.53526735,43.99347012537157,11.365864178296647,0,1,7983.2075,-0.14768969,6,1,false,false,-9.414661,1.4436768,4.0565853,0.21203741,-0.18950136,3
71.81523,0.535497,43.99348065549483,11.365867046209186,0,1,7964.225,-0.11016217,6,1,false,false,-12.372284,3.56144,8.496024,0.20929103,-0.14130108,3
71.82759,0.5357268,43.99349118534343,11.3658700381519,0,1,7992.9233,-0.07263379,6,1,false,false,-10.139729,-0.070785105,8.668637,0.20690887,-0.14777538,3
71.85307,0.5359566,43.993501715466685,11.365873030094615,0,1,8038.14,-0.04503353,6,1,false,false,-12.279829,3.642036,12.849256,0.2044636,-0.14323197,3
71.888725,0.53618646,43.993512335403196,11.365876022037332,0,1,8029.126,-0.02929581,6,1,false,false,-10.851692,1.8834141,11.467819,0.2023135,-0.11384512,3
71.9401,0.5364165,43.99352286552645,11.365879138771147,0,1,7966.4624,-0.022274742,6,1,false,false,-10.838386,4.5428133,11.092092,0.20093694,-0.053940296,3
71.98201,0.53664666,43.993533395375046,11.365882255504964,0,1,7939.929,-0.029295817,6,1,false,false,-8.737768,2.2509274,10.599162,0.20039126,-0.016963173,3
72.01116,0.5368769,43.9935439254983,11.365885372238779,0,1,7966.2983,-0.0462432,6,1,false,false,-6.7982025,2.2912555,9.2353325,0.20024587,-0.0040017995,3
72.029945,0.5371072,43.9935544553469,11.365888488972594,0,1,8004.0425,-0.07142318,6,1,false,false,-6.182348,0.9602708,10.982598,0.20006882,-0.020698264,3
72.05842,0.53733766,43.99356498547016,11.365891730497511,0,1,8010.709,-0.09466604,6,1,false,false,-6.4277415,2.5294547,10.5779505,0.19949903,-0.04762485,3
72.085236,0.5375683,43.99357551531875,11.365894972022426,0,1,8001.3423,-0.12129911,6,1,false,false,-5.612146,2.0828035,6.5959706,0.19848083,-0.072565444,3
72.11969,0.53779894,43.993586135529924,11.365898213547341,0,1,8008.331,-0.14187826,6,1,false,false,-5.6317363,2.8484228,6.857399,0.19714226,-0.08631366,3
72.148766,0.5380298,43.99359666537852,11.365901455072258,0,1,8016.073,-0.15737446,6,1,false,false,-5.4973235,1.8448848,3.641088,0.19558871,-0.09838779,3
72.17386,0.5382609,43.993607195501774,11.365904695836251,0,1,8024.773,-0.16802727,6,1,false,false,-6.3080773,2.0667098,6.8244042,0.1937942,-0.11596887,3
72.198235,0.538492,43.993617725350376,11.365908062152268,0,1,8047.859,-0.16996536,6,1,false,false,-8.470957,2.1140566,9.6007185,0.1915573,-0.14852941,3
72.224724,0.53872335,43.99362825547363,11.365911303677183,0,1,8056.3506,-0.16028062,6,1,false,false,-9.071297,2.436728,9.619719,0.18884927,-0.1736118,3
72.259224,0.5389549,43.99363887541014,11.365914669993199,0,1,8045.6133,-0.14115268,6,1,false,false,-9.1291485,2.7740057,7.7577806,0.18588679,-0.17735384,3
72.29332,0.53918654,43.9936494055334,11.365918035548294,0,1,8032.593,-0.10459235,6,1,false,false,-9.07968,2.5690598,8.9554405,0.18303934,-0.16157456,3
72.32679,0.5394186,43.99365993538199,11.36592152665541,0,1,8034.975,-0.061255302,6,1,false,false,-8.721841,2.4857154,8.027722,0.1805604,-0.13335569,3
72.35559,0.53965074,43.99367046550525,11.365924892971426,0,1,8043.6665,-0.016221778,6,1,false,false,-7.772607,2.3620744,6.881549,0.17860958,-0.09782773,3
72.38835,0.5398831,43.99368108544176,11.36592838331762,0,1,8043.4214,0.035106298,6,1,false,false,-5.9146495,2.3982308,6.9629617,0.17733786,-0.052030336,3
72.41858,0.54011565,43.99369161556501,11.365931874424735,0,1,8040.342,0.08449676,6,1,false,false,-4.279174,2.228,8.413464,0.17679898,-0.0093893455,3
72.44333,0.5403483,43.993702145413614,11.36593536477093,0,1,8050.446,0.13848662,6,1,false,false,-1.9395059,1.632894,7.064639,0.17690793,0.027767785,3
72.45815,0.5405809,43.99371267553687,11.365938979908226,0,1,8081.747,0.18593901,6,1,false,false,0.7211693,1.2862036,7.234108,0.1777436,0.07902748,3
72.46304,0.5408136,43.99372329547337,11.365942471015341,0,1,8115.167,0.21934968,6,1,false,false,2.5526326,1.0640311,8.969524,0.17962177,0.14478265,3
72.49417,0.5410464,43.993733825321975,11.365945961361536,0,1,8106.333,0.24525486,6,1,false,false,4.921648,1.9959933,5.5293994,0.18252045,0.20025675,3
72.547104,0.5412793,43.99374435544523,11.365949452468652,0,1,8068.8604,0.2542126,6,1,false,false,8.533665,2.7803292,7.364142,0.18602045,0.2121436,3
72.57435,0.54151237,43.99375497538174,11.365952943575767,0,1,8069.343,0.24041298,6,1,false,false,6.9085402,1.9422932,9.511237,0.18974476,0.23442432,3
72.61825,0.5417455,43.99376559531825,11.365956309130862,0,1,8094.4097,0.21111856,6,1,false,false,12.434806,5.160928,3.7190988,0.19360878,0.21681675,3
72.62859,0.5419788,43.993776215529415,11.365959800237977,0,1,8077.6255,0.17068674,6,1,false,false,8.088021,0.1425882,6.3710237,0.19707079,0.21670589,3
72.66202,0.54221207,43.99378674537801,11.365963165793072,0,1,8106.245,0.14357051,6,1,false,false,13.27875,5.4553795,8.036345,0.20080937,0.22792244,3
72.69385,0.54244554,43.99379736558918,11.365966532109088,0,1,8124.1406,0.11960259,6,1,false,false,11.267815,0.8150485,10.932973,0.2045383,0.21237092,3
72.734535,0.5426791,43.99380807533894,11.365969773634003,0,1,8075.03,0.112581044,6,1,false,false,12.911535,4.9720325,13.891615,0.20782715,0.1776834,3
72.77547,0.5429128,43.99381869555011,11.36597301515892,0,1,8040.2905,0.10095961,6,1,false,false,10.291411,1.8675166,9.616711,0.21046971,0.13827385,3
72.81415,0.54314655,43.99382931548662,11.365976256683835,0,1,8053.922,0.083527714,6,1,false,false,13.346107,4.0955257,9.66919,0.21246478,0.099656425,3
72.83277,0.54338044,43.99384002551104,11.36597949744783,0,1,8071.1353,0.069727615,6,1,false,false,8.486795,0.6345141,5.1621003,0.21386816,0.0762548,3
72.8585,0.54361445,43.99385073553546,11.365982614181645,0,1,8085.5137,0.06028533,6,1,false,false,8.942712,3.1973462,7.78944,0.21504675,0.06801653,3
72.880905,0.54384845,43.99386135547197,11.36598573091546,0,1,8097.8354,0.059559733,6,1,false,false,7.1677456,0.8200774,8.031915,0.21624213,0.07395088,3
72.911026,0.54408264,43.99387206549639,11.365988847649277,0,1,8104.2197,0.06149593,6,1,false,false,7.490497,3.8075418,14.588178,0.21755159,0.082592584,3
72.939384,0.5443169,43.99388277552081,11.365991964383092,0,1,8107.168,0.06270746,6,1,false,false,6.512943,1.5894256,12.431498,0.21902573,0.092371516,3
72.98943,0.54455125,43.99389348554523,11.365994957086729,0,1,8095.1514,0.05035902,6,1,false,false,6.750653,4.9392734,13.803877,0.2204761,0.07579044,3
73.028725,0.5447858,43.99390419556965,11.365998073820545,0,1,8063.668,0.024210941,6,1,false,false,5.093521,2.2837605,7.037892,0.2215284,0.04864236,3
73.07448,0.54502046,43.99391490559407,11.36600106576326,0,1,8053.963,-0.015252736,6,1,false,false,3.6001456,3.2431674,5.878743,0.22200665,0.0091673825,3
73.10322,0.54525524,43.99392570543174,11.366004057705977,0,1,8070.864,-0.060286276,6,1,false,false,2.474288,1.2517221,-0.18049675,0.22197403,-0.016805852,3
73.12308,0.54549015,43.99393641545616,11.366007049648692,0,1,8100.867,-0.10144553,6,1,false,false,0.86815023,0.43851805,2.7635882,0.22158234,-0.03377819,3
73.12617,0.54572517,43.99394712548058,11.366010041591407,0,1,8141.129,-0.13195194,6,1,false,false,-0.6317766,-0.7753512,0.9347503,0.2209421,-0.05297344,3
73.12759,0.5459602,43.993957925592916,11.366013158325224,0,1,8198.014,-0.13848893,6,1,false,false,-2.7196693,1.8181095,3.9891171,0.21978405,-0.09062149,3
73.14064,0.5461952,43.993968635617335,11.366016150267939,0,1,8244.906,-0.1290467,6,1,false,false,-2.2561579,1.398152,2.3423676,0.21798606,-0.122189604,3
73.189644,0.5464304,43.99397943545501,11.366019142971576,0,1,8224.107,-0.109193176,6,1,false,false,-3.6256664,4.6148405,5.2504735,0.21574669,-0.1424285,3
73.24198,0.5466658,43.99399014547943,11.366022134914292,0,1,8149.585,-0.079171725,6,1,false,false,-3.2696016,3.194445,6.916682,0.21337973,-0.13647993,3
73.299324,0.54690135,43.99400094559176,11.366025251648107,0,1,8110.2334,-0.038496524,6,1,false,false,-4.866844,3.5726054,10.993173,0.21124966,-0.11519686,3
73.33373,0.547137,43.99401165561618,11.366028368381922,0,1,8120.6396,0.011863451,6,1,false,false,-4.630159,2.3349802,10.858244,0.20962256,-0.07837694,3
73.36732,0.5473728,43.99402245545385,11.366031360324639,0,1,8134.356,0.06440211,6,1,false,false,-3.4804125,2.4551697,15.242676,0.2087264,-0.027512066,3
73.39615,0.54760873,43.99403325556619,11.366034477058454,0,1,8127.7236,0.10531796,6,1,false,false,-1.2760789,2.171058,9.3437805,0.20870022,0.0238564,3
73.42877,0.54784477,43.994043965590606,11.36603759379227,0,1,8125.955,0.14453915,6,1,false,false,1.2056158,2.4703934,10.969507,0.20949818,0.07163243,3
73.45645,0.54808086,43.99405476542828,11.366040710526086,0,1,8140.106,0.17262338,6,1,false,false,2.9287803,2.016074,8.995732,0.21107706,0.116361216,3
73.48401,0.548317,43.99406556554061,11.366043827259901,0,1,8153.531,0.18714963,6,1,false,false,4.661614,2.01327,8.823514,0.2133171,0.15099739,3
73.51237,0.54855335,43.994076365652944,11.366046943993718,0,1,8156.46,0.18932828,6,1,false,false,6.5277634,2.4638867,9.754578,0.21605566,0.1760222,3
73.545166,0.5487897,43.99408716549061,11.366049935936433,0,1,8155.9062,0.17746533,6,1,false,false,7.618142,2.1218224,8.994331,0.21914104,0.19080733,3
73.57633,0.54902625,43.99409796560295,11.36605305267025,0,1,8158.9375,0.15833876,6,1,false,false,8.824064,2.4997635,10.960324,0.22235328,0.19201395,3
73.608,0.5492629,43.99410876544062,11.366056044612964,0,1,8161.952,0.1319496,6,1,false,false,8.585821,1.9070292,6.8542957,0.22546865,0.179452,3
73.63779,0.5494996,43.99411965564086,11.36605903655568,0,1,8163.8184,0.10217068,6,1,false,false,8.224176,2.4440775,7.4962907,0.2282577,0.15460344,3
73.66625,0.5497364,43.99413045547853,11.366061904468218,0,1,8168.0195,0.069727615,6,1,false,false,7.849387,1.4830657,6.2148805,0.23061275,0.13192119,3
73.69215,0.54997325,43.99414134540412,11.366064896410933,0,1,8183.719,0.036800936,6,1,false,false,6.916349,2.0244415,7.408084,0.23264368,0.113551036,3
73.71989,0.55021024,43.99415214551645,11.366067763562548,0,1,8200.1045,0.010895347,6,1,false,false,6.2108483,2.1305974,5.9314427,0.23433533,0.0882432,3
73.75475,0.5504471,43.994163035442035,11.366070630714164,0,1,8197.4795,-0.013074044,6,1,false,false,5.9050956,2.6611717,7.3752027,0.23553646,0.055400018,3
73.789536,0.5506841,43.99417392564228,11.366073498626701,0,1,8182.4717,-0.02784273,6,1,false,false,4.879093,2.032582,5.824051,0.23617601,0.0231544,3
73.82546,0.55092114,43.99418472547995,11.366076365778317,0,1,8180.713,-0.03316915,6,1,false,false,3.882117,2.4959903,8.674714,0.2363036,-0.004361597,3
73.855255,0.55115825,43.99419561540554,11.366079108899754,0,1,8190.798,-0.030506413,6,1,false,false,3.0230124,1.9578375,9.421807,0.23606205,-0.021070842,3
73.88424,0.5513954,43.994206505605774,11.366081976051369,0,1,8201.306,-0.022758793,6,1,false,false,1.7290267,2.2434518,6.996801,0.23562686,-0.029497547,3
73.91612,0.55163264,43.994217395531365,11.366084843202986,0,1,8202.635,-0.009200701,6,1,false,false,1.1400286,2.2129602,6.255203,0.23508176,-0.032262523,3
73.94908,0.55187005,43.99422828545695,11.366087586324422,0,1,8201.115,0.0014530877,6,1,false,false,0.84946334,2.1967454,5.9002886,0.23458588,-0.023438765,3
73.9757,0.5521076,43.99423926547044,11.366090453476037,0,1,8210.596,0.008715715,6,1,false,false,0.19693018,1.7115173,4.9022307,0.23425114,-0.015301121,3
74.00557,0.5523451,43.994250155670684,11.366093196597474,0,1,8227.76,0.015737722,6,1,false,false,0.07135275,2.2766628,7.5221977,0.23404676,-0.0072658365,3
74.03581,0.55258274,43.99426104559627,11.36609606374909,0,1,8231.827,0.015737724,6,1,false,false,0.38990772,2.0710094,7.475655,0.23400463,0.0028863284,3
74.06944,0.5528205,43.99427193552185,11.366098930900705,0,1,8226.092,0.011620957,6,1,false,false,0.1393625,2.6582417,7.640805,0.23412398,0.010429966,3
74.10434,0.5530583,43.99428291553535,11.366101674022143,0,1,8218.62,0.005567984,6,1,false,false,0.19767228,2.2791226,8.768408,0.23430131,0.010928121,3
74.1394,0.5532963,43.994293805460934,11.366104541173758,0,1,8217.653,-0.0009690374,6,1,false,false,0.19459727,2.4927564,8.273492,0.23447381,0.009375464,3
74.17129,0.5535344,43.99430478547443,11.366107283534273,0,1,8223.234,-0.008231666,6,1,false,false,-0.64775157,1.9319112,12.472945,0.23457254,0.0018144131,3
74.20168,0.55377257,43.99431567567467,11.366110151446811,0,1,8228.764,-0.012348432,6,1,false,false,-0.48972654,2.391384,7.618947,0.23454976,-0.004009121,3
74.23647,0.5540108,43.99432665568817,11.366113018598426,0,1,8230.307,-0.02203225,6,1,false,false,-0.48521873,2.6774158,3.1345367,0.23447287,-0.0051613613,3
74.27275,0.55424917,43.99433754561375,11.366115761719863,0,1,8219.682,-0.033411648,6,1,false,false,-0.61086816,1.66562,3.8547359,0.23429982,-0.010965076,3
74.288795,0.55448765,43.994348525627245,11.36611862887148,0,1,8234.766,-0.044306066,6,1,false,false,-0.86453456,1.2397206,2.739416,0.23402196,-0.017905014,3
74.30335,0.5547262,43.994359505640745,11.366121371231994,0,1,8294.364,-0.052780226,6,1,false,false,-1.2963927,0.72490907,6.076998,0.23361026,-0.029110739,3
74.33114,0.5549647,43.99437048565424,11.366124239144531,0,1,8317.905,-0.05278022,6,1,false,false,-2.4332259,2.5537982,8.222474,0.23297936,-0.047254145,3
74.37375,0.5552034,43.99438137557982,11.366127106296148,0,1,8273.609,-0.045759134,6,1,false,false,-2.6823866,2.9952066,8.978201,0.23207884,-0.061724976,3
74.41767,0.5554422,43.99439235559332,11.366129973447762,0,1,8230.027,-0.036801867,6,1,false,false,-3.3662322,3.1426854,11.474415,0.23106632,-0.060675345,3
74.4544,0.5556811,43.99440333560681,11.366132841360299,0,1,8237.01,-0.030990465,6,1,false,false,-3.898341,1.9296762,12.629594,0.23010544,-0.05611878,3
74.48711,0.5559202,43.99441431562031,11.366135708511916,0,1,8257.542,-0.026632138,6,1,false,false,-3.9549503,2.4752464,11.276027,0.22928748,-0.042710852,3
74.52146,0.5561593,43.9944252956338,11.366138576043992,0,1,8249.832,-0.032201055,6,1,false,false,-2.3309274,2.019011,2.0909283,0.2287435,-0.020986026,3
74.55873,0.5563986,43.9944362756473,11.366141443195607,0,1,8232.763,-0.045033544,6,1,false,false,-1.3869174,2.126933,1.1973784,0.22849669,-0.0068844366,3
74.5678,0.5566379,43.994447255660795,11.366144435138324,0,1,8259.829,-0.060770325,6,1,false,false,-1.1372025,-0.008957398,-0.07859193,0.22832929,-0.008251685,3
74.57038,0.5568772,43.994458235674294,11.366147302670399,0,1,8340.316,-0.07166568,6,1,false,false,-2.7565174,-0.151894,6.792531,0.22796288,-0.031841945,3
74.57055,0.55711657,43.994469215687786,11.366150294613115,0,1,8399.218,-0.06706484,6,1,false,false,-4.444199,1.0208244,10.747499,0.22711536,-0.07391948,3
74.61777,0.55735594,43.994480195701286,11.366153162145192,0,1,8386.068,-0.05399081,6,1,false,false,-4.7699814,3.9512808,8.089148,0.225613,-0.10364324,3
74.68336,0.5575955,43.99449117571478,11.366156154087907,0,1,8282.856,-0.04600071,6,1,false,false,-3.3019598,4.9386773,5.0886254,0.2241018,-0.0775058,3
74.75397,0.55783534,43.994502245541526,11.366159146411084,0,1,8201.701,-0.046485692,6,1,false,false,-3.837285,3.8500192,7.988063,0.2231352,-0.043041714,3
74.77874,0.5580753,43.994513225555025,11.366162138353799,0,1,8225.98,-0.034379758,6,1,false,false,-5.0467234,1.5881321,14.790731,0.2224749,-0.037396375,3
74.79479,0.55831534,43.99452420556852,11.366165130296515,0,1,8308.699,-0.01428464,6,1,false,false,-2.663831,0.8952546,5.5712433,0.22185537,-0.02994216,3
74.82533,0.55855536,43.994535275669925,11.36616812261969,0,1,8326.542,-0.012348433,6,1,false,false,-3.5463092,2.678022,11.472727,0.22146471,-0.017592013,3
74.85399,0.5587956,43.99454625568342,11.366171114562407,0,1,8270.591,-0.0021786937,6,1,false,false,-1.2879044,1.5290321,4.292053,0.2211902,-0.0098863095,3
74.87389,0.5590358,43.99455723569692,11.366174106505122,0,1,8300.778,-0.0021786948,6,1,false,false,-1.2855867,1.4405848,3.5409226,0.22103083,-0.008440961,3
74.88527,0.5592761,43.994568305523664,11.366177223238939,0,1,8376.528,-0.0002415572,6,1,false,false,-0.6312949,0.189191,3.8346212,0.22090714,-0.003423037,3
74.92095,0.5595164,43.994579285537164,11.366180215562114,0,1,8392.93,-0.00072560745,6,1,false,false,-0.99096954,3.4776347,5.240324,0.2209036,-0.0018480425,3
74.971085,0.5597569,43.994590355638564,11.36618320750483,0,1,8315.642,-0.0016946448,6,1,false,false,-0.56145155,3.2649379,6.4456797,0.22091125,0.0017532734,3
75.02317,0.55999756,43.994601335652064,11.366186324238646,0,1,8264.391,-0.00096903706,6,1,false,false,-0.8157928,2.804067,10.368404,0.22093995,0.00078520656,3
75.05014,0.56023836,43.99461240575347,11.366189316181362,0,1,8294.3,0.0026636817,6,1,false,false,-0.104151726,1.4214383,10.63793,0.22094756,0.0024144105,3
75.07123,0.5604792,43.99462347558022,11.366192432915177,0,1,8349.065,0.010895347,6,1,false,false,-0.034854174,1.5366198,6.824051,0.22100079,0.005205623,3
75.09951,0.5607202,43.99463445559371,11.366195425238354,0,1,8349.142,0.024937494,6,1,false,false,-0.121223375,2.0337815,8.168058,0.22110152,0.009263073,3
75.135056,0.5609613,43.99464552569512,11.36619854197217,0,1,8320.044,0.039706178,6,1,false,false,0.8232695,2.008808,3.2497323,0.22130424,0.018717807,3
75.15914,0.5612026,43.99465659552187,11.366201533914884,0.0113189565,1,8332.682,0.046969734,6,1,false,false,1.1680466,1.5787067,8.282162,0.22173028,0.03390052,3
75.18402,0.561444,43.994667665623275,11.3662045258576,0.0579054,0.9363748,8368.306,0.05278021,6,1,false,false,1.787528,1.1369514,4.436739,0.2223415,0.040787566,3
75.19278,0.5616855,43.99467873572468,11.366207642591416,0.15060169,0.742047,8332.318,0.051569626,6,1,false,false,2.2255492,0.65591127,9.400726,0.22315095,0.054229926,3
75.17162,0.56192696,43.99468980555143,11.366210634914593,0.26998687,0.3810112,8130.457,0.05035903,6,1,false,false,2.488771,-3.2283096,7.6230335,0.2240459,0.052081086,3
75.0441,0.5621682,43.99470087565284,11.366213626857308,0.37054685,0.1331689,7964.86,0.051328067,6,1,false,false,3.742774,-11.087231,11.013925,0.22493862,0.05602009,3
74.785034,0.5624088,43.99471185566633,11.366216618800024,0.46788996,0.021701604,7970.9385,0.051084634,6,1,false,false,3.0220678,-16.72255,15.336965,0.22590256,0.058683112,3
74.46888,0.5626484,43.99472283567983,11.366219611123201,0.56285006,-2.3283064e-09,7945.238,0.04963343,6,1,false,false,3.2597864,-19.816738,13.262052,0.22685827,0.0568766,3
74.076805,0.56288695,43.99473381569332,11.366222603065916,0.639819,0,8090.796,0.037284978,6,1,false,false,2.9253223,-25.684725,11.645361,0.22774614,0.04624265,3
73.658936,0.5631241,43.994744705618906,11.366225470217532,0.6955795,0,8111.7734,0.01936857,6,1,false,false,1.964708,-25.063507,8.769575,0.22836779,0.02972349,3
73.25639,0.56336,43.99475550573124,11.366228462540708,0.74121296,0,8065.7744,-0.0053264275,6,1,false,false,0.8702805,-23.935165,4.9546256,0.22870246,0.011492631,3
72.83643,0.56359446,43.99476621575566,11.366231329692324,0.77231014,0,8000.0605,-0.02881177,6,1,false,false,0.4673661,-24.569937,2.808527,0.2286671,-0.011037583,3
72.385666,0.5638276,43.99477692578008,11.3662341972244,0.7981653,0,7724.548,-0.049148433,6,1,false,false,-0.12180539,-27.80852,4.65016,0.2283818,-0.022305302,3
71.90001,0.5640592,43.99478754571659,11.366236939965376,0.8179434,0,7568.676,-0.05641293,6,1,false,false,-0.94126123,-30.372795,8.965803,0.22795315,-0.031065764,3
71.38287,0.5642892,43.994798075565186,11.366239807497452,0.8361729,0,7532.327,-0.053265207,6,1,false,false,-1.1449213,-31.919823,10.154757,0.22729085,-0.04437416,3
70.841095,0.5645175,43.99480860568844,11.366242674649069,0.8524962,0,7489.9727,-0.044306066,6,1,false,false,-1.5990523,-31.734556,9.579287,0.22649066,-0.04988486,3
70.29699,0.564744,43.99481895563588,11.366245417390044,0.86524487,0,7448.0635,-0.031717,6,1,false,false,-1.6670823,-32.54611,9.368732,0.22565104,-0.052106056,3
69.75543,0.5649688,43.99482930558331,11.36624816013102,0.8739424,0,7459.285,-0.017916422,6,1,false,false,-1.8308973,-33.584736,10.465312,0.22480139,-0.05015139,3
69.211815,0.5651918,43.99483956571749,11.366250902871997,0.8763254,0,7457.52,-0.00847416,6,1,false,false,-1.6861963,-33.202168,9.47342,0.22396708,-0.04767082,3
68.67836,0.5654131,43.99484964567585,11.366253645612973,0.8739426,0,7415.731,-0.004358326,6,1,false,false,-1.7816896,-30.826109,6.4037867,0.22317538,-0.044724617,3
68.15205,0.5656327,43.99485972563421,11.36625638835395,0.8709639,0,7374.1514,-0.004599884,6,1,false,false,-1.9972744,-30.638313,6.3286853,0.2224328,-0.044060946,3
67.625404,0.56585056,43.994869715779316,11.366259131094926,0.86381495,0,7281.5635,-0.0065370193,6,1,false,false,-1.9462084,-32.34509,7.210608,0.22166498,-0.049580067,3
67.09503,0.56606674,43.99487961556185,11.366261873835901,0.85190034,0,7055.3423,-0.010653792,6,1,false,false,-2.5194976,-32.88348,9.030772,0.22088253,-0.04560601,3
66.56155,0.56628126,43.99488951561904,11.366264491785778,0.8339092,0,6978.186,-0.01743237,6,1,false,false,-3.0579777,-32.656128,10.525718,0.2201582,-0.041386276,3
66.03116,0.566494,43.99489923577507,11.366267234526754,0.8168711,0.5208334,7163.8945,-0.026148083,0,1,false,false,-3.3832066,-31.523273,10.133342,0.21942535,-0.04608397,3
65.5072,0.5667051,43.99490895565645,11.36626985285709,0.8038843,0.5416666,7796.1167,-0.037284993,0,1,false,false,-3.7252102,-30.703043,10.099091,0.21855445,-0.058367476,3
64.99902,0.5669145,43.994918495636654,11.366272470806967,0.7898248,0,7967.2705,-0.05108558,5,1,false,false,-3.6915321,-29.012897,7.130481,0.21741208,-0.078428134,3
64.4942,0.5671222,43.99492803561686,11.366275213547944,0.77469325,0,7991.0537,-0.06900198,5,1,false,false,-4.1162696,-29.598772,7.198415,0.21604821,-0.08773187,3
63.97787,0.5673284,43.994937485783815,11.36627783149782,0.7564638,0,8069.077,-0.08909804,5,1,false,false,-4.976975,-30.650831,8.396836,0.21456994,-0.09414984,3
63.48025,0.5675329,43.9949468455882,11.366280449447697,0.741213,0,8038.639,-0.11113029,5,1,false,false,-6.162655,-29.679667,9.141297,0.212927,-0.1054814,3
63.00972,0.5677358,43.994956115579335,11.366283067778033,0.7327536,0,7993.2617,-0.13582622,5,1,false,false,-6.9178667,-28.689363,9.497573,0.21101417,-0.12543635,3
62.548546,0.56793725,43.99496538557047,11.36628568572791,0.73084724,0,7948.069,-0.15858504,5,1,false,false,-7.599897,-27.812653,9.355375,0.2087193,-0.15038258,3
62.092144,0.5681372,43.99497456574834,11.366288303677786,0.72369814,0,7878.2383,-0.17650235,5,1,false,false,-8.352552,-27.27583,8.7569685,0.20597708,-0.17814648,3
61.649624,0.5683358,43.9949835657504,11.366291046418763,0.7098774,0,7695.1196,-0.1900605,5,1,false,false,-9.165709,-26.201942,7.9798346,0.20274554,-0.20541623,3
61.212997,0.5685328,43.99499265584037,11.366293664368637,0.69974995,0,7579.446,-0.19998679,5,1,false,false,-10.19598,-26.160572,8.640175,0.19913416,-0.2240992,3
60.769737,0.5687285,43.995001565754514,11.366296282698976,0.68616706,0,7538.7217,-0.20652474,5,1,false,false,-11.101991,-26.434782,9.269522,0.19527118,-0.23831938,3
60.325565,0.56892276,43.99501038558075,11.366299025439952,0.66626936,0,7496.072,-0.20458764,5,1,false,false,-12.086414,-26.477911,10.668119,0.19113182,-0.25754532,3
59.89249,0.5691156,43.99501920568164,11.366301768180927,0.6511379,0,7454.1445,-0.19223915,5,1,false,false,-12.495028,-25.216427,8.556115,0.18669431,-0.27201593,3
59.47456,0.569307,43.99502793569462,11.366304510921903,0.6395807,0,7412.3896,-0.1709325,5,1,false,false,-12.662685,-24.700783,9.384443,0.1821113,-0.27750856,3
59.06225,0.5694971,43.9950366657076,11.36630725366288,0.6259979,0,7370.7607,-0.14696313,5,1,false,false,-12.697553,-24.356792,9.000043,0.17748699,-0.27442908,3
58.668407,0.56968594,43.99504521568209,11.366309996403857,0.60598105,0,7336.603,-0.121783175,5,1,false,false,-12.245808,-22.874231,9.050062,0.1730117,-0.26143536,3
58.295734,0.5698735,43.99505376565658,11.366312863555471,0.5680926,0.5208334,7502.3076,-0.09950838,0,1,false,false,-11.794376,-22.330843,7.342173,0.16876718,-0.24678008,3
57.939034,0.5700601,43.995062225680485,11.366315606296448,0.53604186,0.6458333,8106.0225,-0.08764494,0,1,false,false,-11.133452,-21.31236,5.234632,0.16480748,-0.22418629,3
57.596325,0.5702455,43.99507068570439,11.366318473828525,0.5174549,0.020833299,8352.482,-0.09030865,4,1,false,false,-10.183094,-20.128263,5.9455395,0.16133338,-0.19671723,3
57.258175,0.5704297,43.995079055777715,11.36632134098014,0.51328474,0,8328.805,-0.1062879,4,1,false,false,-10.422148,-20.664165,6.7564106,0.15810335,-0.19643945,3
56.90529,0.5706126,43.99508733576313,11.366324208512216,0.5095913,0,8386.406,-0.12638396,4,1,false,false,-11.013037,-21.51824,7.4046035,0.15461276,-0.2258815,3
56.536697,0.57079434,43.99509552566063,11.366327076044293,0.5056596,0,8374.421,-0.14793211,4,1,false,false,-12.782936,-21.818619,8.292541,0.15056942,-0.25791553,3
56.186146,0.5709749,43.995103715695464,11.366330067987008,0.50291896,0,8326.724,-0.17771201,4,1,false,false,-14.4644375,-20.413353,8.63344,0.14608876,-0.27748594,3
55.84711,0.571154,43.99511190573029,11.366332935519084,0.5007744,0,8279.714,-0.20143983,4,1,false,false,-16.638666,-20.12532,10.002325,0.14135678,-0.28735757,3
55.518463,0.5713321,43.995119915726626,11.366335927461801,0.49827233,0,8233.249,-0.22565171,4,1,false,false,-17.557951,-19.003365,9.891637,0.13651434,-0.29414144,3
55.201904,0.5715092,43.99512792572297,11.366339044195616,0.49600857,0,8186.757,-0.2488955,4,1,false,false,-17.658434,-18.739122,8.617423,0.13152517,-0.30609778,3
54.89,0.57168514,43.995135935719304,11.366342036138331,0.49410224,0,8140.37,-0.26753938,4,1,false,false,-17.35941,-18.18747,7.9436245,0.1263318,-0.31354743,3
54.593227,0.57186013,43.99514385576506,11.366345152872148,0.48742998,0,8094.589,-0.28351876,4,1,false,false,-16.423847,-17.578249,6.199596,0.12116016,-0.30542222,3
54.29424,0.5720342,43.9951516857229,11.366348269605963,0.47754088,0,8048.1807,-0.30119357,4,1,false,false,-15.2310295,-18.306625,6.5710673,0.11606144,-0.31024382,3
53.979954,0.5722073,43.995159425730165,11.36635151113088,0.46646008,0,8001.9507,-0.32225767,4,1,false,false,-15.201718,-18.802588,7.392469,0.110689245,-0.33858538,3
53.669445,0.5723794,43.99516716573743,11.366354627864695,0.45537943,0,7956.668,-0.346229,4,1,false,false,-15.884984,-18.316172,7.1951995,0.10467656,-0.38673598,3
53.36143,0.5725506,43.99517490574469,11.36635786938961,0.44501364,0,7911.3877,-0.36390385,4,1,false,false,-17.381,-18.437716,7.5424757,0.09773511,-0.44616163,3
53.048706,0.5727209,43.995182465713455,11.366361110534065,0.43369478,0,7866.215,-0.37576726,4,1,false,false,-19.227903,-17.91893,8.445534,0.08982639,-0.49724013,3
52.762115,0.5728903,43.99519002568223,11.366364476850082,0.41594192,0,7774.012,-0.38327426,4,1,false,false,-20.369816,-16.024364,8.1443615,0.08135227,-0.51349676,3
52.496685,0.57305884,43.995197585788326,11.366367842785637,0.3989038,0,7680.135,-0.37939903,4,1,false,false,-21.89353,-15.210138,8.360022,0.07285748,-0.50248605,3
52.22902,0.57322663,43.99520505580651,11.366371208721192,0.38389134,0,7636.8765,-0.36317724,4,1,false,false,-22.967424,-15.652553,9.415177,0.06461836,-0.4851671,3
51.97036,0.5733938,43.99521243573679,11.366374699447848,0.3692363,0,7594.1655,-0.34356534,4,1,false,false,-22.591515,-14.69069,8.60489,0.056665108,-0.47077516,3
51.721798,0.57356024,43.99521972571648,11.366378314965601,0.35446212,0,7551.6655,-0.33194345,4,1,false,false,-22.084196,-14.382794,8.245583,0.04882789,-0.47208667,3
51.473316,0.573726,43.99522701569617,11.366381805692257,0.33801976,0,7509.0894,-0.3329124,4,1,false,false,-22.404005,-14.564015,8.213308,0.040898837,-0.48107103,3
51.218452,0.57389104,43.9952343058132,11.366385421210012,0.32193494,0,7522.5356,-0.3416282,4,1,false,false,-22.019867,-14.862812,8.309722,0.03274424,-0.49842465,3
50.9665,0.57405555,43.995241505704975,11.366389161138407,0.30465865,0,7571.386,-0.3522819,4,1,false,false,-21.895887,-14.194588,7.3159585,0.02424224,-0.52195483,3
50.728565,0.5742193,43.99524861578351,11.366392901447263,0.27904212,0,7557.56,-0.35712427,4,1,false,false,-22.432793,-13.180029,7.4209647,0.015329819,-0.54582274,3
50.505848,0.5743824,43.995255725724704,11.366396641375657,0.25759566,0,7514.37,-0.34937668,4,1,false,false,-23.14188,-12.374344,8.119052,0.0060928506,-0.5586096,3
50.300106,0.57454515,43.99526274571532,11.366400506095152,0.24746814,0,7472.1235,-0.3266169,4,1,false,false,-24.055824,-11.608536,9.128815,-0.0031727902,-0.5526999,3
50.09279,0.5747074,43.99526967575536,11.366404495605746,0.24532345,0,7430.0376,-0.29683623,4,1,false,false,-24.927742,-11.708002,10.211683,-0.01243255,-0.56063294,3
49.88405,0.574869,43.9952766057954,11.366408360325241,0.24139163,0,7393.3438,-0.27044377,4,1,false,false,-26.007288,-11.6213875,10.536942,-0.02191424,-0.5768203,3
49.679516,0.5750301,43.9952835356981,11.366412474246475,0.23591089,0,7387.959,-0.2660864,4,1,false,false,-25.929106,-11.225143,9.100003,-0.031622265,-0.5875682,3
49.4773,0.5751909,43.995290285699646,11.36641658854817,0.23197903,0,7382.756,-0.28255063,4,1,false,false,-26.710155,-11.003727,9.899807,-0.04143544,-0.5855485,3
49.29884,0.5753511,43.9952971257891,11.366420702469403,0.22626,0,7359.259,-0.31499514,4,1,false,false,-26.351202,-8.943597,9.091953,-0.05090789,-0.5449577,3
49.140556,0.57551086,43.99530378570273,11.366424941181737,0.21648994,0.5208334,7512.1074,-0.35397652,0,1,false,false,-26.948387,-8.435441,9.1320505,-0.059566643,-0.49634108,3
48.97652,0.57567036,43.99531044575369,11.366429304685171,0.20636244,0.75,8087.541,-0.3975598,0,1,false,false,-26.514189,-9.082422,9.23057,-0.06760066,-0.47484916,3
48.80487,0.5758295,43.99531710580465,11.366433668188606,0.19623496,0.3333333,8564.733,-0.4375094,0,1,false,false,-26.050714,-9.079186,9.12039,-0.0754984,-0.47910923,3
48.6433,0.57598823,43.9953236757677,11.36643803169204,0.18408196,0,8581.751,-0.47625038,3,1,false,false,-24.780848,-8.734077,7.7636204,-0.08373495,-0.5107653,3
48.482536,0.5761465,43.99533015578017,11.366442519606114,0.1688312,0,8593.121,-0.49997914,3,1,false,false,-23.893322,-9.171521,7.157588,-0.09242921,-0.52809644,3
48.31143,0.57630455,43.99533663579263,11.366447132691748,0.15203142,0,8673.286,-0.5086959,3,1,false,false,-22.700153,-9.869581,6.7602077,-0.10117937,-0.52173495,3
48.124756,0.57646203,43.99534302571719,11.36645174539692,0.13284883,0,8721.152,-0.49416766,3,1,false,false,-23.08602,-10.686349,7.481528,-0.1098861,-0.5303357,3
47.936485,0.576619,43.995349415779074,11.366456358102095,0.11974263,0,8699.275,-0.46777618,3,1,false,false,-23.870794,-10.000498,8.80402,-0.11900843,-0.5672202,3
47.77438,0.5767758,43.99535571575305,11.36646109559837,0.111402355,0,8647.736,-0.43242556,3,1,false,false,-23.82523,-7.9853635,7.8930945,-0.12878546,-0.60410124,3
47.641064,0.5769325,43.995362015727025,11.366465833094642,0.10377693,0,8598.555,-0.3869052,3,1,false,false,-24.274511,-6.487111,7.6485868,-0.1389691,-0.6091252,3
47.530087,0.5770889,43.99536822575042,11.366470695001555,0.09865362,0,8557.243,-0.33291245,3,1,false,false,-24.086548,-5.303029,7.153106,-0.14885418,-0.5695532,3
47.420937,0.57724494,43.99537443577381,11.366475557288929,0.09734302,0,8545.002,-0.27673912,3,1,false,false,-24.050547,-6.0576577,7.7007074,-0.15782732,-0.50998026,3
47.290997,0.57740045,43.995380555846616,11.366480543986942,0.09734303,0,8547.207,-0.22153592,3,1,false,false,-24.179441,-7.159696,8.889948,-0.16600348,-0.475893,3
47.15684,0.5775553,43.9953866757821,11.366485530684955,0.09936854,0,8545.133,-0.1576169,3,1,false,false,-24.54701,-7.085419,9.328962,-0.17377327,-0.4616122,3
47.017677,0.57770973,43.995392705766996,11.366490642174067,0.0996068,0,8528.747,-0.12614146,3,1,false,false,-25.25338,-7.402933,10.604474,-0.18158366,-0.48164186,3
46.880222,0.5778639,43.995398645801316,11.36649575366318,0.09960681,0,8500.697,-0.12250967,3,1,false,false,-25.644241,-7.02313,10.159706,-0.18984443,-0.504286,3
46.760338,0.578017,43.99540458583563,11.366500865152293,0.10151315,0,8472.85,-0.14599502,3,1,false,false,-25.156324,-5.7282586,9.825461,-0.19820921,-0.49335364,3
46.65099,0.57816964,43.995410525732616,11.366506101052046,0.10306209,0,8452.003,-0.19102949,3,1,false,false,-25.645966,-6.0053525,9.291725,-0.2062175,-0.46552852,3
46.52659,0.57832205,43.995416375816355,11.366511461742899,0.104015246,0,8436.494,-0.24695839,3,1,false,false,-27.097631,-6.7590866,11.265522,-0.21372817,-0.43615338,3
46.401016,0.57847404,43.99542213581218,11.366516822814212,0.105206735,0,8425.793,-0.31935337,3,1,false,false,-26.352537,-6.326735,10.114347,-0.22080307,-0.41247255,3
46.29079,0.57862526,43.995427895808,11.366522308296165,0.10604075,0,8415.042,-0.41087645,3,1,false,false,-25.120117,-5.770018,8.319425,-0.22746618,-0.39004058,3
46.177208,0.57877624,43.99543356585324,11.366527793397657,0.106040746,0,8394.968,-0.5062745,3,1,false,false,-24.334417,-6.2359104,8.521089,-0.23391905,-0.38699377,3
46.05583,0.57892674,43.99543914581057,11.36653327887961,0.10520671,0,8367.155,-0.59755766,3,1,false,false,-25.816896,-7.032515,10.700448,-0.24035144,-0.39133722,3
45.9307,0.57907695,43.995444725767896,11.366538889152661,0.10473014,0,8339.995,-0.67794687,3,1,false,false,-25.565752,-6.92898,10.124899,-0.24711515,-0.42544523,3
45.801163,0.57922655,43.995450305862555,11.366544499425714,0.10079828,0,8317.397,-0.7406607,3,1,false,false,-26.217445,-7.387328,10.831888,-0.25473246,-0.49229422,3
45.673164,0.5793758,43.995455795869304,11.366550234109406,0.09519837,0,8296.965,-0.7871502,3,1,false,false,-26.850525,-7.2913218,10.913948,-0.26352358,-0.56227636,3
45.55032,0.57952464,43.995461195788145,11.366556093584197,0.09114739,0,8277.116,-0.815239,3,1,false,false,-29.050198,-7.373777,10.796133,-0.27327377,-0.59494025,3
45.435978,0.5796731,43.995466595844306,11.36656182826789,0.09043249,0,8261.218,-0.8314629,3,1,false,false,-26.64196,-6.0731874,9.058277,-0.28333437,-0.59792507,3
45.320652,0.5798213,43.995471905812565,11.366567812533782,0.089479335,0,8248.241,-0.83557874,3,1,false,false,-24.131449,-5.3967023,9.076686,-0.29350978,-0.60795134,3
45.205666,0.57996905,43.995477125830234,11.366573672008574,0.08900274,0,8231.534,-0.83170444,3,1,false,false,-24.025745,-5.2509437,11.046163,-0.3039217,-0.6305163,3
45.083706,0.5801164,43.995482345847904,11.366579655894006,0.088287845,0,8205.024,-0.8258929,3,1,false,false,-27.676302,-6.187276,13.303443,-0.31460842,-0.6590507,3
44.970757,0.5802636,43.99548747577767,11.366585764950997,0.08697724,0,8174.336,-0.8249248,3,1,false,false,-27.791647,-6.3364677,12.619176,-0.32537475,-0.6566027,3
44.85855,0.5804105,43.99549251575685,11.366591873627529,0.086738974,0,8148.506,-0.8275877,3,1,false,false,-27.451271,-6.471059,11.75878,-0.3360929,-0.667041,3
44.744488,0.580557,43.99549755587336,11.36659798230406,0.08554747,0,8129.756,-0.83533597,3,1,false,false,-30.508898,-7.3998804,12.38067,-0.34713385,-0.6812567,3
44.638622,0.58070314,43.99550250576463,11.366604215771691,0.08352196,0,8113.7534,-0.84332705,3,1,false,false,-28.70586,-4.994973,10.085697,-0.3585333,-0.66242313,3
44.539394,0.58084923,43.99550745579322,11.366610574030423,0.08090075,0,8096.821,-0.85543394,3,1,false,false,-29.171715,-5.4610853,10.517765,-0.36960477,-0.644395,3
44.44388,0.58099514,43.99551231587124,11.366616932289155,0.07935186,0,8076.841,-0.8752903,3,1,false,false,-28.232712,-5.770463,8.847977,-0.38040656,-0.6389271,3
44.350876,0.58114064,43.99551708586134,11.366623290167425,0.075896576,0,8056.064,-0.903621,3,1,false,false,-26.237013,-5.9118776,8.100687,-0.39098564,-0.63272405,3
44.253456,0.58128583,43.99552185585144,11.366629648426157,0.07267963,0,8038.013,-0.9409108,3,1,false,false,-26.64554,-5.911687,8.867849,-0.40114388,-0.60740435,3
44.15705,0.5814311,43.99552653575363,11.366636131095527,0.07077328,0,8028.2534,-0.97408456,3,1,false,false,-23.606266,-5.2572007,8.186348,-0.41135553,-0.6477447,3
44.049232,0.58157605,43.99553121579316,11.366642738556,0.06970093,0,8018.5547,-1.0070176,3,1,false,false,-26.099615,-5.485906,11.358283,-0.42217752,-0.6715015,3
43.918766,0.5817206,43.9955358058821,11.36664922160583,0.06898604,0,8007.8813,-1.0341365,3,1,false,false,-27.691872,-7.529693,13.457668,-0.43379438,-0.76642287,3
43.776455,0.5818647,43.995540305883125,11.366655953857402,0.06898606,0,7994.639,-1.060531,3,1,false,false,-30.885128,-7.0535617,12.663682,-0.44775638,-0.8900432,3
43.65396,0.5820088,43.99554471579624,11.366662561317872,0.06803289,0,7972.5107,-1.0738505,3,1,false,false,-28.949251,-4.7047815,12.512426,-0.4629452,-0.8968381,3
43.545662,0.5821526,43.99554903575878,11.366669293188982,0.06410103,0,7947.6025,-1.0687655,3,1,false,false,-33.32126,-4.363356,15.190374,-0.4771523,-0.7740178,3
43.450813,0.5822961,43.99555335585864,11.366676150231653,0.060645767,0,7929.756,-1.0544782,3,1,false,false,-33.269047,-4.557795,12.988106,-0.489162,-0.6447905,3
43.3536,0.58243924,43.99555758587059,11.366683006893863,0.057428803,0,7918.7734,-1.046003,3,1,false,false,-28.799932,-5.71611,10.50987,-0.49945793,-0.6084267,3
43.2326,0.5825824,43.99556172579464,11.366689863556074,0.05540332,0,7903.212,-1.0496349,3,1,false,false,-27.658472,-6.7678595,11.375879,-0.5098378,-0.66850805,3
43.05549,0.5827253,43.9955657757681,11.366696845389844,0.05123317,0,7878.6055,-1.0622275,3,1,false,false,-47.059906,-12.194713,28.11578,-0.52231044,-0.9261277,3
42.94527,0.5828676,43.99556982587889,11.366703826843155,0.045633275,0,7865.0483,-1.0774825,3,1,false,false,-32.650696,-5.039902,2.4620073,-0.53899586,-0.98443013,3
42.84374,0.5830096,43.995573785764435,11.366710932707106,0.041105676,0,7869.8726,-1.0951589,3,1,false,false,-33.12638,-3.9845452,12.340809,-0.55458367,-0.8610632,3
42.76222,0.5831514,43.995577655836726,11.366718038951515,0.03669725,0,7854.5566,-1.1193745,3,1,false,false,-25.490446,-2.9192758,6.8050785,-0.5673797,-0.65775514,3
42.70084,0.583293,43.995581435821116,11.366725145195925,0.032765396,0,7817.402,-1.1489167,3,1,false,false,-21.54821,-2.4769306,3.979631,-0.57614446,-0.37710792,3
42.641068,0.58343434,43.995585125854916,11.366732375850976,0.029310133,0,7765.858,-1.1833017,3,1,false,false,-16.106611,-0.75640917,16.540531,-0.5786728,-0.005575908,3
42.59762,0.5835754,43.9955889058393,11.366739606886487,0.027403792,0,7723.599,-1.2276163,3,1,false,false,-24.226336,-3.0240736,8.993726,-0.5780831,0.026976466,3
42.518105,0.5837161,43.99559250578519,11.366746837541536,0.02585488,0,7689.1494,-1.2607921,3,1,false,false,-25.454857,-4.5386825,9.314852,-0.57852143,-0.096955396,3
42.439247,0.58385605,43.995596105868415,11.366754068577047,0.022876209,0,7672.0864,-1.2741102,3,1,false,false,-18.295574,-4.1558537,4.668277,-0.58149874,-0.27364194,3
42.35164,0.58399564,43.99559961586372,11.366761424023196,0.022399623,0,7674.76,-1.2823437,3,1,false,false,-18.112928,-6.914365,4.2665,-0.58793396,-0.53123105,3
42.243202,0.5841347,43.99560312585903,11.366768779469346,0.021684743,0,7656.007,-1.2959038,3,1,false,false,-24.34275,-5.7148776,10.548078,-0.5996076,-0.84079194,3
42.11721,0.5842732,43.99560663585434,11.366776134915495,0.020016683,0,7623.7876,-1.3072852,3,1,false,false,-29.090916,-6.6307325,11.090583,-0.6152121,-0.9543076,3
42.02538,0.58441085,43.995609965811155,11.366783490361646,0.018944357,0,7641.1826,-1.2891243,3,1,false,false,-31.686188,-3.934211,15.775874,-0.63089544,-0.8959323,3
41.925762,0.5845481,43.99561329576797,11.366790845807795,0.017276304,0,7674.425,-1.2498949,3,1,false,false,-42.88505,-5.398328,19.307455,-0.644962,-0.73884225,3
41.830032,0.58468497,43.99561644582362,11.366798326045044,0.016799718,0,7689.6777,-1.1958945,3,1,false,false,-42.599064,-4.1016073,21.066406,-0.65516895,-0.4733736,3
41.75917,0.5848216,43.995619595879276,11.366805931073396,0.015965682,0,7680.6987,-1.1656251,3,1,false,false,-32.89129,-3.3696373,14.889301,-0.6611318,-0.27870724,3
41.696457,0.5849574,43.99562256589643,11.366813535721285,0.015727393,0,7650.5894,-1.1581193,3,1,false,false,-22.99582,-3.6412325,10.312057,-0.66507703,-0.23201069,3
41.634182,0.58509296,43.99562553577626,11.366821140369174,0.015727391,0,7616.4634,-1.1639298,3,1,false,false,-12.317215,-2.6501923,9.924117,-0.6689312,-0.27634192,3
41.555107,0.58522815,43.99562850579342,11.366828745397523,0.01501251,0,7596.803,-1.1784593,3,1,false,false,-18.533464,-3.8713768,11.158487,-0.6748858,-0.48419037,3
41.492313,0.5853631,43.995631385859994,11.366836350045412,0.01501251,0,7599.403,-1.1900824,3,1,false,false,-18.614265,-4.2693295,4.7420726,-0.6842393,-0.6644237,3
41.426098,0.5854973,43.99563426578924,11.366844079864862,0.015965685,0.0049321824,7598.7207,-1.1813655,3,1,false,false,-18.459965,-4.2556295,4.9223747,-0.6963071,-0.76166093,3
41.357887,0.5856311,43.995637055905235,11.366851684512751,0.016799718,0.014796548,7590.931,-1.1607821,3,1,false,false,-16.840227,-3.9001365,4.9995637,-0.70956415,-0.825604,3
41.29328,0.5857646,43.9956398458839,11.36685941395174,0.016799714,0.030579537,7587.814,-1.144316,3,1,false,false,-16.002512,-3.6014159,3.805947,-0.7237525,-0.86820465,3
41.230213,0.5858976,43.99564254577466,11.366867018980091,0.016799714,0.04636252,7590.808,-1.1353564,3,1,false,false,-15.79037,-3.357515,3.5379546,-0.7382781,-0.8649685,3
41.178345,0.58603036,43.995645245802734,11.36687474841908,0.016799714,0.065598026,7590.2827,-1.1360819,3,1,false,false,-16.017258,-2.7561078,5.8392406,-0.751994,-0.7817683,3
41.125492,0.5861625,43.995647855880236,11.36688247785807,0.016799714,0.08458695,7589.2656,-1.1452847,3,1,false,false,-22.113892,-2.1303694,11.580031,-0.7640726,-0.66216,3
41.058086,0.5862944,43.99565046582041,11.36689020729706,0.01572739,0.11122073,7607.287,-1.1588446,3,1,false,false,-34.893265,-3.0557785,17.935259,-0.77496594,-0.6546513,3
40.971024,0.5864261,43.99565298581,11.366898061527149,0.015727391,0.1487053,7652.398,-1.1738579,3,1,false,false,-41.764698,-3.8342896,20.551092,-0.78645235,-0.7178231,3
40.87718,0.5865573,43.995655325898426,11.366905915757238,0.014535921,0.18298393,7728.3936,-1.1714374,3,1,false,false,-41.904533,-4.038172,21.081833,-0.7993915,-0.8198366,3
40.80055,0.58668816,43.99565766584952,11.366913769987327,0.01310616,0.21109745,7723.218,-1.1469793,3,1,false,false,-38.002712,-2.205019,16.036242,-0.81367964,-0.8813707,3
40.763515,0.58681875,43.99565982589945,11.366921624217417,0.011318959,0.23995066,7630.0503,-1.106056,3,1,false,false,-33.596813,-0.26033285,13.288531,-0.8284385,-0.8736651,3
40.760143,0.5869492,43.995661985812056,11.366929602858145,0.009174312,0.26485822,7554.575,-1.0728811,3,1,false,false,-26.43729,1.0243723,8.876486,-0.84250814,-0.8010444,3
40.763073,0.5870797,43.995664055911405,11.366937581879334,0.007625403,0.29099882,7547.8867,-1.056899,3,1,false,false,-20.903101,0.89759344,6.308473,-0.8549604,-0.68714476,3
40.765514,0.5872101,43.99566612587343,11.366945560520064,0.0057190526,0.33514184,7600.889,-1.0535089,3,1,false,false,-18.6706,0.6287606,5.660637,-0.8652532,-0.55193764,3
40.761543,0.5873404,43.99566810588487,11.366953539541253,0.0036935536,0.37829834,7670.3965,-1.0554459,3,1,false,false,-18.545204,0.3508871,5.442113,-0.8736922,-0.48133427,3
40.760246,0.5874706,43.99566999580839,11.36696151818198,0.0025020847,0.41134408,7722.4565,-1.0544777,3,1,false,false,-20.04936,1.0145141,8.150412,-0.88163817,-0.48294255,3
40.76631,0.58760077,43.99567188586925,11.36696962161381,0.0011914689,0.42860672,7743.4907,-1.0467297,3,1,false,false,-25.980497,0.9502666,11.346369,-0.88996905,-0.5404373,3
40.775944,0.58773094,43.9956736858422,11.366977725426098,0.00095317507,0.43896428,7737.4067,-1.037527,3,1,false,false,-31.83627,1.73647,16.698435,-0.899897,-0.6547536,3
40.79226,0.5878612,43.99567548581514,11.366985828857928,-8.731149e-11,0.44217017,7722.556,-1.0205774,3,1,false,false,-33.582825,2.5857463,16.438416,-0.91194665,-0.77483815,3
40.826015,0.5879915,43.99567710588692,11.366993932289757,0,0.44438958,7713.2314,-0.98013854,3,1,false,false,-31.99005,3.6309233,14.387709,-0.92529696,-0.7971142,3
40.868317,0.5881219,43.99567872582138,11.367002160512685,0,0.4461159,7706.6143,-0.9208136,3,1,false,false,-31.400059,3.8830996,13.442304,-0.93826437,-0.74551433,3
40.9158,0.5882525,43.995680165854665,11.367010388735615,0,0.45548698,7701.8135,-0.84986526,3,1,false,false,-28.858772,4.065456,11.686795,-0.95004314,-0.6588619,3
40.970043,0.58838344,43.995681695838535,11.367018741369183,0,0.47940806,7706.3574,-0.78787756,3,1,false,false,-25.587759,4.2130184,10.026919,-0.9601378,-0.55098385,3
41.025665,0.58851457,43.99568304578391,11.36702696959211,0,0.5001233,7721.0957,-0.73097515,3,1,false,false,-21.746592,4.00653,8.273597,-0.9685445,-0.46631324,3
41.079613,0.5886458,43.99568439586662,11.36703532260614,0,0.50604206,7740.649,-0.6835165,3,1,false,false,-21.289524,3.617719,8.398556,-0.97590023,-0.43130392,3
41.12798,0.58877724,43.99568565586141,11.367043675239708,0,0.50727504,7761.5435,-0.6455004,3,1,false,false,-22.183176,3.6219883,11.439185,-0.98322207,-0.453951,3
41.182053,0.58890903,43.99568682590562,11.367052028253736,0,0.507275,7783.3677,-0.6147497,3,1,false,false,-22.55302,4.0014844,11.009,-0.99104726,-0.48471478,3
41.243107,0.5890412,43.99568799581251,11.367060505678404,0,0.50900126,7801.0303,-0.58545095,3,1,false,false,-22.408085,4.5127077,11.134223,-0.9993137,-0.5023011,3
41.311886,0.58917356,43.99568916585672,11.367068858692434,0,0.51467323,7811.4463,-0.5556692,3,1,false,false,-21.426327,4.7066994,9.597355,-1.007647,-0.4934726,3
41.38504,0.5893061,43.99569024581302,11.367077336117102,0,0.5240445,7817.578,-0.5314564,3,1,false,false,-20.8574,5.0072956,9.5160475,-1.015696,-0.47065353,3
41.457516,0.589439,43.99569123581874,11.36708581354177,0,0.53933406,7827.611,-0.5159593,3,1,false,false,-19.924923,4.668402,9.591053,-1.0233481,-0.45278057,3
41.527527,0.58957267,43.99569222582446,11.367094415757538,0,0.5553638,7852.1924,-0.50554806,3,1,false,false,-20.485647,4.649046,10.6552105,-1.0309343,-0.4611055,3
41.60125,0.58970654,43.9956931258796,11.367102893182206,0,0.5736128,7889.0464,-0.4973154,3,1,false,false,-20.034653,4.992115,9.747966,-1.0387642,-0.47436562,3
41.68157,0.58984065,43.99569393584682,11.367111495397975,0,0.5985202,7928.422,-0.48787227,3,1,false,false,-19.052387,5.489331,9.057023,-1.0466405,-0.46624395,3
41.770134,0.58997506,43.99569474581405,11.367120097613743,0,0.62219495,7959.794,-0.47576636,3,1,false,false,-18.56935,5.997569,9.077666,-1.054261,-0.44696948,3
41.868454,0.5901099,43.99569555591861,11.367128699829511,0,0.64488274,7978.486,-0.4668072,3,1,false,false,-19.242226,6.422377,10.442734,-1.0615461,-0.42956302,3
41.974445,0.5902451,43.99569627579792,11.367137302045279,0,0.66609126,7988.333,-0.4643869,3,1,false,false,-19.369543,6.9538703,10.553854,-1.0685877,-0.4156946,3
42.08037,0.59038067,43.99569699581456,11.367146029052147,0,0.695931,8003.4243,-0.46559656,3,1,false,false,-18.046915,6.703009,9.144649,-1.0754795,-0.4144341,3
42.189445,0.59051657,43.995697625880624,11.367154755678555,0,0.7166462,8038.955,-0.4660815,3,1,false,false,-17.974758,6.953192,9.334313,-1.0824207,-0.4201974,3
42.30208,0.5906526,43.99569816585878,11.367163482685424,0,0.7252775,8084.2837,-0.46172222,3,1,false,false,-17.98006,7.23838,9.633457,-1.0894908,-0.42722294,3
42.417435,0.5907887,43.99569870583693,11.367172209311832,0,0.7252774,8118.741,-0.44913128,3,1,false,false,-18.227644,7.2323403,10.325575,-1.0966767,-0.4363312,3
42.5358,0.5909251,43.995699245815075,11.3671810611098,0,0.7218249,8136.626,-0.42685667,3,1,false,false,-17.547815,7.517784,9.110443,-1.1040149,-0.44339854,3
42.65624,0.59106195,43.995699695842646,11.367189787736207,0,0.7092479,8148.0195,-0.38617948,3,1,false,false,-17.264776,7.733966,9.706292,-1.1114757,-0.44977388,3
42.77978,0.5911992,43.99570014587022,11.367198639534175,0,0.68853265,8158.9834,-0.33170098,3,1,false,false,-17.47559,7.6996746,10.1273985,-1.118972,-0.44790202,3
42.90262,0.5913368,43.99570050580987,11.367207615362323,0,0.65992606,8163.6113,-0.26560128,3,1,false,false,-17.256397,7.62527,10.339255,-1.126341,-0.43342194,3
43.02262,0.5914748,43.99570086588686,11.367216467160292,0,0.63230574,8158.7236,-0.19514436,3,1,false,false,-16.7102,7.4086437,9.69033,-1.1333619,-0.40677026,3
43.13734,0.5916131,43.99570113587593,11.367225443368898,0,0.6175093,8156.1074,-0.12904672,3,1,false,false,-16.179798,7.1266384,10.043884,-1.1398611,-0.37244228,3
43.249832,0.5917519,43.99570140586501,11.367234419577507,0,0.61602974,8168.6353,-0.06851792,3,1,false,false,-15.493941,6.820054,10.023125,-1.145696,-0.32537162,3
43.357983,0.5918909,43.995701585903504,11.367243395786113,0,0.6175091,8190.359,-0.023969395,3,1,false,false,-14.547819,6.763593,9.616146,-1.1506727,-0.27027535,3
43.46528,0.5920302,43.99570176580467,11.367252371994722,0,0.63625145,8215.662,0.008474159,3,1,false,false,-13.2008505,6.589619,8.605667,-1.1546917,-0.21457076,3
43.575493,0.59216994,43.99570185589258,11.367261472613968,0,0.6589395,8244.966,0.02590559,3,1,false,false,-12.208328,6.8094645,9.14024,-1.1578251,-0.16372311,3
43.68833,0.59231,43.99570203579374,11.367270448822577,0,0.6786685,8271.55,0.03220106,3,1,false,false,-11.065896,6.952628,9.462155,-1.1602063,-0.124792255,3
43.80666,0.5924503,43.99570203579374,11.367279549822284,0,0.6988904,8294.55,0.031232018,3,1,false,false,-10.134595,7.190262,10.108679,-1.1620389,-0.09791543,3
43.93186,0.59259105,43.99570212588166,11.367288650441532,0,0.73341566,8322.894,0.027842732,3,1,false,false,-9.219511,7.7349477,9.410087,-1.1635051,-0.0790392,3
44.058403,0.59273213,43.99570212588166,11.367297876232339,0,0.78273743,8363.772,0.026148086,3,1,false,false,-7.7388854,7.7532,8.439649,-1.1647154,-0.06622386,3
44.197224,0.5928737,43.99570212588166,11.367306976851586,0,0.8446363,8415.73,0.030021427,3,1,false,false,-6.4694304,8.337526,8.195204,-1.1656915,-0.049330447,3
44.344254,0.5930157,43.99570212588166,11.367316202642394,0,0.8897657,8456.67,0.044064507,3,1,false,false,-5.4512644,9.01369,8.726571,-1.16635,-0.030656235,3
44.498676,0.59315807,43.99570212588166,11.367325428052741,0,0.9168929,8473.013,0.079170786,3,1,false,false,-4.1649528,9.207156,9.106202,-1.1667194,-0.014723825,3
44.557682,0.5933009,43.99570212588166,11.367334653463088,0,0.9307029,8790.571,0.13727558,0,1,false,false,-3.5150232,-0.3433171,8.648534,-1.1667086,0.020028515,3
44.55454,0.59344375,43.99570203579374,11.367344003664535,0,0.94254,8313.931,0.20361294,4,1,false,false,-0.54269886,4.2304554,10.200552,-1.1659853,0.062381666,3
44.720913,0.5935868,43.99570203579374,11.367353229455343,0,0.96054244,7314.3057,0.2755183,4,1,false,false,2.2795906,11.56769,9.77158,-1.1646487,0.099725276,3
44.929783,0.59373057,43.99570194584316,11.36736257965679,0,0.9896424,6912.8955,0.34185326,4,1,false,false,2.977683,12.5539875,8.763466,-1.1626377,0.14262573,3
45.130524,0.5938749,43.99570194584316,11.367371929858237,0,1,7182.483,0.38785267,4,1,false,false,4.042164,10.648742,7.995435,-1.159881,0.18862224,3
45.279747,0.59401983,43.99570194584316,11.367381280059684,0,1,7368.623,0.4321563,4,1,false,false,6.7164936,8.04393,9.7306595,-1.156385,0.23128974,3
45.42786,0.5941652,43.99570194584316,11.367390630261133,0,1,7264.739,0.4604812,4,1,false,false,8.94599,9.414628,10.335289,-1.1520985,0.2849456,3
45.59988,0.5943112,43.99570194584316,11.367400104873218,0,1,7091.5884,0.4747649,4,1,false,false,10.039389,10.736371,11.031997,-1.1468762,0.34052074,3
45.7774,0.5944577,43.99570194584316,11.367409579865766,0,1,7068.1953,0.47888088,4,1,false,false,11.616133,9.919335,11.008845,-1.1408374,0.38135645,3
45.931522,0.59460473,43.99570203579374,11.367419179268952,0,1,7167.975,0.47718617,4,1,false,false,13.3209305,8.406898,10.79471,-1.1343044,0.39824384,3
46.06535,0.5947523,43.99570212588166,11.367428654261499,0,1,7251.673,0.4706496,4,1,false,false,14.080351,7.7549286,9.98093,-1.1276529,0.399891,3
46.197964,0.59490037,43.99570230592015,11.367438253664686,0,1,7268.743,0.4583025,4,1,false,false,13.949274,8.2265835,9.235212,-1.120913,0.40938032,3
46.340725,0.5950488,43.99570248582131,11.367447853448333,0,1,7265.0596,0.4437768,4,1,false,false,14.32243,8.611753,9.570313,-1.114008,0.41818264,3
46.48395,0.59519774,43.9957026658598,11.36745757764262,0,1,7283.7935,0.43046165,4,1,false,false,14.580503,8.446111,9.019961,-1.1069852,0.42252758,3
46.62104,0.5953472,43.99570293584888,11.367467177045807,0,1,7326.1284,0.4188413,4,1,false,false,14.817014,7.9348083,8.74718,-1.0999417,0.42303053,3
46.750404,0.5954972,43.995703205837955,11.367476901240092,0,1,7374.151,0.40818837,4,1,false,false,15.315624,7.882318,9.331127,-1.0928234,0.43164784,3
46.883423,0.5956475,43.995703565914944,11.36748662543438,0,1,7414.6045,0.39632586,4,1,false,false,15.675489,8.238972,8.466568,-1.0855762,0.43578592,3
47.019283,0.5957984,43.9957039258546,11.367496349628667,0,0.9985205,7438.9517,0.3818001,4,1,false,false,15.751288,8.160235,8.400956,-1.0783116,0.43471345,3
47.154217,0.5959497,43.995704285794254,11.367506073822954,0,0.97780514,7454.106,0.3713892,4,1,false,false,16.38031,8.276378,9.385596,-1.071058,0.4358742,3
47.293404,0.5961015,43.995704735821825,11.36751592280834,0,0.9546238,7473.384,0.36824253,4,1,false,false,16.886648,8.6050825,8.758627,-1.0638139,0.4311888,3
47.426632,0.5962538,43.99570527579998,11.367525771793726,0,0.9363749,7494.9453,0.37405252,4,1,false,false,16.844767,8.233793,8.362088,-1.0566424,0.42889234,3
47.55816,0.5964066,43.99570581591546,11.367535495988013,0,0.91467327,7520.7417,0.38615802,4,1,false,false,17.70306,8.007241,9.230166,-1.0494924,0.43029228,3
47.688316,0.5965601,43.99570635589361,11.367545469384039,0,0.8914919,7543.227,0.40625167,4,1,false,false,18.394875,7.917322,8.935002,-1.042295,0.43410432,3
47.8144,0.5967141,43.99570698582234,11.367555318369426,0,0.87126994,7559.4106,0.42997763,4,1,false,false,18.039597,7.822151,7.8598084,-1.0349777,0.4420181,3
47.936634,0.5968684,43.99570770583898,11.367565167354812,0,0.8559804,7579.0283,0.4629025,4,1,false,false,18.822187,7.5730476,8.579223,-1.0275056,0.4565874,3
48.05814,0.59702307,43.995708425855625,11.367575140750839,0,0.83279884,7604.0596,0.5067217,4,1,false,false,19.7596,7.4357285,8.652129,-1.0197718,0.47189686,3
48.17487,0.59717804,43.995709145872276,11.367584989736224,0,0.8019729,7618.953,0.5590136,4,1,false,false,20.454979,7.353616,9.053128,-1.0117491,0.49019587,3
48.284092,0.59733343,43.995710045790084,11.36759496313225,0,0.7758324,7626.4424,0.608642,4,1,false,false,21.088732,6.9391947,8.767327,-1.0033213,0.5219854,3
48.393345,0.5974891,43.995710855894636,11.367604936908737,0,0.76128256,7644.316,0.6553652,4,1,false,false,21.836153,6.798909,8.345606,-0.9944029,0.54693145,3
48.496334,0.5976449,43.99571184590035,11.367614910304763,0,0.76029605,7669.723,0.6865945,4,1,false,false,22.261227,6.5468173,8.693297,-0.9851275,0.5646704,3
48.595093,0.59780097,43.995712835906076,11.36762488370079,0,0.7602959,7693.5146,0.70111996,4,1,false,false,23.61732,6.510161,9.564906,-0.97555,0.58422863,3
48.690277,0.5979573,43.995713915862375,11.367634981887916,0,0.7602959,7710.6914,0.6938578,4,1,false,false,24.675358,6.2618327,9.560353,-0.96558845,0.61214185,3
48.784096,0.598114,43.99571499581868,11.367644955664403,0,0.7602959,7725.601,0.6706176,4,1,false,false,24.785152,6.3186035,9.513296,-0.95515907,0.63706666,3
48.87717,0.59827083,43.99571616586289,11.367654929060429,0,0.7602959,7744.3525,0.6316412,4,1,false,false,24.729893,6.4859333,9.239607,-0.94439745,0.65188533,3
48.970905,0.59842783,43.995717425857684,11.367664902836916,0,0.7644884,7769.846,0.589517,4,1,false,false,25.040138,6.4463983,9.537655,-0.93349004,0.6553422,3
49.064476,0.59858525,43.99571877580306,11.367675001024041,0,0.76621455,7791.713,0.5483613,4,1,false,false,25.585052,6.4950905,9.878936,-0.9225868,0.65221137,3
49.15767,0.5987429,43.99572012588577,11.367684974420067,0,0.76621455,7803.3027,0.51011074,4,1,false,false,25.453012,6.3675685,8.901657,-0.911773,0.64577883,3
49.247215,0.5989007,43.995721565919055,11.367694948196554,0,0.7652282,7815.448,0.48372263,4,1,false,false,25.219622,6.4589887,8.79415,-0.9010061,0.64465773,3
49.33298,0.59905887,43.995723095902925,11.36770504638368,0,0.75758314,7836.6196,0.46217597,4,1,false,false,26.91479,6.1073923,10.981162,-0.89024025,0.6517614,3
49.416416,0.5992173,43.995724715837376,11.367715019779705,0,0.74352634,7857.2793,0.44595498,4,1,false,false,27.935719,5.9063497,10.540538,-0.87929595,0.66259915,3
49.491673,0.59937596,43.99572633590916,11.367724993175733,0,0.7215782,7862.847,0.4287671,4,1,false,false,28.259676,5.934402,11.116728,-0.8680489,0.68406415,3
49.571327,0.59953487,43.995728045794195,11.367735091743318,0,0.69420475,7857.902,0.40600973,4,1,false,false,27.816385,6.3283725,10.679408,-0.8565972,0.68503547,3
49.654255,0.599694,43.99572984590447,11.367745065139346,0,0.66387177,7849.721,0.37816888,4,1,false,false,28.473528,6.150832,10.091885,-0.84533924,0.66577417,3
49.72825,0.59985346,43.995731735827995,11.367755038535371,0,0.6194823,7836.0327,0.3520221,4,1,false,false,28.780033,5.8444386,10.045093,-0.834385,0.64746046,3
49.795033,0.60001326,43.99573362588885,11.367765012311857,0,0.59556115,7826.415,0.34185335,4,1,false,false,27.977816,5.272245,9.395417,-0.8238051,0.6217374,3
49.852436,0.6001731,43.995735695850875,11.367774985707884,0,0.5881628,7835.932,0.34693736,4,1,false,false,27.849289,4.8185534,9.484689,-0.81363213,0.5998598,3
49.905373,0.6003333,43.9957377658129,11.36778495948437,0,0.5743526,7853.236,0.3675159,4,1,false,false,27.804638,4.5577884,9.312491,-0.8038441,0.5742355,3
49.95171,0.60049367,43.99573992586283,11.367794932880397,0,0.54599273,7848.9155,0.40140978,4,1,false,false,27.726904,4.0646753,9.548344,-0.79443324,0.5584287,3
49.992626,0.60065424,43.99574208591276,11.367804781865782,0,0.5080147,7824.2437,0.45103994,4,1,false,false,28.123081,3.8595698,9.432346,-0.7851207,0.56129146,3
50.027695,0.600815,43.995744425863855,11.36781463047071,0,0.465598,7801.6597,0.509869,4,1,false,false,27.71815,3.2635617,8.474158,-0.7756868,0.5724951,3
50.052925,0.6009758,43.99574676581495,11.367824604247195,0,0.44266334,7802.249,0.56700283,4,1,false,false,27.655415,2.8646357,8.732068,-0.76602113,0.5843005,3
50.07315,0.601137,43.99574919585396,11.367834452852122,0,0.43403202,7820.7046,0.6219573,4,1,false,false,28.134296,2.4974387,9.011904,-0.75633985,0.5749322,3
50.08429,0.60129815,43.995751625892964,11.36784417742687,0,0.43131942,7827.0903,0.668438,4,1,false,false,28.766838,2.0681753,9.531126,-0.7468028,0.57175183,3
50.092743,0.60145944,43.99575423583314,11.367854026031795,0,0.41011095,7807.786,0.6979727,4,1,false,false,28.382778,2.1149714,8.986384,-0.7372118,0.5776376,3
50.103397,0.6016208,43.99575684591064,11.367863750226082,0,0.3521579,7760.948,0.71080357,4,1,false,false,28.554213,2.1245656,9.128612,-0.7275941,0.5749645,3
50.10709,0.60178244,43.99575954580139,11.367873474420367,0,0.29469794,7709.1846,0.7032995,4,1,false,false,28.794453,1.5255167,9.280019,-0.7180382,0.5691003,3
50.097855,0.601944,43.995762335917384,11.367883074204016,0,0.2638718,7687.509,0.6885323,4,1,false,false,29.52666,0.5966122,9.893383,-0.7086553,0.5564908,3
50.07288,0.6021057,43.99576512589605,11.367892798398302,0,0.25819978,7698.5015,0.6706175,4,1,false,false,29.101524,-0.25721383,9.107974,-0.6994625,0.54868853,3
50.040276,0.60226744,43.9957680058253,11.367902397801489,0,0.25819975,7715.519,0.6551234,4,1,false,false,29.262686,-0.4408293,9.627287,-0.69035345,0.54269254,3
50.0078,0.60242915,43.995770975842454,11.367911872794036,0,0.25721323,7710.3574,0.64834523,4,1,false,false,28.88286,-0.42484152,9.014591,-0.68138707,0.53463614,3
49.97643,0.60259086,43.9957740358102,11.367921347406122,0,0.2572133,7689.679,0.6546395,4,1,false,false,29.919544,-0.34788072,10.610268,-0.672479,0.53643715,3
49.94148,0.6027525,43.995777095915265,11.36793082239867,0,0.25499386,7673.322,0.67352206,4,1,false,false,31.015055,-0.6033382,12.001872,-0.66337794,0.55786294,3
49.903748,0.6029141,43.995780245833586,11.367940297391216,0,0.24981502,7667.1104,0.6974891,4,1,false,false,31.406818,-0.74395305,11.81394,-0.65386987,0.58556676,3
49.863903,0.6030757,43.99578348583982,11.367949647592663,0,0.24562265,7667.4653,0.72121364,4,1,false,false,30.82323,-0.84089005,11.844371,-0.6439104,0.6130761,3
49.823048,0.60323703,43.99578681593397,11.367958873003012,0,0.24562268,7671.7334,0.7400956,4,1,false,false,30.68667,-0.88699275,11.3752,-0.63353395,0.6366655,3
49.78201,0.6033982,43.99579014589078,11.367968098413359,0,0.24882863,7676.3574,0.7580104,4,1,false,false,31.241045,-0.7621354,10.479234,-0.6227649,0.6600206,3
49.74893,0.60355896,43.99579356593551,11.367977324204166,0,0.2596794,7678.8853,0.773262,4,1,false,false,32.943943,-0.47086957,11.080204,-0.6120267,0.6352791,3
49.71641,0.6037197,43.99579707593082,11.367986424823412,0,0.27422932,7669.419,0.7885128,4,1,false,false,31.805704,-0.9011706,10.683308,-0.6018372,0.6122518,3
49.68771,0.60388035,43.995800585926126,11.36799552582312,0,0.28853267,7660.7417,0.79674375,4,1,false,false,32.41396,-1.0666387,10.536577,-0.5920605,0.59321326,3
49.659462,0.6040407,43.9958042758226,11.368004502031729,0,0.30357575,7660.9873,0.79989076,4,1,false,false,32.300068,-1.4398103,10.164327,-0.5824863,0.58991665,3
49.632946,0.60420084,43.9958079658564,11.368013478240336,0,0.32971644,7675.3047,0.7991653,4,1,false,false,31.925472,-1.5523534,9.984621,-0.5728598,0.59572196,3
49.611797,0.604361,43.99581165589021,11.368022329657844,0,0.355857,7697.307,0.793597,4,1,false,false,27.919947,-1.1470916,9.34223,-0.56309766,0.5911791,3
49.597645,0.6045211,43.99581552582517,11.368031181455812,0,0.38840932,7715.7407,0.78512394,4,1,false,false,26.456102,-0.8572533,9.245663,-0.5534643,0.57762945,3
49.591072,0.604681,43.99581939589747,11.368040032873319,0,0.4224414,7729.4834,0.7790716,4,1,false,false,24.178354,-0.34884632,7.600765,-0.54400045,0.5665732,3
49.594364,0.6048409,43.99582335592034,11.368048759499727,0,0.45228118,7744.311,0.77447253,4,1,false,false,23.172073,-0.05948575,8.062535,-0.53472525,0.5534126,3
49.604706,0.6050009,43.995827315943224,11.368057486506595,0,0.4794081,7761.401,0.771083,4,1,false,false,22.67579,0.19260772,8.627291,-0.5256442,0.5419282,3
49.62058,0.6051609,43.995831365916686,11.368066088722363,0,0.49987677,7779.8765,0.76769364,4,1,false,false,22.466227,0.38400096,8.398157,-0.5166833,0.5364578,3
49.639465,0.6053209,43.99583541589014,11.368074690938132,0,0.5154131,7797.3726,0.7640623,4,1,false,false,21.621689,0.48653728,7.748857,-0.50773346,0.5383252,3
49.66029,0.6054811,43.995839645902095,11.3680832931539,0,0.52823687,7812.8047,0.7626103,4,1,false,false,23.494755,0.16386886,9.344643,-0.4987724,0.55154955,3
49.68972,0.6056413,43.99584378582614,11.368091770578568,0,0.5383476,7824.088,0.7635786,4,1,false,false,25.466885,1.0780951,12.111338,-0.48952276,0.5668407,3
49.72834,0.6058017,43.995848105926,11.368100248003238,0,0.54352653,7808.758,0.7647893,4,1,false,false,30.370262,1.1752923,18.233927,-0.48028803,0.56352615,3
49.770348,0.6059622,43.995852425888536,11.368108601017266,0,0.54697907,7764.862,0.76236814,4,1,false,false,32.00638,2.1347516,19.575197,-0.47072175,0.57652706,3
49.807274,0.6061229,43.99585683593898,11.368116953650834,0,0.5561036,7719.389,0.74421144,4,1,false,false,35.118313,0.9682348,18.668442,-0.46131203,0.57216233,3
49.840134,0.6062838,43.99586133594001,11.368125181873763,0,0.56547487,7719.534,0.70620465,4,1,false,false,34.068607,0.6811788,14.837829,-0.45178783,0.57769006,3
49.867756,0.60644484,43.99586592589162,11.368133410096691,0,0.57509243,7756.004,0.65948135,4,1,false,false,29.362642,0.40814525,11.072425,-0.44223377,0.5791257,3
49.89116,0.606606,43.995870605931145,11.36814151352852,0,0.5906289,7798.122,0.6175995,4,1,false,false,24.016983,0.48685375,7.9977565,-0.43263254,0.5908661,3
49.923275,0.60676736,43.995875285833336,11.36814949254971,0,0.60665846,7843.0347,0.5832226,4,1,false,false,19.090818,0.9454047,4.425564,-0.42295995,0.5779044,3
49.960266,0.60692906,43.99588005582344,11.368157595981538,0,0.6221949,7891.999,0.5582871,4,1,false,false,15.032641,1.5479343,1.8747156,-0.4136786,0.53896624,3
50.003708,0.6070909,43.995884915901456,11.368165575002728,0,0.6347719,7940.1216,0.54351914,4,1,false,false,13.911753,1.5875429,2.1487586,-0.4052085,0.49550435,3
50.039944,0.60725296,43.995889685891555,11.368173428852357,0,0.6503083,7989.869,0.5357731,4,1,false,false,13.944966,1.3214744,1.2307163,-0.3971849,0.48251817,3
50.08617,0.6074154,43.99589454583224,11.368181407873546,0,0.6653515,8048.869,0.5309312,4,1,false,false,16.192783,2.9589376,14.976644,-0.3889498,0.52468693,3
50.153385,0.6075781,43.99589949586084,11.368189262103634,0,0.6860667,8056.58,0.53359336,4,1,false,false,29.461441,4.094907,20.04254,-0.37986732,0.6062025,3
50.22636,0.6077411,43.99590444588944,11.368197116333723,0,0.71245384,7987.103,0.5193106,4,1,false,false,32.995148,4.225408,22.897022,-0.3690354,0.7035552,3
50.29456,0.60790443,43.99590957595653,11.368204845772713,0,0.73662156,7916.1357,0.48009098,4,1,false,false,39.41319,5.5466223,20.483345,-0.35651138,0.7933623,3
50.388287,0.60806835,43.99591470588629,11.368212450420602,0,0.75437737,7909.686,0.4183563,4,1,false,false,40.453682,6.419667,16.316992,-0.34391293,0.7261265,3
50.477005,0.6082326,43.99591992590396,11.368219930657853,0,0.7709001,7925.1104,0.35492647,4,1,false,false,34.444588,7.3643985,11.168988,-0.33301517,0.58757263,3
50.573925,0.60839725,43.995925235872214,11.368227410895102,0,0.7975341,7936.3057,0.30505434,4,1,false,false,25.568419,7.9142013,6.104812,-0.3248448,0.4092682,3
50.67478,0.6085625,43.99593063592838,11.368234891132353,0,0.81997544,7943.321,0.28810683,4,1,false,false,18.109234,7.3522067,2.7510545,-0.31963372,0.24703655,3
50.76141,0.60872835,43.99593603584722,11.368242370989142,0,0.83255243,7969.5005,0.29972732,4,1,false,false,14.395532,5.985503,0.7370889,-0.3164862,0.16657658,3
50.81429,0.6088945,43.995941525853965,11.368249726815751,0,0.83921075,8053.86,0.33434862,4,1,false,false,16.033987,3.2478645,0.4025953,-0.3138413,0.19157887,3
50.843338,0.6090609,43.99594692591013,11.368257082261902,0,0.84167707,8209.74,0.37598908,4,1,false,false,17.91815,3.884067,11.603542,-0.30959716,0.32298604,3
50.902218,0.60922724,43.99595241591688,11.368264312916951,0,0.8436496,8350.873,0.41835627,4,1,false,false,24.62871,6.664896,12.141714,-0.3027716,0.49343306,3
51.00578,0.60939384,43.995957995874214,11.368271668363102,0,0.8448829,8359.951,0.43046176,4,1,false,false,27.05252,8.339065,14.500848,-0.29327592,0.6187831,3
51.142353,0.6095609,43.995963665919454,11.368278899398613,0,0.8448829,8228.812,0.41980886,4,1,false,false,29.124388,10.086906,14.571097,-0.2824348,0.66004694,3
51.299374,0.6097283,43.995969335964695,11.368286005262561,0,0.8424167,8077.1226,0.39463115,4,1,false,false,28.705189,10.44525,13.30583,-0.27166393,0.6165227,3
51.452923,0.6098959,43.99597509596052,11.368293111506972,0,0.8389642,8004.5347,0.37816888,4,1,false,false,28.593159,9.558552,12.71623,-0.26217392,0.51281494,3
51.56953,0.61006397,43.99598085595634,11.368300092960283,0,0.8377312,8009.339,0.37865233,4,1,false,false,26.482695,6.742604,10.926249,-0.25448108,0.42280996,3
51.65293,0.6102324,43.995986705902745,11.368307199204693,0,0.8448831,8069.732,0.3905149,4,1,false,false,26.662426,5.5596795,10.401869,-0.24764228,0.41027722,3
51.725056,0.61040086,43.99599264593706,11.368314055866904,0,0.86461174,8150.0522,0.40746236,4,1,false,false,26.049763,4.977455,10.9958,-0.2406058,0.44076523,3
51.798878,0.61056954,43.99599867592196,11.368320912909574,0,0.88828623,8201.867,0.42271405,4,1,false,false,26.161453,5.606342,12.106074,-0.23284048,0.49159434,3
51.890316,0.6107385,43.996004705906856,11.368327769571785,0,0.91196036,8218.028,0.42513576,4,1,false,false,27.089466,6.7770224,12.854915,-0.22425027,0.53329545,3
51.99301,0.6109078,43.99601073589176,11.368334501823355,0,0.9260174,8210.808,0.40722072,4,1,false,false,26.61246,7.1455975,11.244936,-0.21511193,0.5567626,3
52.10017,0.61107725,43.99601685596457,11.368341109283826,0,0.9381012,8208.995,0.37163174,4,1,false,false,26.091408,7.4443707,10.544257,-0.20574337,0.55994266,3
52.20982,0.6112472,43.99602306585063,11.368347841535398,0,0.9514181,8226.11,0.3205486,4,1,false,false,25.922325,7.4856243,10.996067,-0.19652088,0.54033583,3
52.319473,0.6114175,43.99602927587402,11.368354324204768,0,0.9607893,8244.988,0.26534906,4,1,false,false,26.317924,7.450742,12.176956,-0.1877851,0.50661397,3
52.4253,0.611588,43.996035575985324,11.368360931665238,0,0.96350175,8251.873,0.20458151,4,1,false,false,26.827581,7.192683,13.185352,-0.17952877,0.48664948,3
52.53032,0.6117589,43.99604196590988,11.36836728992397,0,0.9642418,8255.874,0.1401813,4,1,false,false,26.714918,7.309161,13.815084,-0.17145967,0.47872356,3
52.63874,0.61193025,43.996048355971766,11.36837364780224,0,0.9642417,8265.986,0.08377066,4,1,false,false,25.624588,7.431705,12.3143425,-0.16361395,0.45703292,3
52.750168,0.6121019,43.99605483598423,11.368380006060972,0,0.9654748,8280.541,0.029295817,4,1,false,false,24.184645,7.6772585,12.091709,-0.15626593,0.4161238,3
52.86668,0.61227393,43.99606131585937,11.368386239528604,0,0.97065353,8290.28,-0.0075060595,4,1,false,false,23.192287,7.897616,12.061763,-0.1498273,0.35131794,3
52.9846,0.6124464,43.99606788595975,11.368392472996236,0,0.9792849,8288.875,-0.021064151,4,1,false,false,21.86232,7.5505495,11.629165,-0.1445617,0.2828398,3
53.10198,0.6126194,43.996074455922795,11.368398581672766,0,0.98816264,8285.354,-0.005567983,4,1,false,false,20.61879,7.681012,11.749905,-0.14030673,0.23043193,3
53.21998,0.6127928,43.99608111597376,11.36840469072976,0,0.9999999,8292.871,0.03050641,4,1,false,false,19.221622,7.5079875,10.004985,-0.13678713,0.19354329,3
53.339622,0.6129666,43.99608777588739,11.36841079940629,0,1,8312.106,0.073117815,4,1,false,false,18.25593,7.6345053,9.904482,-0.13382919,0.16070272,3
53.45913,0.6131408,43.996094525888935,11.368416783672183,0,1,8329.416,0.12880187,4,1,false,false,16.285229,7.3748894,8.081979,-0.13141537,0.13233814,3
53.578083,0.6133156,43.996101275890474,11.368422892348713,0,1,8338.447,0.18642396,4,1,false,false,14.870405,7.1594906,7.1037054,-0.12936552,0.1204171,3
53.689495,0.61349076,43.99610811597993,11.368428751823506,0,1,8352.467,0.24767555,4,1,false,false,13.593446,6.570685,6.6375575,-0.12728356,0.13725185,3
53.797062,0.61366624,43.99611486598147,11.368434736089398,0,1,8389.844,0.3009385,4,1,false,false,13.062596,6.544994,6.712865,-0.124745734,0.17159936,3
53.90303,0.6138423,43.99612179588418,11.36844059556419,0,1,8440.9,0.3522641,4,1,false,false,13.835331,6.371122,7.768526,-0.12156863,0.21609725,3
54.009407,0.6140186,43.99612863597363,11.368446455038981,0,1,8482.095,0.38664204,4,1,false,false,15.331031,6.57076,8.891549,-0.11745377,0.28041938,3
54.118114,0.61419535,43.99613556587634,11.368452314513773,0,1,8502.082,0.4127882,4,1,false,false,15.980238,6.650841,9.056047,-0.11224967,0.34324318,3
54.23217,0.61437255,43.996142495916374,11.368458173608104,0,1,8509.819,0.4282821,4,1,false,false,16.218088,7.041243,7.6270466,-0.106074855,0.39257866,3
54.35629,0.61455023,43.99614951590699,11.368463908672258,0,1,8517.609,0.4302197,4,1,false,false,16.669329,7.6155434,7.4058905,-0.099356696,0.4068001,3
54.478493,0.6147283,43.99615653589761,11.36846964335595,0,1,8520.951,0.42150354,4,1,false,false,17.96024,7.3561106,9.482704,-0.09262149,0.4030697,3
54.59209,0.6149067,43.99616364597614,11.36847537803964,0,1,8522.898,0.40939885,4,1,false,false,19.559504,6.769795,10.837323,-0.08584226,0.41644904,3
54.69483,0.6150858,43.99617075591734,11.368480988312694,0,1,8540.502,0.39656794,4,1,false,false,20.896633,6.231869,11.6566,-0.07858359,0.45873448,3
54.793316,0.615265,43.99617786599587,11.368486598585747,0,1,8582.629,0.37986344,4,1,false,false,22.255083,6.3716817,12.908273,-0.07048736,0.50924975,3
54.898937,0.61544454,43.99618506588765,11.368492083687238,0,1,8623.107,0.36170596,4,1,false,false,23.682535,6.888432,12.871529,-0.061720673,0.53361464,3
55.008858,0.6156247,43.99619235600467,11.368497569169191,0,1,8628.153,0.3391906,4,1,false,false,25.004215,7.2303963,13.564591,-0.052782834,0.5323276,3
55.123184,0.6158051,43.99619964598437,11.368502930240505,0,1,8608.456,0.3140116,4,1,false,false,26.857904,7.688135,15.294511,-0.043947455,0.522496,3
55.2422,0.6159858,43.99620693596406,11.368508290931356,0,1,8593.309,0.29077002,4,1,false,false,27.563093,7.7299833,14.422945,-0.03542857,0.49213398,3
55.35796,0.61616623,43.996214315963,11.368513526831109,0,1,8591.765,0.27333862,4,1,false,false,26.307533,7.486966,12.342005,-0.027607312,0.44067553,3
55.473495,0.6163468,43.996221785981184,11.368518763111322,0,1,8602.22,0.25978154,4,1,false,false,25.619234,7.511773,12.478632,-0.020789376,0.37458026,3
55.587063,0.6165277,43.996229165980125,11.368523874600434,0,1,8612.741,0.25203386,4,1,false,false,24.668785,7.116114,12.143226,-0.015080781,0.3153378,3
55.690323,0.6167088,43.9962367259489,11.368528861298449,0,1,8622.308,0.25300252,4,1,false,false,23.013552,6.2770576,11.654618,-0.0100552,0.29759398,3
55.787045,0.61689,43.99624428598633,11.368533847996462,0,1,8646.458,0.2636544,4,1,false,false,20.952965,6.1048875,10.855894,-0.0050116936,0.31038624,3
55.885323,0.6170716,43.9962518459551,11.368538834694474,0,1,8686.142,0.27503335,4,1,false,false,18.73087,6.2599115,9.196112,0.00029048574,0.32041046,3
55.9899,0.6172533,43.996259495943114,11.368543696981847,0,1,8722.315,0.28011733,4,1,false,false,15.711308,6.833504,6.8516545,0.0055114888,0.29728004,3
56.10264,0.61743516,43.996267145999795,11.368548434478122,0,1,8735.902,0.277697,4,1,false,false,15.349264,6.674933,5.837051,0.010056625,0.25348005,3
56.208942,0.61761725,43.99627479598781,11.368553296385034,0,1,8734.299,0.27237102,4,1,false,false,15.717991,5.9457235,8.505832,0.014161274,0.25066096,3
56.30047,0.6177996,43.99628253599507,11.368558033881309,0,1,8757.304,0.2634128,4,1,false,false,16.347017,5.1589446,9.953636,0.018647764,0.2922331,3
56.385788,0.6179819,43.996290276002334,11.368562771377581,0,1,8824.603,0.25251788,4,1,false,false,17.357195,5.932567,10.205834,0.02406288,0.35497028,3
56.497936,0.6181645,43.9962980160096,11.368567384082755,0,1,8891.457,0.23363438,4,1,false,false,19.403004,7.136314,10.999517,0.03027482,0.3750964,3
56.617016,0.61834735,43.996305845967434,11.368571996787928,0,1,8877.482,0.21208613,4,1,false,false,19.886162,7.1845446,12.269627,0.036436148,0.3584227,3
56.743694,0.61853033,43.996313675993946,11.368576485082462,0,1,8808.019,0.19683386,4,1,false,false,18.584736,6.8455224,12.613662,0.042068273,0.31988576,3
56.86099,0.6187136,43.99632150595179,11.368580972996536,0,1,8763.59,0.19513927,4,1,false,false,15.240016,5.765354,9.303333,0.04695198,0.27416143,3
56.967335,0.61889726,43.996329425997544,11.36858546129107,0,1,8789.889,0.20748724,4,1,false,false,13.981472,6.117729,8.6877775,0.0510743,0.21919607,3
57.064785,0.61908096,43.99633734597464,11.368589949205145,0,1,8848.505,0.23363437,4,1,false,false,13.584917,6.842896,6.994133,0.054243397,0.15834138,3
57.17572,0.61926484,43.99634535597097,11.368594312708579,0,1,8885.945,0.2694653,4,1,false,false,15.031188,8.108509,8.30159,0.056612827,0.14618766,3
57.269455,0.619449,43.99635336596731,11.368598551420913,0,1,8901.652,0.30699086,4,1,false,false,19.105366,5.3133616,15.4394245,0.05953226,0.21036221,3
57.338654,0.61963326,43.99636137596365,11.368602914924347,0,1,8963.658,0.3353163,4,1,false,false,19.48669,5.509546,16.802711,0.06416597,0.34408078,3
57.430042,0.6198176,43.99636938595999,11.368607153636681,0,1,9047.904,0.3512951,4,1,false,false,17.77421,5.433817,10.532248,0.07062215,0.4251848,3
57.544556,0.6200023,43.99637748597557,11.368611267938375,0,1,9065.149,0.34693724,4,1,false,false,18.822456,7.7197285,11.419987,0.07797862,0.44476873,3
57.675858,0.6201873,43.996385585991156,11.368615381859609,0,1,8998.064,0.32926473,4,1,false,false,19.783026,8.160228,9.764656,0.085075855,0.40350857,3
57.80013,0.6203726,43.99639377602598,11.368619495780843,0,1,8920.918,0.30602232,4,1,false,false,19.848648,7.024727,9.576809,0.09144028,0.36710128,3
57.908424,0.62055826,43.99640187597291,11.368623485291439,0,1,8917.812,0.28762278,4,1,false,false,20.428684,6.601654,12.315099,0.097510055,0.3614747,3
58.0094,0.6207442,43.99641015602698,11.368627474802032,0,1,8979.297,0.26365444,4,1,false,false,19.913656,5.727757,11.85046,0.103347726,0.3393645,3
58.10129,0.62093043,43.99641834599315,11.368631339521528,0,1,9032.598,0.2312127,4,1,false,false,18.956112,6.4106727,11.847152,0.10880141,0.31601602,3
58.20027,0.6211169,43.99642662597856,11.368635204241022,0,1,9048.256,0.19344461,4,1,false,false,19.320059,7.143552,10.1651945,0.11395969,0.29983142,3
58.30312,0.6213037,43.99643490603264,11.368638944169417,0,1,9046.6875,0.15616012,4,1,false,false,17.721909,6.953652,9.528008,0.11882939,0.2780351,3
58.408897,0.6214908,43.9964432760373,11.368642684478273,0,1,9056.81,0.12783426,4,1,false,false,16.821857,6.572406,10.385205,0.12328213,0.2501332,3
58.514336,0.62167823,43.996451645973295,11.368646424406666,0,1,9077.231,0.10822363,4,1,false,false,14.70522,4.6755505,10.056771,0.12713362,0.21438307,3
58.62454,0.62186605,43.99646001597795,11.368650039924422,0,1,9084.847,0.09878093,4,1,false,false,12.058298,5.320089,11.201598,0.13022925,0.16298512,3
58.732067,0.6220543,43.99646838598261,11.368653655442177,0,1,9078.608,0.10120162,4,1,false,false,14.538737,8.132825,12.7441635,0.13278112,0.15315703,3
58.85015,0.6222428,43.996476846006516,11.368657146168832,0,1,9075.857,0.11185497,4,1,false,false,15.681337,7.93329,14.758738,0.13512777,0.13593903,3
58.960213,0.62243176,43.99648530603042,11.368660761306126,0,1,9083.006,0.1261396,4,1,false,false,15.019065,8.176128,15.466709,0.13756584,0.14428708,3
59.068783,0.62262124,43.99649376598566,11.368664252413243,0,1,9096.954,0.14163391,4,1,false,false,13.308283,6.19003,15.962631,0.13996182,0.13644336,3
59.17663,0.62281096,43.99650231602882,11.368667618348798,0,1,9099.181,0.15640214,4,1,false,false,9.820186,5.0746994,13.537143,0.1420707,0.11867613,3
59.285637,0.62300116,43.996510866003305,11.368671109075454,0,1,9094.124,0.1660864,4,1,false,false,8.865909,6.414882,11.059956,0.14392412,0.10960885,3
59.389606,0.6231918,43.99651941604646,11.368674475011009,0,1,9106.477,0.17456011,4,1,false,false,10.261944,8.712893,11.042746,0.14593865,0.12990707,3
59.49189,0.6233827,43.99652796602095,11.368677841327024,0,1,9139.659,0.18206571,4,1,false,false,10.722127,6.8008776,15.783319,0.14822361,0.14440984,3
59.57988,0.62357384,43.99653660601468,11.368681082471479,0,1,9173.203,0.1823077,4,1,false,false,10.200736,3.8929906,15.066101,0.15089934,0.17781976,3
59.676414,0.6237653,43.99654524600842,11.368684448787494,0,1,9201.422,0.17528711,4,1,false,false,9.354742,4.478123,14.487586,0.15402122,0.19242443,3
59.78202,0.623957,43.99655388600215,11.36868768993195,0,1,9203.903,0.16584438,4,1,false,false,10.08635,7.424163,13.6919365,0.15714702,0.18469004,3
59.901043,0.6241491,43.996562525995884,11.368690931456866,0,1,9187.62,0.15809725,4,1,false,false,10.042643,8.248999,12.488706,0.15989317,0.14543279,3
60.01379,0.6243416,43.99657125600886,11.368694172981781,0,1,9177.403,0.15204518,4,1,false,false,9.582529,7.7454157,14.404162,0.16216372,0.12281833,3
60.10918,0.62453437,43.9965798960026,11.368697289715596,0,1,9190.711,0.15204519,4,1,false,false,8.463315,4.1181426,14.781277,0.16412795,0.11983993,3
60.194828,0.6247274,43.99658862601558,11.368700530860052,0,1,9229.306,0.15131813,4,1,false,false,8.292103,4.56176,13.362742,0.16622464,0.13723397,3
60.28097,0.62492085,43.99659744604781,11.368703647593868,0,1,9280.666,0.15204522,4,1,false,false,8.516507,6.698475,13.694754,0.16869259,0.15806143,3
60.377243,0.62511444,43.996606176060794,11.368706764327683,0,1,9311.596,0.15131813,4,1,false,false,8.559339,7.111085,12.544636,0.17138003,0.15682809,3
60.366966,0.6253082,43.99661490607377,11.3687098810615,0,1,9308.746,0.1505921,0,1,false,false,8.022193,-4.763828,10.380185,0.17381303,0.1289944,3
60.321674,0.62550193,43.996623726037335,11.368712873384675,0,1,8837.34,0.15034911,5,1,false,false,7.238869,2.6010082,10.310806,0.17572325,0.10916515,3
60.46221,0.6256957,43.99663254606956,11.368715990118492,0,1,7833.989,0.15422341,5,1,false,false,6.444959,11.80031,9.749337,0.17769173,0.13413362,3
60.6262,0.6258901,43.99664136603313,11.368718982061207,0,1,7596.2,0.15809724,5,1,false,false,6.56449,8.85953,11.772814,0.18006063,0.14948258,3
60.704357,0.62608474,43.99665018606536,11.368721974003922,0,1,7918.0254,0.15034913,5,1,false,false,7.498558,3.0895638,10.87386,0.18269555,0.15641129,3
60.733604,0.62627965,43.99665900602892,11.368724966327099,0,1,8150.881,0.14865452,5,1,false,false,8.053242,2.266988,10.078978,0.18522942,0.14799327,3
60.810524,0.6264747,43.99666782606115,11.368727958269815,0,1,8065.859,0.12977093,5,1,false,false,8.286943,6.5083027,11.765512,0.18769735,0.15021041,3
60.922394,0.62666994,43.99667673604396,11.36873082580189,0,1,7888.8804,0.108707696,5,1,false,false,7.719646,7.2234983,10.410944,0.19024193,0.1535008,3
61.02387,0.6268656,43.99668564602677,11.368733817744607,0,1,7876.581,0.087402016,5,1,false,false,7.5271754,5.543433,12.055794,0.19275104,0.14476939,3
61.095634,0.6270616,43.99669455607824,11.368736685276684,0,1,7986.7256,0.06343306,5,1,false,false,7.6309023,4.222056,13.102716,0.19501792,0.12520136,3
61.161366,0.6272578,43.99670346606105,11.368739552428298,0,1,8054.6562,0.03752747,5,1,false,false,7.332036,4.3711,12.588587,0.19691177,0.10340353,3
61.240376,0.6274542,43.99671246606311,11.368742419960375,0,1,8028.3,0.008231668,5,1,false,false,6.265236,5.5172276,12.02697,0.19843458,0.079393014,3
61.334187,0.62765086,43.99672137604592,11.368745287492452,0,1,7978.5576,-0.017190812,5,1,false,false,5.8388033,5.9411364,13.1474695,0.1994899,0.04910275,3
61.420956,0.62784785,43.99673037604798,11.368748029852966,0,1,7974.536,-0.037527476,5,1,false,false,4.182476,5.0962358,11.030507,0.2000863,0.023145223,3
61.4942,0.6280451,43.99673937605003,11.368750897385043,0,1,8015.3945,-0.04721222,5,1,false,false,2.487401,4.4499106,11.029743,0.20024842,-0.0022897655,3
61.56367,0.6282425,43.99674837605209,11.36875364012602,0,1,8059.6196,-0.04914843,5,1,false,false,1.782163,4.255768,13.256893,0.20005421,-0.019636873,3
61.624622,0.6284402,43.99675737605415,11.368756507658096,0,1,8074.1704,-0.04769629,5,1,false,false,1.766317,3.81738,13.0091915,0.19960119,-0.030456893,3
61.703293,0.6286381,43.9967663760562,11.368759250399071,0,1,8079.142,-0.04261142,5,1,false,false,0.6265185,4.4225516,13.010506,0.19904104,-0.035595663,3
61.775837,0.62883615,43.99677546607751,11.368762117550688,0,1,8090.9985,-0.03074796,5,1,false,false,1.0574923,4.471915,15.514167,0.19830437,-0.053613074,3
61.854286,0.6290345,43.99678446607956,11.368764860291664,0,1,8103.1836,-0.0055679814,5,1,false,false,0.107711785,6.10936,5.677659,0.19742009,-0.047831472,3
61.943237,0.6292332,43.996793556066535,11.368767727823741,0,1,8104.856,0.0205801,5,1,false,false,-1.0035717,6.2931237,6.830302,0.19673048,-0.03676787,3
62.02842,0.629432,43.996802646087836,11.368770470564716,0,1,8091.0967,0.055685453,5,1,false,false,0.066159174,3.641267,9.3679285,0.19624802,-0.012578068,3
62.096294,0.6296312,43.99681173607481,11.368773338096792,0,1,8101.703,0.07529652,5,1,false,false,0.06889301,2.9067261,5.474719,0.19618984,0.0073860134,3
62.16436,0.62983054,43.99682082609611,11.368776205248409,0,1,8143.7705,0.097328275,5,1,false,false,-0.5858427,5.282122,2.1309915,0.19645923,0.022987563,3
62.226414,0.63003016,43.99682991608309,11.368778947989384,0,1,8186.23,0.10798069,5,1,false,false,2.7616763,6.2098365,15.899915,0.19702747,0.05718307,3
62.277054,0.6302299,43.996839006070054,11.36878181552146,0,1,8207.552,0.08570735,5,1,false,false,3.9983294,-0.15609497,17.35849,0.19845536,0.10815508,3
62.349274,0.6304298,43.996848096091355,11.368784558262437,0,1,8267.353,0.05060152,5,1,false,false,3.8677907,9.537291,12.403901,0.20037447,0.124152675,3
62.459164,0.6306301,43.99685727609758,11.368787425414054,0,1,8235.076,0.03825402,5,1,false,false,3.8570197,5.5181694,16.179186,0.20232746,0.09823669,3
62.561043,0.6308307,43.996866456103795,11.368790168155028,0,1,8101.35,0.012832483,5,1,false,false,3.051401,6.6404967,9.92516,0.20353432,0.04771821,3
62.660484,0.6310316,43.99687563611001,11.368793035687105,0,1,8054.281,-0.01041036,5,1,false,false,2.2450652,5.0256023,9.901614,0.20401052,0.013022281,3
62.719734,0.63123274,43.996884816081895,11.368795778428082,0,1,8124.462,-0.01791642,5,1,false,false,1.0765046,3.2159393,14.513326,0.20405062,-0.0038668534,3
62.76684,0.631434,43.99689399608812,11.368798521169058,0,1,8235.852,-0.021547258,5,1,false,false,0.37437865,3.1034284,15.071882,0.20390399,-0.012651275,3
62.821785,0.6316355,43.996903176094335,11.368801388320673,0,1,8286.854,-0.02033761,5,1,false,false,-0.3190986,3.9530773,11.790979,0.2036064,-0.02378613,3
62.90267,0.6318371,43.99691235610055,11.36880413106165,0,1,8262.818,-0.012832483,5,1,false,false,-0.42390165,5.764675,10.469834,0.20315546,-0.029938906,3
62.993267,0.632039,43.996921626091684,11.368806873802626,0,1,8211.685,-0.0007256074,5,1,false,false,-0.6445559,5.641808,7.1465282,0.20269193,-0.026223496,3
63.07439,0.63224125,43.99693089611715,11.368809741334703,0,1,8197.416,0.01065379,5,1,false,false,-0.5475403,4.720746,8.938689,0.2023247,-0.017560529,3
63.141727,0.6324436,43.996940076123366,11.36881248407568,0,1,8237.177,0.020580098,5,1,false,false,-0.71917516,3.8687286,9.838399,0.20210256,-0.009039803,3
63.204426,0.6326462,43.9969493461145,11.368815226816654,0,1,8292.443,0.02735868,5,1,false,false,-0.49360648,4.2543855,14.108185,0.20200685,-0.0011864238,3
63.27745,0.63284904,43.99695861610563,11.36881809434873,0,1,8313.902,0.029295813,5,1,false,false,-0.29940662,4.9959135,12.584856,0.20209149,0.0105009945,3
63.363396,0.6330521,43.99696788609676,11.368820961500347,0,1,8287.739,0.024937494,5,1,false,false,0.20572978,6.005144,11.589111,0.20238438,0.022960674,3
63.453007,0.63325554,43.99697715612223,11.368823704241324,0,1,8249.673,0.017432367,5,1,false,false,0.5970775,5.446626,11.511828,0.20282415,0.027755931,3
63.529613,0.63345915,43.9969865161326,11.368826571773399,0,1,8247.421,0.008231664,5,1,false,false,0.30793077,4.547694,7.922591,0.20325679,0.022475684,3
63.5949,0.633663,43.99699578612374,11.368829314514375,0,1,8289.967,-0.0016946454,5,1,false,false,0.5773268,4.032831,10.710065,0.20356406,0.015608941,3
63.659386,0.6338671,43.997005146134114,11.368832181665992,0,1,8335.463,-0.013558093,5,1,false,false,0.33703434,4.2786465,11.511555,0.20378393,0.010235511,3
63.725376,0.63407135,43.997014416125246,11.368835049198067,0,1,8346.167,-0.0225163,5,1,false,false,-0.30452308,4.26992,11.928553,0.20386466,-0.0023150481,3
63.804066,0.63427585,43.99702377613563,11.368837791939043,0,1,8338.023,-0.027358674,5,1,false,false,0.08654762,5.580502,14.091038,0.20373498,-0.011774365,3
63.884182,0.63448066,43.997033136111675,11.36884065947112,0,1,8327.3125,-0.031474505,5,1,false,false,-0.61921716,5.2209086,14.174332,0.20350821,-0.01828661,3
63.96267,0.6346857,43.99704249612205,11.368843526622737,0,1,8323.882,-0.029053323,5,1,false,false,-1.1823077,5.118027,13.045946,0.2031369,-0.027017953,3
64.03835,0.634891,43.99705185613243,11.368846269363711,0,1,8327.411,-0.024210948,5,1,false,false,-0.72674173,4.8689795,14.403009,0.20268705,-0.026252195,3
64.110634,0.63509655,43.997061306127726,11.368849136895788,0,1,8337.905,-0.022758797,5,1,false,false,-1.1520911,4.6248145,13.50324,0.20229182,-0.02278681,3
64.178535,0.63530236,43.9970706661381,11.368852004427865,0,1,8352.484,-0.016463326,5,1,false,false,-1.3911865,4.4780207,12.48542,0.20190692,-0.02418176,3
64.24758,0.6355083,43.997080026131314,11.36885487157948,0,1,8368.866,-0.010410361,5,1,false,false,-1.0458405,4.5875354,13.310497,0.201519,-0.022097524,3
64.316864,0.6357146,43.99708947614378,11.368857739111556,0,1,8380.599,-0.006537021,5,1,false,false,-0.9367777,4.56844,11.477049,0.20120491,-0.016342321,3
64.38592,0.63592106,43.99709892613907,11.368860606263173,0,1,8387.636,-0.003631783,5,1,false,false,-0.96784294,4.6121335,11.721169,0.20099251,-0.0103407325,3
64.45734,0.6361278,43.99710837613436,11.368863473795248,0,1,8394.533,-0.002905239,5,1,false,false,-0.91661274,4.633826,10.893024,0.20085852,-0.006727072,3
64.52588,0.6363347,43.99711773614474,11.368866341327324,0,1,8403.83,-0.004599883,5,1,false,false,-0.71575755,4.5001783,10.025625,0.20076597,-0.004530432,3
64.593925,0.63654184,43.997127186140034,11.368869208478941,0,1,8418.198,-0.009684754,5,1,false,false,-0.70927465,4.492907,11.973357,0.20069854,-0.004146616,3
64.66044,0.6367492,43.99713672615457,11.368872076011018,0,1,8433.197,-0.015252739,5,1,false,false,-1.1047974,4.382979,13.7064,0.20061477,-0.0071757203,3
64.726555,0.63695675,43.99714617614987,11.368875067953732,0,1,8445.947,-0.020095117,5,1,false,false,-1.1404449,4.5869455,12.049509,0.20047022,-0.011297882,3
64.796745,0.63716453,43.99715562614516,11.36887793548581,0,1,8455.273,-0.026148077,5,1,false,false,-1.3772119,4.8161907,11.642215,0.20026039,-0.015523528,3
64.87045,0.63737255,43.9971651661597,11.368880803017886,0,1,8453.619,-0.032201055,5,1,false,false,-1.8229183,4.8284397,15.153113,0.199969,-0.020421844,3
64.94102,0.63758075,43.99717461615499,11.3688837949606,0,1,8447.939,-0.0418858,5,1,false,false,-1.8706303,4.684685,13.56621,0.19960564,-0.024685547,3
65.00767,0.6377892,43.997184156152365,11.368886662492677,0,1,8458.291,-0.053265214,5,1,false,false,-2.4771438,4.5096354,14.900606,0.19912624,-0.034648653,3
65.07581,0.63799787,43.99719360616483,11.368889654435392,0,1,8477.617,-0.06440211,5,1,false,false,-2.8476553,4.6432576,15.686337,0.19846274,-0.04534351,3
65.142235,0.6382068,43.9972031461622,11.368892521967469,0,1,8484.732,-0.07553994,5,1,false,false,-3.4800754,4.6120777,14.219354,0.1976228,-0.05630194,3
65.212006,0.6384158,43.997212686168155,11.368895513910184,0,1,8481.7,-0.08619185,5,1,false,false,-3.7953284,4.7505503,14.230103,0.1966049,-0.06521895,3
65.280624,0.6386251,43.997222226165526,11.3688985058529,0,1,8480.57,-0.09563507,5,1,false,false,-4.0556912,4.6070294,10.9087925,0.1954829,-0.06909053,3
65.34546,0.6388346,43.99723176617149,11.368901498176077,0,1,8491.447,-0.100477435,5,1,false,false,-4.3080273,4.327497,12.005929,0.19428252,-0.074937254,3
65.40639,0.63904434,43.99724130616886,11.368904490118792,0,1,8512.207,-0.105319805,5,1,false,false,-4.2993255,3.824186,9.311994,0.19299585,-0.079560086,3
65.46106,0.6392542,43.997250846174815,11.368907606852607,0,1,8538.344,-0.10822505,5,1,false,false,-3.9482968,3.962544,5.975141,0.19161716,-0.08544418,3
65.52253,0.6394643,43.99726047617427,11.368910598795324,0,1,8564.48,-0.10725602,5,1,false,false,-3.8575714,4.1932435,5.564851,0.19018266,-0.08593808,3
65.58059,0.6396746,43.99727001617165,11.368913715529139,0,1,8576.412,-0.103625156,5,1,false,false,-4.017527,3.9296517,6.450304,0.18875194,-0.08762595,3
65.635735,0.63988507,43.9972795561776,11.368916707471856,0,1,8591.9795,-0.09757125,5,1,false,false,-4.6999426,3.7963457,9.054011,0.18719518,-0.101256795,3
65.69223,0.6400958,43.99728918618135,11.36891982420567,0,1,8624.592,-0.085708745,5,1,false,false,-5.0643225,4.157744,8.2412195,0.18535943,-0.116358325,3
65.75976,0.64030665,43.99729872618301,11.368922940939486,0,1,8646.454,-0.06585522,5,1,false,false,-5.1486983,5.002643,8.241338,0.18341191,-0.11238963,3
65.83907,0.6405178,43.997308356182465,11.368926182464403,0,1,8623.583,-0.047212236,5,1,false,false,-5.11923,5.340548,7.779374,0.18172348,-0.08813138,3
65.91693,0.6407292,43.99731798618621,11.368929299198218,0,1,8581.985,-0.029537369,5,1,false,false,-4.5393066,4.9265103,6.4256682,0.1804823,-0.061282218,3
65.98469,0.64094085,43.99732761618781,11.368932415932035,0,1,8580.895,-0.017432362,5,1,false,false,-3.703304,4.1512957,6.450483,0.17966507,-0.039166093,3
66.03996,0.6411527,43.99733724618941,11.36893565745695,0,1,8628.449,-0.008474158,5,1,false,false,-3.43481,3.448428,7.3804426,0.17912444,-0.02881163,3
66.090515,0.64136475,43.99734678619161,11.368938898981865,0,1,8677.6455,-0.0016946439,5,1,false,false,-2.606236,3.5583982,7.659506,0.17870863,-0.021212246,3
66.1497,0.641577,43.99735650619368,11.36894214012632,0,1,8693.784,-0.0029052387,5,1,false,false,-2.054378,4.2543755,6.1633635,0.17844602,-0.010849872,3
66.221825,0.64178944,43.99736613619528,11.368945381651237,0,1,8680.744,-0.0029052387,5,1,false,false,-2.0560775,4.998842,8.75676,0.17829578,-0.0076489695,3
66.296715,0.64200217,43.997375766197955,11.368948623176152,0,1,8658.876,-0.00072560715,5,1,false,false,-1.573776,4.835274,8.64218,0.17820407,-0.003286738,3
66.365204,0.6422151,43.997385396199554,11.368951864320607,0,1,8655.462,-0.004116769,5,1,false,false,-1.2061538,4.1961007,8.922926,0.17819731,0.0009805568,3
66.43039,0.64242834,43.99739511620109,11.368955105845522,0,1,8677.505,-0.0045998823,5,1,false,false,-1.027725,4.3158383,9.920437,0.17820384,-4.937755e-05,3
66.49266,0.6426417,43.997404746204836,11.36895834737044,0,1,8696.938,0.00024155714,5,1,false,false,-0.615028,4.297682,11.925463,0.17818578,-0.0010584727,3
66.5595,0.64285535,43.99741446620637,11.368961588514894,0,1,8698.12,0.005326427,5,1,false,false,-0.18764037,4.615557,10.646091,0.17818926,0.002242363,3
66.62769,0.64306927,43.99742418620791,11.36896495483091,0,1,8690.224,0.014768685,5,1,false,false,-0.06310323,4.631074,9.400742,0.17824051,0.004585622,3
66.69758,0.64328337,43.99743381620736,11.368968195975365,0,1,8686.883,0.028326783,5,1,false,false,0.54859585,4.5582223,9.618052,0.17835142,0.009714072,3
66.762436,0.6434977,43.9974435362089,11.36897143750028,0,1,8694.526,0.03970618,5,1,false,false,0.93080646,4.097862,8.417899,0.17859748,0.019823883,3
66.82144,0.6437123,43.99745334621251,11.368974803435835,0,1,8712.875,0.049148444,5,1,false,false,1.1076669,3.7955954,7.211919,0.1790225,0.030223606,3
66.87978,0.6439271,43.997463066214046,11.368978044960752,0,1,8734.563,0.056896042,5,1,false,false,1.7544369,4.102297,10.144603,0.1796239,0.041490603,3
66.93961,0.64414203,43.99747278621558,11.368981286485667,0,1,8749.996,0.05907474,5,1,false,false,2.392889,4.1162453,9.960561,0.18043108,0.05477292,3
67.00054,0.64435726,43.99748250621712,11.368984652421222,0,1,8754.607,0.05713761,5,1,false,false,2.762954,4.1639752,9.6041355,0.18142131,0.06376336,3
67.066315,0.6445727,43.99749231622073,11.368987893946137,0,1,8757.391,0.05350677,5,1,false,false,3.323544,4.5385914,11.460828,0.18250722,0.06639231,3
67.13366,0.6447883,43.99750212622435,11.368991135090592,0,1,8757.283,0.04696975,5,1,false,false,3.6281075,4.3135,8.886663,0.18360226,0.06385182,3
67.19714,0.6450043,43.997511846225876,11.36899437661551,0,1,8757.251,0.039222136,5,1,false,false,3.2729697,4.3842497,9.167374,0.1846093,0.055735923,3
67.26075,0.6452204,43.997521656229495,11.368997618140424,0,1,8765.772,0.035590347,5,1,false,false,3.7784274,4.3006377,11.31891,0.18547691,0.048306152,3
67.318344,0.6454367,43.99753146623311,11.36900085928488,0,1,8779.112,0.03220106,5,1,false,false,3.2673712,3.6369724,6.678232,0.18623234,0.04227158,3
67.37464,0.64565325,43.997541276236724,11.369004100809795,0,1,8798.014,0.034621302,5,1,false,false,2.9080944,3.9537368,8.993475,0.18688801,0.036832936,3
67.43662,0.64587,43.99755117622526,11.369007342334712,0,1,8813.23,0.039463677,5,1,false,false,2.8181124,4.0470223,7.1075335,0.1874781,0.03400212,3
67.49473,0.646087,43.99756098622887,11.369010583859627,0,1,8815.171,0.043822005,5,1,false,false,2.5594184,3.749036,6.8006897,0.18804576,0.03492671,3
67.555336,0.6463041,43.99757088623456,11.369013825004082,0,1,8824.565,0.05132806,5,1,false,false,2.9837291,4.163519,9.648162,0.18867755,0.040970962,3
67.61171,0.6465214,43.99758069623818,11.369016941737897,0,1,8841.037,0.054474857,5,1,false,false,3.0575519,3.7917922,7.1923676,0.18944792,0.05074243,3
67.67216,0.6467389,43.997590596243874,11.369020183262814,0,1,8857.382,0.057865083,5,1,false,false,2.9579816,4.1079144,7.360222,0.19032666,0.053842783,3
67.73708,0.64695656,43.997600496249575,11.369023299996629,0,1,8857.784,0.06173842,5,1,false,false,3.5196133,4.3654923,9.245779,0.19122814,0.0552381,3
67.79898,0.6471745,43.9976103962381,11.369026541521546,0,1,8846.965,0.058833193,5,1,false,false,3.5899813,4.1743703,7.6896048,0.19220757,0.061520692,3
67.860176,0.6473926,43.997620296243795,11.36902965825536,0,1,8853.708,0.054232374,5,1,false,false,3.300016,3.8715906,8.27564,0.19324616,0.061752275,3
67.91785,0.6476108,43.997630196249496,11.369032899399816,0,1,8875.555,0.05060153,5,1,false,false,3.7139885,3.8240998,8.499862,0.19426212,0.06030155,3
67.97451,0.6478292,43.99764009623802,11.36903601613363,0,1,8893.406,0.040191155,5,1,false,false,3.674052,3.8513064,8.061556,0.1952725,0.060145833,3
68.03578,0.6480478,43.9976500862458,11.369039132867448,0,1,8899.519,0.03195857,5,1,false,false,3.3268197,4.026435,9.122424,0.19622159,0.052454237,3
68.097565,0.6482666,43.99765998626866,11.369042249601263,0,1,8895.89,0.027842734,5,1,false,false,3.4471052,4.085642,7.377134,0.19702154,0.04418767,3
68.15899,0.64848554,43.99766997624211,11.369045366335078,0,1,8898.965,0.022758791,5,1,false,false,3.0378633,4.1004133,10.054327,0.19769871,0.0367129,3
68.22029,0.64870465,43.99767996624988,11.369048483068894,0,1,8910.279,0.02300035,5,1,false,false,2.942407,4.0840263,6.7173815,0.19825143,0.029961444,3
68.27968,0.648924,43.99768995625766,11.36905159980271,0,1,8920.751,0.022274747,5,1,false,false,2.047735,3.9256778,6.6054544,0.19868815,0.022237413,3
68.341606,0.64914346,43.997699946265435,11.369054716536526,0,1,8925.431,0.025422473,5,1,false,false,1.9704362,4.113629,7.2875233,0.19899131,0.016091255,3
68.39574,0.64936316,43.99770993627321,11.369057833270341,0,1,8929.405,0.02808429,5,1,false,false,1.9294417,2.8440893,3.2569175,0.19927672,0.01993182,3
68.44745,0.6495829,43.997719926280986,11.369060950004156,0,1,8960.956,0.027358681,5,1,false,false,2.0840154,3.8534172,10.454689,0.19963501,0.023780763,3
68.503845,0.6498029,43.99772991625443,11.369064066737973,0,1,8993.372,0.033654142,5,1,false,false,2.1582966,3.7326543,8.96236,0.20008016,0.029773824,3
68.561676,0.65002304,43.99773999628145,11.369067183471788,0,1,8995.019,0.03776903,5,1,false,false,2.1528397,3.9890947,6.0481896,0.20061845,0.033649422,3
68.6408,0.6502434,43.997750076274144,11.369070175794965,0,1,8974.519,0.043337952,5,1,false,false,3.063754,5.390284,10.883174,0.20121138,0.037357584,3
68.71237,0.65046394,43.99776006628192,11.36907329252878,0,1,8938.493,0.050601512,5,1,false,false,2.4485455,4.1582937,8.085918,0.20183484,0.037013356,3
68.77167,0.6506847,43.99777014627461,11.369076409262597,0,1,8936.485,0.062222484,5,1,false,false,2.8735933,3.8012195,9.756182,0.20247594,0.042199053,3
68.83004,0.6509056,43.9977802262673,11.369079401205312,0,1,8977.967,0.07021166,5,1,false,false,2.8029823,3.5084674,7.661288,0.2032762,0.05311969,3
68.882256,0.65112674,43.99779030629432,11.369082517939129,0,1,9008.698,0.076748684,5,1,false,false,2.9612389,3.6604497,5.5964055,0.20419034,0.05712809,3
68.94434,0.651348,43.99780038628701,11.369085509881844,0,1,9007.824,0.081349015,5,1,false,false,3.1429033,3.9267972,5.448392,0.20519,0.06427422,3
69.00126,0.65156937,43.99781055629895,11.369088626615659,0,1,9000.799,0.07941233,5,1,false,false,3.4178972,3.5263443,6.730622,0.20630948,0.07200109,3
69.05259,0.6517909,43.99782063629164,11.369091618938835,0,1,9022.909,0.076748654,5,1,false,false,4.1528234,3.488066,5.798928,0.2076034,0.084987484,3
69.10722,0.65201265,43.997830806303575,11.369094610881552,0,1,9062.727,0.0699701,5,1,false,false,4.154819,3.6133869,7.7271676,0.20909175,0.0910871,3
69.1694,0.65223455,43.99784088629627,11.369097602824267,0,1,9072.842,0.06173844,5,1,false,false,5.0075045,4.3673487,11.859654,0.21060558,0.08930326,3
69.23468,0.65245664,43.99785105630821,11.369100594766982,0,1,9044.745,0.050601516,5,1,false,false,5.0452313,4.2444997,9.43007,0.2120778,0.08653601,3
69.30334,0.6526789,43.99786122628581,11.369103587090159,0,1,9024.712,0.04067427,5,1,false,false,5.161125,4.4703536,10.928588,0.21346174,0.07710806,3
69.3707,0.65290135,43.99787139629775,11.369106579032875,0,1,9027.443,0.028084282,5,1,false,false,4.7193685,4.2711544,9.035477,0.21462397,0.06001838,3
69.430565,0.653124,43.99788156630969,11.36910957097559,0,1,9036.579,0.015495226,5,1,false,false,3.8386307,3.7327292,7.8169656,0.21543905,0.03874191,3
69.487816,0.6533468,43.997891826306535,11.369112438507667,0,1,9047.302,0.004116768,5,1,false,false,3.2920945,3.669027,7.795184,0.2159351,0.022995329,3
69.53759,0.65356976,43.997901996318475,11.369115430450382,0,1,9063.753,-0.008231666,5,1,false,false,2.351002,3.2043948,6.4929767,0.21623291,0.014520181,3
69.58729,0.6537929,43.99791216629608,11.369118297982459,0,1,9091.729,-0.016221775,5,1,false,false,1.374095,3.1819477,6.018782,0.2163875,0.004232237,3
69.63974,0.65401614,43.997922426327264,11.369121289925173,0,1,9115.993,-0.019127008,5,1,false,false,1.0551051,3.6370714,8.7736845,0.21636799,-0.005299682,3
69.697075,0.65423954,43.99793268628978,11.36912415745725,0,1,9120.922,-0.022516295,5,1,false,false,0.56063235,3.8675203,7.945007,0.21622647,-0.011556736,3
69.758316,0.6544632,43.997942946286635,11.369127024989327,0,1,9112.741,-0.0225163,5,1,false,false,0.27755368,3.9994779,8.433836,0.21597925,-0.017459,3
69.8215,0.654687,43.9979531163329,11.369130016932042,0,1,9107.155,-0.020580104,5,1,false,false,-0.06569569,3.844439,10.447452,0.21565427,-0.021012362,3
69.88093,0.654911,43.99796337632976,11.369132884464118,0,1,9110.83,-0.017432371,5,1,false,false,-0.38686353,3.784303,8.332366,0.21529475,-0.021717692,3
69.84982,0.65513504,43.997973726345855,11.369135876406835,0,1,9303.647,-0.015252737,0,1,false,false,-0.7091446,-5.1326265,8.605085,0.21492879,-0.02139641,3
69.79681,0.65535897,43.997983896323454,11.36913874393891,0,1,8634.302,-0.01597928,6,1,false,false,-0.71172714,3.3645663,10.047849,0.21458104,-0.019137813,3
69.93681,0.65558296,43.99799424633956,11.369141735881627,0,1,7571.455,-0.021064145,6,1,false,false,-0.7924211,8.718684,6.5599594,0.21428144,-0.018200943,3
70.01288,0.65580744,43.99800450633641,11.369144603413703,0,1,7675.7886,-0.030506408,6,1,false,false,-1.7175499,1.6164521,7.2965784,0.21392195,-0.024626039,3
70.00618,0.65603197,43.998014766333256,11.369147595356418,0,1,7995.6904,-0.03534878,6,1,false,false,-1.651766,0.1995453,6.7588925,0.21346335,-0.028719844,3
70.04212,0.65625656,43.99802502633011,11.369150587299135,0,1,7880.397,-0.04454856,6,1,false,false,-1.8076427,3.8514795,9.423238,0.21296044,-0.03178863,3
70.11722,0.6564814,43.99803537634621,11.36915345483121,0,1,7682.298,-0.053265195,6,1,false,false,-2.3947906,4.797793,8.599436,0.21237166,-0.03939373,3
70.1718,0.65670645,43.99804563634306,11.369156446773927,0,1,7731.7534,-0.061012812,6,1,false,false,-3.113604,2.616882,9.804192,0.21162955,-0.049911816,3
70.20162,0.65693164,43.998055986359155,11.369159438716641,0,1,7857.646,-0.06730734,6,1,false,false,-3.601988,1.8702159,10.815437,0.21072496,-0.0582775,3
70.240486,0.6571569,43.99806624635601,11.369162431039818,0,1,7845.5005,-0.0782027,6,1,false,false,-4.268117,3.1899552,11.369526,0.20969479,-0.066467494,3
70.296265,0.6573824,43.99807659637211,11.369165422982533,0,1,7770.2183,-0.0895821,6,1,false,false,-4.922721,3.660345,10.490003,0.20850363,-0.07701545,3
70.347824,0.65760803,43.99808685636896,11.36916853971635,0,1,7767.4844,-0.10483577,6,1,false,false,-5.322174,2.922686,9.157493,0.2071523,-0.084963426,3
70.388054,0.6578338,43.998097206316395,11.369171531659065,0,1,7814.5493,-0.12105754,6,1,false,false,-5.5857086,2.5044456,7.734926,0.20570107,-0.08885415,3
70.426796,0.6580598,43.99810755633249,11.369174648392882,0,1,7828.514,-0.13485718,6,1,false,false,-6.004043,2.6538472,8.4883175,0.20414416,-0.098098926,3
70.467606,0.65828586,43.99811781632934,11.369177765126697,0,1,7814.9067,-0.14623754,6,1,false,false,-6.2280474,2.5361335,6.9708376,0.20238379,-0.113347895,3
70.505486,0.65851206,43.99812816634544,11.369180881860512,0,1,7827.544,-0.1537436,6,1,false,false,-7.4638934,2.6464822,9.069284,0.20030487,-0.13624181,3
70.54547,0.6587384,43.99813851636154,11.369183998594329,0,1,7853.4004,-0.1544692,6,1,false,false,-8.011261,2.5171523,8.109731,0.19787122,-0.1534819,3
70.58499,0.6589649,43.99814886637764,11.369187115328144,0,1,7856.9146,-0.15277457,6,1,false,false,-8.914432,2.8714828,9.29001,0.1952311,-0.1614377,3
70.62986,0.6591915,43.99815921632507,11.369190356853059,0,1,7843.522,-0.14720565,6,1,false,false,-9.424919,2.8906305,9.258058,0.19253802,-0.1610824,3
70.67202,0.6594183,43.998169476390586,11.369193598377976,0,1,7841.7144,-0.14308977,6,1,false,false,-9.558217,2.8583946,10.090544,0.18987536,-0.15652019,3
70.71298,0.6596452,43.998179826338024,11.36919683952243,0,1,7855.089,-0.14139517,6,1,false,false,-9.38175,2.5918913,8.847225,0.18738231,-0.14185013,3
70.75177,0.65987223,43.99819017635412,11.369200205838446,0,1,7864.956,-0.14381637,6,1,false,false,-10.005103,2.6099598,8.306414,0.18508232,-0.13657875,3
70.78965,0.66009945,43.99820052637022,11.369203446982901,0,1,7868.4907,-0.14551096,6,1,false,false,-10.015581,2.3865168,8.657474,0.18278676,-0.13854143,3
70.82633,0.6603267,43.99821087638632,11.369206813298916,0,1,7878.3574,-0.1498684,6,1,false,false,-9.596592,2.429662,8.695557,0.18046393,-0.14026684,3
70.859764,0.6605542,43.998221226402414,11.369210304025572,0,1,7899.537,-0.15664792,6,1,false,false,-9.612044,2.5152535,7.3423243,0.17808096,-0.14614922,3
70.89741,0.66078174,43.998231576349845,11.369213669961127,0,1,7909.0713,-0.1673017,6,1,false,false,-10.270617,2.205214,5.301481,0.1755558,-0.15718506,3
70.94054,0.6610094,43.9982418363467,11.369217160687782,0,1,7898.9673,-0.17383866,6,1,false,false,-11.036617,2.8229291,7.3193884,0.17281532,-0.16749156,3
70.98531,0.66123724,43.9982521863628,11.369220776205538,0,1,7886.0933,-0.1811013,6,1,false,false,-12.04962,3.0715172,9.871466,0.16997997,-0.17092842,3
71.02841,0.6614652,43.998262536378896,11.369224266932193,0,1,7886.283,-0.1866712,6,1,false,false,-12.535666,3.2617564,10.7970705,0.1671252,-0.17175744,3
71.06485,0.6616934,43.99827288639499,11.369227882449948,0,1,7898.3276,-0.18957639,6,1,false,false,-12.544476,2.9833555,12.365953,0.16423337,-0.17848966,3
71.09902,0.6619216,43.99828323641109,11.369231497587243,0,1,7910.9766,-0.18860742,6,1,false,false,-11.321108,2.3760207,10.615401,0.16121992,-0.18766119,3
71.132545,0.6621499,43.99829358635853,11.369235237896097,0,1,7917.8486,-0.18328096,6,1,false,false,-9.094779,1.3484045,3.4086053,0.15809208,-0.18697748,3
71.16813,0.6623784,43.99830384635538,11.369238977824493,0,1,7916.171,-0.17335463,6,1,false,false,-9.499332,1.2843666,2.5015757,0.15517887,-0.15483102,3
71.206,0.66260695,43.998314196371474,11.369242718133348,0,1,7917.2915,-0.16124777,6,1,false,false,-10.675152,2.3222535,3.6575036,0.15275528,-0.13338795,3
71.23332,0.66283566,43.99832454638757,11.369246458061742,0,1,7941.5835,-0.15858504,6,1,false,false,-11.03507,2.9271908,5.4213867,0.15053436,-0.13594826,3
71.257454,0.6630644,43.99833489640367,11.369250322781237,0,1,7986.541,-0.16536456,6,1,false,false,-11.697548,3.0155013,11.17208,0.14803113,-0.16881752,3
71.28369,0.66329324,43.998345156400525,11.369254187500731,0,1,8010.675,-0.1774705,6,1,false,false,-9.286939,0.73174375,7.4464173,0.14492303,-0.20794201,3
71.31912,0.6635222,43.99835550641662,11.369258052220227,0,1,7995.894,-0.19054455,6,1,false,false,-10.068023,0.61545813,4.738079,0.14124838,-0.22761372,3
71.36651,0.6637513,43.99836576641347,11.36926204173082,0,1,7957.9834,-0.1970815,6,1,false,false,-13.477473,2.5699766,5.35758,0.1374991,-0.21934009,3
71.41996,0.66398054,43.99837611642957,11.369266031241416,0,1,7937.1406,-0.19780806,6,1,false,false,-16.964108,3.912879,10.925221,0.13399999,-0.1997576,3
71.461266,0.66420996,43.998386466377006,11.36927002075201,0,1,7942.505,-0.19320817,6,1,false,false,-18.37376,4.238514,15.251652,0.13076554,-0.1907261,3
71.50055,0.66443944,43.998396726373855,11.369274134673244,0,1,7953.5703,-0.18134478,6,1,false,false,-14.701052,3.1401236,12.877797,0.12769087,-0.17733015,3
71.53189,0.6646691,43.99840707638995,11.369278248594478,0,1,7951.85,-0.16972193,6,1,false,false,-10.821618,1.2767749,6.308031,0.124869674,-0.16027413,3
71.5596,0.66489875,43.99841733638681,11.369282487687274,0.020969857,0.8651049,7942.6836,-0.15931155,6,1,false,false,-10.933537,0.354025,3.9716742,0.12230924,-0.1445867,3
71.58284,0.6651286,43.99842759638366,11.369286726399608,0.06314786,0.5802714,7869.2827,-0.15277457,6,1,false,false,-12.351728,0.9021667,6.3481855,0.11997281,-0.13526699,3
71.574554,0.6653584,43.998437946399754,11.369290965111942,0.12748721,0.17755851,7675.946,-0.15204802,6,1,false,false,-12.749432,-0.98164135,8.792889,0.117683865,-0.14021638,3
71.483116,0.6655881,43.99844820639661,11.369295328615376,0.17895862,0.030826151,7629.6953,-0.15083742,6,1,false,false,-10.684935,-7.468077,8.912912,0.11526115,-0.14546485,3
71.31357,0.66581726,43.99845846639346,11.36929969173835,0.24031928,0,7591.4214,-0.14599504,6,1,false,false,-9.676931,-9.769069,8.088276,0.1128606,-0.14374143,3
71.0961,0.6660458,43.99846863643973,11.369304055241784,0.2990588,0,7743.554,-0.13727838,6,1,false,false,-10.7674265,-15.809786,7.074914,0.11043483,-0.15087813,3
70.81529,0.66627353,43.99847880641733,11.369308418745218,0.36292142,0,7873.102,-0.12420431,6,1,false,false,-12.430135,-17.635277,12.048686,0.10791282,-0.15366022,3
70.54333,0.6665002,43.998488886444356,11.369312782248652,0.4551412,0,7827.755,-0.10386674,6,1,false,false,-11.84593,-16.68244,12.975839,0.10536558,-0.14931048,3
70.25086,0.66672605,43.998498966402714,11.369317145752087,0.50339574,0,7783.7773,-0.08498129,6,1,false,false,-9.615484,-17.2727,10.465684,0.1029701,-0.13404305,3
69.93105,0.6669509,43.99850895647916,11.369321633666159,0.56856906,0,7688.8657,-0.068033904,6,1,false,false,-7.385986,-17.532495,5.78531,0.10085281,-0.11563024,3
69.60215,0.6671746,43.99851894648693,11.369326121960693,0.6055045,0,7497.913,-0.05762258,6,1,false,false,-6.784592,-19.778145,5.032707,0.09907125,-0.10247947,3
69.23353,0.6673972,43.9985288464068,11.369330485273897,0.6410102,0,7429.228,-0.049875923,6,1,false,false,-7.140825,-23.835533,7.6012077,0.097518064,-0.089508496,3
68.83161,0.66761863,43.99853874646399,11.369334973378201,0.6768736,0,7387.615,-0.046728186,6,1,false,false,-7.139327,-25.38355,9.618681,0.09605226,-0.08974056,3
68.4054,0.6678388,43.99854846648269,11.369339336691406,0.70940053,0,7345.7573,-0.050117467,6,1,false,false,-6.7751374,-26.363064,9.569784,0.09447518,-0.098137006,3
67.96166,0.6680576,43.99855818650139,11.369343824795708,0.73334926,0,7304.7666,-0.06173843,6,1,false,false,-7.0540543,-26.530674,8.885912,0.09276978,-0.10443602,3
67.50352,0.66827506,43.998567816432185,11.369348188299142,0.7511022,0,7263.6494,-0.075539954,6,1,false,false,-7.2906237,-27.527029,8.0741205,0.09100812,-0.104623266,3
67.03598,0.66849107,43.9985774465003,11.369352676403446,0.7646848,0,7222.612,-0.0893396,6,1,false,false,-7.3432097,-28.247837,9.662609,0.08928325,-0.10595327,3
66.57068,0.6687057,43.998586896392595,11.36935703971665,0.77374,0,7182.793,-0.09878281,6,1,false,false,-7.3416314,-28.06878,7.389741,0.08748728,-0.10777989,3
66.111,0.66891897,43.998596346422225,11.369361403220084,0.7794592,0,7143.093,-0.10628793,6,1,false,false,-7.4390664,-27.86201,8.889515,0.08569155,-0.10934072,3
65.64512,0.66913074,43.998605706501266,11.369365891324389,0.7755273,0,7065.481,-0.11621517,6,1,false,false,-7.508443,-27.624464,9.558725,0.08377968,-0.121124,3
65.19223,0.6693413,43.9986149764924,11.369370254827823,0.76122963,0,6934.381,-0.13388906,6,1,false,false,-7.657838,-27.222311,7.5258074,0.08158947,-0.14387126,3
64.72339,0.6695505,43.99862424648353,11.369374618141027,0.7296557,0,6868.4033,-0.15543821,6,1,false,false,-8.635112,-28.021482,8.226025,0.07901955,-0.16395286,3
64.262764,0.66975814,43.99863333643617,11.369378981644461,0.6943882,0,6829.298,-0.18424907,6,1,false,false,-9.085231,-27.387796,8.016324,0.07609732,-0.18760084,3
63.806435,0.66996473,43.99864242652614,11.369383344957665,0.66281426,0,6790.4893,-0.21209368,6,1,false,false,-10.030905,-27.075788,7.7707314,0.0727921,-0.20990731,3
63.36523,0.67016983,43.99865142652819,11.3693877084611,0.63088274,0,6751.95,-0.23824269,6,1,false,false,-10.831207,-25.840748,7.611655,0.06911068,-0.23434936,3
62.938183,0.6703737,43.99866033644234,11.369392071964533,0.5969261,0,6714.2856,-0.2573697,6,1,false,false,-12.585735,-25.54312,9.271742,0.064960934,-0.2669127,3
62.527493,0.67057633,43.99866924649381,11.369396560068836,0.5695221,0.5208334,6905.9424,-0.26487577,0,1,false,false,-13.905766,-23.613066,5.9408712,0.060249895,-0.2957602,3
62.15007,0.67077786,43.99867806645738,11.36940092338204,0.54211855,0.4166667,7500.71,-0.26221213,0,1,false,false,-14.090396,-21.935175,6.0505357,0.055215184,-0.3106857,3
61.77654,0.6709783,43.99868670651978,11.369405286885474,0.50613606,0,7587.5454,-0.2537379,5,1,false,false,-15.831718,-22.743963,10.029104,0.049936235,-0.32794634,3
61.404083,0.67117774,43.998695436532756,11.369409774989778,0.47658762,0,7640.721,-0.24381068,5,1,false,false,-15.865797,-21.484798,6.255599,0.044299692,-0.3531272,3
61.05548,0.67137605,43.998703986507245,11.369414263094082,0.45859644,0,7759.493,-0.2379992,5,1,false,false,-15.3552475,-20.10913,5.089216,0.03825429,-0.37020484,3
60.713478,0.6715734,43.99871253648173,11.369418751198387,0.44572863,0,7729.9287,-0.23364182,5,1,false,false,-17.903366,-20.01546,7.7977605,0.03199892,-0.38098767,3
60.386833,0.67176986,43.99872099650564,11.36942336390356,0.43512455,0,7685.8267,-0.23122069,5,1,false,false,-18.826183,-18.618256,8.650763,0.025616795,-0.38909593,3
60.08234,0.67196536,43.998729456529546,11.369427852007863,0.4302395,0,7643.4585,-0.23751616,5,1,false,false,-19.908438,-17.605667,8.167606,0.018973665,-0.41179532,3
59.775597,0.67216,43.99873773651496,11.369432464713038,0.420112,0,7600.377,-0.24066289,5,1,false,false,-21.848505,-17.842459,8.667636,0.011928519,-0.43024194,3
59.4748,0.67235386,43.99874610645095,11.36943707760844,0.41022286,0,7557.412,-0.24574776,5,1,false,false,-22.912249,-17.287376,9.832398,0.0047021094,-0.43328413,3
59.188572,0.6725468,43.998754296485785,11.369441814914484,0.3984272,0,7515.021,-0.25422195,5,1,false,false,-23.190765,-16.291685,8.758692,-0.0024138,-0.419213,3
58.91872,0.67273897,43.99876248652062,11.369446552410757,0.38782322,0,7468.9834,-0.26535973,5,1,false,false,-22.662922,-15.55326,7.29131,-0.009187577,-0.397467,3
58.65158,0.6729304,43.998770586467536,11.369451414507902,0.38115093,0,7418.9814,-0.27722412,5,1,false,false,-22.51588,-15.693344,7.871974,-0.015629193,-0.38311702,3
58.37891,0.6731211,43.99877859646387,11.369456276605044,0.37424052,0,7377.574,-0.2907822,5,1,false,false,-22.08075,-16.057222,8.252967,-0.022020841,-0.39455497,3
58.10696,0.67331153,43.99878660646021,11.369461138702187,0.36685327,0,7336.091,-0.3086996,5,1,false,false,-21.703169,-15.674446,7.078864,-0.028824523,-0.427781,3
57.843132,0.67350185,43.99879452650597,11.369466125400201,0.35398552,0,7294.776,-0.33000636,5,1,false,false,-21.839975,-15.209586,6.83457,-0.03621836,-0.4593853,3
57.580647,0.6736914,43.998802356463806,11.369471112288444,0.3414751,0,7253.4478,-0.34961823,5,1,false,false,-23.016256,-15.207756,8.369435,-0.044049006,-0.48127788,3
57.323215,0.6738803,43.998810186558984,11.369476098986457,0.3281305,0,7213.022,-0.3675356,5,1,false,false,-24.357777,-14.55995,8.578608,-0.052177645,-0.49661645,3
57.07397,0.67406857,43.99881792642891,11.36948121047557,0.32026687,0,7172.6094,-0.37939903,5,1,false,false,-25.090952,-14.232997,8.208722,-0.06062446,-0.5203036,3
56.823154,0.6742561,43.998825666436176,11.369486446565553,0.30835217,0,7131.692,-0.38569456,5,1,false,false,-25.929646,-14.301756,9.321492,-0.069497846,-0.5446568,3
56.584805,0.6744427,43.998833226542274,11.369491558054666,0.30001196,0,7091.9517,-0.38714758,5,1,false,false,-26.13748,-13.234466,8.147333,-0.07862636,-0.5496753,3
56.35484,0.6746284,43.998840786511046,11.369496918745519,0.29631832,0.5208334,7261.9507,-0.3818211,0,1,false,false,-26.52371,-13.01792,8.389379,-0.0877275,-0.5458221,3
56.119976,0.6748133,43.99884834647981,11.369502154835502,0.29190987,0.6458333,7873.8594,-0.373347,0,1,false,false,-27.11651,-13.620854,9.380726,-0.0968113,-0.5493407,3
55.881817,0.6749975,43.998855816498,11.369507640317453,0.28690583,0.020833299,8122.75,-0.3665675,4,1,false,false,-26.947075,-13.338243,9.4222355,-0.106060274,-0.567148,3
55.64643,0.67518073,43.9988631965656,11.369513001198536,0.28059095,0,8119.093,-0.3648729,4,1,false,false,-27.217592,-13.231283,8.789737,-0.11572638,-0.5919509,3
55.401997,0.67536324,43.9988704865453,11.369518486680489,0.27070183,0,8222.762,-0.36632502,4,1,false,false,-27.471577,-14.197679,8.671974,-0.12562895,-0.59607697,3
55.152378,0.6755449,43.99887768657441,11.36952409676331,0.26379132,0,8273.477,-0.36632502,4,1,false,false,-28.019081,-13.671152,8.779845,-0.13555865,-0.59634703,3
54.9217,0.6757259,43.99888488646619,11.369529706846134,0.2598595,0,8231.004,-0.36680907,4,1,false,false,-28.852201,-12.22515,9.4134865,-0.14544879,-0.5930717,3
54.711845,0.67590606,43.99889199654472,11.369535441720055,0.25902542,0,8184.777,-0.35712433,4,1,false,false,-28.2175,-11.187784,8.489898,-0.15534866,-0.59914553,3
54.50837,0.6760856,43.99889910648592,11.369541176403748,0.25688067,0,8138.4775,-0.34501737,4,1,false,false,-28.55443,-11.392347,8.992179,-0.16534081,-0.60457116,3
54.292606,0.6762646,43.998906126476534,11.36954691127767,0.25366384,0,8091.778,-0.33194345,4,1,false,false,-28.634604,-11.571825,8.537017,-0.17557521,-0.62468284,3
54.09085,0.67644286,43.99891305651657,11.369552895353332,0.24901709,0,8045.91,-0.32298517,4,1,false,false,-28.101273,-10.568416,7.9402456,-0.18596432,-0.6202902,3
53.901104,0.67662054,43.9989198964687,11.369558754828123,0.24103417,0,8000.759,-0.31451103,4,1,false,false,-27.822762,-10.163221,8.003185,-0.19615906,-0.60676783,3
53.708324,0.6767978,43.998926736558154,11.369564738903785,0.23126416,0,7955.4336,-0.30434135,4,1,false,false,-28.97669,-10.244953,8.925526,-0.20603292,-0.5804234,3
53.519714,0.6769744,43.99893348655969,11.369570847770547,0.22042176,0,7910.424,-0.28836104,4,1,false,false,-27.133356,-10.062891,7.7915964,-0.21564493,-0.5853518,3
53.322697,0.6771505,43.99894014647332,11.369576956447078,0.20636244,0,7874.612,-0.2680235,4,1,false,false,-28.325861,-11.025764,9.004356,-0.22561237,-0.61678714,3
53.11969,0.677326,43.99894680652429,11.36958306531384,0.19206484,0,7887.852,-0.23872676,4,1,false,false,-28.28419,-10.882759,8.494881,-0.23601694,-0.6292003,3
52.9181,0.677501,43.998953376487336,11.369589298781472,0.1794352,0,7903.0713,-0.204346,4,1,false,false,-28.010916,-10.424216,8.722456,-0.24645334,-0.6252143,3
52.72252,0.6776754,43.9989598564998,11.369595532249104,0.17347787,0,7885.078,-0.16754326,4,1,false,false,-29.371897,-10.437908,10.356283,-0.25684214,-0.62572294,3
52.52314,0.6778492,43.998966246561686,11.369601890317604,0.17085667,0,7843.4604,-0.13606876,4,1,false,false,-30.238764,-9.964142,10.38673,-0.2673642,-0.6381452,3
52.340454,0.67802274,43.99897263648624,11.369608373177206,0.16978432,0,7809.529,-0.11669923,4,1,false,false,-30.022194,-9.030959,9.690511,-0.2780658,-0.64054686,3
52.163803,0.67819566,43.99897893646022,11.369614731435936,0.17061833,0,7789.0674,-0.11403552,4,1,false,false,-30.418966,-8.969395,10.420457,-0.2886624,-0.6265348,3
51.986588,0.678368,43.99898514648361,11.369621338896408,0.1718098,0,7772.018,-0.12468931,4,1,false,false,-31.141499,-8.867795,10.688745,-0.29891402,-0.59983593,3
51.810703,0.67854005,43.998991266556416,11.369627821565778,0.17407362,0,7748.582,-0.1469631,4,1,false,false,-30.995852,-8.849435,10.4879055,-0.30870602,-0.5766885,3
51.63723,0.67871165,43.9989973864919,11.369634553817349,0.17597997,0,7717.0015,-0.17892264,4,1,false,false,-30.928553,-8.58058,9.98463,-0.31814015,-0.5540839,3
51.470657,0.67888266,43.999003416476796,11.36964128587869,0.1772906,0,7683.9033,-0.22008282,4,1,false,false,-30.220716,-8.235185,9.075019,-0.3271093,-0.52369565,3
51.314213,0.6790533,43.99900935651112,11.369648018130261,0.17776716,0,7655.5566,-0.26390672,4,1,false,false,-29.28573,-7.9309464,8.922634,-0.3355259,-0.49170247,3
51.13608,0.6792238,43.99901529654543,11.369654874792472,0.17752892,0,7629.9663,-0.3106367,4,1,false,false,-31.617754,-10.009462,11.979456,-0.34368327,-0.5023647,3
50.943615,0.67939353,43.99902105654125,11.369661731644912,0.17478856,0,7605.4204,-0.35349256,4,1,false,false,-31.443254,-10.030346,10.591118,-0.35237893,-0.5442025,3
50.761158,0.6795627,43.999026816537075,11.369668588497353,0.17109494,0,7581.9077,-0.39683238,4,1,false,false,-29.560095,-8.71451,9.026294,-0.36183175,-0.5852809,3
50.614742,0.67973185,43.999032486582315,11.369675694741764,0.16763973,0,7554.741,-0.42685667,4,1,false,false,-28.36151,-7.2408233,7.493903,-0.3716053,-0.57342505,3
50.46785,0.67990047,43.99903815649023,11.369682676195074,0.1604909,0,7522.613,-0.43654224,4,1,false,false,-28.217346,-7.842342,7.732978,-0.38065496,-0.5133595,3
50.30627,0.6800686,43.99904364649698,11.369689782249253,0.15453352,0,7503.8877,-0.4302468,4,1,false,false,-28.528143,-8.894172,9.935188,-0.3887669,-0.47732416,3
50.138515,0.68023604,43.99904913650373,11.369696888493664,0.1483379,0,7498.562,-0.4077286,4,1,false,false,-28.420853,-8.967068,9.453549,-0.39678943,-0.50219816,3
49.96459,0.68040276,43.99905462651047,11.369704119338945,0.14226145,0,7483.4253,-0.3706834,4,1,false,false,-29.313082,-9.4201,10.637185,-0.4056427,-0.56476104,3
49.788532,0.68056875,43.99905993647873,11.369711350184224,0.1388062,0,7454.196,-0.3128154,4,1,false,false,-30.084265,-9.037053,10.8628845,-0.41564018,-0.625254,3
49.63085,0.68073416,43.999065246584316,11.369718580839274,0.13725726,0,7429.075,-0.26511723,4,1,false,false,-29.561623,-7.3152237,10.222943,-0.42609805,-0.61707926,3
49.502018,0.68089837,43.99907037651408,11.369725936475653,0.13511263,0,7417.4746,-0.22783047,4,1,false,false,-28.120949,-6.4221864,8.461083,-0.4360754,-0.5738107,3
49.36996,0.68106204,43.999075596531746,11.369733291921804,0.13284881,0,7405.803,-0.209914,4,1,false,false,-28.731438,-7.1432676,10.227016,-0.4452082,-0.526292,3
49.223843,0.68122524,43.999080636510925,11.369740771968823,0.12939358,0,7388.2446,-0.21064053,4,1,false,false,-28.283386,-7.86096,10.226123,-0.45371866,-0.5018969,3
49.072266,0.68138766,43.999085676490104,11.369748252206072,0.12427025,0,7367.9863,-0.22734733,4,1,false,false,-28.216331,-7.814703,10.576445,-0.46206102,-0.50441486,3
48.935474,0.68154925,43.9990906265187,11.369755732443323,0.12081496,0,7347.4854,-0.2534954,4,1,false,false,-27.23377,-6.7178745,9.415973,-0.47049198,-0.504491,3
48.816048,0.68171036,43.999095486596715,11.369763337281443,0.11855118,0,7327.31,-0.29102486,4,1,false,false,-27.868082,-6.035015,9.422428,-0.4787163,-0.47909635,3
48.699337,0.68187106,43.9991003465374,11.369770942119562,0.11533422,0,7310.1387,-0.34259722,4,1,false,false,-27.049694,-6.3840876,9.479797,-0.4865258,-0.46569523,3
48.571598,0.682031,43.99910502657692,11.369778546957681,0.11187894,0,7297.2056,-0.4082126,4,1,false,false,-27.539715,-6.954095,10.000323,-0.49421668,-0.4652132,3
48.441154,0.68219036,43.999109706616444,11.36978627639667,0.11021088,0,7286.6943,-0.48859975,4,1,false,false,-27.006678,-6.808219,9.363341,-0.5021838,-0.4927711,3
48.30931,0.6823492,43.999114386518634,11.36979400583566,0.10770879,0,7271.8784,-0.56826025,4,1,false,false,-28.858858,-7.621683,11.380526,-0.51066303,-0.5311311,3
48.155293,0.6825075,43.99911888651967,11.36980173546488,0.10604074,0,7249.946,-0.64961696,4,1,false,false,-31.208063,-8.593884,13.10669,-0.52001137,-0.58752775,3
48.002724,0.68266517,43.999123386520694,11.369809589504738,0.106040746,0,7230.4487,-0.7186257,4,1,false,false,-31.452425,-7.711117,12.405574,-0.5303254,-0.63876057,3
47.877766,0.6828223,43.99912779657114,11.369817443734828,0.106040746,0,7215.178,-0.7789175,4,1,false,false,-29.942389,-5.9337583,10.22829,-0.5412383,-0.6543581,3
47.762295,0.6829789,43.99913211653367,11.369825422565787,0.106040746,0,7196.8794,-0.8135446,4,1,false,false,-31.120718,-5.997275,11.140907,-0.5521159,-0.6405132,3
47.643757,0.6831352,43.99913643649621,11.369833276795877,0.10198976,0,7176.2075,-0.83243084,4,1,false,false,-31.69434,-6.64793,12.024655,-0.5625822,-0.6174362,3
47.52016,0.683291,43.99914057655758,11.369841380227705,0.0926963,0.5208334,7326.4355,-0.84163266,0,1,false,false,-31.556004,-6.3468876,11.919458,-0.57285595,-0.6184806,3
47.400856,0.6834463,43.99914471661895,11.369849359058664,0.08280708,0.75,7893.602,-0.8413901,0,1,false,false,-30.485968,-6.309313,10.594502,-0.5833446,-0.64265394,3
47.279655,0.6836012,43.99914876659241,11.369857462490494,0.07399023,0.3333333,8357.348,-0.83267254,0,1,false,false,-30.651993,-6.595334,11.762917,-0.5943217,-0.67297953,3
47.160206,0.6837558,43.99915272661529,11.369865566112551,0.07005838,0,8373.704,-0.81790173,3,1,false,false,-30.667536,-5.789357,11.872107,-0.6057816,-0.69341886,3
47.041817,0.68391,43.99915659655026,11.369873794335481,0.06898604,0,8406.049,-0.80216414,3,1,false,false,-30.593922,-7.19612,11.567354,-0.6173987,-0.70051235,3
46.886517,0.6840636,43.99916037653464,11.369881897767309,0.06898606,0,8511.294,-0.78182375,3,1,false,false,-31.121305,-8.950703,12.6817045,-0.6293206,-0.7307877,3
46.72417,0.68421674,43.99916415651902,11.369890125990239,0.06898606,0,8576.582,-0.769717,3,1,false,false,-31.967167,-8.294087,12.564291,-0.6418704,-0.7659531,3
46.590675,0.6843696,43.99916775660225,11.369898478814036,0.068509474,0,8560.424,-0.7556728,3,1,false,false,-31.765478,-6.235539,11.855032,-0.65487987,-0.7856442,3
46.474846,0.6845219,43.99917135654814,11.369906707036966,0.06803289,0,8509.855,-0.73848027,3,1,false,false,-33.199886,-5.71972,13.450061,-0.6682679,-0.80666727,3
46.364887,0.68467385,43.99917486654345,11.369915059860764,0.067794606,0,8460.432,-0.7166885,3,1,false,false,-33.10762,-5.080236,12.838974,-0.6817622,-0.7955563,3
46.2706,0.6848256,43.999178286588176,11.369923412684562,0.06779459,0,8412.704,-0.6856952,3,1,false,false,-31.565844,-4.3131623,11.552807,-0.6946496,-0.74290365,3
46.17778,0.6849772,43.99918161654499,11.369931765508362,0.06660311,0,8366.019,-0.6447748,3,1,false,false,-31.68387,-4.653773,11.948553,-0.70672435,-0.7077694,3
46.06735,0.68512845,43.999184856551224,11.36994024293303,0.061598964,0,8324.43,-0.6057905,3,1,false,false,-33.528835,-5.7096295,14.324738,-0.7184296,-0.6978361,3
45.946407,0.6852792,43.99918800660687,11.369948720547928,0.055165026,0,8323.428,-0.5745556,3,1,false,false,-32.68848,-6.0197134,13.104748,-0.73010755,-0.70207125,3
45.836987,0.6854298,43.99919106657461,11.369957197972596,0.049565107,0,8339.668,-0.54913116,3,1,false,false,-29.550133,-5.137858,9.958567,-0.7419008,-0.7032863,3
45.73558,0.6855803,43.999194126542356,11.369965800188364,0.04753962,0,8340.836,-0.52758205,3,1,false,false,-29.431976,-4.798909,10.750336,-0.75352305,-0.6781964,3
45.643456,0.68573034,43.99919709655951,11.369974402404132,0.047063034,0,8319.407,-0.5135381,3,1,false,false,-28.68699,-4.227366,10.3336,-0.76436836,-0.6204484,3
45.55904,0.68588,43.99919997662609,11.3699830046199,0.04885023,0,8288.214,-0.51886463,3,1,false,false,-28.087376,-3.9830568,10.507847,-0.7741842,-0.5634104,3
45.477905,0.68602973,43.99920276660475,11.369991606835669,0.05099488,0,8260.68,-0.5440473,3,1,false,false,-25.958555,-3.9756632,8.693801,-0.783144,-0.52805126,3
45.395187,0.6861792,43.99920546663284,11.370000209051437,0.053973556,0,8241.614,-0.5818193,3,1,false,false,-25.028234,-4.340931,8.563569,-0.7918965,-0.53309655,3
45.28733,0.68632823,43.99920816652359,11.370008811076975,0.057428814,0,8226.6455,-0.631214,3,1,false,false,-27.732933,-6.217891,12.15739,-0.8010705,-0.5788505,3
45.161953,0.6864769,43.99921077660109,11.370017538083843,0.060884077,0,8212.22,-0.6820635,3,1,false,false,-30.787207,-6.650429,14.022238,-0.8113459,-0.6574945,3
45.03828,0.6866245,43.99921329659068,11.370026140109381,0.06433933,0,8197.6875,-0.7329114,3,1,false,false,-32.780823,-6.0560503,14.372693,-0.82319117,-0.7432107,3
44.92885,0.6867716,43.999215726629686,11.37003486711625,0.06660312,0,8181.8755,-0.770685,3,1,false,false,-32.225117,-4.9966288,12.612218,-0.8360338,-0.7616181,3
44.829865,0.6869182,43.99921806658078,11.370043593932888,0.06684139,0,8162.497,-0.7963519,3,1,false,false,-31.354797,-4.726429,11.631812,-0.8485711,-0.72359586,3
44.72871,0.6870644,43.9992203165813,11.370052320749526,0.066841416,0,8138.352,-0.8166912,3,1,false,false,-32.204617,-5.534187,12.014483,-0.86027765,-0.6758883,3
44.614243,0.68720967,43.999222566581814,11.370061172357264,0.06433932,0,8110.931,-0.83872616,3,1,false,false,-32.89938,-5.841392,15.095491,-0.8713082,-0.645795,3
44.500217,0.6873543,43.999224636543836,11.3700698991739,0.060884066,0,8088.048,-0.86391014,3,1,false,false,-32.640602,-5.669044,13.933308,-0.88203055,-0.6411617,3
44.39348,0.68749857,43.999226706643185,11.370078750591409,0.058620285,0,8070.61,-0.88424945,3,1,false,false,-30.391724,-5.3454976,11.36598,-0.8929165,-0.66139454,3
44.28948,0.6876424,43.99922859656671,11.370087477598277,0.05742882,0,8052.939,-0.8968406,3,1,false,false,-30.342028,-5.3363094,11.701037,-0.90417343,-0.6802581,3
44.185658,0.68778545,43.99923048662757,11.370096329015785,0.057905395,0,8032.357,-0.9036211,3,1,false,false,-30.518986,-5.3300757,12.508297,-0.9157131,-0.6912681,3
44.083176,0.68792796,43.99923228660052,11.370105180623524,0.061598957,0,8010.9155,-0.90797937,3,1,false,false,-30.496168,-5.1782074,12.860837,-0.92727786,-0.6857212,3
43.98225,0.68807006,43.99923399662288,11.37011390744016,0.06660311,0,7990.8784,-0.9077368,3,1,false,false,-29.949183,-5.0895066,11.953512,-0.93872344,-0.6768457,3
43.88341,0.6882118,43.99923561655733,11.370122758857669,0.06898604,0,7970.595,-0.9048314,3,1,false,false,-29.04063,-4.9943795,11.195556,-0.9498758,-0.6484777,3
43.788734,0.688353,43.9992371465412,11.370131610465407,0.07220301,0,7948.5913,-0.9014423,3,1,false,false,-27.678453,-4.908136,10.230622,-0.9602904,-0.5969442,3
43.6926,0.6884936,43.99923867652507,11.370140462073145,0.07518171,0,7924.917,-0.89950424,3,1,false,false,-28.194359,-5.3999677,10.894889,-0.96981335,-0.54857117,3
43.590233,0.6886339,43.999240116558354,11.370149313490652,0.07935183,0,7903.702,-0.90047336,3,1,false,false,-27.009035,-5.4251485,10.819072,-0.97839326,-0.49449447,3
43.486465,0.68877375,43.99924137655315,11.37015816509839,0.08113904,0,7891.269,-0.9033786,3,1,false,false,-26.521494,-5.9071574,11.000708,-0.98647994,-0.4941356,3
43.3755,0.6889132,43.999242726635856,11.370167016515898,0.08113904,0,7878.5156,-0.9055582,3,1,false,false,-26.828123,-6.250612,11.535939,-0.9950827,-0.5460679,3
43.263603,0.6890521,43.999243896542744,11.370175868123637,0.08113904,0,7860.012,-0.90725255,3,1,false,false,-27.853962,-6.07707,11.818161,-1.0046388,-0.59026283,3
43.161674,0.68919057,43.99924497663637,11.370184719541143,0.08113904,0,7838.307,-0.9072527,3,1,false,false,-24.888699,-5.476365,9.439625,-1.0145956,-0.5984961,3
43.06567,0.6893287,43.999246056592675,11.370193446548011,0.08304538,0,7817.94,-0.9072527,3,1,false,false,-24.435728,-5.370098,10.083225,-1.0246099,-0.6002328,3
42.96646,0.6894664,43.99924704659839,11.37020229796552,0.08507091,0,7796.8145,-0.9089472,3,1,false,false,-26.153137,-5.6788764,11.153783,-1.0345771,-0.5920581,3
42.863556,0.68960375,43.999248036604115,11.370211149573258,0.08673896,0,7777.4893,-0.91257906,3,1,false,false,-26.24939,-5.7666655,11.258909,-1.0443588,-0.58319575,3
42.762466,0.6897407,43.99924884657134,11.370219876389896,0.08673895,0,7762.08,-0.9196023,3,1,false,false,-25.047298,-5.624528,10.194338,-1.0541728,-0.5983592,3
42.667023,0.68987715,43.99924965653857,11.370228727807403,0.08673895,0,7744.766,-0.9266241,3,1,false,false,-24.354435,-5.2548203,9.635252,-1.0642369,-0.6016248,3
42.57654,0.6900134,43.99925037655521,11.370237454814271,0.08602405,0,7723.537,-0.9334047,3,1,false,false,-24.443604,-5.0815935,9.828834,-1.0740832,-0.58064544,3
42.477848,0.69014937,43.999251096571854,11.37024630623178,0.08924102,0,7702.568,-0.94091046,3,1,false,false,-25.798069,-5.9513297,11.53083,-1.083599,-0.57396567,3
42.37037,0.6902849,43.999251726637915,11.370255033048418,0.09615157,0,7685.872,-0.95519793,3,1,false,false,-26.324707,-6.1849895,11.575336,-1.0932376,-0.59077483,3
42.266407,0.69042003,43.99925226661607,11.370263760055286,0.10496842,0,7671.9707,-0.969241,3,1,false,false,-24.671516,-5.710953,9.802414,-1.1032801,-0.62138367,3
42.168785,0.6905547,43.99925271664363,11.370272486871924,0.106279045,0,7653.5166,-0.98086476,3,1,false,false,-23.75363,-5.522581,8.605103,-1.1139075,-0.6544446,3
42.067154,0.6906893,43.999253166533876,11.37028121368856,0.10747053,0,7626.6523,-0.988855,3,1,false,false,-25.041443,-6.140024,10.093966,-1.1250281,-0.67847615,3
41.956123,0.69082344,43.99925343652295,11.370289940505199,0.10520673,0,7598.952,-0.99829924,3,1,false,false,-25.3494,-6.432728,10.823474,-1.1364638,-0.69657975,3
41.840656,0.69095707,43.99925379659994,11.370298667321837,0.10151315,0,7578.692,-1.007985,3,1,false,false,-26.018856,-6.4251194,11.27773,-1.1482848,-0.7236413,3
41.724888,0.6910903,43.99925397663843,11.370307269537605,0.096866414,0,7564.283,-1.0179126,3,1,false,false,-27.070198,-6.6620107,11.610575,-1.1607025,-0.76429546,3
41.59866,0.6912233,43.99925415653959,11.370315996354243,0.09269631,0,7548.95,-1.0256628,3,1,false,false,-28.81901,-7.2686973,13.195834,-1.1739794,-0.8214626,3
41.471085,0.691356,43.99925415653959,11.370324598570011,0.086262345,0,7530.0405,-1.0338951,3,1,false,false,-30.031864,-6.586328,12.896803,-1.1880825,-0.85280174,3
41.357216,0.6914882,43.99925415653959,11.37033320078578,0.07661146,0,7511.9517,-1.042612,3,1,false,false,-30.033411,-5.7828135,12.520005,-1.2024728,-0.85533893,3
41.25608,0.69162,43.99925406658901,11.370341678400678,0.06898607,0,7495.9097,-1.0491499,3,1,false,false,-29.457546,-5.0381255,11.935319,-1.2166735,-0.83735526,3
41.15932,0.6917515,43.99925397663843,11.370350280426216,0.064577624,0,7480.254,-1.0520558,3,1,false,false,-29.77356,-4.868546,12.1644335,-1.2304981,-0.8115304,3
41.065434,0.691883,43.999253706649355,11.370358758041114,0.060645774,0,7464.7627,-1.057868,3,1,false,false,-29.67726,-4.730415,12.239185,-1.2436823,-0.76861614,3
40.969383,0.6920141,43.99925343652295,11.370367360256884,0.05969261,0,7449.8237,-1.0682802,3,1,false,false,-30.086325,-5.349538,12.166145,-1.2562755,-0.7502098,3
40.85282,0.69214475,43.99925298663271,11.370375837681552,0.059692603,0,7433.8213,-1.0818417,3,1,false,false,-30.989883,-6.28726,14.182404,-1.2689981,-0.78048694,3
40.721138,0.69227505,43.99925253660514,11.37038419050535,0.059692603,0,7417.278,-1.0934643,3,1,false,false,-33.215656,-6.9123178,15.659972,-1.2826198,-0.8488399,3
40.593906,0.6924049,43.99925199662699,11.370392668120248,0.059692603,0,7400.2734,-1.1000024,3,1,false,false,-33.281433,-6.29452,14.2610235,-1.2974372,-0.9138641,3
40.476795,0.6925343,43.99925136656093,11.370401020944046,0.060169186,0,7382.473,-1.0995172,3,1,false,false,-32.82025,-5.526147,13.536975,-1.3133768,-0.9675047,3
40.376846,0.6926633,43.99925064654428,11.370409373767846,0.060884066,0,7361.6343,-1.0903162,3,1,false,false,-30.404003,-4.24058,11.91656,-1.3296472,-0.94433224,3
40.290165,0.69279194,43.99924992652764,11.370417601990773,0.06088407,0,7337.155,-1.0748183,3,1,false,false,-28.292906,-3.9469352,10.33733,-1.344818,-0.8524698,3
40.207195,0.69292,43.99924902660983,11.370425830213703,0.059216008,0,7310.789,-1.0661008,3,1,false,false,-27.249535,-3.856631,10.131478,-1.3580116,-0.7270495,3
40.118786,0.6930473,43.9992481265547,11.370434183037501,0.05599904,0,7287.9375,-1.0709445,3,1,false,false,-28.92012,-4.9173894,11.627831,-1.3691822,-0.6350705,3
40.000275,0.69317406,43.99924713654897,11.37044228646933,0.053020366,0,7269.194,-1.0840198,3,1,false,false,-32.64502,-6.332963,15.466248,-1.3796191,-0.64368033,3
39.8736,0.6933004,43.999246056592675,11.370450514692259,0.051471464,0,7257.25,-1.0990332,3,1,false,false,-33.28208,-6.1591077,15.16276,-1.3910519,-0.7383302,3
39.75843,0.69342643,43.99924488654846,11.370458618124088,0.049326815,0,7248.7886,-1.1065404,3,1,false,false,-31.411324,-5.4466987,12.31568,-1.4044034,-0.8471526,3
39.659,0.6935516,43.99924371664158,11.370466596955046,0.048254494,0,7236.5864,-1.0997609,3,1,false,false,-28.803493,-4.5079417,10.683179,-1.419176,-0.88884866,3
39.573265,0.6936763,43.999242366558875,11.370474700577105,0.048254497,0,7216.8013,-1.0849892,3,1,false,false,-27.378124,-3.8596606,10.311771,-1.4337958,-0.833655,3
39.494347,0.6938006,43.999241016613496,11.370482679408065,0.048254497,0,7192.0796,-1.0769982,3,1,false,false,-26.642056,-3.612977,10.558586,-1.4469138,-0.7299061,3
39.417065,0.69392467,43.99923966653079,11.370490658239024,0.04753962,0,7169.662,-1.0806301,3,1,false,false,-25.903414,-3.6140866,10.130969,-1.4582707,-0.6405796,3
39.33828,0.6940484,43.99923813654692,11.370498512278882,0.047063034,0,7151.624,-1.0895891,3,1,false,false,-25.685408,-3.8688211,10.227766,-1.468498,-0.5987373,3
39.250633,0.6941714,43.999236606563045,11.370506366508971,0.046109863,0,7136.3003,-1.0995175,3,1,false,false,-28.146282,-4.939531,11.717442,-1.4783612,-0.5996524,3
39.14112,0.69429415,43.99923498662859,11.37051422073906,0.045156687,0,7121.3936,-1.1108984,3,1,false,false,-30.474878,-5.713381,14.432578,-1.4887598,-0.6551594,3
39.03058,0.69441646,43.999233366556815,11.37052195017805,0.04384606,0,7109.5947,-1.1239755,3,1,false,false,-30.746986,-5.3250704,13.679546,-1.5003458,-0.72522354,3
38.93435,0.6945384,43.999231566583866,11.37052967961704,0.041939706,0,7099.3853,-1.1319654,3,1,false,false,-28.175505,-4.447674,11.267163,-1.5129093,-0.7626598,3
38.85048,0.69466,43.999229766610924,11.370537409246259,0.040390804,0,7086.232,-1.1319654,3,1,false,false,-27.232277,-4.043477,10.864949,-1.5257044,-0.753594,3
38.769638,0.6947812,43.999227876550066,11.37054501408438,0.039437633,0,7067.718,-1.1280909,3,1,false,false,-27.047186,-3.8989778,10.877714,-1.5380323,-0.71356845,3
38.687435,0.694902,43.99922598662654,11.370552618922499,0.038246166,0,7047.212,-1.1285753,3,1,false,false,-27.350914,-4.126491,11.62086,-1.5496074,-0.6750506,3
38.598537,0.6950225,43.9992240066151,11.370560098969518,0.037412126,0,7029.5225,-1.1334182,3,1,false,false,-28.50089,-4.551537,12.865711,-1.5607927,-0.6718834,3
38.505352,0.69514275,43.99922193651575,11.370567579206767,0.03645896,0,7015.833,-1.1397148,3,1,false,false,-29.048456,-4.6189756,12.883592,-1.5722498,-0.6999404,3
38.415497,0.69526273,43.99921977660315,11.370574934652918,0.036458954,0,7004.669,-1.1428627,3,1,false,false,-28.760828,-4.3435283,12.201817,-1.5841763,-0.7173927,3
38.330612,0.6953823,43.99921761655322,11.370582414890167,0.03598237,0,6993.0464,-1.1428627,3,1,false,false,-27.475529,-4.034765,11.223406,-1.596194,-0.7143441,3
38.25572,0.6955016,43.999215366552704,11.370589645735448,0.035982367,0,6978.889,-1.1418942,3,1,false,false,-25.85554,-3.6399164,10.083506,-1.60791,-0.6836216,3
38.1845,0.69562066,43.9992130266016,11.370597001181597,0.035982367,0,6960.872,-1.1445574,3,1,false,false,-24.921825,-3.4910383,9.859883,-1.6189618,-0.63909197,3
38.116158,0.6957395,43.99921068651318,11.370604107235778,0.035982367,0,6942.0693,-1.1578753,3,1,false,false,-23.817295,-3.4383767,9.223328,-1.6291904,-0.5925137,3
38.04837,0.6958582,43.999208346562085,11.370611338081059,0.035982367,0,6925.5503,-1.1803969,3,1,false,false,-23.251337,-3.5873523,9.663684,-1.6387448,-0.5650034,3
37.97734,0.6959766,43.99920582657249,11.370618444325467,0.035982367,0,6911.7847,-1.2070335,3,1,false,false,-24.145279,-3.7790935,10.307323,-1.6480465,-0.56172085,3
37.89338,0.69609475,43.99920339653349,11.370625550379648,0.035982367,0,6899.8926,-1.2363347,3,1,false,false,-26.206594,-4.8591576,12.074045,-1.6577494,-0.6171113,3
37.796394,0.6962126,43.99920078659331,11.370632531832959,0.035982367,0.011344022,6888.848,-1.2634546,3,1,false,false,-28.399614,-5.297306,13.305691,-1.6688428,-0.71041065,3
37.7024,0.69633013,43.99919817651581,11.3706395134765,0.03645895,0.022934651,6881.223,-1.2871871,3,1,false,false,-28.025457,-4.667943,12.391768,-1.6814692,-0.78310746,3
37.6217,0.6964477,43.99919547662506,11.37064637013871,0.036458954,0.033045616,6876.894,-1.2985685,3,1,false,false,-26.70642,-3.9613008,11.094884,-1.6948524,-0.796584,3
37.547375,0.6965649,43.99919277659698,11.37065310239028,0.03598237,0.045622677,6872.509,-1.2990528,3,1,false,false,-27.175245,-3.625235,11.841058,-1.7080908,-0.77370757,3
37.478092,0.69668186,43.99918998661831,11.37065995924272,0.03526749,0.059186194,6866.5664,-1.2954199,3,1,false,false,-27.16961,-3.3090162,11.588354,-1.7206872,-0.727806,3
37.41274,0.6967986,43.999187196639646,11.370666566703193,0.03502919,0.07373614,6869.1255,-1.2961466,3,1,false,false,-26.805592,-3.198932,11.571636,-1.7324437,-0.6803836,3
37.34886,0.6969152,43.99918431657307,11.370673298764533,0.034552608,0.089025885,6885.1475,-1.3022004,3,1,false,false,-25.921177,-3.2487621,11.066672,-1.7434835,-0.64819324,3
37.27784,0.6970319,43.999181346555915,11.370679906225003,0.03371857,0.1109741,6917.281,-1.3118871,3,1,false,false,-26.206547,-3.885088,11.802482,-1.7542957,-0.6560978,3
37.200924,0.6971484,43.99917837653876,11.370686389084605,0.032765407,0.14771886,6975.5967,-1.3232682,3,1,false,false,-26.911867,-4.017754,12.372058,-1.7655147,-0.6874262,3
37.12776,0.69726455,43.99917531657101,11.370692871944206,0.031335644,0.18249075,7058.3774,-1.3295647,3,1,false,false,-26.451954,-3.6228242,11.565874,-1.7771882,-0.7062771,3
37.073776,0.6973805,43.999172166515365,11.370699230012708,0.029548436,0.22120842,7033.5317,-1.3290805,3,1,false,false,-25.978102,-1.8822253,11.299706,-1.7891309,-0.7213848,3
37.053074,0.6974964,43.999169106547626,11.370705588081208,0.028356962,0.25548702,6940.765,-1.3249629,3,1,false,false,-24.979736,0.1274375,10.619006,-1.8012584,-0.72406834,3
37.05617,0.69761276,43.99916586654139,11.37071182154884,0.026093177,0.2828606,6884.304,-1.319394,3,1,false,false,-23.88105,0.76714915,10.085894,-1.8132504,-0.70571995,3
37.058178,0.69772905,43.99916262653515,11.370718055016471,0.024663411,0.30875468,6897.481,-1.3155187,3,1,false,false,-23.563076,0.3960521,10.237556,-1.8247805,-0.6735647,3
37.053017,0.6978452,43.99915929657834,11.370724288484103,0.022876209,0.35733658,6962.455,-1.3133402,3,1,false,false,-23.242762,0.11074659,10.24952,-1.8358026,-0.65041566,3
37.049435,0.69796145,43.99915596662152,11.370730397350865,0.02096986,0.41233048,7040.5737,-1.3130976,3,1,false,false,-24.55858,0.47186863,11.515404,-1.846561,-0.64074874,3
37.055775,0.6980777,43.999152546576795,11.370736506217625,0.02025498,0.4690506,7094.713,-1.3147935,3,1,false,false,-25.519009,1.2861346,12.168718,-1.8572965,-0.64860034,3
37.08192,0.69819444,43.99914912653207,11.370742490293287,0.017276304,0.5050555,7111.9907,-1.3162465,3,1,false,false,-24.387917,2.6771994,11.130898,-1.8683333,-0.669683,3
37.135983,0.6983112,43.99914561653676,11.37074847436895,0.015250808,0.51122063,7100.7114,-1.3150346,3,1,false,false,-22.70074,4.1365247,10.233866,-1.8795873,-0.6709757,3
37.20287,0.69842815,43.999142106541456,11.370754458634842,0.013344452,0.5159064,7087.71,-1.3111602,3,1,false,false,-23.29294,4.51365,11.311347,-1.8907647,-0.6663448,3
37.27114,0.6985453,43.999138506595564,11.370760317919403,0.011080664,0.5245377,7097.182,-1.3092222,3,1,false,false,-24.668575,4.3940835,11.881149,-1.9019089,-0.6665717,3
37.331554,0.69866264,43.99913481656176,11.370766177394195,0.009889192,0.5319359,7122.6187,-1.3104341,3,1,false,false,-25.643312,4.0406847,12.740612,-1.9131529,-0.676567,3
37.391697,0.69877976,43.999131126527956,11.370771912268117,0.0076254033,0.5319359,7143.52,-1.3130976,3,1,false,false,-24.882675,4.275264,11.765057,-1.9245634,-0.683046,3
37.458454,0.69889706,43.999127346543574,11.37077764695181,0.0057190526,0.5319359,7155.637,-1.3094656,3,1,false,false,-23.132597,4.537328,10.221246,-1.9360087,-0.6834949,3
37.531715,0.69901454,43.9991234766086,11.370783381825731,0.004170143,0.5319359,7172.885,-1.29881,3,1,false,false,-23.397017,5.2066793,11.183052,-1.9474756,-0.6810133,3
37.614265,0.69913226,43.99911960653631,11.370789116699653,0.002263791,0.5319359,7192.2446,-1.2888823,3,1,false,false,-24.194754,5.4883027,11.843521,-1.9586567,-0.6528098,3
37.69697,0.6992502,43.99911573660135,11.370794601991376,0.00095317524,0.5319359,7198.652,-1.2821014,3,1,false,false,-23.795153,5.4274306,11.114452,-1.9692671,-0.61999744,3
37.779613,0.69936806,43.99911177657847,11.37080021226443,-8.731149e-11,0.5319359,7197.366,-1.2801646,3,1,false,false,-22.941889,5.2510796,10.472381,-1.9793739,-0.5960169,3
37.85174,0.69948614,43.999107726605004,11.37080569755615,0,0.53366214,7206.35,-1.2796794,3,1,false,false,-23.188925,4.4839892,11.550041,-1.9893448,-0.60737675,3
37.92332,0.6996044,43.99910358654363,11.370811183038104,0,0.54525286,7241.6733,-1.2753221,3,1,false,false,-23.149933,4.8468113,11.185013,-1.9996971,-0.62896293,3
37.995583,0.6997229,43.99909953657018,11.370816668520055,0,0.55388415,7288.5024,-1.264908,3,1,false,false,-24.102715,4.5402784,11.459034,-2.010342,-0.6466597,3
38.0674,0.69984156,43.999095306558225,11.370822029401138,0,0.55561036,7318.8613,-1.2508639,3,1,false,false,-24.300598,4.941965,11.868156,-2.0213382,-0.6662148,3
38.14107,0.69996023,43.99909107654627,11.37082726549112,0,0.5563503,7328.7417,-1.2375444,3,1,false,false,-24.320305,4.9458513,11.843588,-2.032711,-0.69341797,3
38.223248,0.700079,43.99908684653432,11.370832501581104,0,0.5568434,7335.079,-1.2230148,3,1,false,false,-24.723946,5.6510234,12.314905,-2.044521,-0.7119696,3
38.311077,0.70019823,43.99908243648387,11.370837737671087,0,0.5568434,7346.002,-1.2084863,3,1,false,false,-23.192995,5.851956,10.440304,-2.0564713,-0.70883703,3
38.40241,0.7003176,43.99907811652133,11.3708428491602,0,0.5568434,7362.423,-1.1905665,3,1,false,false,-23.19835,6.1396794,10.869404,-2.0682037,-0.68875873,3
38.49676,0.7004373,43.999073616520306,11.370847960649312,0,0.5568434,7377.182,-1.1765224,3,1,false,false,-22.710571,6.0530066,10.749814,-2.079379,-0.64735556,3
38.590538,0.7005571,43.99906920660719,11.370853071948195,0,0.5568434,7385.713,-1.1682891,3,1,false,false,-22.47537,6.20764,10.220469,-2.0898902,-0.6115953,3
38.685127,0.7006772,43.99906461651825,11.37085805883644,0,0.5568434,7391.25,-1.1656252,3,1,false,false,-23.208698,6.0176945,11.248196,-2.0997672,-0.57894903,3
38.773132,0.70079756,43.99906011651722,11.370862920933583,0,0.5568434,7400.7227,-1.1653827,3,1,false,false,-22.443453,5.577214,10.312151,-2.1092973,-0.5697915,3
38.851685,0.70091826,43.9990554364777,11.370867783030725,0,0.5568434,7424.76,-1.166836,3,1,false,false,-23.20282,4.6744485,10.859779,-2.1189072,-0.5918025,3
38.92104,0.70103914,43.99905075657551,11.37087264512787,0,0.5568434,7462.8916,-1.168531,3,1,false,false,-24.018974,4.8360744,12.129034,-2.1291482,-0.6335256,3
38.99501,0.7011602,43.99904607653598,11.370877382433912,0,0.5568434,7500.7554,-1.1678039,3,1,false,false,-23.273605,5.0002947,11.215485,-2.1400187,-0.66206783,3
39.07653,0.7012815,43.999041306545884,11.370882119930187,0,0.5568434,7522.697,-1.1632041,3,1,false,false,-23.815243,5.575089,11.003754,-2.1512086,-0.6712011,3
39.160355,0.701403,43.99903653655578,11.370886732635359,0,0.5568434,7527.285,-1.1535172,3,1,false,false,-25.083921,5.7985244,12.3826065,-2.1625261,-0.67854977,3
39.248444,0.70152485,43.99903167647776,11.370891345530763,0,0.57188666,7531.0063,-1.1433464,3,1,false,false,-24.958344,5.8329706,11.931276,-2.1739006,-0.6763441,3
39.328045,0.7016471,43.999026816537075,11.370895833635068,0,0.60049325,7551.229,-1.1309971,3,1,false,false,-27.435658,5.3166604,14.3416815,-2.1854,-0.69764245,3
39.407734,0.7017695,43.99902186650848,11.37090032173937,0,0.6271269,7586.9824,-1.1203429,3,1,false,false,-26.971605,5.784938,12.8236,-2.197368,-0.7211441,3
39.50191,0.7018922,43.9990168265293,11.370904685052574,0,0.63970405,7619.418,-1.1062986,3,1,false,false,-25.7444,6.4866657,11.998926,-2.209451,-0.7116804,3
39.607098,0.7020152,43.99901178655012,11.370909048556008,0,0.6448829,7632.4194,-1.0893477,3,1,false,false,-24.946297,7.0176973,11.484483,-2.2211478,-0.68018174,3
39.716137,0.70213866,43.99900674657094,11.370913287268342,0,0.64488286,7632.8403,-1.0767547,3,1,false,false,-24.928322,7.6991725,12.452153,-2.2322876,-0.6477773,3
39.83816,0.7022627,43.99900152655327,11.370917401379808,0,0.64488286,7632.4805,-1.0704603,3,1,false,false,-23.755518,7.8595386,11.06558,-2.2426362,-0.5867096,3
39.946983,0.70238703,43.99899639648618,11.370921515491272,0,0.64488286,7634.862,-1.0714285,3,1,false,false,-25.877428,6.3382783,12.802259,-2.2520685,-0.56181073,3
40.025505,0.7025116,43.99899117646851,11.370925629602736,0,0.64488286,7654.169,-1.0782075,3,1,false,false,-28.347767,5.2455883,15.44548,-2.2619896,-0.6342165,3
40.104214,0.7026366,43.998985866500256,11.370929494322231,0,0.64217025,7697.476,-1.0845041,3,1,false,false,-27.32732,5.744611,13.247402,-2.2733467,-0.7119764,3
40.199596,0.702762,43.998980556532,11.37093348373771,0,0.639704,7746.515,-1.0825672,3,1,false,false,-26.060326,6.8148975,11.935155,-2.2855814,-0.73184735,3
40.29214,0.70288783,43.99897515647584,11.370937223856336,0,0.63797784,7776.4673,-1.0748186,3,1,false,false,-23.976992,6.5177217,10.950448,-2.2978861,-0.7315054,3
40.410248,0.703014,43.998969756556995,11.370940963879844,0,0.63797784,7788.6875,-1.0716698,3,1,false,false,-25.20061,8.22969,12.462042,-2.3097565,-0.6704651,3
40.5307,0.7031407,43.99896435650083,11.37094470399847,0,0.63797784,7769.016,-1.0767546,3,1,false,false,-24.59702,7.3619585,11.528037,-2.3202088,-0.58895475,3
40.634808,0.70326763,43.998958866494085,11.37094831942111,0,0.63797784,7746.1147,-1.0922536,3,1,false,false,-23.890911,6.689396,11.145048,-2.329806,-0.5726596,3
40.728134,0.7033954,43.998953286536754,11.370951810147766,0,0.63797784,7766.2617,-1.1128365,3,1,false,false,-25.255215,5.8485246,12.567347,-2.3395698,-0.60476536,3
40.804577,0.70352346,43.99894770657942,11.37095530087442,0,0.63797784,7825.8823,-1.1339036,3,1,false,false,-26.618225,5.1637845,13.424566,-2.3502007,-0.66721517,3
40.881992,0.7036518,43.99894212648476,11.370958666905091,0,0.63797784,7886.8174,-1.1532755,3,1,false,false,-28.005365,5.7419257,14.360428,-2.3618948,-0.71909595,3
40.971283,0.7037804,43.99893645657685,11.370961908334891,0,0.63797784,7910.1216,-1.1629626,3,1,false,false,-27.500555,6.301964,12.995075,-2.3741145,-0.7300362,3
41.074135,0.70390964,43.99893078653161,11.370965149764691,0,0.63797784,7895.534,-1.1641719,3,1,false,false,-26.613735,7.182015,12.227517,-2.3862054,-0.70667565,3
41.183334,0.70403945,43.99892502653579,11.370968266498508,0,0.63797784,7872.557,-1.1607817,3,1,false,false,-25.683804,7.2730803,11.635862,-2.397743,-0.66970956,3
41.28875,0.7041697,43.998919266539964,11.370971383232323,0,0.63625157,7868.6147,-1.1627188,3,1,false,false,-25.627838,6.926996,11.974285,-2.4086661,-0.6392175,3
41.386486,0.70430017,43.99891350654414,11.370974375270155,0,0.6320591,7889.088,-1.1678038,3,1,false,false,-25.98303,6.1633177,11.43133,-2.419167,-0.6218333,3
41.470722,0.70443106,43.99890765646041,11.370977242707115,0,0.6244142,7919.264,-1.1745852,3,1,false,false,-25.467169,5.6932364,12.057884,-2.4295926,-0.6263255,3
41.54679,0.7045622,43.99890171656342,11.370979985352976,0,0.61750925,7949.409,-1.1801542,3,1,false,false,-24.208153,4.986496,10.46114,-2.440209,-0.6485487,3
41.629517,0.7046935,43.998895866479685,11.370982728093953,0,0.6133168,7982.318,-1.1772481,3,1,false,false,-25.457724,5.9295373,12.292819,-2.4512498,-0.66400015,3
41.715496,0.704825,43.99888992644537,11.37098547083493,0,0.6103575,8000.9756,-1.1697421,3,1,false,false,-27.782223,5.9512362,13.977434,-2.46239,-0.66518545,3
41.796967,0.70495695,43.99888389646047,11.37098796427905,0,0.6103576,7994.893,-1.1605401,3,1,false,false,-28.240685,5.729793,13.868128,-2.4735727,-0.672233,3
41.872818,0.70508885,43.998877866475574,11.370990457628057,0,0.6103576,7987.522,-1.1510961,3,1,false,false,-28.31839,5.333,13.455139,-2.4850748,-0.70596737,3
41.950912,0.70522094,43.99887183649067,11.370992826376193,0,0.6103576,8006.0024,-1.1368089,3,1,false,false,-27.869427,5.814439,12.755426,-2.4972138,-0.7330297,3
42.029713,0.7053532,43.998865806505776,11.370995070428346,0,0.6086313,8043.4565,-1.1205839,3,1,false,false,-27.905228,6.097514,12.810469,-2.5095735,-0.7333012,3
42.110058,0.7054858,43.99885968657029,11.370997314480498,0,0.6051788,8070.1685,-1.1033922,3,1,false,false,-27.276644,5.824396,12.315697,-2.521696,-0.71272165,3
42.19244,0.7056186,43.99885356649749,11.370999433836666,0,0.60345256,8074.0474,-1.0883791,3,1,false,false,-26.66514,6.070363,12.384545,-2.5334039,-0.6852155,3
42.280163,0.7057515,43.998847356474094,11.371001428496847,0,0.60345256,8067.046,-1.0721545,3,1,false,false,-26.613129,5.6647806,12.024041,-2.5445287,-0.6529159,3
42.361736,0.70588464,43.99884123653861,11.37100329855616,0,0.60345256,8068.9507,-1.0564148,3,1,false,false,-26.06261,5.9008145,11.856297,-2.5554035,-0.64582765,3
42.445457,0.70601803,43.99883493656464,11.371005168615472,0,0.60345256,8091.0947,-1.0382541,3,1,false,false,-25.431725,5.969311,11.113804,-2.5660787,-0.62886614,3
42.52206,0.7061517,43.99882872654125,11.3710069139788,0,0.60345256,8121.411,-1.0186406,3,1,false,false,-26.242008,5.2897143,12.275916,-2.5764806,-0.6245445,3
42.591747,0.7062855,43.998822516517855,11.371008534646142,0,0.60345256,8148.437,-1.0002363,3,1,false,false,-27.095095,5.008563,12.656873,-2.5870478,-0.64484984,3
42.663334,0.7064194,43.99881621654388,11.3710101554086,0,0.60345256,8168.0513,-0.9801383,3,1,false,false,-27.810163,5.1135917,13.75524,-2.598054,-0.6694475,3
42.730232,0.7065536,43.99880991643258,11.371011651379957,0,0.60345256,8181.4414,-0.95132285,3,1,false,false,-28.070118,4.928521,12.8240185,-2.6096413,-0.7139046,3
42.800385,0.70668805,43.99880352650802,11.371013022750446,0,0.60345256,8201.453,-0.912095,3,1,false,false,-27.62912,5.6593194,12.714993,-2.6219814,-0.7470091,3
42.882042,0.7068227,43.998797226534045,11.371014269424949,0,0.60345256,8225.417,-0.86463577,3,1,false,false,-26.252726,6.061145,11.246354,-2.6344137,-0.7263216,3
42.964832,0.70695746,43.99879083647216,11.371015516194568,0,0.60345256,8235.909,-0.8133011,3,1,false,false,-26.499952,6.0263743,12.295212,-2.6462696,-0.6894053,3
43.047405,0.7070926,43.99878444654761,11.371016638173087,0,0.60345256,8232.772,-0.76535857,3,1,false,false,-27.903364,6.173705,13.227589,-2.6575162,-0.6574338,3
43.129642,0.707228,43.99877796653514,11.371017635550734,0,0.60345256,8229.091,-0.71450996,3,1,false,false,-27.21361,6.0413294,13.091655,-2.6682477,-0.6323741,3
43.208736,0.7073637,43.99877157647325,11.371018508232398,0,0.60345256,8241.354,-0.6687449,3,1,false,false,-24.866388,5.6955705,11.012628,-2.678705,-0.61959505,3
43.292908,0.7074996,43.99876509646079,11.371019380914062,0,0.60345256,8273.508,-0.6304882,3,1,false,false,-25.152987,6.2241635,10.722442,-2.688833,-0.5917678,3
43.373238,0.7076358,43.99875861644832,11.37102012889974,0,0.60345256,8301.611,-0.5968312,3,1,false,false,-26.024971,5.712734,12.880005,-2.6985693,-0.57659215,3
43.442303,0.70777225,43.998752136435854,11.37102075228455,0,0.6017263,8311.064,-0.57818747,3,1,false,false,-27.68344,4.96506,14.287127,-2.7082984,-0.6012124,3
43.51681,0.70790905,43.99874565642339,11.371021250973374,0,0.5990137,8316.231,-0.565355,3,1,false,false,-27.36111,5.4646554,12.568415,-2.7186925,-0.6369669,3
43.585003,0.7080461,43.99873908646033,11.3710217496622,0,0.5987668,8333.645,-0.54888976,3,1,false,false,-27.000395,5.4609337,12.370262,-2.72976,-0.6762613,3
43.670357,0.7081834,43.99873260644787,11.371022123655038,0,0.598767,8367.388,-0.5275823,3,1,false,false,-23.067657,6.4691544,9.4519825,-2.7409883,-0.6423506,3
43.764954,0.70832103,43.99872603648482,11.371022372951893,0,0.598767,8384.766,-0.5065172,3,1,false,false,-26.319395,6.7297835,12.616441,-2.7509904,-0.55895305,3
43.85192,0.708459,43.99871946652177,11.371022497647878,0,0.598767,8364.021,-0.49077845,3,1,false,false,-27.156605,6.0591893,13.516774,-2.7598743,-0.51594126,3
43.938614,0.7085975,43.998712896421395,11.371022622343864,0,0.6051789,8337,-0.4781874,3,1,false,false,-27.244003,6.4530826,13.588972,-2.7684655,-0.5124301,3
44.02569,0.70873624,43.99870632645834,11.371022622343864,0,0.62194836,8341.612,-0.45736387,3,1,false,false,-24.467178,5.646053,10.548351,-2.77698,-0.50863117,3
44.100193,0.7088753,43.99869966640738,11.371022497647878,0,0.63477206,8395.456,-0.43484664,3,1,false,false,-23.61389,6.768507,9.416923,-2.7856178,-0.5111046,3
44.205917,0.7090147,43.998693096444335,11.371022248351023,0,0.6475957,8461.744,-0.41136038,3,1,false,false,-22.705444,6.5939775,9.928066,-2.7934132,-0.4205299,3
44.296562,0.70915467,43.998686436530704,11.371021998959053,0,0.65474737,8472.263,-0.39925456,3,1,false,false,-24.269478,5.968869,13.392071,-2.7999725,-0.38281974,3
44.38445,0.7092951,43.99867977647974,11.371021624966215,0,0.6594329,8446.167,-0.39053696,3,1,false,false,-25.124886,6.2920904,13.986525,-2.8065693,-0.41775808,3
44.475773,0.7094358,43.99867311642878,11.371021250973374,0,0.66461164,8443.606,-0.37383103,3,1,false,false,-23.284231,5.378352,11.488169,-2.8141224,-0.4861032,3
44.5681,0.70957685,43.998666456515146,11.371020627588566,0,0.6663379,8496.775,-0.34937668,3,1,false,false,-22.971977,7.2667665,11.3362465,-2.8227735,-0.52372664,3
44.68533,0.70971864,43.99865979646419,11.37102012889974,0,0.66633785,8558.414,-0.32613286,3,1,false,false,-23.06554,7.4326143,11.903758,-2.8312776,-0.4752672,3
44.802383,0.709861,43.998653136413225,11.371019380914062,0,0.66633785,8553.319,-0.31111988,3,1,false,false,-21.713161,8.014389,11.79933,-2.8385015,-0.38266858,3
44.925507,0.71000373,43.998646386411686,11.371018632928383,0,0.6673242,8496.035,-0.30409876,3,1,false,false,-21.765436,7.563164,12.223452,-2.8442643,-0.3228906,3
45.04191,0.7101469,43.998639726498055,11.371017760246719,0,0.66954374,8453.665,-0.3031316,3,1,false,false,-21.016699,7.540428,12.043289,-2.849635,-0.32386214,3
45.158104,0.71029085,43.99863297649651,11.37101676286907,0,0.6771888,8472.488,-0.30748898,3,1,false,false,-21.439714,6.9487596,12.98575,-2.8550742,-0.3279768,3
45.257042,0.7104355,43.99862622649497,11.371015765491423,0,0.6840938,8530.28,-0.3208055,3,1,false,false,-20.083141,6.025452,11.422679,-2.8606656,-0.34173933,3
45.361416,0.71058047,43.998619476493424,11.371014643512904,0,0.6946981,8592.963,-0.34647053,3,1,false,false,-19.164244,6.8013167,11.152111,-2.866402,-0.33624125,3
45.469154,0.71072584,43.998612726491885,11.37101352143927,0,0.71664625,8631.344,-0.37843102,3,1,false,false,-18.418314,6.611384,10.589207,-2.87192,-0.32887772,3
45.58469,0.7108717,43.99860597649034,11.371012274764768,0,0.74969167,8653.124,-0.41935056,3,1,false,false,-18.520172,7.4822617,11.212224,-2.877502,-0.3388645,3
45.709133,0.711018,43.998599136400884,11.371011028090264,0,0.8012331,8678.799,-0.4646284,3,1,false,false,-18.203566,7.728986,10.95711,-2.8832924,-0.35461456,3
45.835125,0.7111648,43.998592386399345,11.371009656719776,0,0.83329225,8713.581,-0.50482243,3,1,false,false,-17.597404,7.739033,10.351428,-2.8894212,-0.37934166,3
45.969822,0.711312,43.998585546447224,11.371008160653302,0,0.8540075,8751.823,-0.5493739,3,1,false,false,-18.129887,8.371542,10.685908,-2.8959508,-0.40085718,3
46.108227,0.71145946,43.99857879644568,11.371006664681945,0,0.86979026,8784.076,-0.5842404,3,1,false,false,-18.60776,8.422957,10.999052,-2.9028108,-0.42128405,3
46.24777,0.71160734,43.99857195649356,11.371005168615472,0,0.8892725,8809.308,-0.6157177,3,1,false,false,-19.41309,8.46947,12.038762,-2.9100335,-0.44623026,3
46.385014,0.7117556,43.9985651164041,11.37100354794813,0,0.9104809,8836.8545,-0.63315207,3,1,false,false,-20.252281,8.168984,11.88022,-2.9178252,-0.48928598,3
46.52253,0.71190435,43.99855818650139,11.371001802489687,0,0.9242911,8875.421,-0.6358148,3,1,false,false,-19.955519,8.564542,10.635731,-2.9263766,-0.52935666,3
46.662533,0.7120534,43.998551346411936,11.37100005712636,0,0.93094933,8922.399,-0.6254034,3,1,false,false,-20.091822,8.593053,10.583864,-2.9354317,-0.5514643,3
46.802425,0.71220285,43.998544506459815,11.370998187162161,0,0.93366206,8965.074,-0.605549,3,1,false,false,-21.168118,8.911146,12.022973,-2.9447715,-0.5648633,3
46.94536,0.7123528,43.99853757641978,11.370996192406864,0,0.93415534,8993.655,-0.58085006,3,1,false,false,-21.483524,8.735663,11.834403,-2.9542472,-0.5703253,3
47.083492,0.7125032,43.99853073646765,11.370994197746683,0,0.9341554,9014.377,-0.553732,3,1,false,false,-21.059328,8.783096,11.130382,-2.9638572,-0.5802611,3
47.224377,0.7126539,43.99852380642762,11.3709920782954,0,0.9341554,9044.586,-0.5244345,3,1,false,false,-21.14546,8.8338,10.530965,-2.9735909,-0.58478826,3
47.36479,0.712805,43.99851687638758,11.370989834243248,0,0.9341554,9084.313,-0.49053597,3,1,false,false,-21.639603,8.815502,11.437651,-2.983319,-0.5800076,3
47.50001,0.7129565,43.99850994648487,11.370987590191096,0,0.93884104,9122.512,-0.45663834,3,1,false,false,-22.660093,8.500063,12.549803,-2.9929748,-0.580329,3
47.63091,0.7131084,43.998503016444836,11.370985221538074,0,0.9509248,9156.306,-0.41717178,3,1,false,false,-22.877014,8.527196,12.11853,-3.0027661,-0.59203285,3
47.76531,0.71326065,43.998496086404806,11.370982728093953,0,0.96128243,9190.817,-0.37261963,3,1,false,false,-21.407923,8.742673,9.864966,-3.0126936,-0.59073347,3
47.90601,0.7134133,43.99848915643343,11.370980234744946,0,0.9676943,9226.678,-0.32371074,3,1,false,false,-20.323828,9.249527,8.913882,-3.0223205,-0.5560252,3
48.05055,0.7135664,43.9984822263934,11.370977616699955,0,0.97829854,9255.058,-0.2789188,3,1,false,false,-20.157118,9.113146,9.333763,-3.0311022,-0.49861866,3
48.1877,0.71371996,43.99847529642202,11.370974998654964,0,0.98742294,9271.387,-0.25155923,3,1,false,false,-21.853659,8.667002,12.675749,-3.0390534,-0.46637878,3
48.304974,0.7138738,43.99846827643141,11.370972255913987,0,1,9291.876,-0.23921075,3,1,false,false,-23.271658,7.1959395,13.777935,-3.0470655,-0.51058877,3
48.415543,0.714028,43.99846134639137,11.370969388477025,0,1,9286.277,-0.23799922,3,1,false,false,-23.729807,7.741976,12.117237,-3.0562382,-0.5808052,3
48.54148,0.71418256,43.99845441642,11.370966396439195,0,1,9287.78,-0.24308507,3,1,false,false,-22.6609,8.800592,10.646295,-3.0661361,-0.58446306,3
48.672695,0.7143375,43.998447486448626,11.370963404401364,0,1,9291.553,-0.2537379,3,1,false,false,-23.109165,8.443077,10.833878,-3.0753934,-0.5148631,3
48.791344,0.7144928,43.99844046638935,11.370960287667549,0,1,9310.313,-0.26899162,3,1,false,false,-23.727118,7.7382283,10.724471,-3.0832257,-0.42484054,3
48.897675,0.7146484,43.99843353641798,11.370957046237749,0,1,9303.002,-0.28739294,3,1,false,false,-24.51877,6.843177,12.208895,-3.08979,-0.3780763,3
48.99336,0.7148044,43.9984266064466,11.370953804807947,0,1,9300.542,-0.30869955,3,1,false,false,-25.735203,6.589452,13.316882,-3.0962536,-0.40592518,3
49.015118,0.71496063,43.99841967640657,11.370950438777276,0,1,9303.562,-0.32104814,0,1,false,false,-26.37731,-0.53187317,11.575409,-3.1031306,-0.40450507,3
48.99686,0.71511674,43.99841274643519,11.370946948050621,0,1,8877.454,-0.31451097,4,1,false,false,-23.712446,2.5595677,10.109477,-3.1096241,-0.3776888,3
49.132694,0.715273,43.99840581639516,11.370943457323966,0,1,7923.427,-0.28593996,4,1,false,false,-18.975681,11.673293,9.931359,-3.1161199,-0.40930086,3
49.337345,0.71542996,43.99839897637437,11.370939841901327,0,1,7513.696,-0.2350949,4,1,false,false,-17.824936,12.713338,9.3817835,-3.1232793,-0.4404328,3
49.504906,0.7155875,43.998392046403,11.370936101782702,0,1,7689.9683,-0.18328092,4,1,false,false,-19.099613,8.629527,9.456261,-3.1305413,-0.4233759,3
49.604366,0.71574545,43.99838511643163,11.370932361664076,0,1,7968.655,-0.104350775,4,1,false,false,-19.414064,5.4305162,9.763132,-3.1372056,-0.37615952,3
49.692284,0.7159037,43.99837818639159,11.370928496944583,0,1,8027.5884,-0.042369843,4,1,false,false,-18.301666,6.600918,10.163542,3.14002,-0.34297094,3
49.81775,0.71606237,43.99837125642022,11.370924632225087,0,1,7913.7954,0.007021074,4,1,false,false,-17.341856,8.856901,10.499581,3.1345015,-0.31863105,3
49.966312,0.7162215,43.99836441639943,11.370920642714493,0,1,7827.1284,0.018157976,4,1,false,false,-17.25171,9.43762,10.879251,3.129428,-0.28936794,3
50.109203,0.7163812,43.99835748642806,11.37091652879326,0,1,7849.244,-0.006537022,4,1,false,false,-17.512682,8.560818,10.641298,3.1248987,-0.25374126,3
50.233982,0.71654123,43.998350556388026,11.370912414681793,0,1,7915.8037,-0.0646446,4,1,false,false,-18.057194,7.56632,11.102001,3.1209195,-0.22775306,3
50.353104,0.7167019,43.998343626416656,11.37090830057033,0,1,7949.935,-0.14793216,4,1,false,false,-18.448221,7.8083215,11.074905,3.1171613,-0.22491041,3
50.481068,0.716863,43.99833669637662,11.370904061857996,0,1,7941.855,-0.23921077,4,1,false,false,-18.582773,8.251182,10.562392,3.113338,-0.23409012,3
50.61433,0.7170244,43.99832985642449,11.370899698354561,0,1,7923.7344,-0.33387953,4,1,false,false,-18.616653,8.385477,10.291339,3.1092813,-0.2515001,3
50.750587,0.71718645,43.99832292638445,11.370895334851127,0,1,7922.458,-0.41305518,4,1,false,false,-19.086103,8.373057,10.551893,3.1049812,-0.2630288,3
50.877186,0.7173491,43.99831599641308,11.370890846746823,0,1,7934.5527,-0.47673434,4,1,false,false,-19.80491,7.367229,11.413975,3.1004548,-0.2862744,3
50.995853,0.7175122,43.998309156392295,11.37088623404165,0,1,7955.052,-0.51668584,4,1,false,false,-21.215021,7.3169065,12.969268,3.0952694,-0.3373708,3
51.1087,0.7176756,43.998302226420925,11.370881621336476,0,1,7979.571,-0.52855015,4,1,false,false,-21.250633,6.8560753,11.731059,3.0891366,-0.3979506,3
51.222042,0.7178397,43.99829529638089,11.370877008441072,0,1,8006.6836,-0.51595926,4,1,false,false,-21.744608,7.2086525,12.708445,3.0820098,-0.4508644,3
51.340256,0.71800435,43.9982884563601,11.37087214634393,0,1,8029.897,-0.48472446,4,1,false,false,-21.343216,7.5369997,11.681125,3.074219,-0.47364506,3
51.462757,0.7181693,43.99828161640797,11.370867284246787,0,1,8038.79,-0.44525793,4,1,false,false,-20.345058,7.631746,10.709088,3.0663974,-0.4587725,3
51.58544,0.7183347,43.998274776387184,11.370862422149642,0,1,8040.4004,-0.40022263,4,1,false,false,-19.410145,7.6639295,10.133147,3.058984,-0.4285065,3
51.70882,0.7185005,43.998267846415814,11.37085743545163,0,1,8050.353,-0.360272,4,1,false,false,-19.85226,7.5581093,11.177736,3.052129,-0.39613503,3
51.821163,0.7186667,43.998261006395026,11.370852323962517,0,1,8070.946,-0.3212906,4,1,false,false,-20.145277,6.6812663,12.280209,3.0456283,-0.39132392,3
51.930256,0.7188332,43.99825416637424,11.370847212473404,0,1,8105.0835,-0.2953831,4,1,false,false,-19.190084,6.919786,11.506614,3.0390472,-0.39542392,3
52.040306,0.719,43.99824741637269,11.37084197638342,0,1,8143.6753,-0.2760136,4,1,false,false,-18.145699,6.929901,9.796474,3.03248,-0.39038414,3
52.156635,0.71916705,43.998240576351904,11.370836740293438,0,1,8172.694,-0.25882187,4,1,false,false,-17.565283,7.5642786,9.3211355,3.0260859,-0.37101465,3
52.283596,0.7193346,43.99823373639978,11.370831379602585,0,1,8179.7246,-0.24744248,4,1,false,false,-17.109318,7.893881,9.582973,3.0202606,-0.32641375,3
52.40501,0.71950245,43.99822689637899,11.370825894120633,0,1,8172.0293,-0.24574782,4,1,false,false,-16.775188,7.4473486,9.598018,3.0151217,-0.2969766,3
52.522465,0.71967065,43.99822014637745,11.37082040863868,0,1,8181.0234,-0.25155923,4,1,false,false,-17.220882,7.084773,10.668316,3.0102477,-0.2936372,3
52.63343,0.7198392,43.99821330635666,11.370814923156727,0,1,8216.805,-0.26463318,4,1,false,false,-17.145506,6.8544874,10.286977,3.0052443,-0.3082432,3
52.74457,0.72000813,43.998206556355115,11.370809313073906,0,1,8260.617,-0.27794987,4,1,false,false,-17.452358,6.948126,10.790899,2.9999683,-0.32407236,3
52.860237,0.72017735,43.998199806353576,11.370803578199984,0,1,8285.883,-0.29150888,4,1,false,false,-17.732986,7.375193,10.347917,2.9944432,-0.3353908,3
52.983547,0.7203469,43.99819296633279,11.370797843516291,0,1,8285.15,-0.30240414,4,1,false,false,-17.340242,7.6929345,9.498018,2.9888704,-0.32981727,3
53.10569,0.720517,43.99818621633124,11.37079210864237,0,1,8276.506,-0.3120889,4,1,false,false,-17.110815,7.4596443,9.73729,2.9834504,-0.32214835,3
53.22603,0.72068727,43.9981794663297,11.370786249167578,0,1,8286.093,-0.3212905,4,1,false,false,-17.61704,7.3929844,10.336609,2.9780834,-0.32326674,3
53.34026,0.720858,43.998172716328156,11.370780265091916,0,1,8314.344,-0.32903713,4,1,false,false,-17.696093,6.885452,9.474823,2.972633,-0.33260652,3
53.451195,0.72102904,43.99816596632662,11.370774281016255,0,1,8347.161,-0.33387953,4,1,false,false,-16.923527,6.9016128,8.384078,2.9670177,-0.3395455,3
53.56228,0.72120047,43.99815930634432,11.370768172149493,0,1,8373.756,-0.33509123,4,1,false,false,-17.620104,6.813069,10.637108,2.9613261,-0.34685436,3
53.672867,0.7213721,43.998152556342774,11.370762063282731,0,1,8392.746,-0.3314594,4,1,false,false,-19.050192,7.043222,11.753097,2.9553535,-0.37120658,3
53.78382,0.7215442,43.99814589636048,11.3707558298151,0,1,8409.486,-0.32419485,4,1,false,false,-19.553751,6.889275,11.4077,2.9489312,-0.39887032,3
53.89386,0.72171664,43.99813914635894,11.370749596347467,0,1,8430.111,-0.31111997,4,1,false,false,-19.478308,7.182506,10.841114,2.942082,-0.41795176,3
54.01431,0.72188944,43.99813248637664,11.370743238278967,0,1,8450.01,-0.29538316,4,1,false,false,-19.731182,7.7114053,10.601416,2.9351816,-0.40248218,3
54.136856,0.7220626,43.99812582632568,11.370736880210465,0,1,8450.584,-0.27770823,4,1,false,false,-19.89408,7.7298117,10.593083,2.9287658,-0.36569625,3
54.259754,0.7222361,43.998119166343386,11.370730397350865,0,1,8437.915,-0.26318103,4,1,false,false,-18.830647,7.6628346,9.41997,2.923019,-0.32381704,3
54.37677,0.72241,43.99811250636109,11.370723789890393,0,1,8437.367,-0.2539795,4,1,false,false,-18.489113,7.068472,10.377108,2.9178896,-0.2976924,3
54.48598,0.7225843,43.998105936329374,11.370717182429923,0,1,8464.109,-0.24889556,4,1,false,false,-18.082663,6.7881937,10.246413,2.9129853,-0.2933277,3
54.59168,0.722759,43.99809927634708,11.370710574969452,0,1,8505.886,-0.24768496,4,1,false,false,-17.14242,6.3649473,9.33538,2.9081094,-0.29388806,3
54.69181,0.722934,43.99809270631537,11.37070384271788,0,1,8545.643,-0.24865302,4,1,false,false,-16.523663,6.5910234,9.272612,2.903114,-0.30576235,3
54.803436,0.7231093,43.99808613635231,11.37069698605567,0,1,8573.589,-0.24841145,4,1,false,false,-16.84277,6.9573274,9.685493,2.8979852,-0.30812323,3
54.914917,0.723285,43.998079566320605,11.37069012920323,0,1,8581.924,-0.24962205,4,1,false,false,-16.660543,6.978421,9.528837,2.8928282,-0.31109866,3
55.03158,0.7234611,43.99807299635755,11.370683272350789,0,1,8586.202,-0.25180075,4,1,false,false,-16.914095,7.3199377,9.9326315,2.887639,-0.3098173,3
55.148094,0.7236375,43.99806642632584,11.370676290897478,0,1,8595.438,-0.25301224,4,1,false,false,-17.544779,7.1940403,10.604671,2.8824937,-0.3075472,3
55.26367,0.72381437,43.99805994631337,11.370669184653067,0,1,8608.645,-0.2530123,4,1,false,false,-17.543453,7.2050576,10.160777,2.877385,-0.30412513,3
55.37908,0.72399163,43.99805337635032,11.370662078598889,0,1,8621.6455,-0.2513168,4,1,false,false,-17.59517,7.1082277,10.157036,2.872387,-0.2955659,3
55.492447,0.7241693,43.998046896337854,11.370654847753608,0,1,8632.622,-0.24865305,4,1,false,false,-17.234318,7.0652003,9.891288,2.8675134,-0.2892153,3
55.605194,0.72434735,43.99804041632539,11.370647616908329,0,1,8645.44,-0.24477974,4,1,false,false,-17.296682,6.873445,10.658546,2.8627403,-0.28504822,3
55.715527,0.72452575,43.99803393631292,11.370640386063048,0,1,8662.448,-0.23993732,4,1,false,false,-16.954,6.740869,10.1292095,2.8579776,-0.28744388,3
55.8254,0.72470456,43.998027456300456,11.370633030616897,0,1,8683.736,-0.23364182,4,1,false,false,-16.782175,6.7589855,10.288324,2.8531513,-0.29093134,3
55.936733,0.72488385,43.99802097635665,11.370625550379648,0,1,8704.283,-0.22637826,4,1,false,false,-16.097662,6.9301147,9.124103,2.8483272,-0.28477988,3
56.050488,0.7250635,43.99801458636343,11.370618070332629,0,1,8717.419,-0.21548298,4,1,false,false,-15.600343,7.0110598,9.173939,2.843704,-0.26950333,3
56.16487,0.7252435,43.99800819630155,11.370610590095378,0,1,8725.064,-0.20531324,4,1,false,false,-15.25444,7.062627,9.843916,2.8393495,-0.25321504,3
56.27773,0.725424,43.99800171635774,11.370602985257259,0,1,8734.469,-0.19514441,4,1,false,false,-14.891833,6.669844,9.608023,2.8352458,-0.24222341,3
56.38502,0.7256049,43.99799532629586,11.37059538041914,0,1,8754.731,-0.18134478,4,1,false,false,-14.14193,6.561037,8.462585,2.8312135,-0.24207021,3
56.494907,0.72578615,43.99798893630264,11.37058765098015,0,1,8785.904,-0.16512293,4,1,false,false,-13.766139,6.704045,8.884658,2.8272243,-0.23527215,3
56.603313,0.72596794,43.997982546309416,11.370579921541161,0,1,8811.331,-0.14623754,4,1,false,false,-13.282278,6.6775403,9.8969755,2.8233933,-0.2245324,3
56.714397,0.7261501,43.99797624633544,11.370572067311072,0,1,8824.935,-0.12735209,4,1,false,false,-13.591734,6.7871184,11.566154,2.8197253,-0.2172217,3
56.82568,0.7263326,43.99796985634222,11.370564213080982,0,1,8832.76,-0.10459235,4,1,false,false,-13.126551,6.9712725,10.667698,2.8161166,-0.21427011,3
56.942303,0.72651553,43.99796355629958,11.370556359041123,0,1,8843.546,-0.08110794,4,1,false,false,-12.302911,7.144818,10.535617,2.812658,-0.1971781,3
57.060482,0.7266989,43.997957166306364,11.370548380019935,0,1,8852.711,-0.053990804,4,1,false,false,-11.883975,7.337517,11.680455,2.8096035,-0.16754995,3
57.18228,0.7268826,43.99795086633239,11.370540401188975,0,1,8852.164,-0.024937484,4,1,false,false,-10.783912,7.196789,10.023508,2.807122,-0.12964348,3
57.30154,0.7270665,43.99794447633917,11.370532422358016,0,1,8847.432,0.00605297,4,1,false,false,-8.849687,7.1060457,9.406878,2.8052955,-0.089271374,3
57.417305,0.72725075,43.99793817629653,11.370524318926186,0,1,8855.858,0.03413726,4,1,false,false,-7.646452,6.897805,11.870891,2.8041258,-0.0527737,3
57.528587,0.7274353,43.99793187632255,11.370516215494359,0,1,8879.184,0.058349133,4,1,false,false,-5.8893723,6.5061226,10.456016,2.8034966,-0.023180528,3
57.634853,0.7276202,43.99792557627992,11.370508111872299,0,1,8908.925,0.08546533,4,1,false,false,-3.8947937,6.3613124,9.288674,2.803339,0.004043371,3
57.74509,0.72780526,43.99791918632103,11.370499883649371,0,1,8938.406,0.10773865,4,1,false,false,-2.4454162,6.786244,8.958208,2.8036513,0.03325863,3
57.861443,0.7279908,43.997912886312726,11.370491655616672,0,1,8950.721,0.12807629,4,1,false,false,-0.91419154,6.6044006,8.731282,2.8044636,0.063620195,3
57.97457,0.7281766,43.9979064963195,11.370483551994614,0,1,8949.182,0.14453913,4,1,false,false,0.9570067,6.7617426,10.320486,2.8057563,0.091381855,3
58.084545,0.7283627,43.99790010629195,11.370475323961914,0,1,8959.089,0.15712915,4,1,false,false,2.494181,6.450449,9.929684,2.8074954,0.116538525,3
58.194157,0.7285491,43.997893806317975,11.370467095738986,0,1,8989.165,0.17068678,4,1,false,false,4.0550385,6.4736867,10.70186,2.8096187,0.13792698,3
58.301697,0.7287359,43.99788732630551,11.370458742915188,0,1,9021.57,0.18569702,4,1,false,false,5.3969884,6.48785,10.744743,2.8120763,0.15618248,3
58.412643,0.72892296,43.997880936312285,11.370450514692259,0,1,9036.011,0.2026448,4,1,false,false,6.7837152,6.671192,10.310893,2.8148017,0.17074576,3
58.523434,0.72911036,43.99787445629982,11.37044228646933,0,1,9036.621,0.2200758,4,1,false,false,8.207532,6.6658435,10.624374,2.8177905,0.18831083,3
58.63618,0.7292981,43.9978680663066,11.370434058246401,0,1,9041.529,0.23847629,4,1,false,false,9.414107,6.6117945,11.676036,2.8210688,0.2048688,3
58.74254,0.7294861,43.99786149630922,11.370425830213703,0,1,9057.034,0.2561497,4,1,false,false,10.138088,6.3460307,9.839439,2.8246279,0.22180638,3
58.847607,0.7296745,43.997855016296754,11.370417601990773,0,1,9083.081,0.2704334,4,1,false,false,10.922636,6.2316637,8.78032,2.828442,0.23465596,3
58.851738,0.72986317,43.99784844629937,11.370409498368716,0,1,9303.683,0.28084433,0,1,false,false,11.952904,-3.5725856,9.77725,2.8323386,0.22918579,3
58.816837,0.7300516,43.99784187630199,11.370401270336016,0,1,8770.456,0.28689727,5,1,false,false,13.218689,2.9015114,11.1344795,2.8361475,0.23911189,3
58.962776,0.7302402,43.99783530630461,11.370393166713958,0,1,7722.159,0.29004362,5,1,false,false,11.947148,10.632505,9.157754,2.840682,0.3083668,3
59.124104,0.73042935,43.99782864628798,11.370385063282129,0,1,7515.986,0.28907546,5,1,false,false,12.228208,8.4347925,8.217964,2.8462696,0.35016072,3
59.213177,0.73061895,43.99782198630568,11.370376959660069,0,1,7854.89,0.28592816,5,1,false,false,15.220407,3.2960413,9.5212145,2.8519695,0.3250395,3
59.26363,0.7308088,43.99781523630414,11.370368856228241,0,1,7981.025,0.26946533,5,1,false,false,16.36223,3.9731224,10.345326,2.8571408,0.30267316,3
59.35648,0.7309988,43.997808486302596,11.370360877397282,0,1,7835.654,0.26656014,5,1,false,false,17.041748,6.581893,10.822832,2.8622253,0.31190804,3
59.46929,0.7311893,43.99780173630106,11.370352773965452,0,1,7712.923,0.25275958,5,1,false,false,17.047064,6.978614,10.394468,2.8675826,0.3269778,3
59.56928,0.73138005,43.99779489628027,11.370344795134494,0,1,7757.69,0.24912816,5,1,false,false,18.036652,5.362589,11.763009,2.8729503,0.31426978,3
59.64368,0.73157114,43.99778805629381,11.370336940904405,0,1,7852.8574,0.24816054,5,1,false,false,18.98663,4.4979753,12.288693,2.8780816,0.30305272,3
59.7204,0.7317626,43.9977811262881,11.370328962073446,0,1,7878.5454,0.25227594,5,1,false,false,18.265076,5.079863,9.810425,2.883099,0.2993508,3
59.80983,0.7319543,43.9977741962824,11.370321107843356,0,1,7844.327,0.26026514,5,1,false,false,17.257322,5.8247633,9.220697,2.888039,0.29141828,3
59.90769,0.7321463,43.997767266276696,11.370313253803497,0,1,7822.8047,0.27091792,5,1,false,false,17.60169,5.85089,9.611735,2.8927732,0.27678588,3
59.99369,0.73233885,43.99776024628608,11.370305524174277,0,1,7841.2256,0.28399158,5,1,false,false,17.085997,4.9801784,9.414143,2.8973107,0.27117014,3
60.069836,0.7325316,43.99775322626113,11.370297794735288,0,1,7879.008,0.29706514,5,1,false,false,17.426624,4.4852643,10.100809,2.9019024,0.2843904,3
60.145416,0.73272467,43.9977461162856,11.370290065296299,0,1,7908.935,0.3098966,5,1,false,false,18.243683,4.8397217,10.785043,2.906892,0.31491056,3
60.226624,0.73291814,43.99773900627573,11.37028233566708,0,1,7917.697,0.31836993,5,1,false,false,18.475271,5.1501207,9.932751,2.9123566,0.33753192,3
60.31316,0.733112,43.99773180628095,11.37027473082896,0,1,7915.039,0.32151717,5,1,false,false,18.39741,5.510802,8.863792,2.9180648,0.34286672,3
60.40158,0.7333061,43.99772460628618,11.370267125990841,0,1,7914.633,0.32006446,5,1,false,false,18.88112,5.3412843,9.47223,2.9236913,0.3319266,3
60.484486,0.7335007,43.99771740625707,11.370259521152722,0,1,7922.663,0.31643316,5,1,false,false,18.901838,5.1042438,10.0461645,2.929148,0.3251475,3
60.56225,0.7336957,43.99771011627737,11.3702520411057,0,1,7940.452,0.3140115,5,1,false,false,19.11144,4.6014514,10.007788,2.9345772,0.3306993,3
60.636383,0.7338909,43.99770273627843,11.370244560868452,0,1,7963.94,0.31255886,5,1,false,false,19.230938,4.8400974,9.783074,2.940248,0.34794742,3
60.71577,0.73408645,43.9976954462644,11.370237080821433,0,1,7981.028,0.31013867,5,1,false,false,18.351269,4.996687,7.41516,2.9460459,0.343876,3
60.798153,0.73428243,43.99768797624622,11.370229725185052,0,1,7987.186,0.30505428,5,1,false,false,17.881157,5.3191977,6.8736043,2.951654,0.32685408,3
60.883083,0.7344787,43.99768059624728,11.370222369738903,0,1,7989.0273,0.3021491,5,1,false,false,16.860786,4.9446907,5.4584513,2.956788,0.2936108,3
60.953148,0.73467535,43.99767312626342,11.370215138893622,0,1,8000.6226,0.30384365,5,1,false,false,17.714024,4.159231,8.8162365,2.9616387,0.3038081,3
61.019657,0.7348722,43.99766565624524,11.370207908048341,0,1,8040.7227,0.3113492,5,1,false,false,19.62529,4.062059,10.5172825,2.9670799,0.35537797,3
61.083084,0.73506945,43.997658096242134,11.370200677203062,0,1,8083.1914,0.31982255,5,1,false,false,20.58504,4.277174,11.087485,2.9735565,0.41858494,3
61.167175,0.73526686,43.997650536239036,11.370193446548011,0,1,8095.259,0.32369578,5,1,false,false,21.42614,5.7676625,9.333265,2.9807837,0.4313296,3
61.26093,0.7354646,43.99764288625102,11.3701863403036,0,1,8058.3647,0.31836984,5,1,false,false,21.149342,6.049512,8.098625,2.9876935,0.38988575,3
61.35614,0.7356627,43.99763523624584,11.370179358850292,0,1,8022.84,0.30723298,5,1,false,false,22.34693,5.874882,10.11984,2.9937418,0.33944362,3
61.43425,0.73586136,43.99762758625782,11.370172252605881,0,1,8029.6743,0.30190697,5,1,false,false,21.529036,4.5078807,9.702685,2.9991524,0.3207681,3
61.498768,0.73606026,43.99761984625056,11.37016539594367,0,1,8075.1973,0.3033597,5,1,false,false,21.439116,4.0321517,10.78009,3.004592,0.33895665,3
61.566246,0.7362593,43.99761201624122,11.37015841430013,0,1,8118.137,0.31086427,5,1,false,false,20.98203,4.6533237,8.9633255,3.0104227,0.35646343,3
61.641922,0.73645836,43.997604276251124,11.37015168223879,0,1,8121.238,0.3166752,5,1,false,false,20.833673,4.80438,9.282613,3.016383,0.3605549,3
61.722775,0.7366576,43.9975963562397,11.37014482538635,0,1,8106.436,0.3205485,5,1,false,false,21.49257,5.255434,9.647233,3.0224516,0.36666736,3
61.799416,0.7368571,43.997588526247526,11.370138093325007,0,1,8109.8223,0.32466432,5,1,false,false,20.831276,4.643593,8.539064,3.0286062,0.37327534,3
61.874084,0.7370567,43.9975806062361,11.370131485864537,0,1,8136.561,0.3304744,5,1,false,false,21.352207,4.8419414,9.021942,3.034865,0.37517503,3
61.949593,0.73725647,43.99757259623976,11.370124878404066,0,1,8158.1567,0.3345907,5,1,false,false,21.860418,4.7439146,8.628126,3.0410645,0.37040055,3
62.02524,0.73745644,43.99756458624343,11.370118270943594,0,1,8158.9624,0.33797994,5,1,false,false,22.388277,4.865486,10.174789,3.0472229,0.3706003,3
62.100132,0.73765653,43.997556576229925,11.370111788083994,0,1,8155.8354,0.3418533,5,1,false,false,22.90284,4.7423725,10.143448,3.0534663,0.38185534,3
62.17362,0.73785686,43.9975484762315,11.370105305224392,0,1,8169.138,0.34500062,5,1,false,false,23.230547,4.7019978,10.136848,3.059959,0.39599395,3
62.24617,0.7380574,43.99754037623308,11.370098947155892,0,1,8189.266,0.34790578,5,1,false,false,23.646471,4.7391315,10.050482,3.0666425,0.40399492,3
62.31912,0.738258,43.99753218623259,11.37009271368826,0,1,8200.264,0.34960046,5,1,false,false,23.912075,4.7967863,10.702299,3.0734048,0.40606126,3
62.39279,0.7384589,43.99752399623209,11.370086480220628,0,1,8200.709,0.35274777,5,1,false,false,24.557959,4.810688,11.295195,3.080189,0.40866092,3
62.466183,0.7386599,43.99751580623159,11.370080246752998,0,1,8204.054,0.35662103,5,1,false,false,24.901714,4.753467,10.34218,3.08705,0.41415024,3
62.53881,0.73886114,43.997507526229015,11.370074137886236,0,1,8216.177,0.36170602,5,1,false,false,25.58732,4.753173,12.3516655,3.093988,0.41727996,3
62.608303,0.7390626,43.99749915622435,11.370068153810575,0,1,8226.911,0.37017924,5,1,false,false,27.448324,4.59343,14.833264,3.1010454,0.43234652,3
62.675552,0.73926425,43.997490876221775,11.370062169734913,0,1,8234.78,0.37744188,5,1,false,false,28.797018,4.572694,14.828298,3.1085658,0.46672446,3
62.748672,0.7394661,43.99748241622362,11.37005631026012,0,1,8240.689,0.381316,5,1,false,false,27.469954,5.1612215,10.539377,3.1163967,0.45763886,3
62.8289,0.7396682,43.99747395621688,11.370050575386198,0,1,8242.677,0.3759892,5,1,false,false,27.93768,5.4706836,11.49668,3.1236937,0.4123608,3
62.910713,0.73987055,43.99746549621872,11.370044840512275,0,1,8231.688,0.37405244,5,1,false,false,26.572044,5.4668674,13.563611,3.1299696,0.35117787,3
62.973618,0.74007314,43.99745703621198,11.370039230429454,0,1,8226.457,0.3803471,5,1,false,false,22.990341,4.5392795,12.045112,3.135662,0.35076103,3
63.04386,0.7402759,43.997448486211745,11.370033620346632,0,1,8265.1875,0.39463124,5,1,false,false,21.725006,4.645975,6.9290314,3.141513,0.34558043,3
63.116245,0.740479,43.997439846209424,11.370028134864679,0,1,8301.55,0.41859925,5,1,false,false,20.173763,4.9727287,6.406909,-3.1360745,0.3169633,3
63.189903,0.74068224,43.99743120620711,11.370022649382726,0,1,8299.058,0.45055538,5,1,false,false,20.188974,3.0828063,9.298086,-3.1309924,0.30306494,3
63.224182,0.74088573,43.99742256620479,11.370017288691873,0,1,8291.421,0.49510118,5,1,false,false,26.05673,1.2505351,19.491093,-3.1252892,0.42611864,3
63.248043,0.74108934,43.99741392620676,11.370012052601892,0,1,8369.019,0.5292367,5,1,false,false,28.739971,0.9340463,12.871825,-3.1166258,0.6097221,3
63.2727,0.7412931,43.997405196202365,11.370006816511909,0,1,8506.792,0.53674066,5,1,false,false,30.951921,2.4413931,13.312966,-3.1056662,0.6661857,3
63.367325,0.741497,43.99739646620226,11.370001705022796,0,1,8552.471,0.52027875,5,1,false,false,28.67984,8.129169,15.278631,-3.0951881,0.56039613,3
63.477394,0.74170136,43.99738764620007,11.369996718324781,0,1,8400.061,0.48686993,5,1,false,false,17.770485,7.800492,4.080561,-3.0872986,0.3845867,3
63.616455,0.74190605,43.99737882619788,11.369991731436539,0,1,8263.353,0.45297652,5,1,false,false,18.07406,8.848426,5.745054,-3.0825038,0.18410826,3
63.724762,0.7421113,43.99736991619576,11.369986744738526,0,1,8250.123,0.44329274,5,1,false,false,21.376417,5.0074763,6.1914387,-3.0805802,0.072496,3
63.738613,0.7423168,43.997361096194645,11.369981882641383,0,1,8343.163,0.45539737,5,1,false,false,24.126617,-0.14377216,13.764221,-3.0784597,0.2144219,3
63.74843,0.74252224,43.99735218619279,11.369977145145109,0,1,8484.772,0.47549152,5,1,false,false,24.625368,1.0155159,12.77008,-3.073248,0.4195439,3
63.78486,0.7427279,43.997343186191,11.369972407648834,0,1,8546.979,0.48541728,5,1,false,false,29.234072,5.6171575,13.325542,-3.0645466,0.6035612,3
63.86668,0.7429338,43.99733427618942,11.369967794943662,0,1,8497.769,0.47863832,5,1,false,false,22.017588,4.7995133,9.614096,-3.054074,0.6242729,3
63.964764,0.74314,43.997325186187425,11.369963182238488,0,1,8411.783,0.4498294,5,1,false,false,19.243032,6.153408,5.301412,-3.0445638,0.5036132,3
64.07054,0.7433467,43.99731618618537,11.369958694134183,0,1,8377.332,0.42416668,5,1,false,false,24.747564,7.1272025,8.698205,-3.037551,0.3389176,3
64.14095,0.74355364,43.99730709618338,11.36995433063075,0,1,8396.999,0.4200508,5,1,false,false,23.76791,4.315462,8.624468,-3.032551,0.28044888,3
64.17225,0.7437609,43.997298006183534,11.369949967317547,0,1,8455.976,0.43724024,5,1,false,false,26.972958,0.90334475,11.537503,-3.0274122,0.37250614,3
64.203354,0.74396825,43.99728891617939,11.369945728414981,0,1,8522.739,0.4670178,5,1,false,false,35.950336,5.0143943,19.420448,-3.01971,0.5488396,3
64.26749,0.74417585,43.99727973617747,11.369941614303517,0,1,8525.394,0.4909853,5,1,false,false,35.03623,5.1186695,17.856682,-3.0096242,0.6271946,3
64.34519,0.74438375,43.99727055617554,11.369937500382283,0,1,8446.9795,0.4868699,5,1,false,false,35.68945,5.7471733,15.667862,-2.9995322,0.5748104,3
64.42994,0.744592,43.99726128617583,11.369933635472558,0,1,8390.065,0.45878655,5,1,false,false,35.813374,5.9228263,17.245966,-2.9905648,0.49584505,3
64.49481,0.74480057,43.99725201617611,11.369929770753064,0,1,8404.861,0.43239832,5,1,false,false,30.862335,4.411208,12.62277,-2.982946,0.42477664,3
64.55083,0.74500924,43.997242746167814,11.369926155425539,0,1,8465.591,0.41763014,5,1,false,false,27.285439,4.1908865,9.055517,-2.9763143,0.37024346,3
64.602585,0.74521804,43.997233386166016,11.369922539907783,0,1,8500.067,0.42949268,5,1,false,false,21.758404,3.467609,6.7119946,-2.9705658,0.33452952,3
64.645775,0.7454269,43.997224026164226,11.36991892458026,0,1,8510.922,0.46338648,5,1,false,false,24.411058,1.8816627,9.523573,-2.9650695,0.35102654,3
64.68924,0.7456357,43.99721466616243,11.369915433853604,0,1,8525.947,0.5084163,5,1,false,false,26.380209,3.2364445,19.759777,-2.9586856,0.4405998,3
64.74299,0.74584454,43.99720530616063,11.369912067727817,0,1,8544.681,0.550056,5,1,false,false,36.758728,5.307403,18.022936,-2.9500716,0.5642937,3
64.8115,0.74605364,43.99719585616534,11.369908826393132,0,1,8538.204,0.54836106,5,1,false,false,36.01334,4.4621606,20.19631,-2.9401157,0.5782494,3
64.86652,0.74626285,43.99718640615288,11.369905709659317,0,1,8500.827,0.52124727,5,1,false,false,30.869694,2.998078,11.097548,-2.9307566,0.5365263,3
64.9307,0.7464723,43.99717695615759,11.36990271752637,0,1,8511.3545,0.46653378,5,1,false,false,28.510138,6.178818,6.8829713,-2.9224465,0.45333534,3
64.99983,0.7466819,43.99716741616021,11.369899725393426,0,1,8557.929,0.41472492,5,1,false,false,19.08936,4.272312,0.70189923,-2.9159172,0.32883504,3
65.05546,0.7468917,43.99715787614567,11.369896858051579,0,1,8577.723,0.38373628,5,1,false,false,15.925008,3.1109161,-1.1504505,-2.9112978,0.24935985,3
65.09798,0.7471015,43.9971483361483,11.369893990709732,0,1,8595.939,0.38543093,5,1,false,false,19.370035,2.6297219,8.076092,-2.9071822,0.27111134,3
65.14011,0.7473114,43.99713879615093,11.369891247968757,0,1,8635.5,0.39874652,5,1,false,false,24.734446,3.532099,11.541426,-2.901884,0.3807169,3
65.19403,0.74752134,43.997129166151474,11.369888629828651,0,1,8668.853,0.3924516,5,1,false,false,28.808329,4.0057545,14.023534,-2.8944235,0.5044625,3
65.261055,0.7477315,43.99711962613693,11.369886011878775,0,1,8658.2705,0.3692106,5,1,false,false,31.122587,5.4958873,12.096197,-2.885428,0.55339766,3
65.341866,0.7479418,43.997109996137475,11.369883518529768,0,1,8611.6045,0.3171593,5,1,false,false,29.94911,5.903373,10.155327,-2.876329,0.5249088,3
65.42464,0.7481523,43.997100276135946,11.36988114978163,0,1,8570.161,0.26389635,5,1,false,false,28.293123,5.538871,9.315476,-2.8682115,0.44209933,3
65.49622,0.748363,43.99709064613649,11.369878905634364,0,1,8565.118,0.22104436,5,1,false,false,26.829054,4.6617665,9.551135,-2.8616145,0.3559171,3
65.5548,0.7485738,43.997080926134956,11.369876661677328,0,1,8591.037,0.18569697,5,1,false,false,25.64847,3.947184,10.956607,-2.8561673,0.30851912,3
65.61038,0.7487848,43.99707120613342,11.36987454232116,0,1,8621.184,0.15519151,5,1,false,false,24.71819,3.8959556,10.923244,-2.8511975,0.29196376,3
65.67075,0.74899584,43.997061486131884,11.369872547565862,0,1,8634.236,0.122023314,5,1,false,false,23.131842,4.4357634,10.27555,-2.846414,0.27960142,3
65.741974,0.74920696,43.99705167612827,11.369870677601666,0,1,8630.076,0.08691703,5,1,false,false,20.987062,4.822303,8.748618,-2.842009,0.24380702,3
65.81649,0.7494184,43.9970419561439,11.369868807447238,0,1,8619.676,0.05278022,5,1,false,false,19.38735,4.940738,9.28443,-2.8383498,0.19397779,3
65.88982,0.7496299,43.997032146140285,11.36986693748304,0,1,8617.299,0.01961106,5,1,false,false,17.765175,4.685334,9.969257,-2.8355222,0.14704601,3
65.95853,0.74984163,43.99702233613667,11.369865192119713,0,1,8627.601,-0.0092007015,5,1,false,false,15.133898,4.4268084,10.103436,-2.8333893,0.10931029,3
66.0295,0.7500536,43.997012526133055,11.369863571357255,0,1,8641.234,-0.03074797,5,1,false,false,13.014452,4.464094,10.76946,-2.8318896,0.07093596,3
66.10549,0.75026554,43.997002626110195,11.369861825993928,0,1,8643.703,-0.04963342,5,1,false,false,10.576606,4.578348,10.115053,-2.83105,0.028938146,3
66.18283,0.75047785,43.99699281610658,11.36986020523147,0,1,8634.492,-0.06367557,5,1,false,false,8.244735,4.7075167,9.595929,-2.8308916,-0.008731127,3
66.25956,0.75069034,43.99698291611805,11.36985870926011,0,1,8631.32,-0.074086875,5,1,false,false,5.675915,4.591462,8.590903,-2.8312948,-0.038173202,3
66.33006,0.75090295,43.99697310611443,11.369857088497653,0,1,8644.578,-0.07820271,5,1,false,false,3.0483909,4.3521414,6.9342403,-2.83213,-0.060407974,3
66.39796,0.7511158,43.996963206125905,11.369855467925426,0,1,8668.264,-0.078686744,5,1,false,false,1.4463179,4.187085,9.7809515,-2.8332405,-0.07022439,3
66.46391,0.7513288,43.996953306103045,11.369853971763838,0,1,8688.395,-0.08013889,5,1,false,false,-0.139851,3.9350827,11.180189,-2.8344343,-0.07290496,3
66.52964,0.7515419,43.99694340611451,11.36985235119161,0,1,8702.882,-0.0808664,5,1,false,false,-1.8599263,3.868294,9.632512,-2.8356912,-0.07974971,3
66.60464,0.75175536,43.996933416106735,11.369850855030021,0,1,8713.33,-0.081833534,5,1,false,false,-2.2617617,4.463932,7.9922404,-2.837073,-0.083231315,3
66.68509,0.7519689,43.99692351611821,11.369849234457794,0,1,8708.606,-0.08861399,5,1,false,false,-2.3083506,4.687204,4.945301,-2.8384058,-0.0752473,3
66.76165,0.7521828,43.99691361609535,11.369847613695336,0,1,8696.952,-0.09757127,5,1,false,false,-2.7535815,4.556851,5.533884,-2.8395913,-0.06857846,3
66.8284,0.7523968,43.99690362608757,11.369845992932879,0,1,8706.221,-0.10774005,5,1,false,false,-3.6232624,3.4504201,6.639739,-2.8407452,-0.07395913,3
66.88032,0.7526111,43.99689363611412,11.369844372360651,0,1,8752.932,-0.1246893,5,1,false,false,-4.8092446,3.018353,9.3146105,-2.842127,-0.09589187,3
66.93551,0.7528255,43.99688373609126,11.369842751598194,0,1,8814.916,-0.14430039,5,1,false,false,-6.161637,3.5219517,9.853833,-2.8440135,-0.13155782,3
67.008995,0.7530401,43.99687374608349,11.369841130835736,0,1,8833.401,-0.15955313,5,1,false,false,-7.885757,4.985806,11.0196705,-2.8465095,-0.16484044,3
67.09852,0.75325495,43.99686375607571,11.369839510263509,0,1,8783.182,-0.17214404,5,1,false,false,-8.61059,5.5104613,9.687415,-2.8493664,-0.17313296,3
67.18954,0.7534701,43.99685376610227,11.369837764900181,0,1,8723.606,-0.18158631,5,1,false,false,-9.370674,5.2488856,8.976246,-2.852181,-0.16343519,3
67.27059,0.7536856,43.996843776094494,11.369836019536853,0,1,8719.136,-0.1881233,5,1,false,false,-9.448523,4.4488482,7.4945383,-2.8548253,-0.15217476,3
67.331276,0.7539013,43.9968336961018,11.369834149382426,0,1,8766.118,-0.1946613,5,1,false,false,-9.664025,3.5203342,8.251108,-2.8573349,-0.15091495,3
67.38807,0.7541172,43.99682370609403,11.369832404019098,0,1,8816.66,-0.20410356,5,1,false,false,-10.071533,3.5552573,7.2647295,-2.8598819,-0.15778449,3
67.44223,0.7543334,43.99681371608625,11.3698305340549,0,1,8834.088,-0.21742009,5,1,false,false,-10.507405,3.409816,9.703664,-2.862709,-0.18597555,3
67.50147,0.75454974,43.99680363609356,11.369828663900472,0,1,8841.273,-0.2409054,5,1,false,false,-12.7054615,3.1991665,10.325363,-2.8662162,-0.23937958,3
67.56652,0.75476635,43.996793646085784,11.369826669335406,0,1,8862.631,-0.25858027,5,1,false,false,-14.556244,5.0025773,9.63428,-2.8707438,-0.29170188,3
67.64522,0.75498325,43.99678356605876,11.369824674580109,0,1,8867.118,-0.27262342,5,1,false,false,-15.766908,5.3169622,9.775589,-2.8755975,-0.28034618,3
67.724556,0.75520056,43.99677357608532,11.36982267982481,0,1,8831.153,-0.2886036,5,1,false,false,-16.47348,4.665422,9.049076,-2.879962,-0.24571835,3
67.79699,0.75541806,43.99676349605829,11.369820560468645,0,1,8806.503,-0.30288827,5,1,false,false,-17.066027,4.0564833,9.72056,-2.8839169,-0.23628868,3
67.85573,0.75563586,43.996753416099935,11.369818316321377,0,1,8833.661,-0.3249213,5,1,false,false,-18.054243,3.399553,11.228153,-2.8880305,-0.2623015,3
67.908585,0.7558539,43.99674342609216,11.36981607236434,0,1,8884.8,-0.3559138,5,1,false,false,-17.698181,3.2086017,8.228016,-2.8926516,-0.29081583,3
67.96402,0.7560718,43.996733346065135,11.369813828217072,0,1,8911.704,-0.39683244,5,1,false,false,-18.445503,3.6831937,8.962661,-2.8976798,-0.3138858,3
68.02685,0.7562899,43.99672326603811,11.369811459659166,0,1,8903.64,-0.43775198,5,1,false,false,-19.900702,3.8070915,9.878457,-2.9031098,-0.34214014,3
68.085075,0.7565081,43.99671318607975,11.36980896611993,0,1,8897.043,-0.47503966,5,1,false,false,-20.890024,3.5594273,8.139181,-2.9092052,-0.39021328,3
68.14219,0.75672644,43.99670319607198,11.369806472770923,0,1,8921.16,-0.5062746,5,1,false,false,-22.762459,3.6494794,9.653891,-2.9161222,-0.43486097,3
68.19864,0.7569449,43.99669311604495,11.369803979421917,0,1,8948.292,-0.52467704,5,1,false,false,-25.106544,3.7497282,12.142382,-2.9236078,-0.46072704,3
68.25284,0.75716335,43.996683036086594,11.36980123668094,0,1,8949.72,-0.5321821,5,1,false,false,-28.215816,3.6332536,13.553834,-2.9315019,-0.49081975,3
68.30587,0.757382,43.99667304607882,11.369798493939964,0,1,8942.349,-0.52661306,5,1,false,false,-28.987629,3.69053,13.438214,-2.9400537,-0.5282629,3
68.36196,0.75760084,43.996662966051794,11.369795626598119,0,1,8948.186,-0.506032,5,1,false,false,-30.733965,3.7348788,12.72705,-2.9489377,-0.5354273,3
68.42024,0.7578197,43.99665297604402,11.369792634465172,0,1,8958.713,-0.47528127,5,1,false,false,-29.696724,4.412491,13.138774,-2.9576697,-0.5010128,3
68.47665,0.75803876,43.996642896017,11.369789517731357,0,1,8956.247,-0.43944663,5,1,false,false,-28.165596,3.5893385,11.030056,-2.9654834,-0.44134727,3
68.524254,0.7582579,43.996632906077885,11.36978640099754,0,1,8958.747,-0.40893918,5,1,false,false,-30.521717,3.1161,8.600633,-2.972785,-0.4380793,3
68.569214,0.7584773,43.99662291607011,11.369783035061985,0,1,8979.179,-0.3910219,5,1,false,false,-24.636324,3.392061,12.479172,-2.9799623,-0.42456475,3
68.621284,0.7586967,43.99661292606233,11.3697796689362,0,1,9005.677,-0.38036817,5,1,false,false,-26.255352,5.375718,6.642695,-2.986808,-0.39172876,3
68.6778,0.7589163,43.99660293605456,11.369776178209545,0,1,9014.6045,-0.37697887,5,1,false,false,-22.00893,2.6644685,6.185391,-2.9930735,-0.3589318,3
68.721085,0.7591361,43.99659294604678,11.36977268748289,0,1,9004.801,-0.39465368,5,1,false,false,-31.248064,4.177641,19.436174,-2.9992087,-0.40337428,3
68.75873,0.75935596,43.996582956039006,11.369768947364264,0,1,9027.173,-0.42685664,5,1,false,false,-31.873138,3.5092392,16.007513,-3.0066464,-0.48860726,3
68.78721,0.75957596,43.99657305605048,11.36976520724564,0,1,9089.04,-0.43969008,5,1,false,false,-29.359245,2.6597455,13.088388,-3.0157592,-0.57995963,3
68.85729,0.7597961,43.9965630660427,11.369761342526145,0,1,9101.068,-0.4367839,5,1,false,false,-31.804071,4.728215,16.138721,-3.025122,-0.51462543,3
68.909195,0.7600165,43.99655316605417,11.369757477806651,0,1,9026.877,-0.42491847,5,1,false,false,-28.056232,4.560694,12.716578,-3.0332458,-0.45971546,3
68.96686,0.7602371,43.996543265996976,11.369753363695187,0,1,8992.455,-0.4142657,5,1,false,false,-27.37675,3.7958715,12.741742,-3.0404181,-0.40497693,3
69.01473,0.7604579,43.99653336600845,11.369749249583721,0,1,9032.007,-0.40458092,5,1,false,false,-23.425585,3.2018273,7.660351,-3.0467453,-0.3522899,3
69.06052,0.7606789,43.996523466019916,11.369744886080287,0,1,9086.656,-0.39489618,5,1,false,false,-20.567736,3.1235378,3.3898063,-3.051973,-0.27896032,3
69.10209,0.7609,43.99651356603139,11.369740647367953,0,1,9103.732,-0.38545302,5,1,false,false,-23.042667,2.681678,7.3905187,-3.0563397,-0.26795557,3
69.13008,0.76112133,43.996503666042855,11.36973628405475,0,1,9105.854,-0.3898114,5,1,false,false,-22.508247,1.9729017,9.660423,-3.0613568,-0.34580436,3
69.15508,0.7613428,43.99649385600491,11.369731795950447,0,1,9153.552,-0.39683244,5,1,false,false,-24.164978,3.073842,8.258227,-3.0681505,-0.4571246,3
69.22707,0.7615644,43.996484046035626,11.369727183055042,0,1,9194.298,-0.3893272,5,1,false,false,-25.816505,5.6961265,11.347282,-3.075801,-0.42915562,3
69.29493,0.76178634,43.99647414597843,11.369722570349868,0,1,9125.42,-0.37092498,5,1,false,false,-28.058943,4.9701242,13.722983,-3.0823572,-0.36639974,3
69.37281,0.76200855,43.996464336009154,11.369717832853595,0,1,9040.359,-0.34259722,5,1,false,false,-25.931168,4.9028077,11.355858,-3.0879028,-0.29870936,3
69.439095,0.7622311,43.99645452603987,11.369712970756451,0,1,9034.481,-0.31741536,5,1,false,false,-27.264309,4.0390205,12.124679,-3.09234,-0.24504322,3
69.48169,0.7624539,43.99644471600192,11.369708108659308,0,1,9077.863,-0.29998386,5,1,false,false,-29.436544,1.4764987,14.858756,-3.096201,-0.24175291,3
69.49392,0.7626768,43.99643499598322,11.369702997170196,0,1,9110.875,-0.30869967,5,1,false,false,-28.087425,1.9445792,23.16849,-3.101089,-0.3467115,3
69.539406,0.7628999,43.996425276033186,11.369697885871313,0,1,9128.414,-0.33460706,5,1,false,false,-32.301277,3.8100493,18.868036,-3.107622,-0.39753163,3
69.60129,0.7631232,43.996415465995234,11.36969264978133,0,1,9107.477,-0.32298526,5,1,false,false,-24.32105,4.508131,15.033298,-3.1140513,-0.3498644,3
69.66129,0.7633468,43.99640583599578,11.369687288900247,0,1,9067.183,-0.3067625,5,1,false,false,-21.875828,4.02007,5.9557514,-3.119072,-0.26864734,3
69.71991,0.76357067,43.99639611597708,11.369681928209394,0,1,9098.534,-0.27262333,5,1,false,false,-16.8842,4.733327,0.5454203,-3.123103,-0.20049624,3
69.76864,0.76379484,43.99638639602704,11.369676442727442,0,1,9154.977,-0.25155926,5,1,false,false,-15.195885,2.084789,-1.2287138,-3.1258385,-0.1450195,3
69.798004,0.7640192,43.996376676008346,11.36967095724549,0,1,9166.919,-0.26753944,5,1,false,false,-14.88476,2.0005364,7.8850017,-3.1283674,-0.17791839,3
69.8354,0.7642438,43.99636704600889,11.369665471763536,0,1,9190.332,-0.30918372,5,1,false,false,-19.365444,3.5761225,11.641597,-3.1320095,-0.26681784,3
69.900085,0.76446855,43.99635741600944,11.369659861680715,0,1,9207.47,-0.3169313,5,1,false,false,-23.533945,3.9019592,16.725018,-3.1371973,-0.34906456,3
69.9637,0.7646937,43.996347695990735,11.369654126806793,0,1,9170.907,-0.3067625,5,1,false,false,-26.728464,4.2966356,15.655431,3.1396575,-0.39784518,3
70.033195,0.7649191,43.99633806599128,11.369648267332,0,1,9122.793,-0.2810975,5,1,false,false,-27.133358,4.590631,14.845618,3.1329684,-0.38869187,3
70.09993,0.7651447,43.99632852601107,11.369642407857208,0,1,9105.63,-0.24937953,5,1,false,false,-26.63773,4.2216783,16.6758,3.1269324,-0.32762375,3
70.15678,0.7653706,43.996318896011616,11.369636423781547,0,1,9117.199,-0.22347301,5,1,false,false,-24.010954,3.6467628,13.892126,3.1220033,-0.26452908,3
70.20859,0.7655967,43.996309355962744,11.369630315105015,0,1,9136.879,-0.20022929,5,1,false,false,-20.647018,3.479825,11.158719,3.1179883,-0.21826768,3
70.2658,0.76582277,43.99629972596329,11.369624206238253,0,1,9146.47,-0.18013416,5,1,false,false,-17.150713,3.6983604,8.3925,3.1147375,-0.17301421,3
70.32203,0.7660489,43.996290185983085,11.369618097371491,0,1,9146.695,-0.16342738,5,1,false,false,-13.788883,3.4365785,7.612177,3.1121643,-0.14219414,3
70.370804,0.76627517,43.99628064600288,11.369611863903861,0,1,9161.015,-0.15931155,5,1,false,false,-12.057479,2.819689,6.825579,3.1098788,-0.14081186,3
70.41403,0.76650155,43.99627110595401,11.36960550583536,0,1,9199.538,-0.16657516,5,1,false,false,-11.355381,2.7764142,6.057994,3.107384,-0.16132472,3
70.46306,0.7667281,43.996261565973796,11.369599272367727,0,1,9237.707,-0.18207033,5,1,false,false,-11.19786,3.3748336,6.2024136,3.1045527,-0.1756279,3
70.52116,0.7669547,43.99625211594417,11.369592789508127,0,1,9243.09,-0.20410354,5,1,false,false,-11.666791,3.871221,6.2640667,3.1016076,-0.17651154,3
70.58443,0.7671815,43.99624257596396,11.369586431439625,0,1,9221.803,-0.2309782,5,1,false,false,-12.757195,3.859352,6.2117543,3.0987115,-0.17599991,3
70.64212,0.76740855,43.99623303598376,11.369579948580025,0,1,9211.059,-0.26463327,5,1,false,false,-13.434651,3.3866088,7.6226263,3.0956619,-0.19554603,3
70.69358,0.76763564,43.996223495934885,11.369573465720423,0,1,9231.611,-0.30942523,5,1,false,false,-15.444867,2.898758,9.96324,3.0921488,-0.23301023,3
70.74101,0.76786286,43.99621404597392,11.369566983051053,0,1,9259.063,-0.34405023,5,1,false,false,-18.933723,3.0948198,14.0849495,3.0877542,-0.29598522,3
70.790245,0.7680902,43.9962045959443,11.36956037559058,0,1,9265.122,-0.37116742,5,1,false,false,-20.811262,3.2235427,12.369738,3.08227,-0.35485572,3
70.8442,0.7683177,43.99619505589543,11.36955364333901,0,1,9253.375,-0.38399982,5,1,false,false,-22.557634,3.63859,12.914879,3.0760357,-0.3832829,3
70.90251,0.76854527,43.99618560600313,11.36954691127767,0,1,9238.643,-0.37867337,5,1,false,false,-23.519648,3.816819,11.842262,3.069592,-0.37964365,3
70.95809,0.768773,43.99617624592409,11.36954005442523,0,1,9234.317,-0.3619667,5,1,false,false,-21.58219,3.3769102,6.7295046,3.0635543,-0.34085023,3
71.01045,0.76900095,43.99616679589446,11.369533197572789,0,1,9246.422,-0.33678576,5,1,false,false,-20.440079,3.3036737,7.9194546,3.0582993,-0.2925247,3
71.05334,0.769229,43.996157435952746,11.369526216119478,0,1,9264.634,-0.3164482,5,1,false,false,-19.22728,2.3428125,9.127016,3.053695,-0.277461,3
71.00955,0.76945704,43.99614807601103,11.369519109875068,0,1,9304.8125,-0.29780328,0,1,false,false,-20.67386,-4.829297,10.352675,3.048844,-0.3099211,3
70.94502,0.7696848,43.99613871593199,11.369512003820887,0,1,8698.196,-0.27916038,6,1,false,false,-20.118044,0.85593176,10.253876,3.0434444,-0.33921313,3
71.05911,0.76991254,43.99612944594086,11.369504897576478,0,1,7629.0664,-0.25470686,6,1,false,false,-18.642632,9.130557,9.051148,3.0373785,-0.38105655,3
71.14687,0.77014077,43.996120085999145,11.369497666921427,0,1,7737.64,-0.22274646,6,1,false,false,-21.092674,1.9833996,8.430034,3.0311759,-0.34803706,3
71.134254,0.770369,43.99611081587068,11.369490311285048,0,1,8115.375,-0.18303943,6,1,false,false,-20.930925,-0.5245648,8.798283,3.0260243,-0.2693608,3
71.156525,0.7705972,43.99610154587955,11.369482955838897,0,1,8050.9023,-0.16221678,6,1,false,false,-20.102716,3.4111738,12.4811945,3.0219932,-0.22571835,3
71.229576,0.77082556,43.99609236597633,11.369475600392748,0,1,7809.6226,-0.1576169,6,1,false,false,-18.82837,4.9412203,9.959321,3.0183527,-0.21205302,3
71.285774,0.7710541,43.9960830959852,11.369468120155497,0,1,7824.2593,-0.14647904,6,1,false,false,-17.338585,2.7507787,8.189702,3.0149555,-0.19234425,3
71.31264,0.7712828,43.99607391594465,11.369460515317378,0,1,7972.3696,-0.14042613,6,1,false,false,-16.277878,1.4090661,7.371968,3.0120435,-0.15791737,3
71.34117,0.77151155,43.9960647359041,11.369452910479259,0,1,7986.2305,-0.14163667,6,1,false,false,-14.836856,2.352237,8.12773,3.0095952,-0.14182237,3
71.38755,0.7717404,43.99605555586355,11.36944530564114,0,1,7911.444,-0.14962682,6,1,false,false,-13.728887,3.1900852,8.638901,3.0072174,-0.14657864,3
71.43563,0.77196944,43.996046375960326,11.36943757620215,0,1,7906.138,-0.15906908,6,1,false,false,-13.620765,2.8518326,9.1016865,3.0046942,-0.15599363,3
71.4752,0.77219856,43.996037195919776,11.369429846763161,0,1,7954.191,-0.16754323,6,1,false,false,-13.594322,2.2625353,9.185147,3.002046,-0.16161133,3
71.514015,0.7724278,43.996028105967135,11.369422117133942,0,1,7965.549,-0.1760174,6,1,false,false,-13.753758,2.6690857,10.544523,2.9992893,-0.1682215,3
71.558586,0.7726572,43.99601901587717,11.369414263094082,0,1,7940.638,-0.18328097,6,1,false,false,-14.184394,2.865137,11.043605,2.9963982,-0.17982386,3
71.6053,0.7728867,43.99600983597395,11.369406408863993,0,1,7933.7554,-0.18836579,6,1,false,false,-13.919946,3.0024254,9.487938,2.9933193,-0.18548544,3
71.64738,0.77311635,43.99600074588398,11.369398554633904,0,1,7948.2075,-0.19248167,6,1,false,false,-13.827711,2.514033,10.550617,2.9902675,-0.18115866,3
71.68759,0.7733462,43.99599165593134,11.369390575802944,0,1,7955.845,-0.19635592,6,1,false,false,-13.78282,2.4434998,11.3445425,2.9872587,-0.18208897,3
71.72463,0.77357614,43.99598265592928,11.369382472371116,0,1,7957.7144,-0.2011983,6,1,false,false,-13.743035,2.3604553,8.177937,2.9841113,-0.19719246,3
71.765015,0.7738062,43.99597356597665,11.369374493540157,0,1,7966.3115,-0.20119831,6,1,false,false,-13.946642,2.5896924,10.507418,2.9807208,-0.20723972,3
71.80605,0.77403647,43.99596447588668,11.369366389918097,0,1,7972.2417,-0.20216641,6,1,false,false,-14.531214,2.5762007,11.906506,2.977264,-0.20790152,3
71.84538,0.7742668,43.99595547588462,11.36935828648627,0,1,7971.5566,-0.20240888,6,1,false,false,-14.738039,2.5258632,9.824494,2.9737425,-0.214446,3
71.88606,0.7744974,43.99594647588256,11.36935005826334,0,1,7974.527,-0.20555566,6,1,false,false,-14.605226,2.43276,9.224825,2.9701602,-0.21375228,3
71.92748,0.77472806,43.99593747588051,11.369341830230642,0,1,7980.0527,-0.20870344,6,1,false,false,-14.52622,2.6999466,8.643878,2.9666505,-0.20547405,3
71.966774,0.77495885,43.99592847587845,11.369333477216612,0,1,7981.44,-0.20967242,6,1,false,false,-14.362541,2.406523,9.278609,2.9632993,-0.19968578,3
72.004814,0.7751899,43.99591956596431,11.369325124392814,0,1,7987.728,-0.21596698,6,1,false,false,-14.340127,2.2720644,9.426185,2.9599783,-0.20130138,3
72.03954,0.775421,43.99591056596225,11.369316771759246,0,1,8002.02,-0.22250398,6,1,false,false,-14.7852545,2.352721,11.129688,2.9565299,-0.2134406,3
72.076126,0.77565235,43.99590165591077,11.369308418745218,0,1,8012.4736,-0.2307366,6,1,false,false,-15.745525,2.2779174,12.337135,2.9528623,-0.22657979,3
72.11372,0.7758839,43.9958927458593,11.369299941320548,0,1,8010.6606,-0.23799923,6,1,false,false,-16.028944,2.5697532,11.462649,2.948943,-0.23919238,3
72.15433,0.7761155,43.99588383594515,11.36929133910478,0,1,8005.4966,-0.23872675,6,1,false,false,-16.14486,2.679276,13.163384,2.944903,-0.24056788,3
72.19521,0.7763472,43.99587492589368,11.369282736889012,0,1,8005.495,-0.23582055,6,1,false,false,-16.39777,2.636389,12.515844,2.940946,-0.2308797,3
72.23367,0.7765791,43.99586610593011,11.369274134673244,0,1,8008.6475,-0.22468366,6,1,false,false,-16.143286,2.4497833,12.787551,2.937201,-0.2183493,3
72.269485,0.77681106,43.995857285829224,11.369265407666376,0,1,8015.267,-0.20942992,6,1,false,false,-15.749966,2.2146063,12.692091,2.933612,-0.21331464,3
72.30298,0.77704304,43.995848465865656,11.36925668103997,0,1,8026.019,-0.19369228,6,1,false,false,-15.366075,2.3176293,13.37832,2.9300272,-0.21740186,3
72.338974,0.7772751,43.995839645902095,11.369247954033101,0,1,8035.4844,-0.17165996,6,1,false,false,-15.199181,2.373615,13.175553,2.9263647,-0.21988158,3
72.37512,0.7775073,43.99583082593853,11.369239102615593,0,1,8036.405,-0.1469631,6,1,false,false,-14.617603,2.4270377,11.804042,2.9227347,-0.21260603,3
72.411736,0.77773964,43.995822095925554,11.369230251198085,0,1,8036.74,-0.11427711,6,1,false,false,-13.260894,2.3038409,11.124265,2.9193256,-0.19356929,3
72.45048,0.7779721,43.99581327582466,11.369221274989478,0,1,8042.9766,-0.08691936,6,1,false,false,-12.467468,2.600901,12.101024,2.9163375,-0.16198982,3
72.49135,0.7782047,43.99580454581168,11.36921242319151,0,1,8044.9336,-0.061738413,6,1,false,false,-11.777951,2.7064068,11.161799,2.91392,-0.12737846,3
72.53328,0.77843744,43.99579581593603,11.369203322572261,0,1,8040.389,-0.03752747,6,1,false,false,-10.354838,2.8342538,11.457299,2.9120648,-0.09332356,3
72.575264,0.77867025,43.99578708592304,11.369194346363654,0,1,8036.7017,-0.018642023,6,1,false,false,-8.577685,2.6393468,12.363379,2.9108076,-0.057762172,3
72.61538,0.7789033,43.995778445860644,11.369185245363946,0,1,8039.315,-0.012589989,6,1,false,false,-6.9641924,2.4874544,12.06156,2.9100897,-0.030594714,3
72.65123,0.77913636,43.995769715847665,11.36917626915534,0,1,8046.264,-0.014284633,6,1,false,false,-5.6125536,2.2022295,11.806778,2.9097123,-0.016511222,3
72.68685,0.7793696,43.99576098583468,11.36916704374499,0,1,8057.0015,-0.023242844,6,1,false,false,-4.070357,2.2005625,11.026287,2.9094956,-0.0108145075,3
72.72075,0.7796029,43.99575234590961,11.369157942745284,0,1,8068.643,-0.04454855,6,1,false,false,-3.3832743,2.1147456,10.819621,2.9093275,-0.011558535,3
72.754105,0.7798363,43.99574361589663,11.369148842126037,0,1,8078.2593,-0.06440211,6,1,false,false,-3.425456,2.093179,9.861534,2.9090405,-0.024119532,3
72.79107,0.7800698,43.99573497583423,11.369139741126329,0,1,8082.9824,-0.07965485,6,1,false,false,-3.385759,2.3574522,9.398173,2.9084997,-0.039870813,3
72.82792,0.7803035,43.995726245821245,11.369130515715982,0,1,8084.5093,-0.09079267,6,1,false,false,-3.5942512,2.3569415,9.281165,2.9077127,-0.05406218,3
72.86509,0.7805372,43.995717605896175,11.369121414716274,0,1,8088.8276,-0.09418197,6,1,false,false,-3.9082568,2.2224429,8.991296,2.906715,-0.06563845,3
72.90126,0.7807711,43.995708875883196,11.369112189305927,0,1,8097.6245,-0.091034226,6,1,false,false,-4.0702147,2.3308039,10.565619,2.9055388,-0.074919686,3
72.934685,0.781005,43.9957002358208,11.36910296351512,0,1,8105.815,-0.084981255,6,1,false,false,-4.318084,2.0390024,10.453246,2.9042425,-0.07952299,3
72.97189,0.7812391,43.99569150580782,11.369093738104771,0,1,8111.4727,-0.06972853,6,1,false,false,-4.5382347,2.641797,10.8769865,2.902896,-0.080296464,3
73.01131,0.7814733,43.99568286588275,11.369084512694425,0,1,8108.629,-0.047453795,6,1,false,false,-4.527976,2.5192187,11.53693,2.9016035,-0.07240258,3
73.051834,0.7817076,43.99567413586976,11.369075286903618,0,1,8102.1523,-0.026632138,6,1,false,false,-3.9780579,2.4706986,10.565154,2.9005296,-0.056101825,3
73.08781,0.78194195,43.995665495807366,11.369065936702171,0,1,8106.493,-0.009442259,6,1,false,false,-3.5210702,2.2978795,9.166215,2.8997433,-0.037672613,3
73.12345,0.7821765,43.995656765794386,11.369056711291822,0,1,8116.419,-0.0007256062,6,1,false,false,-2.1416204,2.1734016,8.085929,2.8992937,-0.017736733,3
73.15865,0.7824111,43.995648125869316,11.369047361090376,0,1,8124.174,-0.0055679837,6,1,false,false,-1.8194599,2.2614229,8.441414,2.8991454,-0.0031128284,3
73.19188,0.7826458,43.99563948580691,11.369038010888929,0,1,8129.0005,-0.011620954,6,1,false,false,-1.3772016,1.907398,8.475096,2.8991547,0.002100254,3
73.22968,0.78288066,43.99563075579393,11.369028660687482,0,1,8140.153,-0.020821657,6,1,false,false,-1.176078,2.5888429,7.9326987,2.8991933,0.0020371755,3
73.26823,0.78311557,43.99562211586886,11.369019435277135,0,1,8144.065,-0.033411648,6,1,false,false,-1.4021765,2.5102985,10.13637,2.8992019,-0.0029475414,3
73.310646,0.7833507,43.99561338585588,11.369010085075688,0,1,8136.3984,-0.046969745,6,1,false,false,-1.7531881,2.5582922,9.778966,2.8990505,-0.01628791,3
73.34726,0.78358585,43.99560474579348,11.36900073487424,0,1,8132.952,-0.059802234,6,1,false,false,-2.1055074,2.4131784,12.04321,2.8986764,-0.029068915,3
73.38661,0.78382117,43.9955960157805,11.368991384672793,0,1,8142.5107,-0.080623895,6,1,false,false,-2.6689837,2.0728452,9.788939,2.8980408,-0.04664521,3
73.42367,0.7840566,43.99558737585543,11.368981909680246,0,1,8149.1196,-0.0915183,6,1,false,false,-3.4560595,2.5728724,9.974965,2.8970938,-0.065021336,3
73.46496,0.7842922,43.99557864584245,11.368972559478799,0,1,8141.9395,-0.10144555,6,1,false,false,-3.9265485,2.3432326,8.095011,2.8958755,-0.07994957,3
73.503174,0.7845279,43.99557000578005,11.368963209277352,0,1,8137.279,-0.100234926,6,1,false,false,-4.752032,2.4665227,12.489472,2.8944602,-0.09005663,3
73.53723,0.7847637,43.995561275767066,11.368953734284805,0,1,8147.6587,-0.09660314,6,1,false,false,-5.2627687,2.000907,10.832435,2.892871,-0.099993266,3
73.57118,0.78499967,43.995552635841996,11.368944259672718,0,1,8163.5527,-0.08691936,6,1,false,false,-5.4239697,2.293669,10.463471,2.8911297,-0.1050168,3
73.60981,0.7852357,43.9955439957796,11.368934784680171,0,1,8164.0103,-0.07432937,6,1,false,false,-5.6783423,2.5177534,10.807393,2.8894174,-0.09753807,3
73.64994,0.785472,43.99553526576662,11.368925309687624,0,1,8150.8384,-0.063191526,6,1,false,false,-5.236731,2.4360485,8.642091,2.887903,-0.08428295,3
73.68629,0.7857083,43.99552662584155,11.368915835075537,0,1,8152.6445,-0.05399082,6,1,false,false,-4.8374186,2.1296349,9.861993,2.8866282,-0.07066082,3
73.71936,0.7859448,43.995517985779145,11.36890636008299,0,1,8171.861,-0.050359033,6,1,false,false,-4.6113257,2.038191,7.177043,2.8855376,-0.06254544,3
73.75167,0.7861814,43.995509345854074,11.368896760679803,0,1,8185.109,-0.04672819,6,1,false,false,-4.085498,2.1646564,8.446683,2.8845751,-0.054643806,3
73.78736,0.78641814,43.995500615841095,11.368887285687256,0,1,8185.5015,-0.0530227,6,1,false,false,-4.1987553,2.2289758,8.471759,2.8837197,-0.05123561,3
73.82177,0.786655,43.9954919757787,11.368877686284069,0,1,8186.426,-0.054475795,6,1,false,false,-3.8164291,2.2866998,6.599783,2.882859,-0.05254615,3
73.85719,0.78689206,43.99548333585363,11.368868086500422,0,1,8196.566,-0.061738417,6,1,false,false,-4.1827564,2.1466146,9.839059,2.8819833,-0.055076785,3
73.89308,0.7871292,43.99547469579123,11.368858487097235,0,1,8202.194,-0.064886175,6,1,false,false,-4.1212,2.2613509,8.047575,2.8810308,-0.059445936,3
73.92831,0.7873665,43.99546605586616,11.36884888769405,0,1,8202.791,-0.06851795,6,1,false,false,-4.274282,2.2942643,8.152415,2.8800194,-0.06263723,3
73.96792,0.7876039,43.995457415803756,11.368839163499763,0,1,8202.245,-0.06270747,6,1,false,false,-4.181173,2.4072306,9.19069,2.87895,-0.065530695,3
74.001526,0.78784144,43.99544877574136,11.368829563716115,0,1,8203.708,-0.051085584,6,1,false,false,-4.211092,1.9910529,11.007728,2.8778648,-0.06579342,3
74.0358,0.7880791,43.99544013581629,11.368819839521828,0,1,8215.346,-0.037527476,6,1,false,false,-4.1557636,2.1862707,10.173269,2.876771,-0.063405134,3
74.070854,0.7883168,43.99543149575389,11.368810240118641,0,1,8222.331,-0.019369505,6,1,false,false,-3.5148618,2.3402498,11.365653,2.8757665,-0.05296849,3
74.11053,0.78855467,43.99542285582882,11.368800515924356,0,1,8215.354,-0.0067785787,6,1,false,false,-3.0051808,2.4925299,8.989867,2.8750167,-0.03550153,3
74.148865,0.7887926,43.99541430585433,11.368790791730069,0,1,8206.62,0.011379398,6,1,false,false,-2.3765793,2.3234918,9.462596,2.8745656,-0.019274004,3
74.1845,0.78903073,43.99540566579193,11.368781067535782,0,1,8212.452,0.026389642,6,1,false,false,-1.6064484,1.9505733,11.903664,2.8743997,-0.0021809728,3
74.214195,0.789269,43.99539702572953,11.368771343341495,0,1,8230.698,0.030021418,6,1,false,false,-0.75721747,1.9115411,13.431775,2.874499,0.014711904,3
74.247375,0.78950727,43.99538838580446,11.36876161914721,0,1,8243.001,0.023242844,6,1,false,false,-0.3287966,2.292449,11.865619,2.8748238,0.026543638,3
74.28733,0.7897457,43.99537974574206,11.368751770161822,0,1,8231.882,0.009200701,6,1,false,false,-0.074162245,2.6999483,11.14039,2.8752491,0.026018644,3
74.328545,0.7899842,43.99537110581699,11.368742045967535,0,1,8212.148,-0.0055679847,6,1,false,false,0.33952457,2.4343948,10.96866,2.875618,0.018152846,3
74.36372,0.79022294,43.995362465754596,11.36873232177325,0,1,8216.621,-0.019369503,6,1,false,false,0.3412882,1.9649676,7.534281,2.8758452,0.007245855,3
74.39241,0.7904618,43.995353825829525,11.368722597578962,0,1,8241.371,-0.024937492,6,1,false,false,0.035203353,1.8436108,6.772428,2.8758843,-0.004822093,3
74.42302,0.7907007,43.99534518576712,11.368712748593575,0,1,8256.806,-0.022274747,6,1,false,false,-0.13441968,1.8722061,6.36129,2.875746,-0.014203738,3
74.452805,0.7909396,43.99533654584205,11.36870302439929,0,1,8259.599,-0.01622177,6,1,false,false,-0.34847265,2.0149333,8.6965065,2.875478,-0.020077568,3
74.48307,0.7911787,43.99532781582907,11.368693175413902,0,1,8268.984,-0.0070210695,6,1,false,false,-0.4526369,1.8571777,7.654901,2.875143,-0.020002253,3
74.51618,0.7914179,43.995319175766674,11.368683451219615,0,1,8284.476,0.0016946448,6,1,false,false,-0.47184223,2.192763,11.218938,2.8748353,-0.015491509,3
74.553375,0.79165727,43.99531053570427,11.36867360261469,0,1,8282.496,0.009200703,6,1,false,false,-0.14470156,2.5022023,10.70951,2.8746328,-0.006221045,3
74.592606,0.79189676,43.9953018957792,11.368663878039943,0,1,8265.746,0.010895345,6,1,false,false,-0.05368769,2.4907756,10.186644,2.8745906,0.002339046,3
74.634094,0.7921363,43.99529316576622,11.368654029435016,0,1,8256.476,0.013558093,6,1,false,false,0.23889281,2.4629478,8.623487,2.8746634,0.006876649,3
74.66976,0.792376,43.99528452570382,11.36864418044963,0,1,8260.46,0.015737724,6,1,false,false,0.4506157,2.1014707,9.645323,2.874826,0.010520231,3
74.6994,0.7926158,43.99527579582817,11.368634456255343,0,1,8274.121,0.017432366,6,1,false,false,0.6363497,1.7007952,9.744985,2.8750358,0.013045533,3
74.726135,0.79285574,43.995267155765774,11.368624607269956,0,1,8293.24,0.01912701,6,1,false,false,0.8905465,1.7580999,10.536994,2.8752995,0.01841797,3
74.75829,0.79309565,43.99525842575279,11.36861475866503,0,1,8304.778,0.014043076,6,1,false,false,0.7263346,2.1684515,10.094778,2.8756158,0.01964666,3
74.795586,0.7933358,43.99524978582772,11.368605034470743,0,1,8295.187,0.009926312,6,1,false,false,0.9766109,2.5475354,10.822586,2.87593,0.018726539,3
74.83322,0.7935761,43.99524105581474,11.368595185485358,0,1,8281.181,0.00024155714,6,1,false,false,0.83463246,2.0450966,10.862817,2.8762078,0.014572585,3
74.86788,0.7938164,43.99523232580176,11.36858533649997,0,1,8287.378,-0.0036317823,6,1,false,false,0.6299183,2.1528666,12.233636,2.8763893,0.007959432,3
74.899506,0.7940569,43.995223685739354,11.368575487514583,0,1,8301.461,-0.008715714,6,1,false,false,0.2830994,2.0068135,13.12869,2.8764637,0.0019257017,3
74.93284,0.7942975,43.995214955726375,11.368565638909658,0,1,8303.401,-0.013074042,6,1,false,false,0.01948677,2.2749684,14.764714,2.8764262,-0.0046132575,3
74.96684,0.7945382,43.995206225713396,11.36855578992427,0,1,8295.727,-0.017190808,6,1,false,false,0.06452027,2.379594,12.765489,2.8762906,-0.008944053,3
75.00266,0.79477894,43.99519749570041,11.368546065729985,0,1,8293.909,-0.023484401,6,1,false,false,-0.4700937,2.2255988,11.045575,2.876096,-0.0137316575,3
75.03626,0.7950199,43.99518876568743,11.368536216744598,0,1,8296.789,-0.022032253,6,1,false,false,-0.51080716,2.1048276,9.944012,2.87582,-0.018584214,3
75.066124,0.7952609,43.99518003581178,11.368526243348573,0,1,8303.298,-0.01815798,6,1,false,false,-0.5328565,1.6709057,7.7515607,2.8755167,-0.018769883,3
75.09463,0.79550207,43.9951713057988,11.368516394363185,0,1,8317.694,-0.0111369025,6,1,false,false,-0.6943553,1.8288046,8.316142,2.8752108,-0.018912636,3
75.120544,0.7957432,43.99516257578582,11.368506545377798,0,1,8331.592,-0.000969036,6,1,false,false,-0.5028817,1.6278614,8.260065,2.8749292,-0.015133754,3
75.14922,0.79598457,43.99515384577283,11.368496696772873,0,1,8342.132,0.003147732,6,1,false,false,-0.44931132,1.9749342,8.845597,2.874735,-0.008339373,3
75.181786,0.796226,43.995145115759854,11.368486847787485,0,1,8344.166,0.007021071,6,1,false,false,-0.23330323,2.1936812,10.620675,2.874644,-0.0020898462,3
75.21634,0.79646754,43.995136385746875,11.3684769988021,0,1,8339.463,0.009926311,6,1,false,false,-0.24462011,2.2470002,11.140805,2.8746533,0.0035193209,3
75.250916,0.7967092,43.99512765573389,11.368467025406073,0,1,8336.381,0.012589989,6,1,false,false,0.054288343,2.2076998,11.475041,2.874733,0.007101426,3
75.28485,0.7969509,43.99511892572091,11.368457176420687,0,1,8338.039,0.012589991,6,1,false,false,0.49673685,2.1568127,9.951241,2.874898,0.013001956,3
75.31716,0.7971927,43.99511010575735,11.3684473274353,0,1,8340.823,0.0048423745,6,1,false,false,0.1342409,2.088464,10.398042,2.875135,0.013564011,3
75.34792,0.7974347,43.99510137574436,11.368437354039274,0,1,8342.713,0.0045998823,6,1,false,false,0.38837916,1.8523693,11.959362,2.8753235,0.009640762,3
75.37695,0.7976767,43.99509264573138,11.368427505053887,0,1,8351.593,-0.0016946443,6,1,false,false,0.3989982,1.9423053,10.727534,2.8754823,0.009250622,3
75.40727,0.7979189,43.99508382576782,11.368417531657862,0,1,8360.458,-0.00992631,6,1,false,false,0.04963252,2.1428142,10.253428,2.8755915,0.0039605927,3
75.44093,0.7981612,43.995075095754835,11.368407682672474,0,1,8357.301,-0.0152527355,6,1,false,false,0.05835603,2.171027,10.40696,2.8755975,-0.002576597,3
75.473404,0.7984035,43.995066365741856,11.368397709276449,0,1,8351.82,-0.024210945,6,1,false,false,-0.29414573,1.963299,8.351613,2.875511,-0.009026059,3
75.50315,0.798646,43.995057545778295,11.368387860291062,0,1,8359.421,-0.027842723,6,1,false,false,-0.39016163,1.9097629,9.190222,2.8752966,-0.01660139,3
75.53055,0.7988885,43.995048815765315,11.368377886895036,0,1,8373.913,-0.029779864,6,1,false,false,-0.46086305,1.6620291,10.97525,2.8749828,-0.021085756,3
75.559,0.79913116,43.99503999566442,11.368368037909649,0,1,8382.938,-0.028085224,6,1,false,false,-1.1299384,2.082567,9.783123,2.8745716,-0.027812725,3
75.59078,0.79937387,43.99503126565144,11.368358064133162,0,1,8378.893,-0.015252739,6,1,false,false,-0.7667173,2.0941672,11.029439,2.874082,-0.028118243,3
75.62524,0.7996165,43.99502244582521,11.368348090737136,0,1,8372.883,-0.008474157,6,1,false,false,-0.8847693,2.1027288,8.598738,2.8736842,-0.02013964,3
75.65508,0.79985934,43.99501362572431,11.36833811734111,0,1,8375.802,0.0012105936,6,1,false,false,-1.0984973,1.8172235,10.24507,2.8733916,-0.015212701,3
75.68416,0.8001023,43.99500489571133,11.368328268355723,0,1,8386.652,0.012348434,6,1,false,false,-0.065418564,1.6639209,9.192185,2.8732204,-0.004391776,3
75.7115,0.80034524,43.99499607561044,11.368318294959698,0,1,8396.665,0.008474162,6,1,false,false,-0.22534092,1.9418285,9.207357,2.873242,0.004961145,3
75.74198,0.80058837,43.9949872557842,11.36830832118321,0,1,8397.6455,0.010168801,6,1,false,false,0.007959858,1.8984115,10.638237,2.8733478,0.0075315638,3
75.77362,0.8008316,43.994978525771224,11.368298347787185,0,1,8395.6,0.012832482,6,1,false,false,0.49623716,1.97843,9.602289,2.8734992,0.011229284,3
75.80379,0.8010748,43.99496970567033,11.368288374010698,0,1,8398.765,0.013558094,6,1,false,false,0.58948725,2.0833764,10.744037,2.8737092,0.01393724,3
75.83473,0.8013182,43.994960885569434,11.368278400614672,0,1,8402.548,0.020095116,6,1,false,false,0.8913565,1.9558357,10.29796,2.8739443,0.014723325,3
75.86467,0.8015618,43.9949520657432,11.368268427218647,0,1,8402.959,0.024937484,6,1,false,false,1.1119285,1.9243913,9.899607,2.87422,0.018513437,3
75.89452,0.8018054,43.99494324564231,11.36825845344216,0,1,8406.099,0.023726897,6,1,false,false,1.1520681,1.8166296,10.192957,2.8745644,0.022442395,3
75.92332,0.80204904,43.994934425816076,11.368248480046134,0,1,8412.739,0.021547265,6,1,false,false,1.2088234,1.8862946,9.957919,2.87496,0.024489168,3
75.95201,0.8022928,43.99492560571518,11.368238506269646,0,1,8418.678,0.015979277,6,1,false,false,1.1277108,1.8207763,12.445222,2.875362,0.02362106,3
75.98225,0.8025367,43.994916785614286,11.368228532873621,0,1,8419.843,0.008474158,6,1,false,false,1.4146466,2.1034012,11.598371,2.8757374,0.02219955,3
76.011955,0.8027807,43.99490796578805,11.368218434686495,0,1,8418.205,-0.0072626295,6,1,false,false,0.69185203,2.0319536,12.271971,2.8760664,0.016107988,3
76.04451,0.80302477,43.994899145687164,11.368208460910008,0,1,8415.052,-0.018400468,6,1,false,false,0.3540038,2.0715842,13.990977,2.876215,0.0027656623,3
76.073265,0.8032689,43.99489032558627,11.368198487513983,0,1,8414.701,-0.02856927,6,1,false,false,0.023268327,1.9846982,12.526766,2.8761609,-0.008171677,3
76.100945,0.8035133,43.994881415672126,11.368188514117955,0,1,8420.983,-0.039222132,6,1,false,false,-0.7587815,1.780305,12.603667,2.8759305,-0.019687839,3
76.12856,0.80375767,43.99487259557123,11.36817854034147,0,1,8427.357,-0.040432718,6,1,false,false,-1.2422285,1.8633695,9.505233,2.8754838,-0.032309387,3
76.154724,0.8040021,43.994863775744996,11.368168566945442,0,1,8429.268,-0.037043434,6,1,false,false,-1.188752,1.6869833,7.180753,2.8749225,-0.03458242,3
76.18352,0.80424666,43.99485495564411,11.368158468758317,0,1,8434.25,-0.038980566,6,1,false,false,-1.6432375,1.917038,8.235263,2.874363,-0.03422236,3
76.20534,0.80449116,43.99484604572996,11.368148494981831,0,1,8443.6,-0.034863804,6,1,false,false,-1.4818832,1.3594314,6.987478,2.8738022,-0.034485422,3
76.22591,0.8047359,43.99483722562907,11.368138521585804,0,1,8464.077,-0.03655938,6,1,false,false,-1.6740597,1.3004285,5.548641,2.8732376,-0.034656517,3
76.25325,0.80498064,43.994828405802835,11.368128423398678,0,1,8477.964,-0.036074392,6,1,false,false,-1.7289686,1.8475378,7.3027663,2.872658,-0.035433315,3
76.28234,0.80522555,43.99481949561403,11.368118449622191,0,1,8470.733,-0.02614808,6,1,false,false,-1.857471,2.1145744,9.694438,2.8720493,-0.03715437,3
76.31119,0.80547047,43.9948106757878,11.368108351435065,0,1,8462.989,-0.0092007015,6,1,false,false,-1.3324072,1.6735556,8.565426,2.87147,-0.030807078,3
76.34272,0.8057155,43.9948018556869,11.36809825324794,0,1,8472.407,0.0048423773,6,1,false,false,-1.3694807,2.195437,10.064327,2.871039,-0.020440532,3
76.37136,0.8059607,43.99479294577276,11.368088155060814,0,1,8472.708,0.02638964,6,1,false,false,-1.0733256,1.8970783,9.796925,2.8707867,-0.008812321,3
76.401825,0.8062059,43.99478412567186,11.368078181664787,0,1,8464.736,0.040916774,6,1,false,false,-0.13005579,1.8601865,10.054893,2.8707967,0.010726215,3
76.43057,0.80645126,43.99477521575772,11.368068083477661,0,1,8466.068,0.03655845,6,1,false,false,0.05481162,1.9095563,10.418342,2.8711252,0.026999885,3
76.45682,0.80669665,43.994766395656825,11.368057985290536,0,1,8474.384,0.027842732,6,1,false,false,0.62972414,1.6476724,9.931611,2.8716488,0.034450423,3
76.48319,0.8069423,43.99475748574268,11.368047887103408,0,1,8480.507,0.012832483,6,1,false,false,0.6263014,1.7666079,9.461328,2.8722208,0.032326356,3
76.509094,0.80718786,43.99474866564179,11.368037788916283,0,1,8480.513,-0.0026636822,6,1,false,false,0.73842084,1.7053059,10.744393,2.872702,0.02456621,3
76.536575,0.8074335,43.99473975572764,11.368027690348697,0,1,8483.662,-0.021305706,6,1,false,false,0.51699114,1.6961305,9.055204,2.873012,0.011716765,3
76.56109,0.8076793,43.99473093562675,11.36801759216157,0,1,8491.262,-0.03050641,6,1,false,false,0.32516387,1.8035256,11.270373,2.8730762,-0.0032582115,3
76.58802,0.8079251,43.994722025712605,11.368007493974444,0,1,8495.476,-0.03583283,6,1,false,false,-0.326474,1.6966727,9.036442,2.8728907,-0.018125657,3
76.61746,0.8081711,43.9947131155238,11.367997395787318,0,1,8492.87,-0.031232022,6,1,false,false,-0.76764005,1.9886827,10.611797,2.8724933,-0.027924148,3
76.646774,0.80841714,43.99470429569757,11.367987297600193,0,1,8489.207,-0.026148079,6,1,false,false,-0.8369283,1.8414338,7.791058,2.8720028,-0.029664814,3
76.67289,0.8086632,43.99469538550876,11.367977199413065,0,1,8493.616,-0.021547267,6,1,false,false,-0.7649351,1.5920922,8.303479,2.8715384,-0.026346076,3
76.69786,0.8089094,43.99468647559461,11.36796710122594,0,1,8504.743,-0.016221771,6,1,false,false,-0.9889431,1.5489403,10.653093,2.8711386,-0.022949718,3
76.72094,0.80915576,43.99467756568047,11.367957003038814,0,1,8514.469,-0.0048423773,6,1,false,false,-0.80494577,1.7111099,12.377456,2.8707707,-0.019676816,3
76.74781,0.80940205,43.994668745579574,11.367946780060588,0,1,8518.476,0.009926311,6,1,false,false,-0.2798233,1.971517,13.434123,2.8705018,-0.009632711,3
76.778404,0.8096485,43.99465983566543,11.367936681873461,0,1,8509.992,0.0237269,6,1,false,false,0.081627645,2.1236897,12.820766,2.8704545,0.0056590075,3
76.8103,0.8098951,43.99465092575129,11.367926583686335,0,1,8496.157,0.036074392,6,1,false,false,0.5783107,2.1105032,13.6622505,2.8706522,0.018941121,3
76.83837,0.81014174,43.99464201556248,11.36791648549921,0,1,8493.085,0.045759134,6,1,false,false,1.2503197,1.8061702,12.121377,2.871078,0.0317912,3
76.862305,0.81038845,43.99463310564834,11.367906262520984,0,1,8503.927,0.047453787,6,1,false,false,1.8128114,1.4293683,9.857717,2.8717031,0.042200647,3
76.88573,0.8106352,43.99462419573419,11.367896164333857,0,1,8516.482,0.047695346,6,1,false,false,2.1056786,1.5992566,8.26343,2.872473,0.048584644,3
76.90767,0.81088215,43.994615285545386,11.367886066146731,0,1,8522.18,0.04479105,6,1,false,false,2.3501327,1.3517522,8.919872,2.8733132,0.051232036,3
76.93208,0.8111291,43.99460637563124,11.367875843168505,0,1,8528.75,0.03801154,6,1,false,false,2.6245258,1.4835429,7.866765,2.8741868,0.052781858,3
76.956276,0.8113762,43.9945974657171,11.367865744981378,0,1,8538.077,0.026874626,6,1,false,false,2.6806889,1.7850488,8.042115,2.8750527,0.049545053,3
76.9826,0.8116234,43.994588555528296,11.367855646794252,0,1,8539.988,0.019852616,6,1,false,false,2.9741516,1.750519,12.599137,2.8758266,0.044003773,3
77.011246,0.8118706,43.99457955552624,11.367845548607127,0,1,8536.725,0.010168806,6,1,false,false,2.5903907,1.9328706,8.271078,2.8764768,0.034334756,3
77.040886,0.81211793,43.99457064561209,11.367835325628901,0,1,8533.308,0.0050839325,6,1,false,false,2.2972858,2.1130624,8.855426,2.8769493,0.02230873,3
77.070526,0.8123653,43.994561645610034,11.367825227441774,0,1,8528.139,0.002178695,6,1,false,false,2.2633793,1.6442578,10.122684,2.8772333,0.012678888,3
77.09388,0.81261283,43.99455273569589,11.367815129254648,0,1,8534.604,-0.0007256074,6,1,false,false,1.4938227,1.5103508,8.195703,2.877417,0.008162588,3
77.11534,0.81286037,43.99454373569383,11.367805031067522,0,1,8551.777,0.0012105941,6,1,false,false,1.3255553,1.4644221,9.311675,2.8775046,0.0030798363,3
77.14146,0.813108,43.99453473569177,11.367794932880397,0,1,8558.937,0.004116769,6,1,false,false,1.272095,1.7360446,11.595805,2.877549,0.0030872142,3
77.16753,0.81335574,43.99452573568972,11.36778483469327,0,1,8551.413,0.006052972,6,1,false,false,1.2070143,1.8073645,9.580744,2.877611,0.0053120265,3
77.19601,0.8136035,43.99451682550092,11.367774736506144,0,1,8548.703,0.010653791,6,1,false,false,1.0921242,1.9074507,10.563871,2.8777041,0.0067970045,3
77.22393,0.8138514,43.99450782549886,11.367764513527918,0,1,8549.636,0.015979283,6,1,false,false,1.3531203,1.6775112,9.845543,2.877839,0.009760875,3
77.248955,0.8140994,43.9944988254968,11.367754415340793,0,1,8553.219,0.02009511,6,1,false,false,1.3839623,1.6558148,13.090241,2.8780465,0.015115888,3
77.27303,0.8143475,43.994489825494746,11.367744317153665,0,1,8558.332,0.025905594,6,1,false,false,1.7420379,1.6496464,10.33947,2.8783424,0.02148674,3
77.29827,0.8145956,43.99448082549269,11.36773421896654,0,1,8562.603,0.03244261,6,1,false,false,1.904299,1.8241085,10.4237795,2.878744,0.027065543,3
77.32591,0.81484383,43.99447182549063,11.367724120779414,0,1,8558.827,0.04067427,6,1,false,false,2.3784,1.7511566,11.87897,2.8792355,0.032479566,3
77.35026,0.815092,43.99446273567532,11.367714022592288,0,1,8557.389,0.047937833,6,1,false,false,2.7962143,1.6308243,9.548903,2.8798366,0.04004161,3
77.37356,0.8153404,43.99445373567326,11.367703924405161,0,1,8568.157,0.054958925,6,1,false,false,2.7815943,1.6047105,7.167397,2.8805747,0.04716929,3
77.39858,0.81558883,43.99444473567121,11.367693825837575,0,1,8576.387,0.061979976,6,1,false,false,3.2178686,1.5777649,9.702037,2.8813953,0.050688338,3
77.42091,0.8158374,43.99443564558124,11.36768372765045,0,1,8577.894,0.068032965,6,1,false,false,3.9009466,1.3971168,9.986029,2.882329,0.061698843,3
77.44191,0.816086,43.99442664557918,11.367673629463322,0,1,8588.311,0.07093912,6,1,false,false,4.5035515,1.6420861,11.981541,2.8834605,0.07489994,3
77.46879,0.8163346,43.994417555489214,11.367663531276197,0,1,8595.782,0.07263376,6,1,false,false,5.1504974,2.0968575,12.366599,2.884777,0.08329606,3
77.497246,0.81658334,43.994408555487155,11.367653433089071,0,1,8581.078,0.06997007,6,1,false,false,5.919898,1.9982587,13.387651,2.8861775,0.08584859,3
77.527214,0.81683224,43.99439946567185,11.367643334901944,0,1,8566.779,0.065853305,6,1,false,false,5.8855944,1.9981039,12.308994,2.8875773,0.08186594,3
77.552246,0.8170811,43.99439037558188,11.367633361505918,0,1,8570.661,0.063190594,6,1,false,false,5.6822634,1.6953698,9.6749,2.8888826,0.07405247,3
77.57356,0.8173302,43.99438128549191,11.367623263318793,0,1,8582.763,0.060043786,6,1,false,false,5.535478,1.106663,11.30333,2.8900516,0.067385845,3
77.594124,0.8175792,43.99437210558869,11.367613289542305,0,1,8592.222,0.05883319,6,1,false,false,5.436114,1.5034946,8.289874,2.8911622,0.06606205,3
77.61209,0.8178283,43.99436301549872,11.36760319135518,0,1,8599.486,0.0593163,6,1,false,false,5.086403,1.4047235,10.082415,2.8922582,0.06507924,3
77.6359,0.8180775,43.994353835595504,11.367593217959154,0,1,8604.047,0.06270746,6,1,false,false,5.091074,1.4469645,8.24174,2.8933387,0.065026075,3
77.65793,0.8183268,43.994344745505536,11.367583244182667,0,1,8603.114,0.06319057,6,1,false,false,5.0787644,1.8198278,7.306797,2.894434,0.065075785,3
77.68085,0.8185761,43.99433556560231,11.367573270786641,0,1,8604.312,0.06488618,6,1,false,false,4.767767,1.2424865,9.707305,2.8954997,0.062386755,3
77.70313,0.81882554,43.99432638569909,11.367563297010154,0,1,8612.969,0.06633831,6,1,false,false,5.4962277,1.3290956,8.902505,2.8965483,0.06443754,3
77.72169,0.819075,43.99431720552121,11.367553323614128,0,1,8626.002,0.06609674,6,1,false,false,4.962821,1.4773057,12.495381,2.8976657,0.06905904,3
77.74377,0.8193245,43.99430802561799,11.367543350218103,0,1,8625.211,0.06706485,6,1,false,false,5.529313,1.5663565,11.08263,2.8988256,0.071395524,3
77.76917,0.8195741,43.99429884544011,11.367533501232716,0,1,8614.0625,0.05907474,6,1,false,false,5.095846,1.9016659,12.704329,2.9000342,0.072560415,3
77.79108,0.81982386,43.99428966553689,11.36752352783669,0,1,8607.09,0.051328078,6,1,false,false,5.09995,1.414646,11.726914,2.9011595,0.061792705,3
77.810265,0.82007366,43.99428039554576,11.367513554060203,0,1,8616.468,0.037527476,6,1,false,false,4.2365074,1.3390305,9.505218,2.9020808,0.04691004,3
77.82742,0.82032347,43.99427121564254,11.367503705074816,0,1,8632.584,0.023726895,6,1,false,false,3.5143318,1.2167671,5.999776,2.9027388,0.031711753,3
77.84542,0.8205734,43.99426194565141,11.36749385646989,0,1,8647.12,0.013074044,6,1,false,false,3.3003724,0.8974102,5.58784,2.903209,0.023577748,3
77.85785,0.82082325,43.994252765473526,11.367483882693403,0,1,8665.491,0.011379399,6,1,false,false,2.1157403,1.1437998,8.446919,2.9035375,0.014774049,3
77.877525,0.8210732,43.994243495482394,11.367474034088477,0,1,8681.12,0.022758793,6,1,false,false,2.601626,1.4415274,9.12979,2.9037242,0.0116378,3
77.907745,0.8213233,43.99423422549126,11.36746418510309,0,1,8674.773,0.032201055,6,1,false,false,2.5849547,2.4489992,12.542805,2.9039762,0.018056104,3
77.939316,0.82157344,43.99422495550013,11.367454211326605,0,1,8642.921,0.04551666,6,1,false,false,2.384912,1.9455814,12.726004,2.9042914,0.020918023,3
77.96973,0.8218237,43.994215685509,11.367444362721677,0,1,8630.77,0.058349144,6,1,false,false,2.6671276,1.8407325,11.326573,2.9047008,0.030885823,3
77.99505,0.822074,43.994206415517866,11.367434513736292,0,1,8634.791,0.06391713,6,1,false,false,3.4434972,1.6675317,14.975556,2.9053512,0.047425937,3
78.0152,0.82232445,43.99419714552673,11.367424664750905,0,1,8633.817,0.061012827,6,1,false,false,3.8391757,1.5505247,13.31689,2.9062462,0.058719702,3
78.03307,0.822575,43.9941878755356,11.36741481614598,0,1,8636,0.05520141,6,1,false,false,3.5114717,1.275374,9.103024,2.9072716,0.062450983,3
78.04849,0.82282543,43.99417860554447,11.367404967160592,0,1,8650.076,0.047695354,6,1,false,false,3.471954,0.91226035,7.752346,2.90831,0.06158529,3
78.06111,0.82307595,43.99416924546543,11.367395118175205,0,1,8669.03,0.03994868,6,1,false,false,3.2641497,1.3348675,6.6010623,2.9093158,0.057643604,3
78.08179,0.82332665,43.9941599754743,11.36738526918982,0,1,8680.356,0.03728499,6,1,false,false,3.4492853,1.7618144,7.5435443,2.910239,0.053401485,3
78.1061,0.8235773,43.99415061566991,11.367375420584892,0,1,8671.727,0.039222125,6,1,false,false,3.3291657,1.2771055,4.127446,2.9111094,0.051390786,3
78.13376,0.82382816,43.99414134540412,11.367365571599507,0,1,8657.861,0.041158322,6,1,false,false,4.4828444,1.985678,10.18474,2.9119647,0.051865797,3
78.160995,0.824079,43.994131985599736,11.36735572261412,0,1,8658.406,0.04721129,6,1,false,false,4.6737084,2.2771158,12.576445,2.9128525,0.054541864,3
78.183334,0.8243299,43.99412262552069,11.367345998419832,0,1,8663.21,0.058349125,6,1,false,false,4.9280057,1.3534924,10.0068,2.9137828,0.05950485,3
78.20341,0.82458097,43.99411326544165,11.367336149814907,0,1,8664.707,0.0697276,6,1,false,false,5.565133,1.2589419,11.682493,2.914848,0.06827255,3
78.22764,0.8248321,43.99410390563726,11.36732642562062,0,1,8659.828,0.08256009,6,1,false,false,6.0828533,2.1963112,11.751512,2.9160407,0.07502548,3
78.2529,0.8250832,43.99409454555822,11.367316576635233,0,1,8658.46,0.09418102,6,1,false,false,6.1722064,1.9030931,10.4695425,2.9173546,0.08366265,3
78.26998,0.8253344,43.99408509539126,11.367306852440947,0,1,8661.951,0.10483294,6,1,false,false,6.192919,0.41636777,7.835521,2.9187946,0.09031709,3
78.28926,0.8255857,43.994075735586875,11.36729712824666,0,1,8669.611,0.111127965,6,1,false,false,7.002951,1.7202461,8.929169,2.9203918,0.10023139,3
78.3148,0.8258371,43.994066285419926,11.367287404052373,0,1,8671.672,0.11209699,6,1,false,false,7.622254,1.8801901,10.608064,2.92216,0.10977017,3
78.33113,0.82608855,43.99405692561554,11.367277679858088,0,1,8671.037,0.106044,6,1,false,false,6.636415,0.21024781,5.4511356,2.9240355,0.11360437,3
78.347984,0.82633996,43.99404747544858,11.3672679556638,0,1,8680.724,0.094906636,6,1,false,false,7.3864436,0.8977554,7.944863,2.925936,0.112370536,3
78.37004,0.82659155,43.994038025556286,11.367258355880153,0,1,8692.943,0.082801655,6,1,false,false,7.536822,2.4925735,8.174719,2.9277909,0.10792739,3
78.39065,0.82684314,43.994028575389336,11.367248631685866,0,1,8691.671,0.069970086,6,1,false,false,7.0534654,1.239908,7.7936983,2.9295502,0.10221367,3
78.40112,0.82709473,43.994019035409124,11.36723903228268,0,1,8695.863,0.05592702,6,1,false,false,6.3263507,0.36369604,5.952982,2.9311922,0.09275092,3
78.42794,0.82734656,43.99400958551683,11.367229432499032,0,1,8707.492,0.04648568,6,1,false,false,7.1406684,2.002252,10.681953,2.9326537,0.08131188,3
78.45219,0.82759833,43.99400004553662,11.367219708304747,0,1,8701.25,0.037043422,6,1,false,false,6.7208977,2.4113245,9.793897,2.933897,0.069142945,3
78.47132,0.8278502,43.99399050555642,11.36721023369266,0,1,8689.714,0.02929582,6,1,false,false,5.6707835,0.3741014,10.9206915,2.93492,0.053838067,3
78.49064,0.8281021,43.99398105538946,11.367200633909013,0.004646729,1,8690.704,0.024453443,6,1,false,false,5.7309284,1.6843644,12.1491375,2.9357088,0.042700246,3
78.51079,0.8283542,43.99397151540925,11.367191034505826,0.029548435,1,8699.573,0.020580105,6,1,false,false,5.024203,1.6939822,12.730389,2.936366,0.035678767,3
78.519104,0.8286061,43.993961975429045,11.367181435102639,0.07744549,1,8697.17,0.019611062,6,1,false,false,3.9528925,-0.10383524,8.740095,2.9369066,0.028771533,3
78.50785,0.8288582,43.993952345360924,11.367171960110092,0.15953772,0.8695438,8677.009,0.020821655,6,1,false,false,4.2038627,-1.0682439,11.613811,2.9373434,0.023564484,3
78.45922,0.82911015,43.99394280538072,11.367162360706905,0.27999523,0.39926022,8513.657,0.024937484,6,1,false,false,3.3772979,-3.7017667,7.308339,2.9377382,0.022352245,3
78.3289,0.82936186,43.993933265400514,11.367152885714358,0.36923626,0.08680642,8300.332,0.036074396,6,1,false,false,3.2643378,-10.271161,3.5108974,2.9381166,0.023345273,3
78.070694,0.8296129,43.9939237254203,11.36714341072181,0.44155845,-9.313226e-09,8275.324,0.049389996,6,1,false,false,3.3434076,-17.158695,7.6789002,2.9385364,0.025717417,3
77.7536,0.829863,43.993914275528006,11.367133936109724,0.52269745,0,8332.913,0.06536927,6,1,false,false,3.5585918,-20.933964,7.673704,2.9390633,0.03659036,3
77.35255,0.83011204,43.99390482536106,11.367124585908277,0.57524127,0,8537.512,0.07965436,6,1,false,false,4.3112884,-24.91033,9.129398,2.9398704,0.059704736,3
76.92504,0.8303597,43.99389537546875,11.36711523570683,0.62528306,0,8514.603,0.092002325,6,1,false,false,5.270415,-25.956667,11.74065,2.9410648,0.08374312,3
76.49511,0.8306059,43.99388601538971,11.367106009916021,0.67877984,0,8466.678,0.10144367,6,1,false,false,5.789845,-25.696405,12.979481,2.9426646,0.10661582,3
76.059166,0.83085084,43.993876655585325,11.367096909296775,0.72536635,0,8336.389,0.1070126,6,1,false,false,6.494287,-25.89061,11.535442,2.944555,0.11784045,3
75.622604,0.83109426,43.99386738559419,11.367087808297068,0.766353,0,8131.992,0.10822365,6,1,false,false,6.542088,-26.263842,9.369781,2.9465158,0.11621097,3
75.15984,0.8313364,43.99385811560306,11.36707870729736,0.78458226,0,8073.726,0.108707696,6,1,false,false,6.3692346,-28.617964,7.8771214,2.9484284,0.11232401,3
74.68817,0.8315769,43.993848935425184,11.367069731088753,0.7967353,0,8026.7876,0.10846567,6,1,false,false,6.1751785,-27.860008,6.2115197,2.9502506,0.10223047,3
74.22794,0.83181596,43.993839845335216,11.367060879671245,0.8050756,0,7980.395,0.10967535,6,1,false,false,5.896319,-27.684273,5.065165,2.9519162,0.10338674,3
73.76331,0.8320534,43.99383075551991,11.367052028253736,0.80853105,0,7935.6934,0.11330758,6,1,false,false,5.347937,-27.580475,2.521996,2.953798,0.124050096,3
73.29102,0.8322895,43.99382166542994,11.367043301246868,0.8092458,0,7891.5312,0.12710723,6,1,false,false,5.671689,-29.109798,3.2776072,2.956109,0.15818103,3
72.78575,0.832524,43.99381275551579,11.367034574620462,0.8073393,0,7718.597,0.14938155,6,1,false,false,6.6104174,-30.48854,3.5086026,2.9590783,0.19506663,3
72.26335,0.8327569,43.99380375551374,11.367025972404692,0.79935646,0,7537.5474,0.17601271,6,1,false,false,8.981072,-32.146816,7.777609,2.9625025,0.21630211,3
71.6982,0.83298796,43.99379493541284,11.367017494599564,0.7806505,0,7501.742,0.19199197,6,1,false,false,12.265796,-34.306374,10.786183,2.966281,0.23533878,3
71.14524,0.83321726,43.99378611558661,11.367009141965996,0.7580127,0,7459.045,0.20022368,6,1,false,false,15.465459,-32.233627,11.4011965,2.9703896,0.2613403,3
70.61255,0.8334449,43.993777295485714,11.367000788951966,0.73084724,0,7509.109,0.19344464,6,1,false,false,17.238604,-31.74763,13.827794,2.975054,0.29565668,3
70.09,0.83367074,43.993768565472735,11.366992560729038,0.6808053,0,7611.806,0.1755287,6,1,false,false,17.373402,-30.19913,10.285347,2.9801493,0.31129667,3
69.62994,0.8338949,43.993759835459755,11.366984457297209,0.6410104,0,7574.609,0.15470748,6,1,false,false,16.024681,-24.90308,6.346591,2.98514,0.28094172,3
69.23009,0.83411825,43.993751195534685,11.36697647865648,0.595377,0,7531.549,0.13533887,6,1,false,false,14.241279,-23.64853,5.6794972,2.9894886,0.24549429,3
68.84235,0.8343402,43.993742555334954,11.366968624426391,0.5552248,0.5208334,7696.618,0.12057066,0,1,false,false,12.786902,-22.707714,4.785352,2.993467,0.24538732,3
68.458275,0.83456093,43.993733915409884,11.366960770196302,0.51328486,0.4166667,8240.536,0.11451769,0,1,false,false,12.476544,-22.951256,3.2881482,2.9979036,0.29240206,3
68.06098,0.8347804,43.99372536557273,11.366953040757313,0.48516625,0,8312.411,0.12105425,5,1,false,false,15.721622,-23.80589,7.846529,3.0031054,0.32503068,3
67.65291,0.8349985,43.99371681546091,11.366945435728963,0.4718217,0,8399.355,0.13558093,5,1,false,false,20.146393,-24.568357,11.971263,3.0086546,0.3388193,3
67.233345,0.8352151,43.99370826534909,11.366937831081074,0.4657453,0,8576.499,0.15252873,5,1,false,false,22.694563,-24.456833,12.789442,3.0144384,0.3541752,3
66.8441,0.83543026,43.993699805325186,11.366930350843823,0.46419638,0,8590.737,0.16632837,5,1,false,false,25.665764,-21.426308,13.939588,3.0203078,0.34179488,3
66.50534,0.83564436,43.993691255488024,11.366923120188774,0.46491125,0,8541.158,0.16971819,5,1,false,false,25.280733,-18.846752,10.82611,3.0257647,0.30873945,3
66.1948,0.8358573,43.993682795464125,11.366915889153264,0.46491122,0,8492.242,0.17770731,5,1,false,false,21.887197,-17.583805,6.4061623,3.0304508,0.2517475,3
65.90651,0.8360693,43.99367433544022,11.366908783289313,0.46491122,0,8443.148,0.18618196,5,1,false,false,17.652018,-17.208433,3.6454225,3.0341117,0.1940415,3
65.60275,0.83628035,43.99366587541631,11.366901677044904,0.4657452,0,8395.104,0.19973963,5,1,false,false,14.910402,-18.616533,3.524288,3.037079,0.18333587,3
65.27022,0.83649045,43.993657415392406,11.366894695591593,0.46646017,0,8301.584,0.22080281,5,1,false,false,14.495173,-20.311705,5.081106,3.0404449,0.23769502,3
64.93103,0.83669955,43.99364904545641,11.366887838548921,0.4646729,0,8146.5815,0.25154987,5,1,false,false,16.039795,-19.91877,5.460425,3.0451372,0.32525933,3
64.60113,0.8369077,43.99364067552041,11.366881106677813,0.4585965,0,8064.972,0.29125404,5,1,false,false,18.561317,-19.368286,7.143163,3.051112,0.3873562,3
64.27067,0.83711493,43.99363230530976,11.36687437442624,0.45120928,0,8018.967,0.31643325,5,1,false,false,22.316124,-19.454952,9.3713255,3.0579014,0.41839284,3
63.948273,0.8373211,43.99362393537376,11.36686776696577,0.44406053,0,7972.8125,0.32563245,5,1,false,false,24.481272,-18.643757,10.163822,3.0649877,0.43095502,3
63.628063,0.8375265,43.99361565552568,11.366861283915938,0.43321815,0,7927.008,0.3176429,5,1,false,false,26.78397,-18.840322,12.4825115,3.072308,0.44880202,3
63.293983,0.83773094,43.99360728531503,11.366854801246568,0.41963544,0,7985.747,0.29972744,5,1,false,false,27.796843,-20.14835,12.644935,3.0799828,0.46990037,3
62.95157,0.8379343,43.99359900546695,11.366848567778936,0.4062909,0,8057.184,0.28205484,5,1,false,false,27.621286,-19.352297,10.959255,3.0878901,0.47431248,3
62.64932,0.83813703,43.99359063553095,11.366842459102404,0.39199334,0,8026.714,0.2643814,5,1,false,false,26.68488,-16.375565,8.960403,3.0956392,0.45057145,3
62.382473,0.8383389,43.99358235540821,11.366836350045412,0.37674245,0,7980.863,0.24961314,5,1,false,false,24.168156,-15.055966,6.214005,3.1028004,0.41190967,3
62.126297,0.83854,43.993574075285466,11.36683036615998,0.35553443,0,7935.655,0.23750767,5,1,false,false,21.906261,-14.995576,5.504511,3.1093476,0.38517037,3
61.86777,0.83874077,43.993565795437384,11.36682450668519,0.3431431,0,7890.8994,0.23266533,5,1,false,false,20.509293,-15.380977,5.2955713,3.1157234,0.39485225,3
61.602978,0.8389407,43.99355751531464,11.366818772001498,0.33551776,0.5208334,8033.7974,0.23847625,0,1,false,false,20.420923,-15.570141,6.1043663,3.1225526,0.4329293,3
61.336834,0.83914,43.99354923546656,11.366813036937344,0.32932198,0.75,8609.582,0.25324452,0,1,false,false,21.961676,-15.374923,6.9310007,3.1300888,0.47080413,3
61.07143,0.83933884,43.993541045431726,11.366807427044753,0.32145834,0.12499997,8937.1455,0.27116004,4,1,false,false,24.82497,-14.963258,9.460295,3.1381521,0.4977138,3
60.82112,0.83953685,43.993532765308984,11.3668019415628,0.3160968,0,8901.54,0.27939168,4,1,false,false,27.0715,-14.241881,9.104822,-3.1365898,0.5147093,3
60.55998,0.8397343,43.99352457527415,11.366796580871949,0.31061593,0,8977.443,0.2743076,4,1,false,false,27.230566,-15.4898815,8.248407,-3.1279352,0.5211456,3
60.27738,0.8399313,43.993516385513985,11.366791344591734,0.30465862,0,9057.339,0.25857046,4,1,false,false,28.15314,-16.020872,9.99895,-3.1193306,0.5105897,3
60.016056,0.8401273,43.99350810539124,11.366786108311521,0.300012,0,9040.726,0.2365396,4,1,false,false,27.663992,-14.535623,9.02451,-3.111014,0.4967412,3
59.75546,0.8403229,43.99349991535641,11.366781121613508,0.29167166,0,8988.388,0.2237081,4,1,false,false,28.27826,-14.836104,10.860246,-3.1026242,0.52068555,3
59.497025,0.84051794,43.993491725321576,11.366776134915495,0.2884546,0,8937.1455,0.21934973,4,1,false,false,28.610048,-14.206344,9.386445,-3.0936663,0.5519128,3
59.261654,0.84071213,43.99348353528675,11.366771272628123,0.28642923,0,8885.675,0.22903402,4,1,false,false,27.048677,-12.960646,7.7662354,-3.0842192,0.5770695,3
59.034393,0.8409059,43.993475345526576,11.366766535512308,0.28642917,0,8834.24,0.24186552,4,1,false,false,29.066051,-12.522577,9.110079,-3.0748043,0.54589385,3
58.806664,0.84109914,43.99346715549174,11.366761922426674,0.2854761,0,8783.599,0.25397056,4,1,false,false,28.893202,-13.145935,8.376552,-3.0660493,0.51269203,3
58.570263,0.8412918,43.99345896545692,11.366757434512602,0.2847611,0,8733.349,0.2631709,4,1,false,false,28.942833,-13.350295,10.216467,-3.0576696,0.5022365,3
58.337677,0.84148383,43.99345077542208,11.366753071009168,0.2815442,0,8682.331,0.26994932,4,1,false,false,28.99562,-12.825535,8.8928585,-3.04928,0.50768596,3
58.107952,0.84167546,43.993442675475166,11.366748707505733,0.27808893,0,8632.761,0.27237105,4,1,false,false,28.818327,-12.8926115,8.392506,-3.040794,0.5128999,3
57.879074,0.84186625,43.99343448544033,11.3667445935845,0.27141663,0,8583.758,0.2694653,4,1,false,false,28.602753,-12.684801,9.66255,-3.032231,0.51627165,3
57.662617,0.8420566,43.993426385493414,11.366740479663266,0.26426786,0,8533.869,0.25784492,4,1,false,false,27.848688,-11.32358,6.801193,-3.023694,0.5094424,3
57.459282,0.84224635,43.99341819545858,11.36673649015267,0.25640413,0,8484.563,0.23097071,4,1,false,false,27.472717,-11.3604,7.3298807,-3.0153396,0.49754423,3
57.24304,0.8424354,43.99341009551166,11.366732625433176,0.24627665,0,8436.389,0.19296056,4,1,false,false,27.825108,-12.418879,9.589377,-3.0071318,0.49643475,3
57.016014,0.8426236,43.99340190547683,11.36672888512432,0.23495774,0,8454.353,0.14478111,4,1,false,false,26.978966,-12.822007,8.160909,-2.9989362,0.4918029,3
56.788006,0.8428108,43.99339380525526,11.366725269987025,0.22757056,0,8495.539,0.101928666,4,1,false,false,25.629059,-12.716868,7.992897,-2.9907212,0.4988641,3
56.56549,0.8429973,43.993385705308334,11.36672165446927,0.22459191,0,8484.365,0.06440213,4,1,false,false,26.458773,-12.252613,9.637845,-2.9823954,0.4996776,3
56.357784,0.843183,43.99337760536142,11.366718288533715,0.22208987,0,8435.447,0.03413725,4,1,false,false,26.37915,-11.029725,8.379564,-2.9741704,0.48758742,3
56.16566,0.8433677,43.99336959550241,11.3667149222177,0.21887289,0,8387.303,0.014768689,4,1,false,false,25.887508,-10.402204,8.514122,-2.966218,0.46444815,3
55.976025,0.84355175,43.99336149528083,11.366711680692784,0.21565592,0,8343.637,0.0152527355,4,1,false,false,26.162138,-10.59833,9.822051,-2.95872,0.43647164,3
55.781414,0.84373516,43.99335339533391,11.36670843954833,0.21053262,0,8329.212,0.038254023,4,1,false,false,27.304138,-10.76573,10.427252,-2.9517531,0.40005192,3
55.584435,0.8439177,43.9933453854749,11.366705447225153,0.20529012,0,8330.235,0.080622956,4,1,false,false,27.491331,-10.921012,10.2922535,-2.9452965,0.38080806,3
55.3929,0.84409964,43.993337375341234,11.366702455282438,0.19969021,0,8319.807,0.1353389,4,1,false,false,27.758284,-10.408183,9.598513,-2.9390082,0.3734952,3
55.210625,0.84428096,43.993329275394316,11.366699588130821,0.1912308,0,8292.043,0.20312887,4,1,false,false,27.741882,-9.929971,9.951981,-2.9328492,0.36800903,3
55.03783,0.84446156,43.993321265260654,11.366696845389844,0.18122248,0,8260.455,0.26849675,4,1,false,false,27.76729,-9.584377,9.966468,-2.9267359,0.36783957,3
54.869083,0.84464157,43.993313255401645,11.366694227059508,0.16716312,0,8237.377,0.33265412,4,1,false,false,27.624233,-9.453081,9.538191,-2.9205835,0.37676582,3
54.700306,0.8448211,43.993305245267976,11.366691609109632,0.14917193,0,8222.879,0.38857877,4,1,false,false,27.209084,-9.543327,9.376803,-2.9140494,0.4108906,3
54.539936,0.845,43.99329723540897,11.366689240361495,0.13832955,0,8207.286,0.43239832,4,1,false,false,26.732954,-8.750718,8.780674,-2.906957,0.4393535,3
54.384438,0.8451784,43.993289315363214,11.366686871613359,0.12891698,0,8188.971,0.46580762,4,1,false,false,27.446894,-8.687682,9.788258,-2.8994076,0.46883515,3
54.238567,0.84535646,43.993281305229544,11.366684627656321,0.1171214,0,8171.1455,0.4808175,4,1,false,false,26.848038,-8.139296,8.96314,-2.8914392,0.48832384,3
54.09991,0.845534,43.993273295370535,11.366682508109925,0.107947096,0,8153.1914,0.4742809,4,1,false,false,26.211187,-7.684688,8.680731,-2.8831694,0.50751746,3
53.96531,0.8457112,43.99326537532478,11.366680388943987,0.10198973,0,8134.7354,0.44813472,4,1,false,false,26.793516,-7.5717072,9.515032,-2.874578,0.52164143,3
53.83541,0.8458879,43.99325736546577,11.366678394188689,0.09865362,0,8116.385,0.409883,4,1,false,false,25.254898,-7.1914315,8.05252,-2.8658943,0.5273603,3
53.709026,0.8460643,43.99324944542002,11.366676524224493,0.09734302,0,8096.288,0.3675159,4,1,false,false,25.487637,-7.0969443,9.424732,-2.8570855,0.53171396,3
53.58364,0.8462404,43.993241525374266,11.366674778670935,0.09734303,0,8075.919,0.32757017,4,1,false,false,25.712265,-7.0616794,9.966979,-2.8482468,0.53334004,3
53.458946,0.8464161,43.993233605328506,11.366673157908476,0.098653644,0,8056.6187,0.28980157,4,1,false,false,25.624802,-6.8959374,9.848906,-2.8393247,0.53629214,3
53.33678,0.8465914,43.99322568528275,11.36667153752648,0.1003217,0,8036.903,0.26559103,4,1,false,false,25.79321,-6.809119,10.445351,-2.830443,0.5282502,3
53.2137,0.84676665,43.993217765237,11.366670041174661,0.104015276,0,8017.773,0.2542126,4,1,false,false,26.523277,-6.8672857,10.895884,-2.8217156,0.5154485,3
53.09095,0.8469414,43.9932098454659,11.366668669994404,0.10842369,0,7999.2505,0.2573599,4,1,false,false,26.849827,-6.682482,10.544922,-2.8132963,0.48972693,3
52.969837,0.8471159,43.993201925420145,11.366667298433685,0.11140237,0,7981.609,0.26970732,4,1,false,false,26.16898,-6.832841,9.696968,-2.8053768,0.46110833,3
52.84592,0.84729016,43.9931940954623,11.366666052044527,0.11295125,0,7962.266,0.28374943,4,1,false,false,26.52651,-6.9813623,11.171671,-2.797941,0.4326662,3
52.72081,0.8474641,43.99318617541655,11.366664929685548,0.11295127,0,7941.7627,0.2936758,4,1,false,false,26.563616,-7.0442443,10.281231,-2.7908955,0.4166536,3
52.596336,0.8476376,43.9931783454587,11.36666393249813,0.10604074,0,7922.9517,0.2948855,4,1,false,false,25.654032,-7.143041,10.362093,-2.784019,0.4140477,3
52.470364,0.84781086,43.9931705152262,11.36666305972135,0.10008338,0,7905.706,0.2873808,4,1,false,false,25.179485,-7.13559,10.697318,-2.7769916,0.42738622,3
52.35155,0.847984,43.99316268526835,11.366662187325032,0.08876444,0,7889.656,0.271402,4,1,false,false,24.835518,-6.656439,10.173695,-2.769871,0.42116803,3
52.23867,0.84815675,43.993154855310515,11.366661438958893,0.08376029,0,7877.6987,0.24864455,4,1,false,false,23.730587,-6.4233823,9.865491,-2.7629318,0.40945792,3
52.128918,0.84832907,43.99314702535267,11.366660815764314,0.08376028,0,7866.8267,0.22322308,4,1,false,false,23.48142,-6.3219004,11.006647,-2.756252,0.3878844,3
52.02347,0.84850156,43.99313928520807,11.366660192569736,0.088049576,0,7854.48,0.20482355,4,1,false,false,22.024488,-6.1524606,9.610607,-2.7500684,0.35647914,3
51.915356,0.8486736,43.993131455250236,11.366659693785795,0.09615154,0,7839.6,0.20433949,4,1,false,false,21.995844,-6.5446253,12.135941,-2.7443013,0.33957988,3
51.803974,0.84884524,43.9931237153803,11.366659319792957,0.10997261,0,7821.0293,0.22467618,4,1,false,false,21.654543,-6.5200243,11.736699,-2.738691,0.33273518,3
51.693954,0.8490169,43.99311597523571,11.366658945800117,0.12796378,0,7800.825,0.26413932,4,1,false,false,21.033052,-6.578377,9.834665,-2.7331808,0.32380536,3
51.579132,0.84918827,43.993108235365774,11.366658696217916,0.15703562,0,7780.4756,0.32248527,4,1,false,false,20.772419,-7.1369843,10.01357,-2.7277732,0.32337883,3
51.44851,0.8493591,43.993100495221185,11.366658447016178,0.17824376,0,7757.579,0.39729348,4,1,false,false,21.730518,-8.236119,12.428449,-2.7223265,0.33189368,3
51.308483,0.8495297,43.99309275535125,11.366658447016178,0.19552006,0,7730.9487,0.4842067,4,1,false,false,22.544586,-8.618248,10.9411745,-2.7166076,0.35930255,3
51.15371,0.84970015,43.99308510529457,11.366658322225078,0.20874542,0,7703.758,0.5725702,4,1,false,false,24.397413,-9.959059,13.339081,-2.7101185,0.4248397,3
50.98009,0.8498699,43.993077455237895,11.366658447016178,0.2179197,0,7675.572,0.64519805,4,1,false,false,26.506874,-10.718091,15.189246,-2.702172,0.52129567,3
50.803658,0.850039,43.993069805181214,11.366658571807278,0.2206601,0,7646.1206,0.7013627,4,1,false,false,28.203466,-10.448444,14.228834,-2.692651,0.60155576,3
50.633953,0.85020804,43.99306224521244,11.366658821009016,0.22066008,0,7618.0103,0.7357387,4,1,false,false,28.257998,-10.072417,12.51288,-2.6819408,0.6617531,3
50.460144,0.8503763,43.99305468524368,11.366659195001857,0.22066008,0,7588.5405,0.7420334,4,1,false,false,29.747473,-10.385822,13.543553,-2.6705377,0.6856871,3
50.28672,0.8505439,43.993047125274906,11.366659568994695,0.21839629,0,7561.877,0.732107,4,1,false,false,29.754057,-10.154898,13.216447,-2.6590545,0.6823204,3
50.11436,0.85071045,43.99303965539405,11.366660192569736,0.21422616,0,7537.9287,0.71370846,4,1,false,false,29.366081,-10.291778,13.214836,-2.6477122,0.6789246,3
49.9459,0.8508759,43.99303209542528,11.366660815764314,0.20457521,0,7509.7593,0.6916789,4,1,false,false,27.99234,-9.619956,10.750631,-2.636373,0.68123794,3
49.786354,0.85104066,43.99302471535768,11.366661563749993,0.19718817,0,7476.3843,0.67182744,4,1,false,false,27.326721,-9.404441,10.561964,-2.6251101,0.67528033,3
49.622925,0.85120493,43.99301724520216,11.366662436526772,0.18610749,0,7443.8906,0.6548815,4,1,false,false,27.265871,-9.818739,11.363997,-2.613835,0.6882089,3
49.452267,0.85136783,43.99300986540921,11.36666330930355,0.17597999,0,7416.952,0.64422935,4,1,false,false,28.213549,-9.826904,12.1398325,-2.6021166,0.7197254,3
49.28683,0.85152996,43.993002485341606,11.36666443128207,0.16489933,0,7395.146,0.64035594,4,1,false,false,28.142374,-9.355865,11.213795,-2.5897534,0.76467216,3
49.126495,0.85169154,43.992995195361914,11.366665553260587,0.15477183,0,7372.224,0.63866127,4,1,false,false,29.705297,-8.934126,11.8822565,-2.5765257,0.8096953,3
48.973267,0.8518523,43.99298790538222,11.366666800030206,0.14547834,0,7348.1323,0.63503075,4,1,false,false,30.9439,-8.283687,12.110971,-2.5627997,0.8221219,3
48.827557,0.85201216,43.99298061540253,11.366668046419363,0.13058504,0,7327.9854,0.6282521,4,1,false,false,31.795067,-7.8800373,12.5939865,-2.5491087,0.81166285,3
48.686356,0.85217154,43.99297332542284,11.366669542771183,0.11974263,0,7313.0444,0.62002045,4,1,false,false,32.341793,-7.384763,12.092974,-2.5357077,0.7884916,3
48.553516,0.8523304,43.992966125256395,11.36667103874254,0.11044919,0,7300.391,0.6108214,4,1,false,false,32.18384,-6.908289,11.618583,-2.522849,0.7527636,3
48.426544,0.8524884,43.99295901517787,11.366672659504998,0.105445,0,7286.054,0.6069473,4,1,false,false,31.373259,-6.43416,10.601759,-2.510567,0.7242184,3
48.305286,0.85264593,43.992951815286084,11.366674529469195,0.102347195,0,7267.738,0.6083999,4,1,false,false,31.048294,-6.2421327,10.676656,-2.498726,0.7018458,3
48.179962,0.85280293,43.992944795295465,11.366676399433393,0.09781963,0,7247.4136,0.61421025,4,1,false,false,30.617968,-6.7587924,10.932261,-2.487103,0.7058838,3
48.046642,0.85295933,43.99293768521694,11.36667826939759,0.092219695,0,7227.3096,0.6243783,4,1,false,false,31.375189,-7.1740165,12.162114,-2.4750657,0.7445579,3
47.913666,0.85311514,43.99293066522632,11.366680388943987,0.08745383,0,7208.3774,0.6364832,4,1,false,false,31.637062,-6.76568,11.443504,-2.462281,0.787943,3
47.7867,0.85327053,43.9929236452357,11.366682508109925,0.084594324,0,7191.146,0.6510086,4,1,false,false,31.845535,-6.272902,10.892393,-2.4487693,0.82319474,3
47.664906,0.8534254,43.992916715332996,11.366684752447421,0.0845943,0,7174.4307,0.664323,4,1,false,false,32.43158,-5.971234,11.43342,-2.4348743,0.83117974,3
47.543667,0.8535797,43.99290978515563,11.36668712119556,0.084832616,0,7156.6323,0.67594314,4,1,false,false,33.38717,-5.8205166,12.342515,-2.4210372,0.8206671,3
47.424644,0.85373366,43.99290285525292,11.366689614354334,0.08554749,0,7138.1875,0.6827216,4,1,false,false,33.38487,-5.539125,11.713349,-2.4074802,0.7994926,3
47.310432,0.8538871,43.99289601516347,11.36669223230421,0.08673896,0,7119.2935,0.6873211,4,1,false,false,33.027447,-5.357006,11.301528,-2.3944077,0.76860857,3
47.19497,0.8540401,43.99288917534867,11.366694975045187,0.08769212,0,7099.9106,0.69046825,4,1,false,false,32.878525,-5.4668627,11.456628,-2.3818045,0.7463067,3
47.076023,0.85419285,43.99288242534713,11.366697717786163,0.08769213,0,7080.2275,0.6940997,4,1,false,false,33.047028,-5.798893,11.557085,-2.369541,0.73056954,3
46.95183,0.85434514,43.99287576515884,11.36670058531824,0.08769213,0,7060.8193,0.70087785,4,1,false,false,32.34687,-6.0841517,11.36734,-2.3573818,0.7383583,3
46.82511,0.85449696,43.9928690151573,11.366703702052055,0.08769213,0,7041.207,0.70838296,4,1,false,false,32.34719,-6.262509,11.446955,-2.3448453,0.7693914,3
46.697144,0.8546483,43.992862355243666,11.366706693994772,0.08947933,0,7021.1763,0.7149196,4,1,false,false,32.289555,-6.1034036,11.007678,-2.3317378,0.7993658,3
46.568504,0.85479933,43.99285578514329,11.366709935519687,0.09114739,0,7000.5713,0.7214555,4,1,false,false,32.414814,-6.12335,11.282461,-2.3181558,0.8247164,3
46.438744,0.85495,43.99284921531757,11.366713177044602,0.09269628,0,6979.1235,0.7292025,4,1,false,false,33.09933,-6.1039615,11.849987,-2.3042293,0.83819556,3
46.30758,0.8551001,43.9928427353051,11.366716667771257,0.094840944,0,6957.428,0.73501235,4,1,false,false,33.563335,-6.0683866,12.041967,-2.2901561,0.8429608,3
46.177105,0.8552498,43.99283625529263,11.366720158497913,0.095913276,0,6935.7236,0.7391282,4,1,false,false,33.55107,-5.9122815,11.951377,-2.2760818,0.83925724,3
46.050713,0.8553995,43.99282986536808,11.366723773635208,0.09936853,0,6913.9175,0.74227524,4,1,false,false,33.20566,-5.6288633,11.312122,-2.2621841,0.8222418,3
45.929016,0.85554856,43.99282356525678,11.366727389152963,0.10306209,0,6891.633,0.74445367,4,1,false,false,32.063725,-5.3305163,10.515313,-2.2486935,0.7930355,3
45.80948,0.8556973,43.99281726514547,11.366731129461817,0.106517345,0,6867.993,0.74590623,4,1,false,false,31.277319,-5.3580427,10.317661,-2.2357886,0.7592001,3
45.683952,0.8558457,43.99281096530883,11.366735118591953,0.10866199,0,6843.392,0.7514737,4,1,false,false,31.53398,-6.163482,10.927736,-2.2234063,0.73837936,3
45.53678,0.8559939,43.992804755285434,11.366738983311446,0.10973433,0,6819.451,0.76067334,4,1,false,false,32.804577,-7.4103527,12.807449,-2.210997,0.7640705,3
45.379345,0.8561417,43.992798635349956,11.36674309761314,0.11068747,0,6795.8823,0.7713254,4,1,false,false,32.452984,-7.306631,11.689644,-2.1977766,0.82342523,3
45.234642,0.8562888,43.99279251513982,11.366747211534376,0.11068748,0,6770.6016,0.77810353,4,1,false,false,31.158783,-6.303525,10.366915,-2.18359,0.8625035,3
45.105495,0.8564356,43.99278648529224,11.36675145024671,0.11068748,0,6743.1953,0.7754403,4,1,false,false,29.82678,-5.718539,9.6122055,-2.1691725,0.8556537,3
44.974777,0.8565824,43.99278045517002,11.366755688959044,0.11068748,0,6716.3486,0.76406235,4,1,false,false,30.638784,-5.9882617,10.58395,-2.1551409,0.8243153,3
44.837627,0.8567287,43.9927745151357,11.366760177253578,0.10973431,0,6693.0024,0.7517166,4,1,false,false,30.763094,-6.0766406,10.990653,-2.1417284,0.789488,3
44.69488,0.85687447,43.992768665189296,11.366764540757012,0.106993936,0,6672.681,0.74324304,4,1,false,false,30.811544,-6.502601,11.217025,-2.1287062,0.7830604,3
44.545918,0.8570198,43.99276281524289,11.366769153462185,0.10079829,0,6651.1772,0.738886,4,1,false,false,31.539755,-6.7934446,12.086378,-2.1155398,0.8025806,3
44.3956,0.8571645,43.99275705510974,11.36677376616736,0.09341117,0,6627.724,0.73525435,4,1,false,false,31.927488,-6.48958,11.776634,-2.1019413,0.82650757,3
44.254242,0.8573087,43.992751385339155,11.366778503663632,0.082568794,0,6605.9297,0.73041236,4,1,false,false,30.95605,-5.8537164,10.473755,-2.0880046,0.8415805,3
44.122585,0.85745233,43.992745715293914,11.366783241159906,0.06707972,0,6588.0854,0.72290826,4,1,false,false,30.562386,-5.427053,10.19105,-2.0739105,0.84188527,3
43.99454,0.8575955,43.99274013533658,11.366788103066819,0.049565107,0,6573.6997,0.71419245,4,1,false,false,30.759773,-5.1489367,10.991848,-2.0599163,0.83147526,3
43.86315,0.8577376,43.99273455537926,11.366792965354193,0.029786728,0,6563.1304,0.70523566,4,1,false,false,31.937397,-5.34229,12.57893,-2.0460787,0.829515,3
43.728443,0.8578792,43.99272915504843,11.366798076843306,0.012272134,0,6556.8228,0.6962778,4,1,false,false,33.04615,-5.2149405,13.051424,-2.0320969,0.84606916,3
43.600433,0.8580203,43.992723665179014,11.366803063541319,0.0016680569,0,6553.3677,0.68441576,4,1,false,false,32.884907,-4.5127263,12.358112,-2.0177305,0.8690084,3
43.490166,0.85816103,43.992718355485415,11.366808299441072,0,0,6550.1606,0.6660177,4,1,false,false,31.222464,-3.5973265,10.708884,-2.003168,0.8646296,3
43.38524,0.85830086,43.9927130452425,11.366813535721285,0,0.007644883,6544.56,0.63527215,4,1,false,false,31.524963,-3.4472277,11.517538,-1.9888753,0.8425083,3
43.280354,0.8584403,43.9927078250875,11.366818896412136,0,0.044143036,6542.041,0.5929065,4,1,false,false,32.076237,-3.3302393,12.177183,-1.975007,0.81856376,3
43.179104,0.8585794,43.99270269502041,11.366824257102989,0,0.073489524,6549.529,0.5394043,4,1,false,false,32.137268,-2.9437523,12.270573,-1.9615154,0.7972978,3
43.08255,0.8587181,43.99269756550264,11.366829742584942,0,0.101356335,6576.306,0.47064963,4,1,false,false,31.460806,-2.7499752,11.553309,-1.9482557,0.7924829,3
42.990856,0.8588562,43.99269252497414,11.366835228066893,0,0.13711467,6633.5684,0.380831,4,1,false,false,31.159374,-2.521168,11.381668,-1.9350373,0.78651124,3
42.899162,0.8589939,43.99268748499496,11.366840963131047,0,0.16226879,6718.74,0.2793917,4,1,false,false,32.02565,-2.488817,12.703403,-1.9219369,0.7825234,3
42.80871,0.8591312,43.992682625191605,11.366846573023638,0,0.18125768,6738.4434,0.16875009,4,1,false,false,33.51353,-1.8840355,14.0090065,-1.90878,0.7916731,3
42.74127,0.85926837,43.99267776538825,11.366852432498431,0,0.19778049,6589.5854,0.05907473,4,1,false,false,32.68885,-0.01249063,12.914255,-1.8953428,0.8055211,3
42.69966,0.8594051,43.992672905035576,11.366858291973223,0,0.20813814,6492.9194,-0.054959856,4,1,false,false,31.219486,0.80348426,11.733081,-1.8818258,0.79735315,3
42.659866,0.85954165,43.99266822540804,11.366864151448015,0,0.21011096,6532.3286,-0.16052215,4,1,false,false,30.553394,0.33514374,11.597366,-1.8687565,0.75442284,3
42.6097,0.859678,43.99266354523119,11.366870135713906,0,0.21257709,6605.8325,-0.24623276,4,1,false,false,30.520952,-0.14734626,12.409255,-1.8565854,0.69651026,3
42.560505,0.8598142,43.99265886505434,11.366876244390438,0,0.22811341,6613.5996,-0.31838438,4,1,false,false,30.845371,0.18355167,12.734318,-1.8454891,0.633398,3
42.520466,0.85995024,43.9926542749654,11.36688247785807,0,0.24389645,6570.018,-0.36414537,4,1,false,false,30.549503,0.7643121,12.646815,-1.8352498,0.5964035,3
42.491226,0.860086,43.99264977496437,11.366888711325702,0,0.2604192,6543.8374,-0.37576723,4,1,false,false,29.586908,1.1338716,11.8148,-1.8255278,0.5635454,3
42.4681,0.8602218,43.99264536505125,11.366894944793332,0,0.2725031,6559.022,-0.3619668,4,1,false,false,28.01318,1.1886798,10.490213,-1.8164481,0.5164017,3
42.44749,0.8603574,43.992640955138135,11.366901303052064,0,0.2801479,6582.3774,-0.3302478,4,1,false,false,27.440012,1.1595714,10.495007,-1.8082789,0.46085373,3
42.430668,0.860493,43.992636635312934,11.366907785721434,0,0.2860665,6582.7686,-0.28037196,4,1,false,false,27.712755,1.2828813,10.534361,-1.8010168,0.4139907,3
42.417618,0.86062866,43.992632315487725,11.366914268390806,0,0.2895191,6565.5464,-0.22129339,4,1,false,false,28.70754,1.5000875,12.831972,-1.7943441,0.38847604,3
42.405014,0.8607642,43.99262808520111,11.366920751440636,0,0.2895191,6551.3125,-0.16487959,4,1,false,false,30.051918,1.3850498,13.765924,-1.7877933,0.3991527,3
42.392673,0.86089975,43.992623945002414,11.366927483692209,0,0.28754625,6552.605,-0.12178315,4,1,false,false,29.368141,1.2773938,12.220785,-1.7808101,0.42499584,3
42.385113,0.86103517,43.99261980535303,11.366934091152679,0,0.28655988,6562.8813,-0.09176078,4,1,false,false,28.49942,1.4173346,11.762192,-1.7735775,0.42242113,3
42.38345,0.8611709,43.99261575524224,11.36694082302379,0,0.2865598,6563.3184,-0.055443898,4,1,false,false,27.149057,1.6406062,10.998954,-1.766722,0.38011283,3
42.38963,0.8613065,43.99261170513145,11.36694768006646,0,0.2865598,6546.8145,-0.0007256046,4,1,false,false,26.459625,1.8997608,10.70925,-1.7609267,0.30578566,3
42.39993,0.8614422,43.99260774510858,11.36695453672867,0,0.2865598,6523.672,0.08546532,4,1,false,false,25.961061,1.8123134,10.889267,-1.7563928,0.24161464,3
42.41043,0.8615779,43.99260387517361,11.36696151818198,0,0.2865598,6509.5283,0.19780295,4,1,false,false,26.027164,1.5284464,11.445062,-1.7527469,0.20388626,3
42.41754,0.86171395,43.99260000523864,11.366968499635291,0,0.2865598,6509.196,0.32660103,4,1,false,false,25.780317,1.0688399,11.582161,-1.7494273,0.20273311,3
42.422577,0.86185014,43.99259622539159,11.366975605879702,0,0.28557342,6516.036,0.45176598,4,1,false,false,25.37226,0.87376124,11.132776,-1.7458293,0.22997195,3
42.428886,0.8619862,43.99259244499522,11.366982712124113,0,0.28557336,6522.2456,0.5786227,4,1,false,false,24.683596,0.8120019,10.605273,-1.7416933,0.26366267,3
42.43768,0.8621224,43.99258875523607,11.366989818368522,0,0.28557336,6523.309,0.68393236,4,1,false,false,23.590076,0.802483,10.107903,-1.7369758,0.29812852,3
42.448956,0.86225903,43.992585155015526,11.366997049023572,0,0.28557336,6520.854,0.77350414,4,1,false,false,23.350662,0.859173,10.915887,-1.7316757,0.33287418,3
42.461826,0.86239576,43.99258155534429,11.367004279678621,0,0.28409368,6517.0864,0.835961,4,1,false,false,23.089808,0.7747293,10.8041315,-1.7258149,0.3660896,3
42.4742,0.8625325,43.99257795512374,11.367011635505232,0,0.28384712,6515.14,0.86888504,4,1,false,false,22.41643,0.68261635,10.617042,-1.7194124,0.39716372,3
42.486244,0.86266935,43.992574535079015,11.367018990951383,0,0.2838471,6518.473,0.8800201,4,1,false,false,21.894249,0.5748329,10.275564,-1.7125401,0.42476714,3
42.498505,0.8628065,43.99257102494638,11.367026346397532,0,0.2838471,6525.093,0.8742103,4,1,false,false,22.375273,0.5599234,11.578497,-1.7052143,0.45221367,3
42.511066,0.8629441,43.992567605450965,11.367033826634781,0,0.2838471,6528.399,0.862349,4,1,false,false,22.109234,0.6139646,10.985695,-1.6974483,0.4763637,3
42.524292,0.8630817,43.99256427494483,11.36704130649157,0,0.28877932,6530.6577,0.8502442,4,1,false,false,21.720457,0.5730171,10.949031,-1.6893175,0.49894267,3
42.53705,0.8632193,43.992560944988014,11.367048911519921,0,0.30258942,6541.539,0.84080297,4,1,false,false,21.810104,0.5570962,11.128132,-1.680729,0.5295496,3
42.55281,0.8633571,43.99255770511911,11.36705639175717,0,0.33242914,6567.4307,0.83499336,4,1,false,false,21.689535,0.8984116,10.885425,-1.6716578,0.54997045,3
42.573875,0.8634952,43.99255446525021,11.36706399640506,0,0.36103573,6594.5776,0.83281374,4,1,false,false,21.402319,1.2095494,9.992327,-1.6624081,0.55656403,3
42.601944,0.86363333,43.992551315469214,11.367071725844049,0,0.38569668,6607.599,0.8354771,4,1,false,false,21.06135,1.7264553,10.211521,-1.6530504,0.564107,3
42.639732,0.8637717,43.992548165138906,11.367079455283038,0,0.4088779,6610.534,0.84225553,4,1,false,false,21.415525,2.289718,10.950755,-1.6435951,0.56817305,3
42.68241,0.86391,43.99254510544582,11.36708718510249,0,0.43057948,6614.944,0.84854954,4,1,false,false,21.621857,2.4468715,10.518007,-1.6340768,0.57487565,3
42.72774,0.8640481,43.99254204520342,11.367094914541479,0,0.45030823,6630.2563,0.8524224,4,1,false,false,21.412498,2.6809843,9.966389,-1.6243988,0.58510983,3
42.77783,0.8641863,43.99253907504894,11.367102768771566,0,0.46609128,6652.0474,0.8555697,4,1,false,false,20.677792,3.019214,9.129391,-1.6146418,0.5840446,3
42.831852,0.86432457,43.99253610544377,11.367110622621196,0,0.47151664,6665.1313,0.8604114,4,1,false,false,20.916214,3.1770084,9.861424,-1.6049839,0.5780287,3
42.88801,0.864463,43.99253322537719,11.367118601642385,0,0.47373608,6667.1865,0.8671905,4,1,false,false,21.888575,3.3243906,10.279096,-1.5953698,0.5804695,3
42.944084,0.86460125,43.99253034531061,11.367126580283115,0,0.4737361,6669.6606,0.8746944,4,1,false,false,22.976795,3.2315254,10.991624,-1.5856229,0.5931529,3
42.994072,0.86473954,43.99252755533195,11.367134559304302,0,0.4737361,6680.1987,0.8790525,4,1,false,false,23.123652,2.8482833,10.582727,-1.5755037,0.6229819,3
43.043167,0.8648779,43.99252476535329,11.367142662736132,0,0.4737361,6702.7046,0.87735784,4,1,false,false,23.314426,3.0804772,10.7589245,-1.564815,0.65120906,3
43.093628,0.86501634,43.99252206546253,11.367150766167962,0,0.4737361,6724.353,0.8688848,4,1,false,false,24.211906,3.1723537,11.322886,-1.5537993,0.6635531,3
43.144592,0.86515474,43.99251936502246,11.36715886998025,0,0.4737361,6734.159,0.8550859,4,1,false,false,24.51613,3.2301679,11.125618,-1.5426202,0.6710938,3
43.197937,0.86529315,43.99251675521962,11.367167097822719,0,0.4737361,6735.378,0.839593,4,1,false,false,25.05111,3.3716874,11.657605,-1.5313652,0.6734385,3
43.25082,0.86543167,43.99251423495537,11.367175326045647,0,0.4737361,6737.148,0.8224049,4,1,false,false,25.442713,3.3352356,11.451149,-1.5200648,0.67602545,3
43.30222,0.8655703,43.99251180532835,11.367183679059677,0,0.4737361,6745.781,0.8011017,4,1,false,false,25.207916,3.3985028,11.22027,-1.5087365,0.67491186,3
43.35428,0.865709,43.99250937515201,11.367191907282605,0,0.4737361,6760.0044,0.77834564,4,1,false,false,25.652815,3.3158085,11.398317,-1.497535,0.66535336,3
43.40345,0.86584765,43.99250694497567,11.367200384707273,0,0.4737361,6771.745,0.75462085,4,1,false,false,26.16474,3.2553973,12.394656,-1.4864442,0.6629676,3
43.454338,0.8659864,43.99250469497516,11.367208737721302,0,0.47151667,6777.6475,0.7347701,4,1,false,false,26.081419,3.4523637,11.45855,-1.4753815,0.6585993,3
43.507114,0.86612535,43.99250244497465,11.36721721514597,0,0.47151664,6781.189,0.713467,4,1,false,false,24.295311,3.476508,9.70035,-1.4644854,0.64310265,3
43.561844,0.86626434,43.992500194974134,11.367225692570639,0,0.46954378,6789.7275,0.6916791,4,1,false,false,23.508738,3.555301,9.342798,-1.4539639,0.61710924,3
43.616695,0.86640346,43.992498125149446,11.367234294786407,0,0.4633786,6800.047,0.666502,4,1,false,false,23.422054,3.5564256,9.95219,-1.4438957,0.59125465,3
43.669437,0.8665426,43.99249605532475,11.367242772211075,0,0.46337852,6806.467,0.64301926,4,1,false,false,23.808952,3.2821026,10.28173,-1.4342684,0.5706305,3
43.713863,0.8666819,43.99249398495074,11.367251374426843,0,0.46337852,6813.7476,0.61832577,4,1,false,false,24.745968,2.8070564,11.80624,-1.424701,0.5867281,3
43.756283,0.8668212,43.99249200521396,11.367260101433711,0,0.46337852,6830.4585,0.5936325,4,1,false,false,24.689114,3.0645149,10.715532,-1.4145887,0.6203076,3
43.80531,0.8669607,43.99249011501578,11.36726882806012,0,0.46337852,6853.3364,0.5677289,4,1,false,false,23.55688,3.3161783,9.306319,-1.4041361,0.62308025,3
43.85651,0.8671004,43.992488225366905,11.367277430275887,0,0.46337852,6865.28,0.54158264,4,1,false,false,22.756577,3.42658,9.267036,-1.3938575,0.60492533,3
43.912933,0.8672401,43.992486515344545,11.367286282073856,0,0.46337852,6863.909,0.5183422,4,1,false,false,23.305534,3.8904507,10.45206,-1.3839911,0.57381105,3
43.972076,0.8673799,43.99248471523427,11.367295008700262,0,0.46337852,6854.7974,0.5016377,4,1,false,false,22.896212,3.7691743,9.381088,-1.3747858,0.53350705,3
44.023792,0.8675201,43.9924830052119,11.36730386011777,0,0.46337852,6854.7983,0.49316406,4,1,false,false,22.876894,3.2039938,9.917308,-1.3660258,0.5263568,3
44.071686,0.8676603,43.99248138527745,11.367312711915739,0,0.46337852,6874.4956,0.49389052,4,1,false,false,23.879282,3.2227006,11.208556,-1.3571436,0.54045165,3
44.12098,0.86780065,43.992479855430915,11.367321563333247,0,0.46979043,6899.8057,0.50284785,4,1,false,false,24.759314,3.2676373,11.649052,-1.3480232,0.55012167,3
44.1707,0.8679411,43.99247832503505,11.367330414750754,0,0.49543765,6920.338,0.5159206,4,1,false,false,23.507517,3.4561632,9.44675,-1.3387734,0.55199444,3
44.226818,0.86808187,43.992476885276425,11.367339390959362,0,0.5279901,6945.4263,0.5309312,4,1,false,false,23.022743,3.732589,9.328365,-1.3295995,0.5452526,3
44.291992,0.8682228,43.99247544496848,11.367348367167969,0,0.5699138,6976.373,0.54836124,4,1,false,false,21.805765,4.586451,8.543164,-1.3205807,0.5253248,3
44.370995,0.86836386,43.99247409529776,11.367357343376577,0,0.6155363,7003.709,0.56579196,4,1,false,false,21.521004,5.117625,9.226038,-1.3122158,0.48009422,3
44.454876,0.8685052,43.992472835165636,11.367366444376286,0,0.655487,7019.22,0.58709604,4,1,false,false,21.603628,5.1569886,9.006443,-1.3045044,0.4570285,3
44.53739,0.86864704,43.99247157503351,11.367375420584892,0,0.67521596,7034.625,0.6151794,4,1,false,false,23.017635,5.2844553,10.961559,-1.2967525,0.48305124,3
44.62689,0.8687891,43.9924704049893,11.367384521204139,0,0.68779284,7059.867,0.6435034,4,1,false,false,24.138906,5.554112,11.174577,-1.2883626,0.5248036,3
44.71444,0.86893135,43.992469234945084,11.367393622203847,0,0.6919853,7084.868,0.6655328,4,1,false,false,23.103159,5.717331,10.092394,-1.2791898,0.56837463,3
44.812874,0.8690739,43.992468245076694,11.367402847614194,0,0.6929716,7111.565,0.6706175,4,1,false,false,22.900455,6.3203964,9.950755,-1.2694563,0.5876006,3
44.915615,0.8692171,43.992467165120395,11.367411948613903,0,0.69297165,7128.496,0.66311246,4,1,false,false,25.323797,6.5027137,12.173591,-1.2595545,0.59560895,3
45.017822,0.86936074,43.992466265339914,11.36742117402425,0,0.69297165,7126.503,0.65270305,4,1,false,false,26.063728,6.459608,12.381731,-1.2495015,0.6040754,3
45.12028,0.8695045,43.99246536501012,11.367430524225696,0,0.68853277,7116.633,0.6401139,4,1,false,false,25.634369,6.600613,11.573768,-1.2393193,0.60830116,3
45.22065,0.86964864,43.992464555317554,11.367439750016505,0,0.6808877,7122.079,0.6224415,4,1,false,false,25.023716,6.4375887,11.215576,-1.2291048,0.60915565,3
45.32527,0.86979336,43.99246374507567,11.367449100217952,0,0.67398274,7143.815,0.60113764,4,1,false,false,26.529842,6.651344,12.661341,-1.2190089,0.59239227,3
45.42341,0.8699385,43.992463115009606,11.367458450419399,0,0.6732428,7156.9604,0.5783811,4,1,false,false,26.930906,6.079923,12.4712715,-1.2092524,0.57648987,3
45.514236,0.8700839,43.992462484943545,11.367467800620846,0,0.6732429,7160.073,0.55901355,4,1,false,false,27.590416,5.7780185,13.296364,-1.1995771,0.58338445,3
45.60255,0.8702296,43.99246194496539,11.367477275232932,0,0.67842174,7172.644,0.5415828,4,1,false,false,27.672874,5.780354,13.197893,-1.1895775,0.60736245,3
45.694603,0.8703753,43.99246140498724,11.36748662543438,0,0.6868063,7199.49,0.52802604,4,1,false,false,27.24723,6.0719666,12.471297,-1.1792333,0.61870915,3
45.79131,0.87052107,43.99246104518491,11.367496100426926,0,0.69716406,7225.913,0.5193106,4,1,false,false,25.96842,6.2835937,11.179017,-1.1688986,0.6067136,3
45.895172,0.87066716,43.99246068538258,11.367505575419473,0,0.7090011,7242.3857,0.515679,4,1,false,false,26.067421,6.8610506,12.00235,-1.1589272,0.5785694,3
46.00463,0.8708134,43.99246041511885,11.36751517482266,0,0.72330457,7248.2393,0.5193106,4,1,false,false,26.118048,6.953896,12.135763,-1.1495389,0.54365623,3
46.114975,0.87095976,43.992460145404436,11.367524649815207,0,0.74254,7254.6245,0.53480387,4,1,false,false,25.959116,6.9558067,12.076902,-1.1406641,0.5194345,3
46.22393,0.8711062,43.99246005531652,11.367534249218394,0,0.7610359,7273.5757,0.557561,4,1,false,false,25.870205,6.8243046,12.250095,-1.1320505,0.512323,3
46.328102,0.8712529,43.99245996522861,11.367543848621581,0,0.77681863,7303.6006,0.58709604,4,1,false,false,27.33165,6.3724957,13.571967,-1.1233529,0.53029686,3
46.430065,0.87139994,43.99245996522861,11.367553448405229,0,0.7827375,7328.6616,0.6163889,4,1,false,false,28.104816,6.53994,13.922873,-1.114155,0.5635308,3
46.537174,0.87154686,43.99245996522861,11.367563047808416,0,0.78421724,7339.6143,0.63938737,4,1,false,false,27.385603,6.9078865,12.622061,-1.1043949,0.59091365,3
46.649284,0.871694,43.992460145404436,11.3675727720027,0,0.78421706,7348.033,0.64979804,4,1,false,false,26.874128,7.2708955,12.366989,-1.0942848,0.6047253,3
46.76778,0.8718415,43.99246032503094,11.367582371786348,0,0.78421706,7361.927,0.6485873,4,1,false,false,27.280203,7.33628,12.97148,-1.0841981,0.5929299,3
46.882248,0.87198925,43.99246059529467,11.367592095980635,0,0.78175086,7369.4487,0.64180875,4,1,false,false,27.57985,7.0283055,13.616695,-1.0743722,0.5799848,3
46.992405,0.872137,43.992460955097,11.367601820174922,0,0.7770653,7373.753,0.6297037,4,1,false,false,27.36352,6.9061527,13.125484,-1.0646358,0.58172435,3
47.101894,0.87228507,43.99246140498724,11.367611544369208,0,0.7770654,7391.229,0.6142102,4,1,false,false,26.923126,6.891395,12.259187,-1.0548184,0.58730125,3
47.212788,0.8724334,43.9924618554268,11.367621268563495,0,0.7770654,7420.8896,0.59774834,4,1,false,false,26.164652,6.9303384,11.687983,-1.0449988,0.5804271,3
47.32535,0.872582,43.99246239540495,11.36763111716842,0,0.7810111,7445.483,0.57959163,4,1,false,false,25.878473,6.953849,12.187823,-1.0354391,0.56112933,3
47.43665,0.87273073,43.9924630249217,11.367640841362707,0,0.7918619,7459.3857,0.5648239,4,1,false,false,25.888126,6.8580246,12.134144,-1.0261749,0.54945606,3
47.546158,0.8728797,43.99246374507567,11.367650690348094,0,0.8115908,7477.8994,0.5517506,4,1,false,false,26.31417,6.754214,12.776036,-1.0169404,0.5560797,3
47.653915,0.8730289,43.992464555317554,11.367660539333482,0,0.8362516,7507.1562,0.5389202,4,1,false,false,26.255512,6.710795,12.748825,-1.0074682,0.57344043,3
47.76492,0.8731784,43.99246536501012,11.367670263527767,0,0.85745996,7539.755,0.5256044,4,1,false,false,25.892569,7.168754,12.558717,-0.9976881,0.58601385,3
47.883144,0.87332815,43.992466265339914,11.367680112513154,0,0.8688039,7563.198,0.50986904,4,1,false,false,25.49852,7.4964457,11.889878,-0.9878465,0.58200085,3
48.006245,0.87347806,43.992467255208304,11.36768996111808,0,0.8742292,7574.779,0.4912273,4,1,false,false,25.568436,7.7343516,12.4878,-0.97816825,0.5700371,3
48.130024,0.8736284,43.99246833516461,11.367699810103467,0,0.8776819,7581.24,0.474765,4,1,false,false,25.9717,7.6823206,13.2174225,-0.968696,0.5602918,3
48.252693,0.87377906,43.99246941512091,11.367709659088854,0,0.8808877,7592.0737,0.45927107,4,1,false,false,26.230862,7.618834,13.104368,-0.95933646,0.5556344,3
48.37405,0.87393,43.99247058516512,11.36771963248488,0,0.88705295,7612.763,0.44159824,4,1,false,false,25.92343,7.567611,12.529395,-0.9500254,0.55205655,3
48.49624,0.87408125,43.992471845297246,11.367729481470267,0,0.89593077,7638.6025,0.42610338,4,1,false,false,25.598179,7.628215,12.444697,-0.94082665,0.54156446,3
48.620304,0.87423277,43.992473194967964,11.367739330455652,0,0.9070285,7658.356,0.41085163,4,1,false,false,25.684198,7.7038374,13.12196,-0.93187463,0.5250648,3
48.74414,0.87438464,43.992474545187996,11.36774930385168,0,0.9205918,7670.522,0.3994731,4,1,false,false,25.812338,7.7302694,13.224373,-0.9231472,0.51511765,3
48.86883,0.87453693,43.99247607503454,11.367759152837065,0,0.9373614,7683.919,0.3955989,4,1,false,false,25.897606,7.709015,13.154144,-0.9145368,0.5098793,3
48.992706,0.8746895,43.992477605430395,11.367769126233092,0,0.9561035,7701.986,0.39923108,4,1,false,false,26.150175,7.664791,13.90207,-0.9059467,0.5105869,3
49.117218,0.8748424,43.992479225364846,11.367779100009578,0,0.9785451,7721.809,0.4081884,4,1,false,false,26.737192,7.7890987,14.624444,-0.8972895,0.51419836,3
49.242115,0.8749958,43.992480845299305,11.367788948614505,0,0.9999999,7737.679,0.4176301,4,1,false,false,27.507942,7.7528844,15.319308,-0.8885238,0.5225191,3
49.370102,0.8751496,43.992482645409574,11.36779892239099,0,1,7746.4507,0.42610344,4,1,false,false,27.684275,8.067883,14.995741,-0.8796203,0.5249553,3
49.501297,0.8753037,43.992484444970536,11.367808895787016,0,1,7750.986,0.42828205,4,1,false,false,27.906015,8.1870575,14.900915,-0.8707532,0.5174865,3
49.632675,0.8754581,43.99248633516872,11.367818744772404,0,1,7756.1025,0.42271417,4,1,false,false,27.54301,8.138028,14.616257,-0.86211824,0.50087357,3
49.76802,0.8756132,43.99248831545482,11.367828718168429,0,1,7763.294,0.41085157,4,1,false,false,27.328514,8.162538,14.614636,-0.85391253,0.46794754,3
49.898113,0.87576866,43.99249038527951,11.367838691944916,0,1,7767.531,0.39366257,4,1,false,false,26.795252,8.021738,15.138431,-0.846241,0.4432383,3
50.02738,0.87592447,43.992492545192114,11.367848540549842,0,1,7777.6094,0.37259996,4,1,false,false,26.15321,7.6098814,14.678325,-0.8389157,0.4277846,3
50.15448,0.8760806,43.99249470510472,11.367858514326329,0,1,7795.467,0.34911644,4,1,false,false,24.414032,7.7515388,13.713476,-0.83175755,0.41666335,3
50.28446,0.87623745,43.99249695510523,11.367868487722355,0,1,7816.249,0.32369587,4,1,false,false,22.246822,7.756238,12.229552,-0.8249379,0.38935956,3
50.41442,0.8763945,43.99249929519365,11.367878461498842,0,1,7835.501,0.2975491,4,1,false,false,21.12336,7.7247057,13.782801,-0.8186164,0.36161086,3
50.54661,0.876552,43.99250172536999,11.367888310103767,0,1,7850.701,0.271644,4,1,false,false,19.743212,7.8733907,12.834875,-0.81273913,0.33389172,3
50.676228,0.87671,43.992504154997015,11.367898283880255,0,1,7861.523,0.24985519,4,1,false,false,17.765055,7.3264427,11.449231,-0.8073663,0.30886456,3
50.80213,0.8768685,43.99250667526126,11.36790825727628,0,1,7886.229,0.23387639,4,1,false,false,16.966322,7.418773,12.256585,-0.8022148,0.30303764,3
50.93446,0.8770272,43.99250919497619,11.367918230672307,0,1,7920.232,0.23992889,4,1,false,false,16.7884,7.7290096,14.149577,-0.79718333,0.28850803,3
51.063778,0.8771863,43.99251180532835,11.367928079657693,0,1,7935.0483,0.26922327,4,1,false,false,16.509493,7.338902,13.205041,-0.79238486,0.27947715,3
51.194736,0.877346,43.99251441513119,11.36793805343418,0,1,7940.4844,0.31498054,4,1,false,false,16.881382,7.8195043,12.878793,-0.7875459,0.28853795,3
51.3305,0.87750614,43.99251711502195,11.367948026830206,0,1,7951.479,0.38010496,4,1,false,false,17.212818,8.028845,12.982616,-0.7825539,0.2981105,3
51.463055,0.87766653,43.99251981546202,11.367958000226231,0,1,7962.525,0.4537027,4,1,false,false,17.951889,7.565543,13.570419,-0.77743685,0.31131425,3
51.589237,0.87782717,43.99252260544068,11.367967974002719,0,1,7975.023,0.54424584,4,1,false,false,19.40633,7.121784,13.973747,-0.7719517,0.34592748,3
51.708622,0.877988,43.99252548495794,11.367977947398744,0,1,7997.0444,0.62244153,4,1,false,false,21.107676,6.754894,14.295592,-0.7656211,0.40804502,3
51.822174,0.87814903,43.99252836502452,11.367987921175231,0,1,8031.5576,0.69603634,4,1,false,false,22.374168,6.5479827,13.61717,-0.7581116,0.48042724,3
51.93759,0.8783103,43.992531335179,11.367997894571257,0,1,8068.4473,0.7468746,4,1,false,false,22.229906,6.836423,11.8452835,-0.74955016,0.5266266,3
52.054565,0.8784719,43.9925343954214,11.368007867967284,0,1,8092.984,0.7759242,4,1,false,false,23.21241,6.795657,12.337017,-0.7405445,0.5469242,3
52.16998,0.8786336,43.99253745511449,11.36801771695267,0,1,8106.431,0.7848822,4,1,false,false,24.541925,6.802004,13.777613,-0.7311796,0.57338226,3
52.28136,0.8787957,43.992540605444795,11.368027690348697,0,1,8119.983,0.77544034,4,1,false,false,25.324652,6.2275963,13.447976,-0.72133535,0.60658956,3
52.383717,0.8789579,43.9925438453137,11.368037539334082,0,1,8149.433,0.7497794,4,1,false,false,24.831285,6.0975757,10.993151,-0.7108247,0.6476435,3
52.491753,0.87912023,43.9925470851826,11.36804751311057,0,1,8200.306,0.70523554,4,1,false,false,25.314686,6.5917883,12.19746,-0.69981545,0.66145575,3
52.59889,0.87928295,43.99255041513942,11.368057361715495,0,1,8237.529,0.6548813,4,1,false,false,25.65364,6.626797,12.413963,-0.6888255,0.6533451,3
52.70677,0.8794458,43.99255383518415,11.368067210700882,0,1,8248.609,0.59871656,4,1,false,false,25.558376,6.4769316,11.8299,-0.6780098,0.64513725,3
52.811226,0.8796089,43.99255734531678,11.36807705968627,0,1,8260.923,0.54545677,4,1,false,false,24.862724,6.5388565,10.729332,-0.6671864,0.6511676,3
52.91771,0.87977225,43.992560855449426,11.368086908291195,0,1,8297.827,0.50309014,4,1,false,false,25.495747,6.6988826,12.245963,-0.6562989,0.6499258,3
53.022022,0.8799358,43.99256445512066,11.368096632485482,0,1,8338.634,0.46943897,4,1,false,false,26.17785,6.742335,12.357853,-0.6454909,0.6413387,3
53.126877,0.88009965,43.99256814542912,11.36810635706023,0,1,8361.983,0.44668207,4,1,false,false,26.74567,6.79074,12.34512,-0.6348554,0.6310232,3
53.23186,0.88026375,43.992571925276174,11.368116205665155,0,1,8371.398,0.43167225,4,1,false,false,27.202549,6.9897394,12.734049,-0.6243219,0.62747216,3
53.340927,0.8804281,43.99257570512323,11.368125805448802,0,1,8382.716,0.4258614,4,1,false,false,27.972944,7.207567,13.116644,-0.61388445,0.61757874,3
53.44651,0.8805927,43.9925796651461,11.368135529643089,0,1,8397.3545,0.42489272,4,1,false,false,28.330692,6.8767695,12.477156,-0.6036206,0.6098972,3
53.550755,0.88075763,43.99258362516898,11.368145253837374,0,1,8417.005,0.4268304,4,1,false,false,28.092737,7.023248,11.845518,-0.59347266,0.60056645,3
53.655804,0.8809228,43.992587585191856,11.368154853240561,0,1,8437.981,0.4287671,4,1,false,false,28.207367,6.9643984,11.9970255,-0.5835785,0.58285093,3
53.75829,0.88108826,43.99259172539056,11.368164452643748,0,1,8454.679,0.43094534,4,1,false,false,28.791693,6.916877,13.038471,-0.57392424,0.5747553,3
53.858383,0.88125396,43.992595865039945,11.368173927636295,0,1,8468.519,0.43409312,4,1,false,false,28.483313,6.534707,11.658641,-0.56432456,0.57679594,3
53.955254,0.8814201,43.99260018541447,11.368183527039482,0,1,8490.539,0.43699822,4,1,false,false,28.225378,6.657916,11.430415,-0.5545576,0.5883757,3
54.05374,0.88158643,43.99260450523967,11.36819300203203,0,1,8520.908,0.4396615,4,1,false,false,28.288017,6.706855,11.7491455,-0.5447082,0.5875347,3
54.153942,0.881753,43.99260882506488,11.368202477024576,0,1,8545.662,0.44329283,4,1,false,false,28.105202,6.8516026,10.663997,-0.5349576,0.57749695,3
54.253937,0.88192,43.9926133250659,11.368211827226023,0,1,8558.979,0.45007142,4,1,false,false,28.203724,6.8690767,11.022377,-0.52540356,0.56916744,3
54.35336,0.8820873,43.99261782506694,11.36822117742747,0,1,8569.019,0.45830253,4,1,false,false,28.6135,6.6987853,12.216648,-0.51589346,0.5737721,3
54.45104,0.88225484,43.99262241515587,11.368230527628919,0,1,8584.144,0.46411294,4,1,false,false,28.923517,6.710239,11.482558,-0.5061906,0.58572596,3
54.545822,0.8824227,43.99262709533272,11.368239753039266,0,1,8607.505,0.4592711,4,1,false,false,27.773771,6.5654135,10.107634,-0.49635434,0.58794093,3
54.64384,0.88259095,43.99263186504817,11.368249103240712,0,1,8636.473,0.44232422,4,1,false,false,27.534906,6.9016824,10.383621,-0.48664635,0.57273906,3
54.74435,0.88275963,43.992636635312934,11.36825820424042,0,1,8654.917,0.414725,4,1,false,false,27.035835,6.8140097,9.842116,-0.47728905,0.5509297,3
54.84213,0.88292843,43.99264149511629,11.368267429650768,0,1,8660.278,0.37962142,4,1,false,false,26.664295,6.5175714,9.80059,-0.46828136,0.53620833,3
54.93362,0.8830977,43.99264644500756,11.368276530650474,0,1,8675.398,0.33822206,4,1,false,false,27.703707,6.2793126,11.488503,-0.45928568,0.549891,3
55.020824,0.8832674,43.99265139544814,11.368285631269721,0,1,8711.094,0.2905286,4,1,false,false,29.25608,6.049941,13.191562,-0.44981,0.5878553,3
55.108124,0.8834373,43.99265643542732,11.36829460747833,0,1,8748.015,0.2375077,4,1,false,false,27.686495,6.529796,10.738157,-0.43963563,0.6164118,3
55.20462,0.8836075,43.99266156549441,11.368303708478038,0,1,8768.267,0.18860272,4,1,false,false,28.289127,6.9824066,11.990269,-0.42935434,0.6071257,3
55.309036,0.8837784,43.9926667851001,11.368312559895545,0,1,8767.336,0.14599223,4,1,false,false,29.940344,7.706444,13.620518,-0.41937366,0.57988006,3
55.417507,0.8839495,43.992672005255095,11.368321536104153,0,1,8748.144,0.121054284,4,1,false,false,30.121496,7.440993,13.094378,-0.41003644,0.537239,3
55.517376,0.88412094,43.99267731549801,11.368330263111021,0,1,8735.2,0.11597031,4,1,false,false,31.348019,7.2892995,15.080744,-0.4011887,0.5208288,3
55.61882,0.8842932,43.992682715279514,11.36833911452853,0,1,8747.848,0.12807627,4,1,false,false,32.33865,7.3945575,14.957398,-0.3925634,0.50457937,3
55.71855,0.8844657,43.99268820514894,11.368347841535398,0,1,8763.369,0.15131815,4,1,false,false,31.418863,7.190925,13.002168,-0.38430434,0.47727066,3
55.823235,0.88463855,43.99269378510627,11.368356443751166,0,1,8766.248,0.18327625,4,1,false,false,30.674309,7.519342,12.484304,-0.37666157,0.43097118,3
55.930977,0.884812,43.992699365063594,11.368365045966934,0,1,8757.244,0.21717152,4,1,false,false,30.137726,7.405166,12.190381,-0.3698731,0.38366488,3
56.035046,0.884986,43.992705035108834,11.36837364780224,0,1,8750.829,0.25590724,4,1,false,false,29.078,6.959395,11.424185,-0.36373097,0.35724872,3
56.133152,0.8851604,43.99271079524199,11.36838212560737,0,1,8765.212,0.28859192,4,1,false,false,28.020992,6.5603123,11.069349,-0.35777125,0.3586774,3
56.230694,0.885335,43.992716645463055,11.368390603032038,0,1,8797.365,0.30723286,4,1,false,false,27.261045,6.5077424,11.022706,-0.351715,0.36498982,3
56.330044,0.8855101,43.9927224951348,11.368398955665606,0,1,8822.981,0.3108643,4,1,false,false,26.654787,6.611064,10.729942,-0.34558898,0.36707962,3
56.430923,0.88568544,43.99272843544377,11.368407308679634,0,1,8830.964,0.29900175,4,1,false,false,26.920315,6.5556164,13.012145,-0.33939976,0.3774158,3
56.53375,0.88586116,43.99273446529134,11.368415536902564,0,1,8831.245,0.27793908,4,1,false,false,25.652277,6.6287484,10.708657,-0.33294034,0.3921137,3
56.64141,0.88603723,43.99274049513891,11.368423765125492,0,1,8838.158,0.24985522,4,1,false,false,25.25963,6.855803,11.513387,-0.32634863,0.39222267,3
56.749775,0.88621366,43.992746615349056,11.368431993348421,0,1,8852.7,0.22298107,4,1,false,false,25.235077,7.186535,12.609634,-0.3198486,0.37956476,3
56.86069,0.8863904,43.99275273528453,11.368440096780251,0,1,8859.964,0.2099075,4,1,false,false,25.042122,6.756154,13.188841,-0.3137236,0.35583058,3
56.969646,0.8865676,43.992758945307926,11.368448200212079,0,1,8858.864,0.21353883,4,1,false,false,24.212187,6.9318266,12.119943,-0.30788225,0.34054938,3
57.08101,0.8867452,43.99276524514457,11.368456303643908,0,1,8862.973,0.23290737,4,1,false,false,23.45799,6.946332,11.258278,-0.3022893,0.32606763,3
57.19384,0.8869231,43.99277154525587,11.368464282665098,0,1,8875.172,0.2687388,4,1,false,false,23.38261,7.0575767,12.58051,-0.29697746,0.30838817,3
57.302567,0.88710135,43.99277793518043,11.368472261305826,0,1,8886.176,0.31546465,4,1,false,false,23.265877,6.545541,13.119548,-0.29188794,0.30586264,3
57.408855,0.8872801,43.992784415192894,11.368480115535915,0,1,8897.166,0.36557937,4,1,false,false,23.114037,6.439953,11.545032,-0.28660595,0.32587248,3
57.513317,0.88745904,43.99279089520536,11.368487969766004,0,1,8913.977,0.41181967,4,1,false,false,22.528662,6.3639617,11.697154,-0.28090575,0.3535383,3
57.61908,0.88763845,43.99279737521783,11.368495823996094,0,1,8935.389,0.4454714,4,1,false,false,22.707129,6.4087796,11.418558,-0.27476433,0.37735853,3
57.72716,0.8878183,43.99280394531821,11.368503553435083,0,1,8951.235,0.46895492,4,1,false,false,21.949411,6.4088516,9.297832,-0.26837546,0.38511017,3
57.830486,0.8879984,43.99281060523184,11.368511282874072,0,1,8962.535,0.47767016,4,1,false,false,21.231718,6.138976,10.388295,-0.26193842,0.39053226,3
57.929558,0.8881789,43.99281726514547,11.368519012313062,0,1,8981.415,0.47694367,4,1,false,false,24.197575,5.812764,14.701113,-0.25515833,0.43012235,3
58.019806,0.88835967,43.992824015147015,11.368526617341411,0,1,9010.392,0.46677575,4,1,false,false,25.387127,5.5544744,13.402661,-0.24737571,0.50095505,3
58.11359,0.8885408,43.992830765148554,11.368534097578662,0,1,9047.429,0.44547153,4,1,false,false,22.803032,5.9726734,10.746122,-0.23851968,0.53728056,3
58.22222,0.8887223,43.99283760523801,11.368541702226551,0,1,9073.468,0.41303033,4,1,false,false,22.275736,6.5317564,10.7877,-0.22987178,0.48368406,3
58.329952,0.8889042,43.99284453514072,11.3685490576727,0,1,9063.892,0.38228375,4,1,false,false,21.73249,6.1481276,12.516737,-0.22233158,0.42539838,3
58.426598,0.8890865,43.992851375230174,11.36855653790995,0,1,9056.154,0.357106,4,1,false,false,21.87589,5.667712,12.808071,-0.21541886,0.41482896,3
58.516712,0.88926905,43.992858395220786,11.3685638933561,0,1,9093.061,0.3401586,4,1,false,false,22.829924,5.8704743,14.192463,-0.20832044,0.4358661,3
58.607468,0.8894521,43.992865415211405,11.36857124880225,0,1,9145.331,0.32079062,4,1,false,false,23.23183,5.5890293,14.118126,-0.2008992,0.4453089,3
58.6998,0.8896354,43.992872435202024,11.36857847983776,0,1,9172.655,0.29658008,4,1,false,false,21.653551,5.9912324,11.515307,-0.19341142,0.4409029,3
58.79727,0.889819,43.99287954528055,11.36858571049281,0,1,9174.017,0.26873878,4,1,false,false,21.995628,6.1672354,11.040728,-0.18624711,0.41310096,3
58.89733,0.89000297,43.992886745172335,11.36859281673722,0,1,9166.023,0.2423496,4,1,false,false,23.792671,6.7859797,14.869283,-0.17960751,0.39016202,3
59.00499,0.8901874,43.99289394533878,11.36859992298163,0,1,9169.104,0.22007583,4,1,false,false,25.664139,5.891385,14.805896,-0.17292005,0.40707856,3
59.096127,0.8903722,43.99290123531847,11.368606904434941,0,1,9193.391,0.21087654,4,1,false,false,23.212202,6.4349136,10.192345,-0.1660395,0.39993638,3
59.19216,0.89055735,43.99290852529816,11.368613885888252,0,1,9223.336,0.20821281,4,1,false,false,21.852755,7.096584,9.95483,-0.15990953,0.3284188,3
59.31958,0.8907429,43.992915815277854,11.368620867341562,0,1,9213.445,0.21087652,4,1,false,false,24.56401,6.8888564,12.706515,-0.15508297,0.25161296,3
59.420425,0.89092886,43.99292319534546,11.368627724003773,0,1,9168.428,0.21862318,4,1,false,false,22.131355,5.8373656,13.390277,-0.15111655,0.24273726,3
59.510338,0.8911152,43.99293066522632,11.368634456255343,0,1,9172.996,0.23968594,4,1,false,false,21.433765,5.984461,15.916271,-0.14675292,0.28358588,3
59.614273,0.891302,43.992938135381834,11.368641312917553,0,1,9226.853,0.26292884,4,1,false,false,21.844702,5.6804657,14.182378,-0.14171065,0.310227,3
59.707077,0.89148915,43.992945695350606,11.368647920378024,0,1,9261.914,0.2835065,4,1,false,false,20.263943,6.3363028,10.455652,-0.13642457,0.3027424,3
59.808884,0.8916766,43.99295325531937,11.368654652629596,0,1,9259.57,0.29028645,4,1,false,false,19.096092,6.6982317,11.2156925,-0.13160919,0.26781738,3
59.920902,0.8918647,43.99296081528814,11.368661260090066,0,1,9241.667,0.28834888,4,1,false,false,18.308048,6.553953,11.279245,-0.12744665,0.23520981,3
59.91723,0.892053,43.99296846534482,11.368667743139898,0,1,9308.1455,0.28592813,0,1,false,false,18.022741,-4.579085,11.725805,-0.12371901,0.21749616,3
59.87369,0.8922411,43.9929761154015,11.368674350600369,0,1,8824.968,0.28399146,5,1,false,false,16.533876,2.203566,10.17817,-0.120150305,0.22118288,3
60.009842,0.89242977,43.99298385527143,11.368680708478639,0,1,7810.887,0.28035927,5,1,false,false,13.450492,10.015962,10.330941,-0.11607262,0.27604324,3
60.173557,0.8926189,43.99299150532811,11.36868719152847,0,1,7585.909,0.2694654,5,1,false,false,14.855224,8.351138,10.37549,-0.11095746,0.3293248,3
60.25336,0.89280856,43.99299933528596,11.368693549406741,0,1,7914.305,0.2559073,5,1,false,false,15.706002,2.4322362,9.03449,-0.10540131,0.3262322,3
60.289078,0.8929985,43.99300707543055,11.368699907665473,0,1,8132.478,0.23774976,5,1,false,false,15.938184,2.8819642,10.09015,-0.100152284,0.30258095,3
60.376316,0.8931888,43.99301490538839,11.368706265924205,0,1,8033.9873,0.22491768,5,1,false,false,18.145243,6.6958,12.783886,-0.09513056,0.29982242,3
60.493374,0.89337945,43.99302273534624,11.368712499391837,0,1,7850.655,0.21136057,5,1,false,false,18.000156,7.3407807,12.895544,-0.09002537,0.30689028,3
60.60123,0.8935708,43.99303065539199,11.368718732859467,0,1,7836.153,0.20167626,5,1,false,false,18.039095,5.7933536,13.341766,-0.084936254,0.29363176,3
60.683807,0.89376247,43.993038575437744,11.368724966327099,0,1,7937.235,0.19296053,5,1,false,false,18.101463,4.3989706,12.327031,-0.0803302,0.25447235,3
60.75633,0.89395434,43.993046495208844,11.36873107500363,0,1,7993.2075,0.18424436,5,1,false,false,16.56362,4.5044675,11.9198475,-0.076365896,0.22231857,3
60.843327,0.89414656,43.99305450534251,11.368737183680162,0,1,7967.695,0.17770737,5,1,false,false,15.120181,5.6007667,11.997641,-0.07283396,0.20319746,3
60.935444,0.8943391,43.993062515201515,11.368743167946054,0,1,7933.36,0.1716553,5,1,false,false,13.773074,5.3942747,10.807792,-0.069534905,0.19458759,3
61.021896,0.894532,43.99307061542309,11.368749276622585,0,1,7951.3584,0.16657047,5,1,false,false,12.896147,5.1546226,10.385428,-0.06630236,0.1905321,3
61.10082,0.8947252,43.9930786252821,11.368755136097377,0,1,7996.5264,0.16245505,5,1,false,false,12.137036,4.5431414,9.69077,-0.06318055,0.18299837,3
61.18149,0.89491874,43.99308672522903,11.368761120363269,0,1,8019.9067,0.15712911,5,1,false,false,11.436856,4.6156955,10.480423,-0.06017222,0.17827873,3
61.26651,0.8951126,43.99309491526385,11.36876710462916,0,1,8015.956,0.15180226,5,1,false,false,10.895564,5.2677135,10.59894,-0.057252623,0.17269032,3
61.35493,0.89530694,43.99310301521077,11.368772963723492,0,1,8010.5996,0.14550816,5,1,false,false,11.1256485,5.3277645,10.052484,-0.054379907,0.17084397,3
61.440033,0.8955015,43.993111205245604,11.368778823198285,0,1,8023.6597,0.13630792,5,1,false,false,11.097705,5.294453,11.865923,-0.05151942,0.17034194,3
61.52052,0.8956964,43.99311939528044,11.368784682673077,0,1,8046.472,0.12710725,5,1,false,false,9.755224,4.049864,11.4086685,-0.04872782,0.16301252,3
61.600132,0.89589167,43.99312767540318,11.368790542147869,0,1,8061.3647,0.116455324,5,1,false,false,9.473381,4.4743237,11.140402,-0.046084497,0.15522705,3
61.68752,0.8960872,43.993135865438006,11.368796277212022,0,1,8066.5107,0.10362327,5,1,false,false,9.913279,5.4859157,10.86942,-0.04350812,0.14923029,3
61.775856,0.8962831,43.99314414528609,11.368802011895713,0,1,8067.2734,0.086674996,5,1,false,false,9.869256,5.5645413,13.193139,-0.041074924,0.13943794,3
61.85994,0.8964794,43.99315242540883,11.368807871370505,0,1,8072.082,0.069486044,5,1,false,false,8.116909,4.127608,13.228783,-0.0388672,0.122041866,3
61.9445,0.89667606,43.99316070525692,11.368813606054196,0,1,8083.4487,0.05447486,5,1,false,false,7.9940944,4.507406,12.902082,-0.03698277,0.10262421,3
62.026443,0.89687306,43.99316907546757,11.36881921632725,0,1,8094.1553,0.038254023,5,1,false,false,7.4014273,5.3115745,12.65843,-0.03536992,0.08624128,3
62.11405,0.8970703,43.99317744540357,11.368824951010941,0,1,8101.7417,0.024210945,5,1,false,false,6.3155756,5.577833,14.079876,-0.034060508,0.06715132,3
62.198784,0.89726794,43.99318581533956,11.368830685694633,0,1,8104.9346,0.01234843,5,1,false,false,5.033936,4.876048,13.359961,-0.033079512,0.0495027,3
62.27661,0.8974659,43.993194185275556,11.368836295967686,0,1,8113.316,0.0038733394,5,1,false,false,4.1554055,4.0817404,12.64371,-0.032376073,0.03320476,3
62.35855,0.89766425,43.993202555211546,11.368842030651377,0,1,8131.304,-0.0007256074,5,1,false,false,3.655693,5.3203597,12.103444,-0.031902295,0.021771561,3
62.441444,0.89786285,43.99321101523545,11.36884764092443,0,1,8146.0312,-0.00072560745,5,1,false,false,2.9446127,5.3626785,13.53034,-0.031597115,0.013452492,3
62.52244,0.8980618,43.99321947525936,11.368853375608122,0,1,8153.348,0.0036317823,5,1,false,false,1.6232296,4.1549807,11.372676,-0.03143612,0.006269513,3
62.59941,0.8982611,43.99322784547002,11.368858985881175,0,1,8161.3325,0.013315598,5,1,false,false,1.4691085,4.257131,8.483285,-0.031357642,0.003199056,3
62.6831,0.8984607,43.99323630521926,11.368864595773767,0,1,8175.717,0.02517905,5,1,false,false,1.4381983,5.6653285,8.099123,-0.03127144,0.0076307356,3
62.766,0.89866066,43.99324485533108,11.36887033083792,0,1,8192.874,0.037769042,5,1,false,false,1.2793262,6.149889,10.053619,-0.031105416,0.017212512,3
62.83699,0.8988609,43.993253315354984,11.368875940730511,0,1,8204.899,0.046969734,5,1,false,false,1.1497438,3.0867603,10.787684,-0.030743001,0.02767764,3
62.913837,0.8990614,43.99326177537889,11.368881675414203,0,1,8220.352,0.05156962,5,1,false,false,2.0145886,4.25842,10.127128,-0.030141901,0.043783832,3
62.99544,0.8992622,43.99327032521605,11.368887285687256,0,1,8235.165,0.051084634,5,1,false,false,2.4575534,5.8439054,9.597425,-0.029289829,0.055234604,3
63.079082,0.8994634,43.99327878523996,11.368893020370948,0,1,8241.211,0.044791058,5,1,false,false,2.6510098,5.527169,13.959805,-0.028309833,0.062774286,3
63.149887,0.8996649,43.99328733535177,11.368898630644,0,1,8239.948,0.032201048,5,1,false,false,1.9912004,2.5337427,10.664821,-0.027266659,0.057662297,3
63.23355,0.89986664,43.99329588546359,11.368904365327692,0,1,8248.347,0.019611057,5,1,false,false,3.0123565,4.5674734,10.750668,-0.026318125,0.052826468,3
63.317944,0.90006876,43.99330443530075,11.368909975600745,0,1,8258.079,0.004358324,5,1,false,false,3.1234043,6.086712,11.095578,-0.025477748,0.044360843,3
63.39887,0.90027106,43.99331307522582,11.368915710284437,0,1,8270.118,-0.0036317832,5,1,false,false,1.5992757,4.491488,14.043173,-0.02488575,0.029200878,3
63.462753,0.9004737,43.993321625337636,11.36892132055749,0,1,8277.69,0.001937138,5,1,false,false,1.6853087,2.6625998,12.497346,-0.024563793,0.010678358,3
63.544346,0.9006767,43.993330265262706,11.368927055241182,0,1,8289.463,0.010168803,5,1,false,false,2.5751572,5.519022,12.624847,-0.024287043,0.017537301,3
63.634346,0.90088,43.99333890546244,11.368932665514233,0,1,8298.099,0.027117122,5,1,false,false,1.8875201,7.2872834,14.622941,-0.023921004,0.022970323,3
63.70416,0.9010836,43.99334745529959,11.368938275406826,0,1,8288.961,0.05084309,5,1,false,false,1.4589397,2.9461129,11.020325,-0.023474261,0.02328301,3
63.77869,0.9012875,43.99335618531258,11.368944010090518,0,1,8295.525,0.074812464,5,1,false,false,2.8330135,4.041362,12.827459,-0.023028128,0.03109188,3
63.85603,0.9014916,43.99336482523765,11.368949620363571,0,1,8309.522,0.09708629,5,1,false,false,4.4814625,5.451554,13.950588,-0.022174338,0.06959008,3
63.92483,0.9016961,43.99337346543737,11.368955355047262,0,1,8331.603,0.10967532,5,1,false,false,3.202872,3.9161477,13.725276,-0.020861162,0.08779309,3
63.992012,0.90190077,43.99338219545036,11.368960965320314,0,1,8351.891,0.12105425,5,1,false,false,2.7326236,4.651582,2.9005187,-0.019433156,0.08197732,3
64.08535,0.9021057,43.99339083537543,11.368966575212907,0,1,8360.679,0.12541258,5,1,false,false,4.626876,7.059336,9.689411,-0.017950859,0.098455474,3
64.15432,0.902311,43.99339956538841,11.368972185485958,0,1,8349.295,0.122265324,5,1,false,false,5.758989,2.450411,13.922032,-0.016170047,0.113233194,3
64.19425,0.90251654,43.99340829540139,11.368977920169652,0,1,8378.736,0.11354962,5,1,false,false,6.484395,2.8402803,12.535711,-0.014198526,0.1245417,3
64.26633,0.9027223,43.993417025414374,11.368983530442703,0,1,8444.83,0.106044024,5,1,false,false,8.922688,4.460825,13.7120495,-0.011951132,0.13868758,3
64.31798,0.9029283,43.99342584551526,11.368989015924656,0,1,8453.479,0.09587567,5,1,false,false,4.819231,1.8597026,12.896011,-0.009607529,0.13650313,3
64.39521,0.90313447,43.99343457525359,11.368994625817248,0,1,8455.616,0.08159104,5,1,false,false,4.7731023,4.2107353,10.925634,-0.0073313992,0.12937573,3
64.479836,0.903341,43.99344339535448,11.3690002360903,0,1,8445.635,0.06972759,5,1,false,false,7.1011004,6.0746083,10.026409,-0.00533078,0.11047823,3
64.560394,0.90354776,43.99345221545537,11.369005721572254,0,1,8432.925,0.053748325,5,1,false,false,7.864173,5.4235377,16.467093,-0.0036275596,0.09720415,3
64.62972,0.9037548,43.993461035281605,11.369011331845305,0,1,8435.787,0.045759134,5,1,false,false,4.975798,3.4577854,13.158423,-0.0020726442,0.08372159,3
64.70948,0.90396196,43.9934698553825,11.369016817327259,0,1,8455.812,0.044547614,5,1,false,false,6.89985,5.181275,16.979647,-0.0007888682,0.073530994,3
64.7821,0.90416956,43.99347867548339,11.36902230242875,0,1,8467.953,0.03849557,5,1,false,false,5.815408,5.1050253,20.584871,0.00038201167,0.06697051,3
64.85099,0.9043773,43.99348758539754,11.369027787910703,0,1,8468.324,0.03680094,5,1,false,false,4.951498,3.7399747,17.790867,0.0014254848,0.05535509,3
64.927025,0.90458524,43.99349649531168,11.369033273392656,0,1,8462.974,0.040916763,5,1,false,false,6.1008925,5.0178833,17.66989,0.002324999,0.05413774,3
64.9936,0.9047935,43.993505405500485,11.369038758874607,0,1,8472.503,0.042127363,5,1,false,false,3.1623075,3.8557878,13.31914,0.003139793,0.039457306,3
65.06261,0.90500194,43.99351431541463,11.36904424435656,0,1,8492.81,0.051084645,5,1,false,false,2.817874,3.3858256,14.04131,0.0037042035,0.030713163,3
65.13323,0.9052106,43.99352322532878,11.369049729838514,0,1,8499.006,0.05495891,5,1,false,false,4.4821854,4.69724,12.0167885,0.0042971666,0.04194206,3
65.20298,0.9054196,43.99353222533083,11.369055215320465,0,1,8503.147,0.057865087,5,1,false,false,3.1281521,4.580564,16.739178,0.00500005,0.043375157,3
65.273476,0.9056287,43.993541135519635,11.369060576011318,0,1,8517.151,0.058349136,5,1,false,false,3.1193562,3.6636362,14.488203,0.005754347,0.04639871,3
65.344696,0.9058382,43.993550135521694,11.369066061493271,0,1,8526.574,0.06294902,5,1,false,false,4.31281,4.630826,14.035314,0.0066050254,0.05526607,3
65.415886,0.9060478,43.99355913552375,11.369071546975222,0,1,8541.765,0.06149593,5,1,false,false,3.0435061,4.0848703,12.385649,0.0075893216,0.05638253,3
65.48182,0.9062576,43.993568135525805,11.369076907666075,0,1,8559.315,0.06706487,5,1,false,false,2.6884577,3.3561316,9.678377,0.008477706,0.051340215,3
65.543434,0.9064678,43.993577135527865,11.369082393148028,0,1,8571.511,0.0711807,5,1,false,false,3.9126978,5.428346,10.164659,0.00924421,0.0424075,3
65.60488,0.90667796,43.993586135529924,11.36908775383888,0,1,8573.186,0.07021165,5,1,false,false,5.328211,4.6465716,16.279505,0.009995385,0.049070586,3
65.67496,0.9068885,43.993595135531976,11.369093114910193,0,1,8577.414,0.063190565,5,1,false,false,3.7153354,2.653916,13.591176,0.010965811,0.0661002,3
65.745445,0.90709925,43.99360422534729,11.369098600392146,0,1,8579.69,0.06173843,5,1,false,false,3.91104,4.757247,5.8001895,0.012165379,0.07065282,3
65.81324,0.9073102,43.99361331543726,11.369103961082999,0,1,8587.434,0.054232378,5,1,false,false,1.8640448,5.129011,5.53351,0.013235447,0.059877325,3
65.866806,0.90752137,43.99362231543931,11.36910932177385,0,1,8610.729,0.045516644,5,1,false,false,1.1680443,2.8686433,2.5300772,0.014055704,0.03984249,3
65.94103,0.9077327,43.99363140552928,11.369114807255803,0,1,8644.339,0.039222132,5,1,false,false,2.0491712,6.3983946,7.46108,0.014708468,0.040779576,3
66.01249,0.9079443,43.9936405854325,11.369120167946656,0,1,8645.582,0.022758793,5,1,false,false,2.7194753,3.8231199,14.649914,0.0154422335,0.0495621,3
66.08641,0.9081562,43.99364967552247,11.369125528637507,0,1,8615.883,0.0014530867,5,1,false,false,3.3646905,3.720704,16.432976,0.01628318,0.047496513,3
66.16565,0.90836835,43.99365876533778,11.36913088970882,0,1,8596.509,-0.011136905,5,1,false,false,2.9671476,6.2288704,14.279696,0.016936332,0.025585791,3
66.2386,0.9085807,43.99366794551566,11.369136375190774,0,1,8612.42,-0.018157978,5,1,false,false,1.1299416,3.9463775,12.770054,0.017154902,0.0011099608,3
66.29932,0.9087933,43.99367703533097,11.369141735881627,0,1,8634.401,-0.016947383,5,1,false,false,0.34953588,3.4889011,8.291646,0.017021583,-0.01576279,3
66.37187,0.9090061,43.993686215508845,11.36914709657248,0,1,8644.031,-0.018157974,5,1,false,false,0.8720434,5.571743,14.778783,0.016758844,-0.0150188515,3
66.43744,0.90921915,43.99369539541207,11.369152457263331,0,1,8651.113,-0.017190814,5,1,false,false,-0.12430768,3.3036654,11.895691,0.01649348,-0.013940471,3
66.49777,0.90943235,43.99370457531529,11.369157942745284,0,1,8653.281,-0.00944226,5,1,false,false,-0.5377335,4.316695,9.543996,0.016276877,-0.014616188,3
66.56665,0.9096458,43.99371375549317,11.369163303816597,0,1,8672.042,-0.0050839325,5,1,false,false,-0.30349755,5.587573,14.511142,0.016026253,-0.013125255,3
66.624825,0.9098595,43.99372293539639,11.36916866450745,0,1,8687.038,0.0036317818,5,1,false,false,-0.5555142,2.2933958,9.501299,0.015877243,-0.0068409014,3
66.68933,0.91007334,43.99373211557427,11.369174149989401,0,1,8694.559,0.003873339,5,1,false,false,-0.5338427,6.2600017,13.524923,0.015800703,-0.004482032,3
66.76606,0.91028744,43.99374129547749,11.369179510680254,0,1,8695.299,0.0019371379,5,1,false,false,-0.51735646,4.1504602,15.142869,0.015825365,0.005953331,3
66.82806,0.9105018,43.99375056546862,11.369184996162208,0,1,8689.164,-0.0038733396,5,1,false,false,-0.71130013,3.3823888,12.934613,0.015925683,0.0049084704,3
66.8967,0.91071624,43.99375974537184,11.369190481644159,0,1,8694.591,-0.013800586,5,1,false,false,-0.37144062,5.3290386,13.774122,0.016008727,0.0039019291,3
66.960464,0.91093105,43.99376901536298,11.369195842335012,0,1,8706.698,-0.026874632,5,1,false,false,-0.23335798,3.4917698,12.488836,0.01604794,0.00065522577,3
67.01909,0.911146,43.99377828535411,11.369201327816965,0,1,8720.695,-0.043096405,5,1,false,false,-0.8462013,4.139842,9.744265,0.015994092,-0.0097586755,3
67.08614,0.9113611,43.99378746553199,11.369206813298916,0,1,8727.349,-0.057380103,5,1,false,false,0.12138035,4.8797903,17.939167,0.015735999,-0.019761542,3
67.13584,0.91157645,43.99379673552312,11.36921229878087,0,1,8745.968,-0.070697576,5,1,false,false,-1.5314692,2.0881777,4.5435996,0.015266918,-0.042194825,3
67.203896,0.9117919,43.99380600551425,11.369217659471722,0,1,8773.624,-0.05689604,5,1,false,false,-2.0594075,6.212603,1.7970891,0.014397717,-0.05491284,3
67.27523,0.9120078,43.99381527550538,11.369223144953674,0,1,8769.36,-0.043096397,5,1,false,false,-1.7572591,3.5231893,7.7428155,0.013615259,-0.037579566,3
67.305954,0.91222364,43.993824545496516,11.369228755226727,0,1,8779.867,-0.037769042,5,1,false,false,-2.416902,3.0285342,6.9906764,0.01289762,-0.04575175,3
67.3485,0.91243976,43.993833905575556,11.369234240328218,0,1,8864.094,-0.036559384,5,1,false,false,-3.215164,3.0835059,10.998793,0.012032658,-0.058960818,3
67.417305,0.912656,43.99384317556669,11.369239725810171,0,1,8916.632,-0.03220106,5,1,false,false,-3.0152116,5.292034,12.233932,0.010998679,-0.05960508,3
67.500565,0.91287255,43.99385244555782,11.369245211292125,0,1,8849.786,-0.03559034,5,1,false,false,-2.974896,5.899535,12.4325695,0.010071593,-0.04813148,3
67.59191,0.91308933,43.99386171554895,11.369250821565176,0,1,8746.84,-0.03752748,5,1,false,false,-2.5176017,5.6660295,11.378712,0.009384087,-0.03389255,3
67.66503,0.9133064,43.99387107535334,11.369256431457769,0,1,8732.908,-0.038496517,5,1,false,false,-2.9684517,3.9711485,13.672648,0.008879544,-0.029412072,3
67.717705,0.9135237,43.99388034534447,11.36926191693972,0,1,8806.672,-0.0348638,5,1,false,false,-2.8760457,3.2304769,11.712517,0.008335625,-0.035085876,3
67.767105,0.9137411,43.99388970542351,11.369267527212774,0,1,8869.961,-0.031232022,5,1,false,false,-2.2039042,3.5516114,12.919034,0.0077475654,-0.034599602,3
67.83058,0.9139588,43.993898975414645,11.369273137485827,0,1,8864.837,-0.027842732,5,1,false,false,-2.5117521,4.6216917,13.621637,0.0071779294,-0.03361316,3
67.89884,0.9141766,43.99390833549369,11.369278747378418,0,1,8822.875,-0.020095112,5,1,false,false,-2.4703348,4.2431083,10.648547,0.0066164136,-0.03324214,3
67.965034,0.9143946,43.99391769557273,11.36928448206211,0,1,8818.11,-0.013315596,5,1,false,false,-1.7932993,4.2854967,10.919725,0.0061095953,-0.025731282,3
68.023865,0.9146128,43.99392705537712,11.369290092335163,0,1,8855.289,-0.011379396,5,1,false,false,-1.3966465,3.581363,10.621037,0.0057627955,-0.016305307,3
68.078026,0.91483134,43.99393641545616,11.369295702608214,0,1,8889.229,-0.006537021,5,1,false,false,-1.553049,3.9038801,11.756418,0.005513073,-0.01443475,3
68.13784,0.9150499,43.99394577553521,11.369301437291908,0,1,8891.585,-0.0026636817,5,1,false,false,-0.7501497,4.068766,11.951823,0.005295606,-0.010478968,3
68.20252,0.91526866,43.99395513561425,11.36930704756496,0,1,8880.722,-0.0019371381,5,1,false,false,-0.72699416,4.3340807,10.503769,0.00515814,-0.006128038,3
68.26604,0.91548765,43.99396449541864,11.369312782248652,0,1,8879.614,0.0019371378,5,1,false,false,-0.53707224,4.0994105,8.690595,0.005070469,-0.0039370377,3
68.3269,0.9157069,43.99397385549768,11.369318392141244,0,1,8893.539,0.004599883,5,1,false,false,-0.13822961,3.9275348,8.441781,0.005041521,-1.1216076e-05,3
68.382645,0.9159262,43.99398321557672,11.369324127205395,0,1,8912.0205,0.007990109,5,1,false,false,-0.15802258,3.468513,6.6216593,0.0050688162,0.0016467435,3
68.43434,0.91614586,43.993992665469015,11.369329861889089,0,1,8933.024,0.012105007,5,1,false,false,-0.08091721,3.5799346,6.8904047,0.005107574,0.002382461,3
68.4878,0.91636556,43.99400202554806,11.36933559676301,0,1,8955.906,0.015252734,5,1,false,false,0.5572822,3.517011,9.8431425,0.005192145,0.007943397,3
68.54339,0.91658545,43.99401147544036,11.369341206845833,0,1,8974.645,0.01694738,5,1,false,false,0.33017516,3.6781178,8.769853,0.0053761555,0.0130584035,3
68.603874,0.91680557,43.9940208355194,11.369346941529525,0,1,8980.764,0.021547258,5,1,false,false,0.69330466,4.3704042,9.95969,0.005593231,0.014480464,3
68.67433,0.9170258,43.9940302854117,11.369352676403446,0,1,8969.581,0.022032252,5,1,false,false,1.3423823,4.532988,10.704355,0.0058863387,0.020819604,3
68.74089,0.9172463,43.99403973557865,11.369358411087138,0,1,8950.178,0.021547263,5,1,false,false,0.8673634,4.3171635,10.114191,0.0062406375,0.02057607,3
68.805695,0.917467,43.99404918547095,11.369364145961061,0,1,8947.443,0.026148079,5,1,false,false,1.2705209,4.026416,9.17627,0.006564323,0.019213164,3
68.86418,0.91768795,43.994058635637906,11.369369880834983,0,1,8966.854,0.025664033,5,1,false,false,1.5517099,3.6908143,10.354135,0.006919844,0.02295702,3
68.91918,0.91790897,43.9940680855302,11.369375490917806,0,1,8990.163,0.027842725,5,1,false,false,1.3294324,3.5983624,10.970453,0.0073090605,0.023373647,3
68.97416,0.9181303,43.99407762551041,11.369381225601497,0,1,9004.114,0.032442607,5,1,false,false,1.8345007,3.9652562,11.090373,0.0077141533,0.026504785,3
69.034225,0.9183517,43.9940870754027,11.369386960475419,0,1,9009.569,0.033411648,5,1,false,false,1.7361119,3.9723,11.15792,0.008207296,0.031979468,3
69.09612,0.9185734,43.99409661565757,11.369392695159112,0,1,9008.159,0.035832833,5,1,false,false,1.8578668,4.1445746,13.580834,0.008758297,0.03444552,3
69.157974,0.91879517,43.994106065549865,11.369398430033034,0,1,9007.003,0.034621306,5,1,false,false,2.2709568,4.0683193,12.17094,0.009366764,0.038736176,3
69.21896,0.91901726,43.99411560553007,11.369404164906957,0,1,9011.67,0.029053325,5,1,false,false,1.9049749,4.134076,11.322786,0.0100158965,0.037782244,3
69.2815,0.9192394,43.99412514551028,11.369409899590648,0,1,9014.299,0.024453443,5,1,false,false,1.9298501,4.087593,12.500493,0.01059514,0.031911053,3
69.34201,0.91946185,43.994134685490486,11.36941550967347,0,1,9014.649,0.014768686,5,1,false,false,1.9065479,3.8914056,10.100284,0.011099539,0.028408727,3
69.39694,0.91968435,43.99414422547069,11.369421244547393,0,1,9024.299,0.004358328,5,1,false,false,1.2211168,3.5338812,11.2132635,0.011520729,0.02135237,3
69.451,0.9199072,43.9941537654509,11.369426979231084,0,1,9044.755,-0.0036317832,5,1,false,false,1.1390336,3.7803807,12.467286,0.011807917,0.013598592,3
69.50519,0.9201301,43.99416330543111,11.369432714105006,0,1,9060.688,-0.014768688,5,1,false,false,0.7513094,3.6147335,7.280599,0.011977846,0.0065145083,3
69.56453,0.9203532,43.99417293549923,11.36943844897893,0,1,9064.352,-0.022516303,5,1,false,false,0.27235076,4.079785,9.321078,0.012003608,-0.0036232118,3
69.624176,0.9205765,43.994182475479434,11.36944418366262,0,1,9058.654,-0.027842732,5,1,false,false,-0.07435693,3.7635705,9.550068,0.011862051,-0.012952527,3
69.67548,0.9208,43.994192105547555,11.369449918536542,0,1,9066.047,-0.0326851,5,1,false,false,-0.49078014,3.30481,8.476577,0.011601156,-0.018437153,3
69.72777,0.9210236,43.994201735615675,11.369455653220236,0,1,9096.976,-0.034379747,5,1,false,false,-1.0409994,3.7334573,10.857656,0.011239497,-0.02497039,3
69.781105,0.92124736,43.99421127559588,11.369461388094157,0,1,9116.214,-0.033654146,5,1,false,false,-1.0126561,3.6866035,11.304531,0.010767152,-0.03037079,3
69.83893,0.9214714,43.994220905664,11.369467122777849,0,1,9110.134,-0.032685105,5,1,false,false,-1.2816916,3.9881802,10.414524,0.010240096,-0.03227349,3
69.89976,0.92169553,43.99423053545746,11.369472857651772,0,1,9097.644,-0.029053327,5,1,false,false,-1.5219543,4.1943245,12.099302,0.009690837,-0.03292114,3
69.95976,0.92191994,43.99424016552558,11.369478592335463,0,1,9096.281,-0.025179986,5,1,false,false,-1.5648452,3.7508085,10.153599,0.009156667,-0.030610546,3
70.01321,0.9221445,43.994249795593696,11.369484327209387,0,1,9108.954,-0.019611068,5,1,false,false,-1.4163691,3.6767094,10.862519,0.008671628,-0.027006967,3
70.066,0.9223692,43.99425942566182,11.369490186684178,0,1,9125.044,-0.01525274,5,1,false,false,-1.2628441,3.4652145,10.324031,0.008265305,-0.021783909,3
70.11854,0.9225941,43.99426905545528,11.36949592136787,0,1,9134.222,-0.01041036,5,1,false,false,-1.2113745,3.6029649,7.441419,0.007937807,-0.017606135,3
70.172775,0.92281914,43.9942786855234,11.369501780842661,0,1,9139.017,-0.006537021,5,1,false,false,-1.0840317,3.6201286,5.8088446,0.0076876427,-0.012738471,3
70.22701,0.9230444,43.99428831559151,11.369507515716585,0,1,9145.158,-0.0043583266,5,1,false,false,-0.733159,3.610612,6.397589,0.0075314282,-0.0066081565,3
70.274445,0.92326987,43.99429803547289,11.369513375191376,0,1,9159.279,-0.005567983,5,1,false,false,-0.7899465,2.907613,4.347543,0.0074719503,-0.0030502935,3
70.31807,0.9234954,43.99430766554101,11.369519234666168,0,1,9187.609,-0.0072626285,5,1,false,false,-0.67026013,3.0148258,6.308291,0.0074247206,-0.0037331283,3
70.36496,0.92372113,43.99431738569704,11.36952496934986,0,1,9215.883,-0.013074042,5,1,false,false,-0.56895566,3.2300897,6.60944,0.0073681423,-0.0039016865,3
70.41619,0.92394704,43.9943270154905,11.369530828824653,0,1,9226.518,-0.020095114,5,1,false,false,-0.6655116,3.7567022,8.305742,0.0072877496,-0.006391216,3
70.47488,0.9241732,43.99433673564653,11.369536688299444,0,1,9216.952,-0.026148077,5,1,false,false,-0.79678833,3.9567997,6.9746284,0.007138281,-0.011775472,3
70.53487,0.9243994,43.99434636543999,11.369542547774236,0,1,9201.497,-0.030021427,5,1,false,false,-0.8323766,3.8943114,10.736169,0.0068942937,-0.017545298,3
70.59363,0.9246258,43.99435608559602,11.369548407249027,0,1,9198.63,-0.031717002,5,1,false,false,-1.2051,3.7716808,9.597012,0.006541298,-0.024814185,3
70.64569,0.92485243,43.994365805477386,11.369554266723819,0,1,9208.073,-0.02832678,5,1,false,false,-1.1848235,3.3039465,11.020222,0.00607526,-0.029781451,3
70.70117,0.9250793,43.994375525633416,11.369560126198612,0,1,9221.555,-0.024453443,5,1,false,false,-1.8119112,3.8033676,9.592822,0.005552364,-0.03215974,3
70.75593,0.9253062,43.99438524551479,11.369565985673404,0,1,9219.138,-0.01719081,5,1,false,false,-1.4326775,3.8380282,5.6573744,0.0050460296,-0.026705166,3
70.8148,0.92553335,43.99439496567082,11.369571969749066,0,1,9211.973,-0.0154952295,5,1,false,false,-1.409591,3.769555,5.0287046,0.0047044484,-0.01598563,3
70.861435,0.9257608,43.99440468555219,11.369577829223857,0,1,9216.32,-0.014527131,5,1,false,false,-1.3870237,2.498542,5.6430993,0.0045002718,-0.012902604,3
70.896194,0.9259882,43.99441440570822,11.369583688698649,0,1,9255.714,-0.018885452,5,1,false,false,-0.9842429,2.6679397,11.265558,0.0042889626,-0.01436553,3
70.93282,0.9262158,43.99442412558959,11.36958967277431,0,1,9308.544,-0.02808522,5,1,false,false,-1.2376424,2.6919672,7.8414154,0.004023557,-0.018377677,3
70.989426,0.9264435,43.994433935558874,11.369595532249104,0,1,9311.414,-0.03123201,5,1,false,false,-1.7408553,4.3565364,11.002943,0.0036247645,-0.026881052,3
71.054214,0.9266715,43.9944436557149,11.369601516324765,0,1,9274.257,-0.03147451,5,1,false,false,-1.5163056,4.210447,9.679626,0.0031457543,-0.027769564,3
71.11766,0.92689973,43.99445337559628,11.369607500590657,0,1,9227.724,-0.032926656,5,1,false,false,-1.5661583,3.951757,7.5431337,0.0027100805,-0.02484862,3
71.17446,0.9271281,43.99446318556556,11.369613484666319,0,1,9229.548,-0.030021425,5,1,false,false,-1.7150947,3.3602734,9.542261,0.0022944377,-0.026277717,3
71.21828,0.92735654,43.99447290572159,11.36961934414111,0,1,9267.402,-0.026874632,5,1,false,false,-1.2642751,2.625836,4.5354815,0.0018740708,-0.02559441,3
71.25805,0.9275852,43.99448271569087,11.369625328216772,0,1,9305.188,-0.023727838,5,1,false,false,-1.4645298,2.7042286,5.757373,0.0014640623,-0.026055662,3
71.21966,0.9278138,43.994492525660156,11.369631312292434,0,1,9302.634,-0.014768684,0,1,false,false,-1.2244908,-4.6951623,6.9025245,0.0010537856,-0.024319664,3
71.15587,0.9280423,43.994502245541526,11.369637296558325,0,1,8705.263,-0.011620957,6,1,false,false,-1.0657274,1.0930235,5.923636,0.00069324515,-0.020774877,3
71.26038,0.9282708,43.99451205551081,11.369643280633987,0,1,7638.88,-0.008715714,6,1,false,false,-1.0916667,8.047732,5.4189057,0.00034789759,-0.021317286,3
71.34797,0.92849976,43.99452177566684,11.369649389500749,0,1,7764.842,-0.008231666,6,1,false,false,-1.6782024,2.5172925,10.310223,-7.6126407e-06,-0.020748587,3
71.33688,0.9287288,43.994531585636125,11.36965537357641,0,1,8146.7275,-0.010168801,6,1,false,false,-1.3862531,-0.64901054,7.211875,-0.00031646353,-0.016043128,3
71.3604,0.9289578,43.9945413956054,11.369661357652072,0,1,8073.283,-0.027842727,6,1,false,false,-1.5403868,3.58186,12.797642,-0.0005597737,-0.014983934,3
71.44203,0.92918694,43.99455111548678,11.369667341727734,0,1,7820.6533,-0.026148086,6,1,false,false,-1.4249103,5.382076,10.543396,-0.0008673866,-0.020003919,3
71.49815,0.92941636,43.99456092573072,11.369673450594496,0,1,7824.21,-0.032201055,6,1,false,false,-1.5576295,2.650239,9.109647,-0.0012235052,-0.02246664,3
71.52205,0.92964596,43.9945707357,11.369679434670157,0,1,7975.7856,-0.02760117,6,1,false,false,-1.6984851,1.296352,5.657409,-0.0016275352,-0.025291033,3
71.54909,0.9298755,43.99458054566929,11.369685543536919,0,1,7997.9937,-0.019852616,6,1,false,false,-1.4578661,2.2728145,3.8180916,-0.0020118163,-0.022446917,3
71.591866,0.93010527,43.994590355638564,11.36969152761258,0,1,7922.8706,-0.014284633,6,1,false,false,-1.0796264,2.7296832,3.0314085,-0.0023062201,-0.016433561,3
71.623436,0.93033516,43.99460016560785,11.369697636479343,0,1,7928.476,-0.0116209565,6,1,false,false,-0.97017205,1.7542489,3.6654413,-0.0025170192,-0.013350536,3
71.64678,0.9305651,43.994609975577134,11.369703745346104,0,1,8014.7583,-0.010653789,6,1,false,false,-1.0475721,1.5662583,4.109649,-0.0027204263,-0.013436189,3
71.67636,0.9307951,43.99461978554642,11.369709729421766,0,1,8046.611,-0.012105005,6,1,false,false,-0.72614986,2.4010022,2.3577354,-0.0029395204,-0.013076002,3
71.727036,0.9310253,43.9946295955157,11.369715838098298,0,1,8000.961,-0.015011178,6,1,false,false,-0.5327418,3.6392298,8.872199,-0.003124133,-0.01011199,3
71.77837,0.9312557,43.99463940575964,11.36972194696506,0,1,7962.7705,-0.01767392,6,1,false,false,-1.1054394,2.791315,10.539005,-0.0032987366,-0.012792154,3
71.81853,0.9314861,43.99464921572892,11.369728055831821,0,1,7983.295,-0.016221777,6,1,false,false,-1.4425533,2.7874136,13.731901,-0.003582256,-0.019129641,3
71.86166,0.93171674,43.994659025698205,11.369734164508353,0,1,8002.618,-0.019369502,6,1,false,false,-1.0315776,2.7731419,10.942015,-0.003924046,-0.01799772,3
71.91279,0.9319475,43.9946689257554,11.369740273375115,0,1,7970.856,-0.022032246,6,1,false,false,-0.81979126,3.402352,7.8649807,-0.004235278,-0.017009594,3
71.96503,0.93217844,43.99467873572468,11.369746382241877,0,1,7935.549,-0.016221771,6,1,false,false,-1.101658,3.0089858,6.9052234,-0.0045039477,-0.016790142,3
72.00006,0.9324095,43.99468863550722,11.369752490918406,0,1,7949.9624,-0.0050839335,6,1,false,false,-1.0280048,1.658458,9.700491,-0.0047456236,-0.014448693,3
72.02062,0.93264073,43.99469844575116,11.369758599785168,0,1,8005.403,0.0009690367,6,1,false,false,-0.8901669,1.3417517,9.854592,-0.004937467,-0.011085597,3
72.04754,0.932872,43.994708345533695,11.36976470865193,0,1,8042.544,0.0031477325,6,1,false,false,-0.8146326,2.3359969,9.457881,-0.00509464,-0.006769008,3
72.09328,0.9331033,43.99471815577763,11.369770942119562,0,1,8021.0225,0.0012105942,6,1,false,false,-0.6003322,3.2470741,9.598857,-0.005186401,-0.0022471016,3
72.14283,0.9333348,43.994728055560174,11.369777050796094,0,1,7978.953,-0.004116769,6,1,false,false,-0.0761109,3.1052847,9.353577,-0.0051948964,0.0020146002,3
72.18534,0.9335665,43.99473786552946,11.369783159662855,0,1,7981.9224,-0.009926311,6,1,false,false,-0.33660257,2.4912052,10.153455,-0.0051684743,-9.546868e-07,3
72.21984,0.93379825,43.99474776558665,11.369789393130487,0,1,8011.7925,-0.008715717,6,1,false,false,-0.062224954,2.2773025,11.590124,-0.005212746,-0.004302309,3
72.255455,0.93403023,43.994757665643846,11.369795501997249,0,1,8023.216,-0.010410357,6,1,false,false,-0.36159313,2.4781444,12.382696,-0.0052888594,-0.004662756,3
72.29524,0.9342622,43.99476756570104,11.36980173546488,0,1,8010.914,-0.007747614,6,1,false,false,-0.54315937,2.7856731,12.870443,-0.0054068784,-0.007747556,3
72.336716,0.9344944,43.99477746575823,11.36980784414141,0,1,8004.0957,-0.00605297,6,1,false,false,-1.1049962,2.6187367,13.432187,-0.0055673504,-0.010073853,3
72.374535,0.93472666,43.994787365540766,11.369814077609043,0,1,8011.5605,-0.006778578,6,1,false,false,-0.7423896,2.5426128,14.18403,-0.005769521,-0.009897406,3
72.41369,0.934959,43.99479717578471,11.369820311076674,0,1,8017.483,-0.017190812,6,1,false,false,0.35509825,2.685969,4.4311237,-0.0058771376,-0.0019025187,3
72.45611,0.9351916,43.99480716565515,11.369826419943436,0,1,8015.433,-0.030747969,6,1,false,false,-0.92265594,2.7796931,7.4549284,-0.0059129097,-0.008567242,3
72.489944,0.9354242,43.99481706571235,11.369832653411068,0,1,8010.1265,-0.025422474,6,1,false,false,-0.6287273,1.3658124,8.343957,-0.006115114,-0.018736953,3
72.50875,0.93565696,43.99482696576955,11.369838886878698,0,1,8049.1655,-0.028326772,6,1,false,false,-0.45421582,1.5596969,9.114564,-0.0063652187,-0.017888362,3
72.5352,0.9358898,43.99483686555208,11.36984499555523,0,1,8103.2896,-0.027842728,6,1,false,false,-1.3116612,1.9194708,10.317262,-0.0067038424,-0.023562845,3
72.57236,0.93612266,43.994846765609275,11.369851229022862,0,1,8093.309,-0.017432371,6,1,false,false,-1.3518151,2.8476,10.905656,-0.0072021107,-0.029930217,3
72.621864,0.9363557,43.99485666566647,11.369857462490494,0,1,8043.7646,-0.015011182,6,1,false,false,-0.1618425,3.4241292,5.3875194,-0.007664112,-0.020512769,3
72.67305,0.93658894,43.99486665581157,11.369863695958125,0,1,8028.411,-0.0133155985,6,1,false,false,-1.0123165,3.0579078,10.032301,-0.007967616,-0.017699491,3
72.70836,0.9368223,43.99487655559411,11.369869929425755,0,1,8043.817,0.00726263,6,1,false,false,-0.2560986,1.9288702,11.496147,-0.0082504,-0.014211699,3
72.73099,0.93705577,43.994886455651304,11.369876162893387,0,1,8075.2993,0.024210948,6,1,false,false,-0.35987794,1.8242568,9.907357,-0.00836632,-0.0023531497,3
72.76882,0.9372893,43.99489644579641,11.36988239636102,0,1,8094.3633,0.035106294,6,1,false,false,0.22770263,2.7997675,12.483226,-0.008284395,0.013729192,3
72.80833,0.93752295,43.99490634557895,11.369888629828651,0,1,8072.9497,0.037769035,6,1,false,false,0.5312459,2.5774965,11.077228,-0.007923622,0.028727021,3
72.848,0.9377568,43.99491633572405,11.369894863296281,0,1,8057.6313,0.032926667,6,1,false,false,1.4329828,2.5466259,10.363026,-0.0073846797,0.036946893,3
72.884346,0.93799067,43.99492623578124,11.369901221555013,0,1,8074.41,0.022758797,6,1,false,false,1.5952759,2.311843,9.154472,-0.006742402,0.03910492,3
72.91875,0.9382247,43.99493622565169,11.369907455022645,0,1,8088.648,0.013558092,6,1,false,false,1.7167912,2.2010634,8.334083,-0.0061254734,0.033558723,3
72.95408,0.9384588,43.994946215796794,11.369913688490277,0,1,8085.396,0.008231667,6,1,false,false,1.7363605,2.3158882,8.101875,-0.0056086723,0.027008064,3
72.98936,0.93869305,43.99495620566724,11.369919921957907,0,1,8086.171,0.0031477332,6,1,false,false,1.4331759,2.3208961,7.1340213,-0.005206945,0.019267365,3
73.02315,0.9389275,43.99496610572444,11.369926155425539,0,1,8098.381,0.0019371379,6,1,false,false,1.3719473,2.1502461,8.8736,-0.004929846,0.01277808,3
73.05601,0.93916196,43.994976095594886,11.36993238889317,0,1,8110.735,-0.0014530874,6,1,false,false,1.2545062,2.1726134,9.315941,-0.004730949,0.010055673,3
73.08976,0.9393965,43.99498608573999,11.369938622360802,0,1,8115.707,-0.0016946441,6,1,false,false,1.1202383,2.2831986,9.518002,-0.004592805,0.0070905276,3
73.127304,0.93963116,43.99499607561044,11.369944855828434,0,1,8115.228,0.00096903706,6,1,false,false,1.3711411,2.5156977,10.387932,-0.004502217,0.005574724,3
73.165764,0.939866,43.995006155843456,11.369951089296064,0,1,8112.468,0.0043583266,6,1,false,false,1.19233,2.5176742,9.711269,-0.004421358,0.0051047667,3
73.20416,0.94010097,43.9950161457139,11.369957322763696,0,1,8110.8696,0.011863449,6,1,false,false,1.1930292,2.4443223,9.232327,-0.004340149,0.0050944053,3
73.24058,0.94033605,43.99502613558435,11.369963556231328,0,1,8113.1143,0.019127011,6,1,false,false,1.4586974,2.286735,7.6831684,-0.0042109713,0.009640632,3
73.27435,0.94057125,43.995036215817365,11.36996978969896,0,1,8121.083,0.02542248,6,1,false,false,1.426307,2.1085334,6.90965,-0.0039792084,0.015423181,3
73.30639,0.9408065,43.995046205687814,11.36997602316659,0,1,8132.396,0.034621306,6,1,false,false,1.4790787,2.0063748,8.505387,-0.0036721507,0.019368552,3
73.33711,0.9410419,43.99505619569559,11.369982381235092,0,1,8142.6553,0.044306047,6,1,false,false,2.2024145,2.0339975,7.71112,-0.0032655944,0.029760052,3
73.37069,0.9412773,43.99506627565395,11.369988614702724,0,1,8151.753,0.045759145,6,1,false,false,2.3062541,2.2896266,7.13245,-0.002663988,0.041363724,3
73.40923,0.94151294,43.99507635574963,11.369994723569485,0,1,8150.272,0.048905935,6,1,false,false,2.6804326,2.5110426,7.3700566,-0.0019351683,0.045105103,3
73.448906,0.94174874,43.99508634575741,11.370000957037115,0,1,8142.005,0.050601523,6,1,false,false,2.7590709,2.4559827,6.9953723,-0.0011608168,0.045463346,3
73.483345,0.94198453,43.995096425715765,11.370007190504747,0,1,8144.9453,0.055442955,6,1,false,false,3.396851,1.9824262,11.0379095,-0.0003753848,0.04877095,3
73.51088,0.9422205,43.99510650567412,11.37001342397238,0,1,8163.279,0.06536928,6,1,false,false,4.60085,1.6972682,13.066246,0.00055465114,0.066091515,3
73.544876,0.9424565,43.995116585769814,11.370019657440011,0,1,8180.684,0.06706487,6,1,false,false,4.506748,2.6619492,12.342055,0.0017881048,0.08168919,3
73.587456,0.9426927,43.99512666572817,11.370025890907643,0,1,8160.5327,0.06706485,6,1,false,false,4.76696,2.90267,12.646354,0.0031261728,0.08006919,3
73.63182,0.942929,43.99513674568653,11.370031999584173,0,1,8126.486,0.05447486,6,1,false,false,5.1536994,2.7546015,11.20548,0.0044005876,0.072844595,3
73.66822,0.9431655,43.995146915732796,11.370038233051805,0,1,8129.5547,0.031232022,6,1,false,false,4.21768,2.035085,9.603758,0.0055086855,0.058436282,3
73.697044,0.94340205,43.995156995691154,11.370044341918566,0,1,8160.558,0.020821659,6,1,false,false,3.5862885,1.8508279,10.283041,0.0063360175,0.0408043,3
73.72431,0.94363856,43.99516716573743,11.370050450785328,0,1,8177.574,0.012105003,6,1,false,false,2.889598,1.9472333,9.2355585,0.006934525,0.030986812,3
73.755905,0.9438753,43.995177245695785,11.37005668425296,0,1,8177.723,0.0041167703,6,1,false,false,2.4529858,2.0983105,10.352752,0.0073977397,0.024259457,3
73.79013,0.9441121,43.99518741574205,11.370062792929492,0,1,8179.519,-0.0002415576,6,1,false,false,1.8768353,2.2938895,6.812951,0.0077199624,0.014500574,3
73.824486,0.94434905,43.995197585788326,11.370068901796254,0,1,8185.2954,-0.00048405043,6,1,false,false,1.8023065,2.256073,8.6890545,0.007894276,0.0070763687,3
73.8599,0.9445861,43.99520766574668,11.370075010663015,0,1,8187.874,-0.00072560745,6,1,false,false,1.4892521,2.043312,9.288744,0.007978798,0.0029352256,3
73.890755,0.9448233,43.99521783579295,11.370081119339545,0,1,8190.967,0.005083934,6,1,false,false,1.293115,2.1873922,8.995588,0.008013422,0.0018270382,3
73.925446,0.9450605,43.99522800570189,11.370087352807177,0,1,8200.251,0.014768686,6,1,false,false,0.8482271,2.2983623,9.193913,0.008038718,0.001771107,3
73.9608,0.9452979,43.99523817574816,11.370093461673939,0,1,8200.224,0.02614808,6,1,false,false,1.6192672,2.3358333,11.77033,0.0081111835,0.009046245,3
73.99546,0.94553536,43.99524834579443,11.3700995705407,0,1,8197.34,0.02445344,6,1,false,false,1.3919058,2.2527084,7.1267853,0.008362028,0.01941909,3
74.02945,0.9457729,43.99525851570337,11.370105679217232,0,1,8201.131,0.022516303,6,1,false,false,1.3156492,2.1824281,9.640185,0.008710995,0.021445602,3
74.06308,0.94601053,43.995268775700225,11.370111788083994,0,1,8207.766,0.027601168,6,1,false,false,1.8455034,1.9727204,7.904837,0.009087752,0.02407344,3
74.09128,0.94624835,43.99527894574649,11.370117896760526,0,1,8216.875,0.02638964,6,1,false,false,1.5640335,2.0274417,10.83487,0.00951893,0.026988417,3
74.12348,0.9464862,43.995289115792765,11.370124005627288,0,1,8225.864,0.034137256,6,1,false,false,2.0925965,2.1208081,12.580736,0.00998392,0.030719183,3
74.15749,0.9467242,43.995299375789614,11.37013011449405,0,1,8226.375,0.0338957,6,1,false,false,2.305719,2.400699,10.78155,0.010567633,0.038724627,3
74.194786,0.9469623,43.99530954583588,11.37013634796168,0,1,8217.564,0.0225163,6,1,false,false,1.8283818,2.4913652,13.727867,0.011210106,0.036818705,3
74.231834,0.9472004,43.995319805832736,11.370142456638211,0,1,8208.333,0.014284635,6,1,false,false,2.1054852,2.334148,10.2347145,0.011755939,0.02910272,3
74.26386,0.9474388,43.995329975741676,11.370148565504973,0,1,8214.439,-0.0036317827,6,1,false,false,1.3925338,2.0360692,12.316064,0.012179143,0.02035802,3
74.29492,0.94767714,43.995340235738524,11.370154549580635,0,1,8226.827,-0.019127015,6,1,false,false,0.70806205,1.8852499,11.02662,0.012400251,0.006140617,3
74.32288,0.9479156,43.99535049573538,11.370160658447396,0,1,8235.12,-0.028811764,6,1,false,false,0.09780581,2.0004532,11.566076,0.012388124,-0.007069054,3
74.355515,0.9481543,43.99536075573223,11.370166767314158,0,1,8238.899,-0.042127367,6,1,false,false,-0.7899935,2.2575355,12.409472,0.01215834,-0.02076152,3
74.38759,0.948393,43.9953709257785,11.37017287599069,0,1,8236.242,-0.049148448,6,1,false,false,-1.2294345,2.2013996,11.959125,0.011685739,-0.034448866,3
74.420906,0.9486317,43.99538118577535,11.370179109458322,0,1,8236.462,-0.05568545,6,1,false,false,-1.8868468,2.1907525,11.749679,0.011028716,-0.043589108,3
74.452965,0.9488706,43.9953914457722,11.370185218325084,0,1,8239.296,-0.06173842,6,1,false,false,-2.8116086,2.1626768,14.664212,0.010217284,-0.053360663,3
74.483246,0.94910955,43.995401705769055,11.370191327001615,0,1,8242.373,-0.058349144,6,1,false,false,-2.6406703,1.9996896,10.802307,0.009265643,-0.058632154,3
74.512985,0.94934875,43.9954119657659,11.370197435868377,0,1,8249.367,-0.058833186,6,1,false,false,-3.4516397,2.015887,9.567284,0.008272348,-0.060459334,3
74.54562,0.94958794,43.99542222576276,11.370203669336007,0,1,8251.062,-0.046485685,6,1,false,false,-2.9394622,1.9966269,9.3991375,0.0072721615,-0.05686626,3
74.572754,0.9498272,43.99543248575961,11.370209778202769,0,1,8254.144,-0.040432725,6,1,false,false,-2.966453,1.865958,8.09192,0.0064073624,-0.048758026,3
74.59985,0.95006657,43.99544274575646,11.3702160116704,0,1,8269.194,-0.03849652,6,1,false,false,-2.823113,1.9010706,7.795749,0.0056232167,-0.045719333,3
74.627884,0.9503061,43.99545300575331,11.370222245138033,0,1,8281.9375,-0.03268511,6,1,false,false,-2.712283,1.828801,7.659981,0.004899552,-0.04189999,3
74.657234,0.95054567,43.99546326575016,11.370228478605664,0,1,8284.422,-0.0319595,6,1,false,false,-2.8138807,1.9851948,9.796985,0.0042264634,-0.039612785,3
74.687065,0.95078534,43.995473525747016,11.370234587282194,0,1,8286.848,-0.031717002,6,1,false,false,-3.0145655,2.1027935,10.617627,0.00358295,-0.037773777,3
74.71912,0.9510252,43.995483785743865,11.370240820749826,0,1,8291.445,-0.03752747,6,1,false,false,-3.2919774,2.2287574,11.070371,0.002944719,-0.038577802,3
74.752556,0.95126504,43.99549404587805,11.370247179008558,0,1,8287.799,-0.043338887,6,1,false,false,-3.2511783,2.2522476,11.082854,0.002284103,-0.039814822,3
74.78625,0.95150506,43.995504305874896,11.37025341247619,0,1,8280.164,-0.055443905,6,1,false,false,-3.5364125,2.1791782,11.030919,0.0015930858,-0.04363065,3
74.81836,0.95174515,43.99551456587175,11.37025964594382,0,1,8280.808,-0.06198091,6,1,false,false,-3.4882364,2.106197,10.702134,0.00081328006,-0.049610257,3
74.8469,0.9519854,43.9955248258686,11.370266004012322,0,1,8290.174,-0.06585519,6,1,false,false,-3.8848808,1.9028331,9.700786,-6.875389e-05,-0.05687696,3
74.875015,0.9522257,43.995535085865455,11.370272237479954,0,1,8297.721,-0.061012827,6,1,false,false,-3.8137126,1.9159876,8.5569935,-0.001075408,-0.0628377,3
74.90371,0.95246613,43.995545345862304,11.370278595548454,0,1,8301.287,-0.053265214,6,1,false,false,-3.6811938,1.8947724,7.5287566,-0.0021136466,-0.061458655,3
74.932365,0.95270663,43.99555560585916,11.370284953807186,0,1,8306.185,-0.045275103,6,1,false,false,-3.7407057,1.9086199,7.8353014,-0.0031075764,-0.058273036,3
74.95995,0.9529472,43.99556586585601,11.370291311875688,0,1,8313.529,-0.037769046,6,1,false,false,-3.3655143,1.7824837,8.350106,-0.004022032,-0.051983487,3
74.98812,0.9531879,43.99557612585286,11.370297670134418,0,1,8322.964,-0.040916767,6,1,false,false,-3.5087054,1.9715015,7.9774346,-0.0048284293,-0.04624445,3
75.01791,0.9534287,43.99558638584971,11.37030402820292,0,1,8325.795,-0.04454855,6,1,false,false,-3.454557,2.001782,8.580303,-0.00558059,-0.044650737,3
75.05022,0.95366955,43.99559664584656,11.370310386271422,0,1,8322.886,-0.04648569,6,1,false,false,-3.504433,2.1551843,10.457239,-0.006316441,-0.044210263,3
75.08061,0.9539105,43.99560690584342,11.370316869131022,0,1,8322.7705,-0.04914843,6,1,false,false,-3.6525815,1.9963173,10.113893,-0.0070678876,-0.046298105,3
75.10998,0.9541516,43.99561725579085,11.370323227199524,0,1,8328.515,-0.04769629,6,1,false,false,-3.4212677,1.941497,10.620511,-0.007876997,-0.048966277,3
75.14052,0.95439285,43.995627515787696,11.370329710059124,0,1,8331.201,-0.044548556,6,1,false,false,-3.2987237,2.0935779,9.903953,-0.008697935,-0.04839696,3
75.171974,0.9546341,43.99563777578455,11.370336068127626,0,1,8327.426,-0.036559373,6,1,false,false,-3.201345,2.0759463,8.925826,-0.009489882,-0.0462742,3
75.20162,0.9548754,43.9956480357814,11.370342550987226,0,1,8326.449,-0.023969382,6,1,false,false,-2.8783727,1.8120029,8.817881,-0.010204361,-0.040011425,3
75.22902,0.955117,43.995658295778256,11.370349033846828,0,1,8336.155,-0.01670582,6,1,false,false,-2.3457828,1.8235806,9.755144,-0.01078248,-0.03040405,3
75.254906,0.9553585,43.99566855591244,11.370355516706429,0,1,8349.407,-0.014284639,6,1,false,false,-2.4468021,1.8044326,10.393189,-0.011235517,-0.024745591,3
75.283806,0.95560014,43.99567881590929,11.3703619993758,0,1,8352.618,-0.010895346,6,1,false,false,-1.8246464,2.0243757,8.658193,-0.011617137,-0.019365331,3
75.31542,0.95584196,43.995689075906135,11.370368482235401,0,1,8347.316,-0.0152527355,6,1,false,false,-1.742686,2.1795273,9.713858,-0.011889339,-0.0140315,3
75.34746,0.9560838,43.99569933590299,11.370375089695873,0,1,8342.372,-0.018400466,6,1,false,false,-1.4299439,1.9755807,9.120602,-0.012100748,-0.012684539,3
75.37545,0.95632577,43.99570968585042,11.370381572555473,0,1,8349.941,-0.015979283,6,1,false,false,-1.4740752,1.8136497,8.993682,-0.012314933,-0.0142482845,3
75.40239,0.95656776,43.99571994584728,11.370388055415075,0,1,8362.666,-0.011620954,6,1,false,false,-1.12421,1.8068727,8.277349,-0.012559367,-0.0146703515,3
75.43068,0.95680994,43.995730205844126,11.370394662875546,0,1,8368.034,-0.009200702,6,1,false,false,-1.0564753,1.9737365,10.356874,-0.012779121,-0.012279088,3
75.46013,0.9570521,43.995740465840974,11.370401145544916,0,1,8365.255,-0.011379399,6,1,false,false,-0.83428454,2.0030756,10.109264,-0.012964873,-0.009774022,3
75.4899,0.9572944,43.99575081592574,11.370407753005388,0,1,8365.851,-0.0130740395,6,1,false,false,-0.7949476,1.9498061,9.165462,-0.013127591,-0.009541795,3
75.51988,0.9575368,43.995761075922594,11.370414235864988,0,1,8369.495,-0.012348436,6,1,false,false,-0.6056265,1.9087652,10.498021,-0.013294787,-0.010312994,3
75.54813,0.9577793,43.99577133591944,11.370420843325459,0,1,8371.047,-0.008474162,6,1,false,false,-0.67068636,1.8224188,8.033807,-0.013464341,-0.010626008,3
75.57694,0.9580218,43.99578168586688,11.37042732618506,0,1,8373.862,-0.0026636813,6,1,false,false,-0.34860808,1.8660941,7.517816,-0.013626805,-0.00862968,3
75.60525,0.9582645,43.99579194586373,11.370433933645531,0,1,8379.114,0.003389289,6,1,false,false,-0.39951712,1.9114633,10.866314,-0.013725347,-0.0047567557,3
75.63065,0.95850724,43.99580229581116,11.370440541106003,0,1,8383.936,0.00992631,6,1,false,false,0.22919445,1.6820599,7.7294145,-0.013763175,0.00026508616,3
75.65764,0.9587501,43.995812555808016,11.370447148566473,0,1,8394.038,0.014768686,6,1,false,false,0.35839802,1.9043733,8.505397,-0.013700182,0.0068888394,3
75.686806,0.9589931,43.99582290589278,11.370453631426074,0,1,8395.933,0.021064144,6,1,false,false,0.72117233,1.9402924,9.726626,-0.013544951,0.011558751,3
75.71606,0.9592361,43.99583316588963,11.370460238886546,0,1,8391.83,0.028326778,6,1,false,false,0.98499125,1.8786838,11.065651,-0.013295718,0.018066132,3
75.744286,0.9594792,43.99584351583706,11.370466846347016,0,1,8395.572,0.02953737,6,1,false,false,1.0652051,1.8868353,9.743184,-0.012943581,0.02442704,3
75.772545,0.95972246,43.99585386592182,11.370473453807486,0,1,8401.975,0.02784273,6,1,false,false,1.3741591,1.8906844,9.101155,-0.012496298,0.029508729,3
75.80343,0.9599657,43.99586412591868,11.370479936667088,0,1,8400.799,0.014768683,6,1,false,false,1.1494794,1.9273908,9.158982,-0.011994543,0.0286524,3
75.831856,0.9602091,43.99587447586611,11.370486544127559,0,1,8396.063,0.0026636813,6,1,false,false,1.2501417,1.9083723,8.936286,-0.01156859,0.021647647,3
75.858604,0.9604526,43.995884825950874,11.37049315158803,0,1,8403.211,-0.008474159,6,1,false,false,0.8540214,1.7078027,9.617096,-0.011271096,0.012664506,3
75.88396,0.9606962,43.995895175898305,11.370499634447631,0,1,8415.784,-0.013800585,6,1,false,false,0.41870344,1.6682278,10.441878,-0.011157032,0.0009497607,3
75.91009,0.9609398,43.99590552584574,11.370506241908101,0,1,8421.519,-0.010410363,6,1,false,false,0.3913061,1.892404,8.808572,-0.011209201,-0.0057690954,3
75.939476,0.9611836,43.9959158759305,11.370512849368573,0,1,8419.475,-0.011620953,6,1,false,false,-0.035887435,1.8291895,9.141265,-0.011333918,-0.009093598,3
75.96894,0.9614275,43.99592622587794,11.370519456829044,0,1,8415.53,-0.011863449,6,1,false,false,0.10163526,1.8101112,10.67335,-0.011510479,-0.0107715195,3
75.99621,0.96167135,43.9959365759627,11.370525939688646,0,1,8419.957,-0.018642027,6,1,false,false,0.024994686,1.8040307,8.396874,-0.011677326,-0.009450031,3
76.02517,0.96191543,43.995947015860715,11.370532547149116,0,1,8427.723,-0.025664037,6,1,false,false,-0.47765547,2.0605516,9.110441,-0.01188112,-0.015782438,3
76.05415,0.9621595,43.99595736594548,11.370539154609586,0,1,8423.484,-0.018157972,6,1,false,false,-0.21928272,1.8395678,10.79739,-0.012191173,-0.020786151,3
76.080124,0.9624038,43.99596771589291,11.370545762070059,0,1,8424.087,-0.0094422605,6,1,false,false,-0.26065764,1.6901237,11.504107,-0.012519721,-0.018322492,3
76.10529,0.96264803,43.995978065977674,11.370552369530529,0,1,8438.251,0.004599884,6,1,false,false,-0.53345245,1.7759767,9.855943,-0.012806232,-0.0144692175,3
76.13405,0.9628924,43.995988415925105,11.370558976991,0,1,8442.739,0.022032253,6,1,false,false,0.15870711,2.0819366,11.09,-0.012984023,-0.004144281,3
76.164215,0.96313685,43.99599885596045,11.370565584451471,0,1,8431.378,0.027842732,6,1,false,false,0.4328023,1.9529403,11.450844,-0.012932394,0.010072811,3
76.19223,0.96338147,43.99600920590789,11.370572191911942,0,1,8428.259,0.027842728,6,1,false,false,0.7969164,1.8168827,10.2043705,-0.012674548,0.02067191,3
76.21843,0.9636261,43.99601964594323,11.370578799372412,0,1,8440.758,0.026389642,6,1,false,false,0.9145072,1.7721871,10.184649,-0.012272454,0.0264332,3
76.24364,0.9638708,43.996029995890666,11.370585406832884,0,1,8448.279,0.024453443,6,1,false,false,1.2030559,1.6560236,10.400893,-0.011819297,0.027391428,3
76.2688,0.9641157,43.99604043592601,11.370592014293354,0,1,8448.015,0.022758797,6,1,false,false,1.4825456,1.6919537,10.00889,-0.011351073,0.028584098,3
76.29513,0.9643606,43.99605078587344,11.370598621944055,0,1,8452.056,0.015737722,6,1,false,false,1.4144447,1.8243179,9.852439,-0.01088218,0.027176464,3
76.32198,0.9646055,43.99606122590879,11.370605104613427,0,1,8457.213,0.0067785755,6,1,false,false,1.3741677,1.8151493,9.959138,-0.010468152,0.022178063,3
76.3492,0.9648506,43.996071665944136,11.370611712073897,0,1,8458.224,-0.006778578,6,1,false,false,1.0491431,1.828062,9.360994,-0.010157137,0.013957989,3
76.3759,0.9650958,43.99608201589157,11.370618319534367,0,1,8458.757,-0.016947381,6,1,false,false,0.5312779,1.7639182,9.83333,-0.010012827,0.0027178773,3
76.40172,0.96534103,43.99609245592691,11.37062492718507,0,1,8463.587,-0.021064147,6,1,false,false,0.30044788,1.7048889,10.379479,-0.010057004,-0.007563044,3
76.42682,0.9655863,43.99610289596226,11.37063153464554,0,1,8470.876,-0.0205801,6,1,false,false,-0.1957176,1.761136,10.554876,-0.0102595575,-0.015585106,3
76.45385,0.9658318,43.9961133359976,11.370638142106012,0,1,8472.941,-0.016221777,6,1,false,false,-0.1741935,1.9059871,9.738835,-0.010564234,-0.018835865,3
76.48217,0.96607727,43.99612377589562,11.370644749566482,0,1,8469.063,-0.012105007,6,1,false,false,-0.4773693,1.9990616,11.694206,-0.010876633,-0.018178102,3
76.509384,0.96632284,43.996134215930965,11.370651357026953,0,1,8466.849,-0.0072626285,6,1,false,false,-0.6071165,1.7689062,10.981799,-0.011165068,-0.015998317,3
76.53369,0.9665685,43.996144655966305,11.370657964487425,0,1,8473.994,-0.0045998823,6,1,false,false,-0.39977723,1.6820093,11.379955,-0.011404115,-0.011507456,3
76.558876,0.9668143,43.99615509600165,11.370664571947895,0,1,8482.602,-0.006295464,6,1,false,false,-0.4387595,1.6933548,9.826806,-0.011554328,-0.006822512,3
76.58483,0.9670601,43.996165535899664,11.370671304009235,0,1,8482.914,-0.008474159,6,1,false,false,-0.5773022,1.8227044,9.8657055,-0.011658283,-0.0062906956,3
76.61121,0.967306,43.99617597593501,11.370677911469706,0,1,8480.128,-0.009442258,6,1,false,false,-0.49960318,1.6581972,8.155121,-0.011759623,-0.006467929,3
76.635864,0.96755207,43.99618641597036,11.370684519120408,0,1,8485.869,-0.0133155985,6,1,false,false,-0.44644588,1.6496755,9.890841,-0.011865273,-0.0071552107,3
76.65905,0.9677981,43.996196855937036,11.370691126580878,0,1,8496.915,-0.015979279,6,1,false,false,-0.57755834,1.5486001,8.887802,-0.011991339,-0.0088118445,3
76.68282,0.9680443,43.99620729597238,11.370697734041348,0,1,8503.821,-0.018400466,6,1,false,false,-0.7540211,1.7483143,10.305067,-0.012163133,-0.012003906,3
76.70892,0.9682905,43.99621773593906,11.37070446610269,0,1,8502.356,-0.018400468,6,1,false,false,-0.58388805,1.7789863,8.621767,-0.012383662,-0.013709652,3
76.735634,0.9685368,43.99622817597441,11.370711073563161,0,1,8500.62,-0.017916419,6,1,false,false,-0.7305997,1.8507668,9.935184,-0.01262782,-0.015433586,3
76.76208,0.96878326,43.99623870596034,11.370717681023631,0,1,8501.386,-0.010410357,6,1,false,false,-0.476686,1.6537954,8.249163,-0.012890415,-0.015427213,3
76.78657,0.96902966,43.99624914599568,11.370724413275202,0,1,8505.868,-0.003631781,6,1,false,false,-0.45663446,1.6522099,10.997324,-0.013116336,-0.012399955,3
76.810936,0.96927625,43.996259585962356,11.370731020735674,0,1,8511.729,0.004116769,6,1,false,false,-0.11830756,1.5198529,8.538803,-0.013273636,-0.0061662556,3
76.83511,0.969523,43.996270115948285,11.370737752797014,0,1,8516.898,0.00847416,6,1,false,false,-0.08419651,1.7529589,8.901804,-0.013322241,5.5309847e-05,3
76.861984,0.9697697,43.99628055598363,11.370744360257484,0,1,8516.892,0.014768688,6,1,false,false,0.26884645,1.7167464,8.793085,-0.013273599,0.0055374703,3
76.88698,0.9700165,43.99629099595031,11.370751092509057,0,1,8515.758,0.01694738,6,1,false,false,0.5816026,1.5998145,11.48384,-0.013117071,0.012081929,3
76.91102,0.97026336,43.996301526004906,11.370757699969527,0,1,8523.044,0.016705826,6,1,false,false,0.72346616,1.7100582,8.938802,-0.012882284,0.016610416,3
76.93571,0.97051036,43.996311965971586,11.370764432030867,0,1,8529.626,0.013799651,6,1,false,false,0.8163839,1.8206303,9.388095,-0.012595837,0.018085247,3
76.96375,0.9707575,43.99632249595751,11.370771164282438,0,1,8524.333,0.0094422605,6,1,false,false,0.9510366,1.805445,9.796454,-0.012292373,0.017154092,3
76.98868,0.9710046,43.996332935992854,11.37077777174291,0,1,8519.951,0.0033892882,6,1,false,false,0.7858052,1.5990257,8.957911,-0.012017074,0.014121401,3
77.011925,0.9712518,43.99634346597878,11.37078450380425,0,1,8531.046,-0.00024155737,6,1,false,false,0.6475415,1.5226938,8.107808,-0.011816709,0.008978891,3
77.03389,0.97149915,43.99635399596471,11.37079111126472,0,1,8543.744,-0.005811413,6,1,false,false,0.69440925,1.4582534,9.809382,-0.011686957,0.005560887,3
77.05711,0.97174656,43.99636443600005,11.370797843516291,0,1,8546.409,-0.014284635,6,1,false,false,0.102729455,1.6286165,8.064097,-0.0116298245,-9.1910384e-05,3
77.08276,0.971994,43.99637496598598,11.370804450976763,0,1,8543.945,-0.018157978,6,1,false,false,0.30179495,1.7720134,8.49252,-0.011691966,-0.006496578,3
77.10992,0.97224146,43.99638549597191,11.370811183038104,0,1,8544.285,-0.023969384,6,1,false,false,-0.24603188,1.700184,10.556429,-0.011838074,-0.012063137,3
77.1344,0.9724891,43.996396026026495,11.370817915289674,0,1,8547.053,-0.023242844,6,1,false,false,-0.35244182,1.6643138,9.437758,-0.0121054575,-0.01907436,3
77.159515,0.9727368,43.996406556012424,11.370824522750144,0,1,8552.249,-0.01815798,6,1,false,false,-0.40026116,1.7435346,9.15814,-0.012446798,-0.020762907,3
77.18601,0.9729846,43.996416995979104,11.370831254811486,0,1,8551.956,-0.014284634,6,1,false,false,-0.6184482,1.7046521,10.200361,-0.0127882995,-0.020086166,3
77.21106,0.97323245,43.9964275260337,11.370837987063057,0,1,8549.396,-0.0050839325,6,1,false,false,-0.4984843,1.6398213,10.757055,-0.013106163,-0.01712931,3
77.23588,0.97348034,43.99643805601963,11.370844594523527,0,1,8554.283,0.0009690367,6,1,false,false,-0.2458033,1.6984159,9.641578,-0.013349507,-0.010723521,3
77.26085,0.97372836,43.99644858600555,11.370851326584868,0,1,8559.607,0.0065370207,6,1,false,false,-0.112068266,1.6959199,9.546336,-0.013458529,-0.0023647062,3
77.28582,0.9739764,43.99645911599148,11.37085805883644,0,1,8557.391,0.013074044,6,1,false,false,0.1714705,1.6037834,10.471463,-0.013445173,0.0032900632,3
77.30999,0.9742246,43.996469645977406,11.37086479089778,0,1,8557.893,0.02300035,6,1,false,false,0.70838094,1.5772521,10.811805,-0.013340807,0.010448585,3
77.33358,0.9744728,43.996480176031994,11.37087152314935,0,1,8566.183,0.028569266,6,1,false,false,1.1341652,1.648869,10.290225,-0.013098299,0.019713469,3
77.35813,0.97472113,43.99649070601792,11.370878130609821,0,1,8569.948,0.032442607,6,1,false,false,1.3482059,1.7412072,12.286037,-0.012707632,0.027544389,3
77.384056,0.9749695,43.9965013260231,11.370884862671161,0,1,8564.92,0.034863796,6,1,false,false,1.5067546,1.7023941,10.511327,-0.0122206295,0.0316359,3
77.40888,0.975218,43.99651185600902,11.370891594922734,0,1,8563.436,0.035106294,6,1,false,false,2.1040623,1.7971487,11.882578,-0.011664065,0.03586741,3
77.432175,0.9754666,43.99652238599495,11.370898326984074,0,1,8569.145,0.028326781,6,1,false,false,1.8724247,1.4921198,9.658771,-0.0110417465,0.037731454,3
77.455376,0.97571516,43.99653300600013,11.370905059045414,0,1,8574.651,0.02106415,6,1,false,false,1.9746811,1.6006448,11.330759,-0.010446225,0.033858236,3
77.4784,0.9759639,43.996543536054716,11.370911666505885,0,1,8575.82,0.011620952,6,1,false,false,2.008917,1.6378285,9.367297,-0.009928966,0.028417604,3
77.500984,0.9762126,43.996554066040645,11.370918398757457,0,1,8577.231,-0.0016946453,6,1,false,false,1.6432798,1.5677544,10.134746,-0.009515472,0.02027222,3
77.52453,0.9764615,43.996564686045815,11.370925130913912,0,1,8581.606,-0.013800584,6,1,false,false,1.1700828,1.5496857,9.649829,-0.00926808,0.008625051,3
77.54645,0.9767105,43.996575216031744,11.370931738374383,0,1,8586.588,-0.0225163,6,1,false,false,0.8438763,1.5789104,9.515925,-0.009225873,-0.0034465634,3
77.56862,0.97695947,43.996585836036914,11.370938470530838,0,1,8591.494,-0.024210943,6,1,false,false,0.14528002,1.5191343,9.416488,-0.009383897,-0.015022297,3
77.59183,0.9772085,43.99659645604209,11.370945202687293,0,1,8593.816,-0.02082166,6,1,false,false,0.007935107,1.6092464,9.59372,-0.009693073,-0.020717753,3
77.61503,0.97745764,43.99660698602802,11.370951810147766,0,1,8595.852,-0.017673928,6,1,false,false,-0.30467913,1.5923167,11.583011,-0.0100530675,-0.021872336,3
77.63827,0.9777068,43.99661760603319,11.370958542304221,0,1,8598.148,-0.01065379,6,1,false,false,-0.4766645,1.5990838,10.177072,-0.010428097,-0.021137482,3
77.663086,0.9779561,43.99662822603837,11.370965274460676,0,1,8599.623,-0.006295463,6,1,false,false,-0.55075544,1.7703619,7.0430694,-0.01075143,-0.016530907,3
77.68875,0.9782055,43.99663875602429,11.370972006522017,0,1,8596.233,-0.004599883,6,1,false,false,-0.17006674,1.6164588,9.435952,-0.010944639,-0.009197825,3
77.71034,0.9784549,43.99664937602947,11.370978738678472,0,1,8598.489,-0.0072626295,6,1,false,false,-0.41032305,1.298223,9.584804,-0.011035581,-0.00580771,3
77.7266,0.97870445,43.99665999603464,11.370985346138944,0,1,8615.696,-0.0058114138,6,1,false,false,-0.22218168,1.335041,7.426745,-0.011148343,-0.007104908,3
77.7502,0.97895396,43.996670616039815,11.3709920782954,0,1,8628.93,-0.005083934,6,1,false,false,-0.025047928,1.7250068,9.642767,-0.01124913,-0.004609784,3
77.774506,0.9792036,43.996681236044985,11.370998810451855,0,1,8617.697,-0.004116768,6,1,false,false,-0.18000326,1.648303,9.083499,-0.011316344,-0.00387715,3
77.79994,0.9794533,43.99669185605016,11.37100554260831,0,1,8608.631,0.003147732,6,1,false,false,0.08703354,1.7103932,7.988932,-0.0113805365,-0.003243856,3
77.823975,0.9797031,43.99670247605533,11.371012274764768,0,1,8617.195,0.008474158,6,1,false,false,0.2592708,1.5192714,8.190047,-0.011393402,0.00042007494,3
77.844505,0.97995305,43.99671300604126,11.371019006921223,0,1,8626.671,0.013799651,6,1,false,false,0.38567778,1.3231453,9.763359,-0.0113310795,0.0053103287,3
77.865524,0.9802029,43.99672362604643,11.371025739077679,0,1,8630.459,0.017673923,6,1,false,false,0.8395417,1.474194,7.7824674,-0.011184831,0.011745173,3
77.88733,0.98045295,43.99673424605161,11.371032471234134,0,1,8633.67,0.018642023,6,1,false,false,0.6215085,1.5950063,9.664014,-0.010949874,0.015334529,3
77.911064,0.980703,43.99674495607603,11.371039203295474,0,1,8633.195,0.0205801,6,1,false,false,1.3120238,1.5715152,9.782616,-0.010669082,0.019131463,3
77.934235,0.9809531,43.9967555760812,11.371045935451932,0,1,8634.345,0.013799651,6,1,false,false,0.99110365,1.6644801,8.760243,-0.010322972,0.02122726,3
77.9585,0.9812034,43.99676619608638,11.371052667608387,0,1,8634.2295,0.0111369025,6,1,false,false,1.3966367,1.5836746,9.096261,-0.009988393,0.01896879,3
77.9819,0.98145366,43.99677681605721,11.371059399764842,0,1,8634.889,0.003873339,6,1,false,false,1.2206657,1.4356303,10.806064,-0.009680953,0.015707765,3
78.0023,0.98170406,43.99678743606239,11.371066131921298,0,1,8639.506,0.003147732,6,1,false,false,1.2983159,1.4557092,9.088888,-0.00947011,0.010365738,3
78.024185,0.9819545,43.99679814608681,11.371072864077753,0,1,8647.1455,0.0050839344,6,1,false,false,1.1309109,1.6235802,11.326034,-0.009333878,0.00723194,3
78.048225,0.982205,43.99680876609198,11.37107959623421,0,1,8645.804,0.010653791,6,1,false,false,1.2947049,1.5914351,10.277923,-0.009232119,0.0068233297,3
78.071335,0.9824556,43.99681938609716,11.371086328390666,0,1,8641.099,0.01743237,6,1,false,false,1.3595614,1.6377261,9.176406,-0.00910036,0.009901861,3
78.0955,0.9827063,43.996830096087244,11.371093060452006,0,1,8642.05,0.025179045,6,1,false,false,1.4578563,1.5240282,8.717887,-0.008895253,0.0140713435,3
78.11699,0.98295707,43.99684071609242,11.371099792608462,0,1,8646.782,0.034137256,6,1,false,false,1.8513904,1.3773342,9.269276,-0.008597398,0.0204586,3
78.135864,0.9832078,43.99685142608251,11.371106524764917,0,1,8654.788,0.04236985,6,1,false,false,2.304061,1.2769096,9.123552,-0.008166798,0.030312419,3
78.155464,0.98345876,43.99686204608768,11.371113256921374,0,1,8664.567,0.04987499,6,1,false,false,2.643992,1.3979932,9.153957,-0.0075787976,0.0400441,3
78.17674,0.9837097,43.99687275607777,11.371119864381845,0,1,8666.479,0.058833197,6,1,false,false,3.4531045,1.5857549,11.291388,-0.0068376223,0.050366513,3
78.19999,0.9839606,43.99688346610219,11.3711265965383,0,1,8662.045,0.06512771,6,1,false,false,3.7697973,1.6881108,11.121409,-0.0059240977,0.06039263,3
78.22387,0.98421174,43.996894176092276,11.371133328694755,0,1,8658.243,0.07239127,6,1,false,false,4.350874,1.5584795,9.458977,-0.004873436,0.06691426,3
78.247665,0.98446286,43.996904796097446,11.371139936155227,0,1,8658.837,0.07287533,6,1,false,false,4.649202,1.6395388,14.138317,-0.0037157016,0.071569815,3
78.266884,0.9847142,43.99691550608754,11.371146668311683,0,1,8660.409,0.06997009,6,1,false,false,5.1751547,1.23183,11.71273,-0.0024859088,0.077519864,3
78.28671,0.9849654,43.99692621611196,11.371153275772153,0,1,8668.789,0.058590688,6,1,false,false,5.02134,1.536562,11.691025,-0.0011809018,0.07851481,3
78.3088,0.9852168,43.996937016121294,11.371159883232623,0,1,8669.084,0.04575914,6,1,false,false,4.9855137,1.6184021,9.608703,6.418216e-05,0.0704773,3
78.33059,0.9854682,43.99694772611138,11.37116661538908,0,1,8662.96,0.02542248,6,1,false,false,4.33972,1.3985672,10.51294,0.0011372755,0.056814402,3
78.3513,0.98571974,43.996958436101465,11.371173222849551,0,1,8665.65,0.01234843,6,1,false,false,3.740685,1.3843871,8.591511,0.0019372492,0.039054003,3
78.36888,0.98597133,43.99696914612589,11.371179830405136,0,1,8678.686,0.0038733394,6,1,false,false,3.071812,1.3645426,11.179559,0.0024675308,0.024585605,3
78.38784,0.9862229,43.99697994610089,11.371186437865608,0,1,8686.518,0.00096903654,6,1,false,false,2.5611973,1.3257577,9.451736,0.002783896,0.014259075,3
78.408195,0.98647463,43.99699065612531,11.371192920630094,0,1,8685.65,0.002420252,6,1,false,false,1.8294473,1.5280225,10.661827,0.0029480197,0.006279011,3
78.43082,0.9867264,43.99700145613465,11.371199528090564,0,1,8682.398,0.0070210705,6,1,false,false,1.6481574,1.5816576,10.463957,0.0030058834,0.0024132084,3
78.45167,0.9869782,43.99701216612473,11.371206135646151,0,1,8683.474,0.008715714,6,1,false,false,1.2205799,1.4481493,10.439341,0.003049035,0.0035018092,3
78.47392,0.98723006,43.99702296613407,11.371212743106621,0,1,8686.63,0.007990111,6,1,false,false,1.286218,1.4617373,8.50739,0.0031178843,0.0052439384,3
78.49431,0.987482,43.9970337661434,11.371219350567094,0,1,8688.063,0.0012105948,6,1,false,false,1.053136,1.5376393,11.045744,0.0032268595,0.0060866717,3
78.51333,0.9877341,43.99704447613349,11.371225958027564,0,1,8690.506,-0.004599883,6,1,false,false,0.80239815,1.2896397,11.969967,0.0033022074,0.002451964,3
78.53258,0.98798615,43.997055276142824,11.371232440792049,0,1,8698.605,-0.010168803,6,1,false,false,0.5265054,1.4415271,7.91518,0.0033127896,-0.00040994457,3
78.55405,0.98823833,43.99706607613499,11.371239048347636,0,1,8701.308,-0.015011179,6,1,false,false,0.13681942,1.6545712,10.019499,0.0032610348,-0.0063964236,3
78.57544,0.98849046,43.99707687614433,11.371245655808107,0,1,8694.627,-0.012589993,6,1,false,false,0.105134144,1.3061304,8.67085,0.0031263316,-0.010538219,3
78.5934,0.9887428,43.997087676136495,11.371252263268577,0,1,8699.724,-0.011379398,6,1,false,false,-0.2644743,1.2496791,8.760488,0.002941461,-0.0124115,3
78.612114,0.9889951,43.99709847614583,11.371258870729049,0,1,8713.575,-0.006537021,6,1,false,false,-0.35386175,1.3162999,10.541772,0.0027256648,-0.013180666,3
78.63137,0.98924756,43.99710918613592,11.37126547818952,0,1,8715.539,-0.003631783,6,1,false,false,0.04152395,1.4803593,9.149276,0.0025394054,-0.0081503,3
78.65304,0.9895,43.99711998614525,11.371271961049121,0,1,8709.964,-0.002905239,6,1,false,false,-0.48180303,1.432723,8.588718,0.0024245144,-0.0063323844,3
78.67637,0.98975253,43.997130786154585,11.371278568509592,0,1,8706.099,0.0058114138,6,1,false,false,0.25039405,1.4765109,8.548845,0.0023332364,-0.0032156077,3
78.69522,0.99000514,43.99714158614675,11.371285175970062,0,1,8710.652,0.008715715,6,1,false,false,0.282683,1.2681832,10.586698,0.0023430516,0.002938847,3
78.713486,0.99025786,43.99715238615609,11.371291783430532,0,1,8719.7,0.013074042,6,1,false,false,0.56825924,1.3263817,7.927036,0.0024291,0.007476622,3
78.731636,0.9905106,43.99716318614826,11.371298390891004,0,1,8724.448,0.017432366,6,1,false,false,0.80938876,1.4004039,9.509444,0.0025966484,0.012425416,3
78.75341,0.9907633,43.99717398615759,11.371304998351475,0,1,8722.778,0.020821653,6,1,false,false,0.9160243,1.4476107,8.624776,0.0028389797,0.015984226,3
78.7727,0.99101627,43.99718487615184,11.371311605907062,0,1,8721.008,0.024210941,6,1,false,false,1.2563422,1.4688361,9.756318,0.0031331673,0.019543985,3
78.79256,0.9912692,43.997195676161176,11.371318213367532,0,1,8726.112,0.025422476,6,1,false,false,1.3838259,1.3557097,7.9509788,0.0034967328,0.02371662,3
78.812,0.9915222,43.99720647616193,11.371324820828002,0,1,8731.229,0.024694994,6,1,false,false,1.3518022,1.3682749,9.22567,0.003912858,0.02500729,3
78.8319,0.99177516,43.99721727616268,11.371331428288475,0,1,8731.747,0.022032255,6,1,false,false,1.7471325,1.5405424,10.819236,0.004347117,0.0266948,3
78.850685,0.9920283,43.99722807616343,11.371338035748945,0,1,8733.591,0.012832487,6,1,false,false,1.6628587,1.3004584,10.757217,0.0047935797,0.026386667,3
78.8713,0.9922815,43.997238966166265,11.371344518608545,0,1,8737.512,0.0070210705,6,1,false,false,1.77537,1.5863689,13.020863,0.0051803114,0.021201784,3
78.891495,0.9925347,43.9972497661756,11.371351126069017,0,1,8736.4,0.003389288,6,1,false,false,1.649555,1.5659115,10.802758,0.005472088,0.01532647,3
78.91362,0.99278796,43.99726065616985,11.371357733529488,0,1,8731.474,0.0041167685,6,1,false,false,1.4453299,1.4916353,10.528961,0.005668044,0.009229171,3
78.9348,0.99304134,43.997271456179185,11.371364340989958,0,1,8729.376,0.008715715,6,1,false,false,1.1917872,1.3395913,12.192005,0.0057910862,0.0057400614,3
78.951164,0.99329484,43.99728234617773,11.37137094845043,0,1,8735.536,0.016463332,6,1,false,false,1.3380072,1.2207696,8.945594,0.005886332,0.006976698,3
78.96813,0.9935483,43.99729314617848,11.37137743131003,0,1,8746.45,0.021547267,6,1,false,false,1.4139328,1.2532496,10.730061,0.0060557313,0.013397968,3
78.98778,0.9938019,43.997304036181305,11.371384038770502,0,1,8748.06,0.022758795,6,1,false,false,1.2257649,1.3566822,10.269164,0.006313323,0.016994094,3
79.006485,0.99405545,43.9973148361842,11.371390646230973,0,1,8743.65,0.026389636,6,1,false,false,1.4920591,1.4755763,8.269249,0.006626519,0.021238687,3
79.027626,0.9943091,43.997325726187036,11.371397129090573,0,1,8744.968,0.022516306,6,1,false,false,1.6046076,1.3713497,9.7907095,0.0070144744,0.024006382,3
79.044914,0.9945628,43.99733661618987,11.371403736551045,0,1,8750.231,0.019368572,6,1,false,false,1.6419666,1.0936048,10.685917,0.00742664,0.024643134,3
79.06045,0.9948166,43.99734750619176,11.371410344011515,0,1,8759.628,0.014284633,6,1,false,false,1.6228755,1.2478582,10.927821,0.007825228,0.023390451,3
79.08053,0.9950704,43.99735830619453,11.371416826776,0,1,8763.766,0.010895346,6,1,false,false,1.6190548,1.585286,10.110294,0.008187975,0.020790966,3
79.102585,0.9953243,43.99736919619628,11.371423434236473,0,1,8754.107,0.006295465,6,1,false,false,1.1188568,1.5795064,10.779747,0.008483385,0.014374255,3
79.124016,0.9955783,43.997380086199115,11.371429917096073,0,1,8746.099,0.008474159,6,1,false,false,1.2156831,1.4182184,10.98126,0.008673888,0.009435313,3
79.1405,0.9958323,43.9973909761998,11.371436524556545,0,1,8755.8,0.005326427,6,1,false,false,0.76957035,1.1136179,9.140002,0.0088256905,0.008225401,3
79.156845,0.99608636,43.99740186620264,11.371443132017015,0,1,8768.659,0.0019371371,6,1,false,false,0.7816238,1.2004492,9.793788,0.008940642,0.0056900475,3
79.17423,0.9963405,43.99741275620546,11.371449614876616,0,1,8769.532,-0.0038733396,6,1,false,false,0.64281934,1.3111548,8.721951,0.009023257,0.0034927856,3
79.19251,0.99659467,43.997423646204005,11.371456222337088,0,1,8766.5,-0.00944226,6,1,false,false,0.3749995,1.2744548,8.3633,0.009051188,-0.0005850641,3
79.21178,0.99684894,43.99743453620684,11.371462705101573,0,1,8770.766,-0.0133155985,6,1,false,false,0.12440347,1.3533229,10.53617,0.009000804,-0.0057034576,3
79.228325,0.9971032,43.99744551621175,11.371469312562045,0,1,8776.259,-0.015979279,6,1,false,false,-0.037321843,1.29511,10.019595,0.008860421,-0.010441052,3
79.24676,0.9973576,43.99745640621458,11.371475795421645,0,1,8779.426,-0.01694738,6,1,false,false,-0.29627648,1.4187255,8.885588,0.008655023,-0.013790308,3
79.267136,0.99761206,43.997467296217415,11.371482402882116,0,1,8776.251,-0.015979283,6,1,false,false,-0.59407264,1.3729128,8.625177,0.008399245,-0.016855925,3
79.28646,0.99786645,43.99747818622025,11.371489010342588,0,1,8773.513,-0.012832485,6,1,false,false,-0.6227018,1.3094192,9.836531,0.008117905,-0.016930886,3
79.30271,0.9981211,43.997489076223076,11.371495493202188,0,1,8780.686,-0.013800584,6,1,false,false,-0.99861705,1.1192833,9.802258,0.007843976,-0.01677851,3
79.318985,0.9983756,43.99749996622591,11.37150210066266,0,1,8790.623,-0.014284635,6,1,false,false,-0.8451669,1.2216166,9.438027,0.0075686583,-0.015699772,3
79.33747,0.9986303,43.99751094622224,11.37150870812313,0,1,8791.514,-0.021064153,6,1,false,false,-1.2952192,1.3859054,9.094294,0.007308552,-0.016263762,3
79.35832,0.998885,43.99752183623366,11.371515190887616,0,1,8784.116,-0.025422473,6,1,false,false,-1.2006747,1.3892794,9.1368265,0.007000809,-0.020175755,3
79.37777,0.9991398,43.9975327262279,11.371521798348088,0,1,8783.2705,-0.032443546,6,1,false,false,-1.4872918,1.2362752,11.145686,0.0066580498,-0.022631407,3
79.39254,0.9993946,43.997543706224235,11.371528405903673,0,1,8793.197,-0.04091678,6,1,false,false,-2.2466156,1.1636084,11.709371,0.0062119165,-0.03156169,3
79.4084,0.99964947,43.99755459623565,11.371535013364143,0,1,8801.2,-0.045275092,6,1,false,false,-2.337777,1.1762248,12.792301,0.0055922447,-0.040410765,3
79.43079,0.99990433,43.997565486229895,11.371541620824615,0,1,8796.261,-0.04987591,6,1,false,false,-2.368043,1.7706872,6.169363,0.0048682,-0.043518074,3
79.452126,0.0001593707,43.99757637624131,11.371548228285086,0,1,8782.416,-0.04793878,6,1,false,false,-2.7503088,1.2660593,10.13189,0.0041515077,-0.04439159,3
